applicant_id,decision,predicted_pd,pd_lower_90,pd_upper_90
741ca337-bb2e-e972-e628-1d9a1bbc226f,0,0.379575,0.251854,0.526486
d1f34701-2a39-a190-7b54-059e6cbdae38,0,0.685797,0.607857,0.754503
0fb6a398-0e87-6f6f-92f9-836af0d3bf3f,0,0.999999,0.999998,0.999999
19f2d1fa-fde1-4615-efe4-3dbc63a4d843,0,0.278432,0.208212,0.361521
cd890057-48c7-c041-56cf-190f86f6d8d3,0,0.10189,0.073863,0.138956
bea20802-ebc7-8161-69a4-b893efb9a2dc,0,0.180124,0.120567,0.26039
117cf517-809b-bcea-255d-8611ebb413ac,0,0.864059,0.8039,0.907877
b802b6d4-e4b0-b4e6-18ac-7e308e85085b,0,0.638604,0.522678,0.740362
98ff7e53-2362-7871-7ab0-ff30d8520451,0,0.210339,0.143462,0.297561
aa35bcc5-1f0d-b0ab-d18a-1e407df8608a,0,0.137935,0.081827,0.223165
bed7a0f6-843c-5d12-51dd-f83c75557255,0,0.097707,0.066008,0.142311
0a73b6a5-9886-207e-5495-6d080904b531,0,0.144324,0.09902,0.205624
bb06db6b-839f-5245-7400-89fc4f4213ad,0,0.10202,0.065456,0.155606
f4c763d8-3e78-7545-ce9f-b53662598657,0,0.747696,0.527268,0.887309
38b4df81-9756-37aa-af59-6ed7dafa40bb,0,0.811525,0.703248,0.886662
6903c58e-4395-4da6-85cb-80c426ba3805,0,0.242254,0.183566,0.312523
bb68fd14-372e-72b3-067f-8a77755ee53c,0,0.626959,0.506881,0.733189
d3273ae9-2564-cbba-0506-9cf67d888c1e,0,0.500039,0.399082,0.600993
a22f0bb8-3a9d-2b76-0085-e6908178f8b4,0,0.265549,0.196899,0.34777
e0dfef03-0d61-f3f0-fbc9-c015d34001fc,0,0.260549,0.193384,0.341173
a24eb232-dcf4-6405-5568-2f111bd0aab9,0,0.58664,0.457218,0.705107
afee09aa-3fff-00b6-8d08-e71fe4ef3bfc,0,0.373218,0.239588,0.529483
3e543274-6a06-f231-f5b4-f8be9bf4ba40,0,0.442705,0.349189,0.540468
c9f50382-ee00-924f-3df1-1759ea909739,0,0.40808,0.311823,0.511947
d9f3a26e-c9de-0ad3-b656-0ea521960b2a,0,0.441576,0.35865,0.527894
3e7c0d76-6714-4f71-6146-fa8c480c7c8e,0,0.40808,0.314546,0.508783
5a618514-536d-8cd0-11f0-8da8adf2e528,0,0.351071,0.246228,0.472567
e165f246-fc3d-ac0d-3fed-6de944af6748,0,0.612644,0.504061,0.71108
1c74a6ee-51c0-956a-2823-34618eb9e597,0,0.248024,0.178239,0.334025
0a494604-f058-f2e1-2839-91dae41752f7,0,0.431827,0.324224,0.546272
6c04ac71-a56f-5a0e-cb1c-986328eda54e,0,0.105938,0.069006,0.159254
1b47ae44-aeef-ae69-357f-73c74074c7aa,0,0.40808,0.333655,0.486974
f26a7242-6bea-43e3-48bf-75a1147eedf9,0,0.385933,0.273131,0.512476
3465ddc1-ccf9-c312-567b-d52a50ac2528,0,0.254286,0.198539,0.319448
d28b5d45-56de-795c-2f7d-868491849a2c,0,0.197544,0.116026,0.315872
f1f34a07-b66b-1621-b025-a73b4dad5b13,0,0.114451,0.088238,0.147194
1f9a3ad5-a601-a9db-62b5-c34a1ec0c5bb,0,0.500039,0.385733,0.614341
358cbce9-e55d-a457-3bf8-e5c12f78a192,0,0.162865,0.126393,0.207364
f3813892-1083-045e-2386-58e1c495ddda,0,0.24959,0.180979,0.333617
64c8a9e4-186e-739b-5c3f-822131b397db,0,0.254286,0.185905,0.337396
b9481bab-241b-4917-17ec-3421675d604d,1,0.054248,0.038627,0.075689
0cf7c5fc-9fae-b635-bee1-39bc01814c05,0,0.327282,0.254426,0.40954
eb74d886-60a9-7aeb-b4f8-8b3a89b980f9,0,0.120776,0.084472,0.169791
0a0116aa-c667-bb2a-d33d-6137c6c9ef32,0,0.472028,0.367457,0.579112
e842a8b9-b2cf-7df9-b7e3-f53286bc630c,0,0.097843,0.072761,0.130355
5d0cf0f3-e740-a1dc-204c-d24ff95c4375,0,0.114581,0.087846,0.14813
47c6b2be-dc07-967c-c3aa-6c1ab37caa01,0,0.212232,0.159284,0.276982
29fe6624-a4b0-14e3-5a6a-25faf65f5a79,0,0.253808,0.187952,0.33327
0a061cfa-4d22-9e17-5289-09215319ebc5,0,0.838267,0.768274,0.890141
dfb1606b-db6d-1bfe-8346-f7cce154e90a,0,0.612644,0.474646,0.734658
538c0bf3-6567-cdc9-c0b5-c9610d6c857a,0,0.40808,0.310533,0.51345
8044ae5f-fd5c-3c16-c8a3-129b4bf119c5,0,0.247241,0.18089,0.328179
60a95aa9-8478-1f32-a994-e61a40546695,0,0.105808,0.076686,0.144263
875b2464-a997-b486-680f-1cd49a2fea60,0,0.169256,0.12356,0.227465
2676f09b-cdfa-7e23-54a7-a0c6a509717b,0,0.105698,0.07502,0.146929
630562db-bf47-acfa-731e-4e2d279f51bc,0,0.52805,0.437567,0.616727
9f03de12-91ac-3f22-be37-a2dd55faf3c2,0,0.379575,0.277296,0.493803
c5ec4305-8e2f-f78a-9e1d-062ee43d0992,0,0.097843,0.072837,0.130228
4f7a3779-11ab-8478-85b4-20ed79bae455,0,0.239668,0.185501,0.303753
5a01a638-e602-c32d-ab10-11a0614a29a0,0,0.397007,0.303762,0.498385
070bcfde-d347-0df0-1fe5-f07ec3ff5122,0,0.091824,0.069056,0.121122
7a72ae20-b9e5-c6ba-94c3-1cabb1e1cda3,1,0.067882,0.049386,0.092631
e235a549-2e5d-b795-e466-3b53eb120410,0,0.327282,0.240924,0.427174
b4497b59-d288-c484-a0d7-8b103624b3e6,0,0.40808,0.318184,0.504579
3c8009c8-400f-c525-4953-7804c164cde9,0,0.162865,0.125034,0.209404
6362c663-eb53-6e3a-d350-353a2074b67a,0,0.113854,0.088013,0.146067
0c71a7e6-859c-d9f4-7757-7997042d95b9,0,0.320924,0.259012,0.389849
7c5f7dba-7e0a-6f77-7745-413cbb8ff786,0,0.327282,0.255569,0.408087
3c73a52b-434b-40a8-6f1f-80accfaa65a1,0,0.118889,0.082361,0.168642
5ea5bcb7-a341-08ee-da10-67a6337013b3,0,0.132366,0.08967,0.191123
59f27505-c1ec-0a5f-4199-51eacf30b81c,0,0.26868,0.189674,0.365743
46b59609-a996-8ac5-2e57-9fb1222df529,0,0.58664,0.482941,0.683186
a1bfa514-a607-3906-c978-ab1659850c46,0,0.093925,0.0715,0.122455
2b5edba6-efeb-9b27-55d9-a1504a16e8f6,0,0.327282,0.243181,0.424167
aeb30bfc-4a4f-99d4-24d1-5f8f1d591d8c,0,0.153419,0.09687,0.234411
c343d743-2c0b-8e4e-9438-d5450ad10895,0,0.246459,0.189279,0.314217
8cde68ec-bdfc-6139-813b-1e566f608d3b,0,0.10189,0.07436,0.138092
17efc8c2-b4a0-9b21-770a-683c811dc91e,0,0.125005,0.08277,0.184458
749817ae-3da2-4d2d-c445-a8e130b8434f,0,0.218596,0.167728,0.279706
046b52cb-2041-e59f-f476-8cc631ca9f4f,0,0.179403,0.13094,0.240834
1c27ec62-022c-a863-06cd-ca0bb339cbd9,1,0.043435,0.028656,0.065323
6ab5182a-2f92-1091-6961-7ce351705f91,0,0.188012,0.127689,0.268075
193d74aa-5590-c516-ad84-c64261a897c4,0,0.251155,0.193711,0.318896
82d32078-b411-b9e7-1085-3542da9360db,0,0.534544,0.448832,0.618264
5ba2645b-b5f6-cf28-ff72-70191b22468a,0,0.534544,0.453123,0.614166
4025416a-7b96-05fc-4465-c282799173dc,0,0.121941,0.090633,0.162136
d7e71396-8eef-ddbb-793a-99f9281cd746,0,0.312334,0.250067,0.382205
c9ec42ea-8b2d-ef42-ecad-d4de1cb4ce84,0,0.091824,0.070719,0.118424
b75d2370-bf8d-5a30-7068-2f2d07ea5534,0,0.257417,0.187131,0.342965
97cec38f-43c8-af01-2519-78525e630d1a,1,0.085134,0.059437,0.120517
7079e659-4ff5-2a84-4a67-4481d954b32a,0,0.157002,0.104953,0.228279
b5add7ea-4bab-23a1-b0c5-b9c93d69d00f,1,0.033814,0.025831,0.044153
e5bd4b55-b6c6-593d-d986-53a13b113a1f,0,0.246459,0.181428,0.325529
2e95e972-aba7-25e6-a3e5-ac168a5a4101,1,0.083304,0.057676,0.118884
a9eaf87b-200f-8a03-0d82-33bc002bd70d,0,0.093888,0.072605,0.120598
e4e92076-ca95-fdb2-4a8a-b7415746d6e4,0,0.114033,0.087734,0.146944
14573bc8-e792-bf6e-a361-84b0570f4c16,0,0.241763,0.188847,0.303949
3d3d0476-cd6a-9dc6-1867-b17afefea0e7,0,0.124293,0.086671,0.175116
33f16586-36c2-a0fb-8d1b-f659c65c6791,0,0.089394,0.064482,0.122668
035db8ac-ddb5-f6b8-36d6-8d49a9ca68a3,0,0.147731,0.109379,0.196563
2d1cbc90-7878-029a-86b7-7d1142de4a1a,0,0.224895,0.151808,0.319899
edd102bd-6d78-a9f9-b31b-b371bf18739a,1,0.085192,0.062274,0.115506
76e51a73-8c2a-b614-3756-3b75eb27d277,0,0.40808,0.31233,0.511357
f572fe86-3060-5905-2e82-5f464c1aa958,0,0.134538,0.083687,0.209232
9901e7b4-f4cb-ff88-3c8e-363d10e7db05,0,0.093789,0.070402,0.123909
427febd3-c788-6a7d-9006-c24457e06207,0,0.209837,0.155635,0.276727
59e6fbc7-6025-dadf-50ef-3df16bf3bef9,1,0.062663,0.048684,0.080318
102303b2-76fc-ff61-f5b1-a2c780b11303,0,0.093789,0.068559,0.127038
1aca2f62-1c25-8439-16b6-638249e1a194,1,0.06328,0.048409,0.082325
724a1409-22f2-ca2f-0016-b52bdad9d348,0,0.134329,0.091801,0.192385
4087d3a2-259a-ba9a-bf27-9726a47bbfad,1,0.06328,0.047545,0.083765
cbd68f5f-f93d-0fbb-c9ef-ac823746ad6e,0,0.105366,0.072904,0.149947
71ae5a2b-80e1-d505-2e8f-d64a65883399,1,0.040228,0.026439,0.060761
0c25be4f-c2c2-1998-05d9-cebbe025bcaa,0,0.344713,0.229414,0.481734
f9869468-6b61-658f-a6f4-17ba598649c3,0,0.462517,0.350613,0.57833
17dd2223-decc-881d-58a3-343064cd7d5a,0,0.177031,0.133283,0.231306
1cce477c-a82f-7f7e-fc01-8f3510a92dbd,1,0.080874,0.056094,0.115264
7abc6f50-d812-a81d-e49e-1c1c6c6a8a63,0,0.089588,0.066831,0.119104
1f094499-7c1a-a75c-d9db-5e22ada3281a,0,0.308391,0.22816,0.402136
069116cf-32d1-ef49-8638-03e8d00ab244,0,0.210828,0.142214,0.300933
3c563477-592d-4db0-a144-7c37f8c81e5b,1,0.062663,0.04832,0.080902
60ff7303-d966-cc99-31cf-fd4c6d1541f1,0,0.109936,0.074658,0.15902
6d145a81-aae1-7fc9-8a51-1d68602e574f,1,0.083033,0.05313,0.127502
68124877-f842-cfb7-d30c-520b87335b27,0,0.093654,0.071739,0.121388
62a8443f-3725-597d-b45d-223d0d356a13,0,0.339997,0.246265,0.448191
e90a9890-1a4a-ecf5-a356-694f8a89ec04,0,0.374859,0.286791,0.472072
ba60a2fa-bc4c-2cdf-6376-549851bd364d,0,0.310011,0.246029,0.382198
b3aec71c-000c-4c79-7f41-528fc6f68564,0,0.212232,0.149631,0.29203
f273c3e8-44cd-c72b-e7e8-fdf785452784,0,0.314658,0.232088,0.410885
180ad893-f879-f42c-6250-7c5a48f9ab09,0,0.093925,0.067832,0.128669
bdd10af5-dc67-890b-be2f-6e0c040cf08d,0,0.492527,0.384404,0.601354
b3ff0d97-70bb-c42a-9596-4796503b512f,0,0.534544,0.45042,0.616748
f16f2074-3b0f-5462-5709-044d5e17a8d9,0,0.809671,0.686519,0.89205
83bf12bd-65d3-485e-0383-3f160120e35e,0,0.374859,0.265097,0.499197
c9380fb8-e334-970e-14c8-a3238b539afb,1,0.069875,0.052272,0.092825
f21b08cf-39ac-93eb-85f2-94bdb6abf43d,0,0.292831,0.210711,0.391096
c210bb24-13a0-ce85-8964-cd029f5cb622,0,0.202104,0.141791,0.27971
caee5a27-3c80-aa3e-d6a8-cd5ab4223585,0,0.114999,0.088337,0.148399
1c540914-a4c2-f28e-8d47-1cba851b8958,0,0.632387,0.487872,0.756478
5708cdbd-948c-e5bf-f885-4e2bbe16de7f,0,0.397007,0.292662,0.511644
04de6020-1200-8067-6aef-be818d7d6070,0,0.11479,0.087574,0.149083
0e805f64-0400-2eeb-4e4e-487ca9f46774,0,0.344713,0.224231,0.489116
619deb81-66ba-fceb-21a0-f3dda7d533a4,0,0.091651,0.067903,0.122612
743701c1-3596-7e58-dae5-054a3cd67dfb,0,0.221473,0.166413,0.288445
1c122ff0-1197-9361-81eb-6c39a85efd57,0,0.397007,0.313376,0.487122
b7e4f67a-ed4f-fa43-1b79-c4cb2c330854,0,0.297019,0.229797,0.374348
16ebb1cb-2c01-0f0d-8fbf-5f2c0a1f6c4f,0,0.093925,0.072615,0.120674
598a44dc-7169-0405-9a9b-8ebd640ddc9d,0,0.093925,0.067914,0.128523
e07e55ee-4bc4-a7e0-790b-f491cc60692f,0,0.41783,0.331073,0.509988
c5242d47-e775-6cda-d360-f19f46ea2e62,0,0.534544,0.426383,0.639552
87765d67-8a07-b14c-f5d2-82e2abb48775,0,0.838267,0.785166,0.880244
531f299e-d482-f0c5-0efd-4479a725591c,0,0.12236,0.09063,0.163205
96d0e0eb-57ba-ff15-da6f-cb9777709a15,0,0.218515,0.146724,0.312564
5b935d60-7e72-3b1c-5981-c966ce0db7d7,0,0.11868,0.087436,0.159141
c45946de-882d-8a9f-9e75-c1770cae3da8,0,0.113903,0.082067,0.155991
131f9201-cd3e-498e-f7ab-a58b4c71300b,0,0.316981,0.235645,0.411284
90e2db95-0cdb-8a43-75e0-720171511577,1,0.081068,0.058843,0.1107
dedda498-f3bd-43c9-b3b8-24baf82bff6f,0,0.411459,0.313901,0.516512
95b79213-58de-5de0-d3e0-2bbbbe2cb9ea,0,0.273681,0.181861,0.389775
b4123c6e-ac46-f06a-728c-41df9f44d83e,0,0.093925,0.066788,0.130545
a4403b92-ef6f-9b8e-df00-9c55344315ab,0,0.691105,0.612427,0.760068
2b62cba6-6074-345c-475e-713da71b1c84,0,0.12625,0.085301,0.182925
85cef1fe-f07a-975b-d5b3-21e2c38e54ee,1,0.06589,0.050588,0.085404
4143b50b-ff8e-46eb-b934-91df3ffc2699,0,0.40808,0.33778,0.482354
e89fc03b-c256-aec1-3475-ebf66ff08de1,0,0.397007,0.307437,0.494057
2216449f-206e-b522-d0f1-360ca9ecc83a,0,0.724606,0.590491,0.82762
6891784c-1390-1eda-7521-58d780b4f147,0,0.513548,0.403756,0.622048
69f7e035-7db8-0520-ff02-89bef91a5ea2,0,0.397007,0.283235,0.523125
56cb960d-1aab-118e-f22b-5ad8af18975e,0,0.136754,0.09391,0.194939
123d783c-88ed-6220-eead-ce8fd412b6bf,0,0.10202,0.074959,0.137398
8dbaa63f-3f8c-234e-a7ab-6f022a7c7059,0,0.40808,0.314625,0.508692
03ea3aeb-1674-310b-507f-30e61cfa5d53,0,0.534544,0.449122,0.617987
d19daa5a-6004-8bd3-0b1a-b5e54b40d8c3,0,0.228381,0.167528,0.303286
6610498b-4fa2-86b5-137a-2260e67844bd,0,0.114581,0.089126,0.146139
1977612c-7ec5-9aae-3b9a-41d0d866a09c,0,0.424587,0.335954,0.518351
2d3d44bb-e9c0-7159-da04-c08b486e11a9,0,0.905791,0.8541,0.940445
0ebe67bf-3a9f-2011-c4b1-93c8fb75e694,0,0.169246,0.114394,0.243176
b2fb44a8-dec8-4e80-6198-b9671e57666c,0,0.422077,0.338429,0.510448
1aeeeac8-2376-c521-3b2d-936d8a92829c,0,0.162865,0.117086,0.222043
ea2f84aa-849a-c6f2-c5ac-02801e16fd34,1,0.065132,0.050387,0.083811
06091c6a-7dc4-7efb-eb55-aa53284e2560,0,0.093925,0.072854,0.120298
50b1d43b-1f8a-a4a4-4969-6a736791b016,0,0.496515,0.398171,0.59513
a9493fc2-2b29-2abb-13fe-e91a0ab44d67,0,0.397007,0.307422,0.494073
3d8239ea-3da1-5b9a-1025-58638bcb26ec,0,0.24411,0.178066,0.324965
75fcda2d-60fa-bf7d-d165-795fe8c43483,0,0.113774,0.080636,0.158188
d893acb7-f30c-7e81-b434-bf24c2a8933f,0,0.169256,0.114871,0.242339
c4c503c8-4d8e-5124-eeae-66f929b891cf,0,0.099701,0.07359,0.133739
c1e1c961-e513-ca13-8527-e34ed60b85fc,0,0.250372,0.19339,0.317535
a422f0a5-cd08-397b-9e80-ac41dcefac6a,0,0.157023,0.112838,0.21433
6b79a768-d492-c33b-b09e-e4e5c904654e,0,0.243328,0.191858,0.30342
8f76a6ac-e765-e6f6-6d0b-3250fffce37a,0,0.280756,0.205594,0.370577
a5e28181-a7dd-ed8f-95ce-9e269184537b,0,0.174803,0.128846,0.232772
6e5b85bf-1bc9-209f-7a93-96fa25cdd78e,0,0.368502,0.246337,0.510234
aceab5ef-9e97-7467-4b02-4e8fc114a317,0,0.243328,0.178182,0.322932
5b3208f4-e54e-7555-ccce-22c830531b1a,0,0.153595,0.11183,0.207316
0a78e831-689b-12e7-9dce-f7d69a011427,0,0.999999,0.999998,0.999999
3fc66dbc-a346-5591-6509-42cb24e31ac1,0,0.318601,0.254698,0.390144
923abc0b-fd63-ff37-6108-b48a9dcc769f,1,0.062663,0.048545,0.08054
27c77010-86d3-f401-8b14-07d659277954,0,0.276812,0.192321,0.380916
93860fb5-4587-5c7c-b48c-d9c2c18c9b0e,0,0.26868,0.20522,0.343289
27bd2e96-6157-29d6-0c9b-a56b9d33daa2,0,0.40808,0.317621,0.505228
2a8e2035-c8e9-10f7-9b8b-bc04a7cb809f,0,0.212079,0.146962,0.296036
980922bf-6b3c-b532-5c18-bdfd7c7882e6,1,0.0601,0.043457,0.082568
81fa898e-93da-d5be-2c53-e7f2655744d7,0,0.887281,0.824563,0.929494
1b3fb4e8-9089-01c4-4dff-ae581d338a69,0,0.11712,0.088027,0.154202
5677e2ef-7218-71d8-5cc8-b313022a8f93,0,0.294696,0.213169,0.391875
c0861cd1-1419-f131-eef0-781c576e2595,0,0.103748,0.07508,0.141685
985759a8-acd3-5e75-fe22-b140d4cb4aef,0,0.144165,0.09321,0.216329
52c78584-0e24-920a-69d5-e5cded06aeff,0,0.357428,0.24843,0.483484
4352a491-30ba-d77f-9734-d28f217cf339,1,0.067265,0.050037,0.089865
ef6cff75-dae8-411e-b854-dbf7d9ef54ba,0,0.206414,0.144552,0.285903
418db80a-198d-c1f3-08a8-7d3a7170621c,0,0.40808,0.336952,0.48328
a56e98a7-dcc7-458b-d1e2-4ada0ab84e26,0,0.310714,0.225479,0.41107
0314a193-1124-8a14-b59e-8b3d45d59f24,0,0.374859,0.28042,0.479893
23702b7a-49bb-5783-76cd-4ff0a139678b,1,0.085405,0.060118,0.11997
90aff445-1f7f-117c-c61c-3e8bb14d8525,0,0.40808,0.313892,0.509542
93ba47db-3ebd-5fe3-e265-5018cfef88c9,0,0.316278,0.230739,0.416363
b7d435c8-a6d0-fe32-7515-17a929448324,0,0.093925,0.067634,0.129021
32c715d0-5c1e-44b8-4915-533edecd308d,0,0.813378,0.711888,0.884898
9c7207d7-d190-1177-9d63-e57ac4b53f84,0,0.202628,0.147274,0.272147
b4f8733c-936d-cbf5-e0db-dfaf16f64989,1,0.058648,0.04381,0.078101
1e200e51-4a7a-ee45-8a84-265b1ebbe72a,0,0.105938,0.076203,0.145448
c905bac5-5f59-70fd-d6d6-0e363cd7d6d2,0,0.231258,0.177566,0.295356
d5e8063d-bf8d-73a2-7eb2-39a7f560a93d,0,0.632352,0.511275,0.73876
69e8c02e-0f9e-c4a0-ee0e-870dd0dcbc85,0,0.175637,0.118194,0.252987
1059583f-9239-d9c5-3b16-b816943dee2b,0,0.738362,0.613682,0.833707
5edb7d8a-7cca-afe4-1084-8b0540b91f5e,0,0.316981,0.238694,0.40721
2935c8bb-88bf-471f-1b04-814773d3d152,1,0.069257,0.052032,0.091635
d7e7b94e-fa21-5d80-978e-670fa252318b,0,0.397007,0.31049,0.490483
e568642a-c1b9-bfe1-e0bc-2390d8d61f56,0,0.109856,0.080068,0.148932
e607f470-c9d5-5338-497a-590c58ce35f0,0,0.397007,0.285669,0.52014
4c5c6d22-70df-2cc2-bc55-b577ffb9a630,1,0.061937,0.047944,0.079671
83d61c35-8989-5e71-b227-c1d7ce5c2ce1,0,0.141636,0.098555,0.199384
44c47fda-4bb5-09ca-5150-f8fb4c3c8e22,0,0.397007,0.312179,0.488513
b772c845-2d7e-894f-b5d4-918e3634f114,0,0.103619,0.069118,0.15252
8e30dcfe-a398-ace3-8704-4d84b7c77b48,0,0.691105,0.594908,0.773168
af4e64f6-89e6-e048-1e7b-9775c3b439b8,0,0.159458,0.109271,0.226826
809cdd4d-3978-6b64-f98e-c3b64b7cae1d,0,0.242545,0.178823,0.320123
7a9cafc8-eb01-6c18-f9f7-dae88ee8a851,1,0.087256,0.058311,0.128606
04dd98c3-91d9-2a5c-7e0e-86fad2d508ea,0,0.599664,0.515876,0.678003
9fe48c8f-fdd2-366e-127b-05aae6f7d65c,0,0.113983,0.082787,0.15495
20c3b08e-be1a-e00f-7320-4dc3007cd526,0,0.160517,0.118283,0.214169
2d60baae-7ad1-634e-438d-99036870aeda,0,0.156992,0.10864,0.221514
90fdc9ee-ba79-3603-acfb-f345463c7578,0,0.425456,0.323317,0.53438
87280f96-7ead-0184-c8a0-aa09ad11050f,0,0.40808,0.308045,0.516359
11fb9dec-1b2a-cd1b-b633-068ea5f44376,0,0.242545,0.177813,0.321625
24d422a0-0c06-e669-0075-ce20407241b5,1,0.062663,0.045865,0.085065
f5f7418c-0d8c-8c89-b03b-342c7e4de105,1,0.0685,0.052326,0.089202
dcf2566a-7645-4a38-aec7-5ecb316fb1a5,0,0.283433,0.191399,0.397942
402aa3f7-a3a6-af6f-4d74-3f7e590b89e3,0,0.327282,0.238168,0.430881
5dc45b3d-d0da-809f-49d0-f4a82104d3c3,0,0.144324,0.098705,0.206203
683d74ce-0dad-481e-febb-ddf1f29f4931,1,0.081068,0.052374,0.123434
0b64c91b-358d-ead0-2cea-908e84795145,0,0.698044,0.610683,0.773085
77142416-f4ad-1da8-1a19-a70816f3f376,0,0.573616,0.44618,0.691973
6e2445ae-dc8b-9ab0-e1f7-1624cd8fb642,0,0.242545,0.188084,0.306817
6455bff3-0d7a-1cf1-8851-10984cc2b155,0,0.844715,0.779041,0.893536
edf7cdca-2270-7553-1108-daca2514d8c9,0,0.292127,0.196198,0.410978
3ba0626b-a7f0-5ad4-3c0d-8e13b19afce1,1,0.067882,0.051047,0.089744
cb581df1-a4e3-b154-40f9-0050fbc72044,0,0.141427,0.096346,0.202867
2a1e91d8-b74c-ff8e-2aea-d820a4bc5b46,0,0.242545,0.177556,0.322008
4bbd1c45-7145-6b3d-5d39-b528819c2fb8,0,0.411459,0.31453,0.515782
a5deca18-3474-9e07-4403-f28751a9c007,0,0.333639,0.25623,0.421191
9e344b71-8def-e7fc-a648-7d4cad3bee04,0,0.124795,0.089651,0.171128
507f81f6-3f0b-2062-0c77-2fa332951212,1,0.06864,0.051489,0.090956
afbc9312-199f-ccb9-b6d1-a725770c2fcf,0,0.40808,0.315827,0.5073
ad92199f-6dee-d408-1930-68f26b33121b,1,0.083894,0.057462,0.120925
b0cbad82-6ac0-d0b1-5b9a-b5508e2c63e1,0,0.206397,0.142844,0.288702
90a0295c-a29c-7f0f-0800-4f69ebb155c7,0,0.150008,0.106756,0.206726
2fbd8dc1-a568-0fe8-99c1-f8feb90614e2,1,0.072625,0.052035,0.100499
97a52928-34a7-fd60-0a0c-4c258125f881,0,0.449484,0.366709,0.535155
51aa2358-18b2-1706-1f94-edec0c07e878,0,0.207922,0.1604,0.265078
4e82b379-5ad3-fd8b-dfaf-0aacb6f277ab,0,0.368502,0.277229,0.470272
3289a424-1bb2-3335-9c4e-4ea4d95a9170,0,0.128412,0.077998,0.204195
736855d5-b586-05f2-cba5-4f7e972ef54d,0,0.469076,0.335013,0.607755
a074cc5c-2e47-39d1-1fe1-71eec53416dc,0,0.10189,0.0727,0.141018
7e85f49d-ec15-f8fe-10aa-ffd1135999f7,0,0.344713,0.22913,0.482135
854ed7af-8edb-20e4-9ca4-f4d835936c4e,0,0.691105,0.614812,0.758229
c4b4662a-9ff5-6111-8a3e-8bf392f25729,0,0.112466,0.082548,0.151438
64bdad72-c89c-f353-85fd-c6e95b030ca7,0,0.113553,0.085584,0.149172
c5f6f6c4-184e-f9ee-ac14-42379e0b1618,0,0.547568,0.436649,0.653956
a6b26be4-10f3-a60d-bf10-fd5773cc848b,0,0.397007,0.30848,0.492833
a6751502-b48d-2363-313b-9fbd5f7ff10d,1,0.059012,0.043696,0.079251
2360aed8-f26d-6fe3-d092-ac68771c49c4,0,0.208489,0.134713,0.308274
876069cb-ccf6-7006-c5dd-3c85df2d9ed5,0,0.273681,0.201131,0.360589
9033c7f1-7162-52fb-4823-5b773530011d,0,0.745301,0.634552,0.831405
ec161e8f-3f2a-58eb-8728-30150a7d9792,0,0.114451,0.088029,0.147522
b93a5e3f-c2ff-6c36-b285-8ea8ab9947e0,1,0.087429,0.063258,0.119654
cf792e79-39c3-8b62-6d10-b0346a5cd6a0,0,0.153584,0.112573,0.206066
8fd8bd81-9103-d498-deb8-d175819644a4,0,0.1021,0.072784,0.141422
b267a314-ea31-bd24-da5f-a947204c9917,0,0.333639,0.245172,0.435607
3ae3a899-eab6-712e-7b0b-5484bcfb0f40,0,0.320924,0.236864,0.418458
58f86c5f-52b5-c2a6-9e2c-12fe54e4e62c,0,0.10189,0.067684,0.150592
0fe41c82-4093-96cc-531b-0463cd95fbd0,0,0.310714,0.24647,0.383188
71e40140-a969-d4d8-7bf7-228fd548f547,0,0.097837,0.072671,0.130491
9a20b6cc-0104-6bc5-ed54-9aa1694a1f04,0,0.838267,0.781606,0.882438
df25743f-47c8-b8c9-ba54-2066bbc5fd4e,0,0.397007,0.309551,0.49158
8d9412fc-7d96-b9eb-479b-ece557f970a1,0,0.093888,0.071716,0.122012
8d65a010-cef3-8097-2101-6f913a40a4b5,0,0.24959,0.177884,0.338307
ba294c33-f668-3b74-f032-723547efb5f1,0,0.202293,0.132223,0.296796
f9dc7bcd-c34e-b2a7-b96d-f0b8d8fdf1c8,0,0.301208,0.221566,0.394953
3f502046-84dd-af3b-905d-271a084c2bc1,0,0.24411,0.192602,0.304202
83246467-0a11-de7b-d796-8a609d837088,0,0.40808,0.316287,0.506769
a67a3a1e-a60a-d1ef-feba-c8040ad07a92,0,0.683328,0.601497,0.755194
b6520f97-576c-926c-b277-0237939ef216,0,0.238049,0.178073,0.310593
169aba11-2a93-7607-b609-4a0db4102d21,1,0.067265,0.046945,0.0955
75aceccc-caa2-fec0-eada-792a048d94c9,1,0.062663,0.048072,0.081305
b8651c71-8765-893d-3e8b-a78c1fbbafe9,0,0.137726,0.078229,0.231127
a5a49d8e-c407-67d2-f657-9320aeb7f7ad,1,0.062663,0.047995,0.081431
e60b5b0b-ab58-f211-a81e-d683381eca86,1,0.062663,0.049269,0.079394
cba7a14d-b2dc-6dc9-58e7-0c2b36e23c57,0,0.320924,0.257666,0.391521
37f1f3e0-4b76-55d9-c9fe-1d3e232aceaa,0,0.239668,0.184494,0.305167
ef397100-d4fd-26f4-a40c-f3165e7325eb,1,0.062663,0.044338,0.087865
979fba7b-fe94-ef78-666c-d95bcbd9b49d,0,0.447621,0.329493,0.571973
ae85f50f-d178-a110-9cd4-a22d474a5e36,0,0.206592,0.132894,0.306704
0be3a9c4-0cb8-500a-ec4b-366deede5f86,1,0.049849,0.038876,0.063713
f9adb60c-762d-eb36-f97e-448a1ee8d462,0,0.445437,0.361846,0.532232
449cd718-32da-68c4-f31c-48e9174ae278,0,0.27055,0.192835,0.365407
9fc8d104-25a4-1b24-c3b5-58e166f942d2,0,0.418698,0.333197,0.509379
5c993770-2823-a0c6-e18f-bec3e900314c,0,0.444924,0.341174,0.553707
d41fb170-ce5a-1c19-c61b-1de9d57a8198,0,0.257417,0.202353,0.321428
87bac908-8523-3a7e-8e62-1d9eb3ccf529,0,0.207922,0.145294,0.288434
7e20ec13-e97b-c0be-7ed1-76677a6f57a8,0,0.864059,0.806709,0.906368
c69fe725-3fc4-1947-80c9-0a4c4aa219d6,0,0.298639,0.207204,0.409577
7df103e8-7ab1-12b0-8c6a-8a90482245c1,1,0.062663,0.049155,0.079573
cba93cbf-12c2-dda1-2d8d-66306c0dde98,0,0.273681,0.206221,0.353385
ce4512b5-acc3-f208-34f3-450f9e34976a,0,0.649221,0.519748,0.759912
52afb80c-a25a-d36d-db13-c71540acccf8,0,0.150167,0.109118,0.203136
32033b5b-10d1-68fe-3369-265af589330f,0,0.167827,0.105962,0.255489
84223459-6179-c34b-f63c-261cca2f8599,0,0.093789,0.072195,0.121
9ac65f39-cdea-a45b-bcc3-05d79627e359,0,0.138208,0.089299,0.207793
11ca6de8-0539-18e0-1bed-c063af23192e,0,0.134528,0.083948,0.208642
8eab358b-2d5c-db19-005d-d3c5dd16d05a,0,0.92825,0.899824,0.949066
8a4b2001-1358-efd1-a192-7d6bedc49e7d,0,0.63852,0.528476,0.735725
8e96b47e-2641-5ab3-99b0-eb2abce8c77d,0,0.534544,0.455309,0.612074
9f4b9958-b134-806d-e9f3-266fe52df945,0,0.097843,0.071657,0.132235
ae0bdd37-4156-fac2-796f-31edca2f3652,0,0.58664,0.482493,0.683574
8b6510bc-98e3-50ad-6ab4-a6f362be81b2,0,0.265549,0.184656,0.365973
6184e695-3978-de8c-173e-5cffec094cee,1,0.064515,0.047115,0.087749
aaf60348-1c06-4600-4a34-fe335ae57aa3,0,0.397007,0.285567,0.520266
0afa5b6e-7a4c-66d1-16a8-2a1881ca7cb6,0,0.113405,0.0802,0.157997
d101a2ee-ede6-abc9-b0cc-8d02d2695537,0,0.320924,0.259909,0.388739
09485967-7403-da8c-8f41-869dad369560,0,0.309094,0.241143,0.386443
fbc0b740-64ed-eb2f-72f3-7e63d7de0cdf,0,0.10189,0.067283,0.151408
6f58be6c-9b70-f4fe-8616-e01d209db660,0,0.22298,0.173254,0.282108
d4a025f2-74c3-1bba-b5ac-46bd7e07a6e9,0,0.462517,0.342292,0.587265
e1e3aa93-5c53-64c8-b27b-d2e1a9a70be4,0,0.244892,0.190102,0.309441
b3e8c2d0-e4fa-ffce-1f79-83f85e1302b8,0,0.201731,0.121834,0.315216
8671c0f2-4b10-2361-4119-64430807309e,0,0.547568,0.412675,0.675818
36dd6e38-27ce-c20c-770c-6c31bd8ff6cf,0,0.704386,0.59834,0.79216
b24fda62-3d0a-c5b9-747f-ec448483d83d,0,0.110324,0.082149,0.146618
e198f88a-3930-630f-a9cd-dd4c64b75fcc,1,0.062663,0.045712,0.085337
3874e0e4-196a-b9e0-b33a-95709c2b54ce,1,0.061937,0.048004,0.079575
2c9766fa-9d1c-2fbf-203b-852751c68277,0,0.128685,0.09425,0.173295
7884c49c-07bc-c86b-1f77-5fdb87f2177f,0,0.125109,0.08688,0.176899
e5382a6a-0990-7434-8676-6baf2ebc279e,0,0.113903,0.083601,0.153351
d7f9df93-4d71-22a6-4a72-d6e109d6aa70,0,0.150177,0.111214,0.199723
686f351a-b425-19bd-1871-02088417f71c,0,0.11847,0.082771,0.166767
2f350519-dea0-35a9-dfe7-447507261678,0,0.40808,0.31167,0.512125
336ad480-0e99-9134-9fbd-a7b4e8946e23,0,0.110195,0.07629,0.156613
15c7c15f-8d6a-5ec1-69af-caef428f31f2,0,0.150167,0.111127,0.199837
8a1788c3-647c-cc9c-8825-86b321070728,0,0.219558,0.166135,0.284302
35a395fa-1678-960f-7e9c-0ca3ee706b04,1,0.065132,0.046404,0.090699
ae9f07e7-6cf5-fbf0-4dad-1fd2e07f3596,0,0.097843,0.071802,0.131985
752cbf7e-7f82-3b2c-2221-1312e400725d,0,0.259287,0.188172,0.345829
b2e031b8-dad1-e734-d163-d68e04a6b990,0,0.691105,0.588693,0.777649
02a9d648-9a7f-c24c-7de2-4793e1e9fe21,0,0.40808,0.32761,0.493801
cddb0a27-86db-0729-9c8e-06cc6dfbc786,0,0.167353,0.118978,0.230256
aca0fe42-f912-1990-4351-8d47f6e981d5,0,0.327282,0.241453,0.426466
282111cf-0861-e9a3-8b11-6b135e20f733,0,0.251155,0.181229,0.336958
8db04102-a451-b1b0-c994-666616522f75,0,0.560592,0.458619,0.657694
41060433-4a8a-3396-d3bc-e6439d390102,0,0.260549,0.203476,0.327056
5fda56fc-ae5c-70f5-ac48-bf8800abe91b,0,0.1615,0.104918,0.240401
d9c49403-70df-daa3-e02c-89b145f0f431,0,0.346354,0.273192,0.427583
ce2b801d-41ea-0527-5264-5d3766407cbe,0,0.426607,0.332593,0.526241
7ee20d7e-c900-b7b6-2d4a-c2e6c294faed,1,0.065273,0.049627,0.085407
0db0abea-8f39-5f06-3a8e-0c3b322b806d,1,0.057548,0.043045,0.076547
5b36ebde-6d05-0abc-a67e-4f7230c21658,0,0.318601,0.235552,0.415034
28b133d3-7310-9d6b-e5dd-a87e6e772e5b,0,0.169235,0.125424,0.224423
9e193797-1371-c334-df0a-da24b07482b6,0,0.124795,0.086858,0.176107
ada408ea-4b38-1994-ca66-0a6bb5a37592,0,0.691105,0.610565,0.761495
52d86efb-2ccd-df4e-3245-f0bb3d85a21d,0,0.101761,0.069264,0.147096
3da8a416-75e3-6c00-0ecd-2723bff57c48,0,0.512354,0.410649,0.613046
b9909ee5-e8b1-c512-ca68-8c12b3eefa93,0,0.105808,0.07865,0.14091
c1ea4c11-2040-92ab-e402-37bcc4657368,0,0.432496,0.31144,0.562187
e09ad3c7-c04a-e440-6674-893b1553f260,1,0.060111,0.041784,0.085757
b2d58a7f-e5f9-e3cf-0b62-76b302337ac0,0,0.162855,0.125185,0.209151
09bd40cc-0d4e-c23e-57a8-4f7a4a15bed0,0,0.320924,0.253366,0.396919
9e17480a-bafb-ac5f-a07a-0aa00527021d,0,0.144165,0.102808,0.198479
e446fb72-1091-4425-f8aa-938beeb64914,0,0.184643,0.139902,0.239703
13e3ab3b-7d3e-90fd-bb7e-280c845d4c5d,0,0.422077,0.317314,0.534355
365a4fb0-116d-9051-5320-77cab55507bb,0,0.397007,0.30886,0.492388
66115762-3b37-39a6-2984-56628be2be4a,0,0.40808,0.33162,0.489265
ed6fc4f8-64ec-1da9-4464-3fb2fcb00670,0,0.106276,0.066678,0.165227
a090981b-2cb7-50e1-209b-74ec214f295f,0,0.58664,0.454233,0.707603
3535fd27-b618-ecd9-7489-d35ed6b646ee,0,0.314658,0.253933,0.382459
7efe870d-bd6c-29d9-dc41-013c45f65f6f,1,0.06328,0.048938,0.081465
8a6f768a-965d-5014-e62d-39b0a5f0cbb3,0,0.313038,0.230092,0.409962
8e0d0bd3-1cb7-f44b-d81d-fc2cfa5db322,1,0.085405,0.060715,0.118865
24c70279-54ba-6235-70b2-69976baeb1bf,0,0.385933,0.289164,0.492643
f5564ceb-6e52-a226-5ece-c475498c1791,0,0.233368,0.183328,0.292182
ecccedbc-741b-cbce-56e8-d3594aa8b49a,0,0.344713,0.249372,0.454437
21a2fe66-3bf6-96da-037d-ce898222e543,0,0.118341,0.087687,0.157858
b99f4eac-37a9-3396-e11c-6ac0e39a6703,0,0.432496,0.340721,0.52915
2c8a9c45-9ab5-67d0-0ffc-a06ce3a032e4,0,0.501872,0.36447,0.638992
d4bb7caf-3555-1541-f63b-813430eaf93a,1,0.062663,0.046712,0.083584
3267c99e-c495-d2be-bda0-0ba5a2d08840,0,0.547568,0.451796,0.639943
598e8984-86b4-867f-6772-328836671344,0,0.314658,0.251713,0.385239
51d37e2c-41a2-6242-c4fa-e3d58a73a048,0,0.093925,0.066455,0.131155
47248402-a2cc-6a5e-e48b-d429372af4e5,0,0.260549,0.19176,0.343524
7139f67d-34a2-0d63-dde7-530a41bf944e,0,0.912433,0.856389,0.947936
e43d3142-cf3f-d1ed-1da0-3d56e3841f12,0,0.72646,0.61127,0.817697
2dcd356c-36e3-e385-67d0-d855a1cd7105,0,0.260549,0.203127,0.327531
10ae9555-c557-d48a-55f6-c7e79b69e235,1,0.075374,0.054463,0.103437
905d4609-72b4-562f-cfab-1a512d526736,1,0.078909,0.052713,0.116522
2c712324-0742-9cb9-914d-5ecb933565cc,0,0.62554,0.514237,0.724979
e2835975-63f6-8ae3-b5c8-04d1b08e6ae3,1,0.048479,0.032022,0.072757
64bb6972-2427-6c85-81ce-a67535d67f52,0,0.21906,0.147005,0.313454
564f815e-a397-a9c1-aebe-0b0f8b192aec,0,0.162876,0.11763,0.221163
1c30cdc7-4d34-2edb-71cd-df098dc9e49a,0,0.177031,0.131834,0.233555
c2ac3a49-7e29-a05f-b288-91f60c435932,0,0.250372,0.182551,0.333123
b4e12cdb-1c32-dfd8-a7d2-a9b33ab82538,0,0.40808,0.310878,0.513048
1644a452-1792-769e-d799-beced1283180,0,0.24959,0.193492,0.315588
5c8b5bd6-f08d-ea50-12f2-f8e47d37b39e,0,0.782093,0.613616,0.890248
09ad3382-df5b-27c7-5467-4fc909d4ee37,0,0.339997,0.267864,0.420401
24b574dd-0cfb-363f-4861-353453a07614,0,0.175074,0.122385,0.244137
e15edda9-2ae7-4d66-dadf-18fbfa9f2ddd,0,0.40808,0.338547,0.481499
c1cc48d0-d54d-d957-a113-0a414b11affc,1,0.081068,0.058887,0.110622
bf3e9f92-e1d4-09de-d467-9918cd9466d6,0,0.194216,0.141293,0.260937
1ada63fc-bdb1-ab9e-0a04-4a4d4ba897cc,0,0.11479,0.081685,0.158989
9d8bb33f-985d-dd60-cc6d-6010088ea14f,0,0.309094,0.226092,0.406561
cbfd56d2-5863-4b68-e96d-f6d22fe98e02,0,0.379575,0.248894,0.530418
0b4ea921-7a5e-8f29-9c98-e06d04788d46,0,0.40808,0.334879,0.485601
3b1f7ea2-b5d9-8cac-5b65-ee57d89eff70,0,0.109856,0.073898,0.160283
56024b82-d8c5-2bc1-d86b-72c910c98d44,0,0.093925,0.066461,0.131144
d8e12655-2b8f-ff94-29a3-89f879fb41fb,0,0.316278,0.250289,0.3906
454176c3-ccc1-b3d0-25c9-c8292f144b58,0,0.11479,0.089088,0.146713
700910e2-09fe-26ea-72e9-7f76e32e67b8,0,0.169256,0.116672,0.239124
af867b62-59ec-fac0-f3bf-ae2fa7c90992,0,0.374859,0.261938,0.503267
cabfa568-33f8-0935-2170-74672366642b,0,0.26868,0.191998,0.362259
022232b2-520b-c7fe-8161-973b31bdbf90,0,0.102229,0.076004,0.136169
def9c5fe-05eb-71e5-0a9b-958566c48802,0,0.128685,0.09587,0.170613
82b43978-27df-76ef-3983-714cd8877699,0,0.254286,0.185044,0.338671
40580e97-5f4f-2f11-3db9-a3bd0b89e986,0,0.362144,0.256104,0.483551
ec9b1594-b9fa-5551-9a4d-5788f02ea927,0,0.12257,0.08544,0.172787
88c7af30-d998-6db0-3331-26e61df645df,0,0.114999,0.081064,0.160658
be3a6e60-b024-24b6-3ff5-96576e498658,0,0.333639,0.264459,0.410809
3a127d44-eb12-552e-2a3d-2b77cb5cbc25,0,0.40808,0.312675,0.510956
7f8c3007-7f86-f5f1-bfce-e66cbca804e0,0,0.390649,0.291096,0.500225
4e25b1e8-25ed-881c-1a79-7e97909a9144,0,0.089258,0.063911,0.123334
1e87e180-0755-428b-b911-0c2aa729aa76,0,0.246459,0.19263,0.309563
4d9f600b-de5d-8b12-e0bb-6289273f05e5,0,0.284944,0.19935,0.389415
6e43abaa-a245-eb2a-9f73-e6ab0a9be600,0,0.281813,0.207528,0.370264
65376e6a-6e8e-ac15-42b2-521b0fa948e1,0,0.368502,0.243457,0.514127
a111734e-5861-8af2-e5da-b1936e263350,1,0.074757,0.054112,0.102426
43776ba1-bf55-f9cf-a4d8-821506230a05,1,0.054985,0.041216,0.073005
ba55e955-4cf2-177f-59d5-2aa49e41183d,0,0.560592,0.424325,0.688298
dce88e65-92e0-75cc-23d5-7f72e7feb8cc,0,0.923663,0.884225,0.950419
72f8c3d4-9b56-a7c4-30ea-fe077f03dc1d,0,0.159448,0.114486,0.217725
894ee19c-e860-d06c-347b-f0adb9d63cc5,0,0.320924,0.258136,0.390936
b401ea87-e108-c1c0-ed7c-80023de3ae9b,0,0.169256,0.125132,0.22494
03f3aa4a-6264-ae2f-a7f3-39a3cd94ac9f,0,0.534544,0.450351,0.616814
0080bcd4-31a8-c8d4-f59c-047bf1e8a1b6,0,0.143339,0.10137,0.198839
0c932ecc-f848-cf4b-5918-7321c08bf53b,1,0.065273,0.049529,0.08557
c73ad3cb-04b2-d6eb-ea4f-41b42d64cda5,0,0.612644,0.511213,0.705166
c129173c-2703-0ad4-770f-27959538cc1b,0,0.106067,0.069213,0.159188
0d3558b9-2d1e-de78-fa6b-7541262d4900,1,0.080874,0.056477,0.114531
88ccf1ca-7a50-7b81-b833-54294abca4db,1,0.08533,0.057813,0.124219
8b7944b2-c386-e42e-edcd-1b0ed7c8660f,0,0.362144,0.252591,0.488177
f3e1207d-88b0-1ff5-4137-297b51010957,0,0.306068,0.22741,0.397919
b4e7d3a6-7724-5a2b-4170-1ec4231af876,0,0.128476,0.091117,0.17815
00180add-0db0-f94c-1508-bc51a43cd106,0,0.293076,0.20749,0.396312
a0a0e1ba-f658-5b04-fa78-bbcddaec4d93,0,0.418698,0.339958,0.501811
a888cfb2-3e34-d1fa-7b84-2ed5c962afbd,0,0.105808,0.077139,0.143476
9d855706-7618-03da-bd5a-3a9185203407,0,0.103619,0.068024,0.154747
46629455-342f-3d63-839f-5790952017a9,0,0.312334,0.248259,0.384489
2afbbfd8-d843-4079-2bea-f9b7bfb245bf,0,0.429985,0.341589,0.523083
70edc227-99f8-3500-d10d-4207e5f4cf07,0,0.92825,0.900005,0.948969
12d144ff-7c0d-569b-cab1-8a2691835768,0,0.134801,0.091241,0.194701
620aeb93-756a-c2d4-75ff-c4815211b78d,0,0.091689,0.069128,0.120658
64804733-42db-a484-b1a6-96ec24cb4f04,0,0.250372,0.183256,0.332076
0fe3f45e-47f1-46df-8351-52d725d7e5bb,0,0.109506,0.079643,0.148756
d9386cbe-79c4-8f4b-191f-6fc13f433bd3,0,0.130638,0.089538,0.186734
98a59618-e1b4-7fe6-8f58-bd7350f25269,1,0.072625,0.055554,0.094418
c061287e-d364-fd09-3043-2d829abb94f9,0,0.313038,0.249497,0.38447
761fa96c-6762-9f82-f27a-1515aceaa766,1,0.074784,0.05662,0.098169
bd0d4566-b418-61a7-00ce-ff5dc82655cf,0,0.599664,0.517772,0.676343
3b7c6ebe-e1aa-a817-1d03-92a817cf8cae,0,0.248024,0.193836,0.311507
737c16e0-4701-29b4-422c-b10e527bd220,0,0.093789,0.072549,0.12044
8c16d716-9765-0ba2-cf2c-d1ecb1d198fc,0,0.320924,0.252595,0.397897
66158fe2-ed70-6d72-9f9b-fd9903733731,0,0.999999,0.999998,0.999999
61aaa40f-5cb9-f634-a24e-1e13addc20ab,0,0.460367,0.337593,0.588147
31ac65c6-ad40-db29-915b-a3bfb9f09a7b,0,0.212777,0.151015,0.291138
b01d25f3-9245-1ca4-d4fd-f25dc71d4216,0,0.209837,0.139754,0.302696
b126207d-0994-edf7-38de-6931c98a1006,0,0.907846,0.862402,0.939337
8743bf9f-f6f3-e142-3467-aecd1922fa36,1,0.061937,0.048138,0.079362
44945682-696b-7cba-20f0-063cd9826adb,0,0.844715,0.784332,0.890551
29882d4d-3fa4-245d-89f0-dff073f4ffe7,0,0.159437,0.11324,0.21981
867a5658-574d-24fb-9b11-5959ecbadc14,0,0.241763,0.18867,0.304194
e62092b5-4036-a067-517d-65002a6db8ce,0,0.320924,0.254388,0.395629
07f3dec8-fe52-707e-a4af-2cdc49c3172d,1,0.069875,0.053216,0.091246
40d4cc2a-a5e0-8966-87f2-2d1aa0c01a92,1,0.081068,0.05959,0.109386
f5e7bd5c-379b-6e37-45ef-bfc2508de648,0,0.101651,0.069216,0.146886
2bc6fcd6-1018-46b1-f58b-ba2fcf798709,0,0.445624,0.336726,0.560005
e2940071-96ba-ab61-69e6-2c336cd2fbeb,0,0.244892,0.19372,0.304478
2c1274f0-2891-bbdb-aaa4-841746b821a0,0,0.857611,0.789042,0.906532
635cd341-dcae-f5ec-8804-b8dc0a5c9329,0,0.157012,0.115018,0.210689
29f62a27-0dff-50c5-322d-5726851c55b0,0,0.144165,0.093782,0.215188
83efb0d1-8945-e225-a304-bd22cf2cfd2c,1,0.052423,0.0399,0.068594
b7553c69-9913-89f9-e0a6-042a5d56ccd9,0,0.504723,0.381289,0.627584
a5722e01-ab2c-23c0-1c28-182fb15e9ad7,0,0.422077,0.337767,0.511187
8018fa1e-f757-f5c9-fc45-5fa7553a4f07,0,0.498348,0.400679,0.596144
c7a6bc1e-fc32-a2b6-be37-96eb03d189c5,0,0.838267,0.786349,0.879502
42224e41-fbed-f47a-8e89-2c381269487e,0,0.093789,0.072319,0.120804
82d5c618-8494-af64-1909-d6e7fbe0fa33,1,0.057548,0.041999,0.078383
56ac0c14-c3ee-c662-2fd7-c526238b9a3a,1,0.085463,0.057331,0.125561
4ea1b607-fa56-b4e4-faa0-ba42f83a8b23,0,0.243328,0.194016,0.3005
73bc9c93-7c6a-8eb2-b8ed-2749cc196d9f,1,0.062663,0.049063,0.079717
0575c444-37f3-fccf-2e5a-2c6248dde59a,0,0.261636,0.180499,0.363085
f9dd65cc-f2a2-3a18-946c-58bafedfca86,0,0.501057,0.386754,0.615249
ae7ffbed-189d-6037-240d-7e960e9e6cc3,0,0.599664,0.496634,0.694575
cc7e01dd-7f67-6cd6-2ddc-adf63f2edc05,0,0.169256,0.1268,0.222308
646f5912-5f85-e5fb-d4aa-dcc77d388ef2,0,0.093925,0.067339,0.129548
214dbf4c-baa7-cab5-07fc-843edbeaf1bd,0,0.095736,0.068,0.133168
086d1ea4-5213-9cb6-0e51-ff9c9daf30a0,0,0.251155,0.18351,0.333548
0487bae8-27a9-764f-255f-6dff0d894558,0,0.838267,0.790959,0.87654
43be9887-c845-6fb0-e34a-18469cbe65e0,0,0.165838,0.111697,0.239159
783ceb2c-215c-ce2d-3fb2-6d67831059ba,1,0.06328,0.049026,0.081325
404d2aa1-8f59-a5b8-1b5f-c6c1c841420c,0,0.109487,0.08216,0.144472
cc8be107-0f5c-4bf5-df0a-4ab147e3327d,1,0.046642,0.031999,0.067519
6d0ccfb7-7def-bf5e-d46e-ee5a9c554ba6,0,0.121219,0.090091,0.161197
aa8a5e1b-da3e-b96d-8b71-893fd84d5689,0,0.097837,0.073406,0.129263
4ee3d944-b18e-2ad8-a545-0420fd19c117,1,0.083169,0.052755,0.128733
a32b301f-31f3-2d94-00c1-a7502f98fc77,0,0.128476,0.087296,0.18514
5d7accf2-6ab5-9cb7-f3e9-af7261ef67b8,0,0.110533,0.081297,0.148583
671fe152-f6fd-f534-8316-ef0692e18781,1,0.069875,0.049696,0.097407
eca2c049-b961-2dcb-18ef-f7214356455e,0,0.118889,0.084008,0.165635
7e17934a-a167-0312-ad98-13cd0b23b7bc,0,0.15604,0.114794,0.208615
addf3a36-b396-b2cd-e508-dfe5204c6a08,0,0.276812,0.206626,0.360021
4d3d5425-c671-1a49-c48b-570f18e898e6,0,0.124795,0.08039,0.188697
95d26612-06e1-2e40-663c-5fd1313cb4c8,1,0.067265,0.051506,0.087402
bce0464a-e8e4-8207-13e8-d5c48c8af9b0,1,0.062663,0.048363,0.080832
0143588d-2bf2-fc09-fcd7-aa6c7efb47da,0,0.822115,0.690077,0.905596
c0ac54e0-5996-8336-8b76-594345eaffea,0,0.169235,0.120475,0.232513
36addfff-65a0-c052-b822-2e69208435ce,1,0.072625,0.055084,0.09519
cc0ba9cb-128b-e026-ee65-08906f6bb6c8,0,0.379575,0.274785,0.496944
4ae548ca-1cc8-b93a-4778-97882dff65dd,0,0.093925,0.067287,0.129642
667bb0d9-362a-434d-3c94-ef8c74d7b6ef,0,0.390649,0.284337,0.508469
400a92f0-c569-73b2-dd8b-dbf68e06c13a,0,0.40808,0.317366,0.505522
23901f9b-65b2-850f-9310-1cfda1dc74f5,0,0.659732,0.55079,0.754051
ea860705-7e73-2167-9197-20206984bc49,0,0.217707,0.160931,0.287647
e529db51-4b13-b03e-c8d5-295869b7a0c8,0,0.619407,0.479023,0.742312
a1d30952-98f0-de95-e58c-26273272cfab,0,0.40808,0.314378,0.508978
61d71658-bf50-f57d-1061-4cbde313bcd4,1,0.070633,0.05295,0.093636
a3bc65d8-b214-4444-f0ed-df361a038961,0,0.114999,0.081739,0.159445
4f395417-c71c-af55-8566-34c738323c1b,0,0.411459,0.331571,0.496304
d8170efb-1a6d-9c79-b365-9d7c0ffd62e6,0,0.109936,0.073356,0.161577
4eab0528-b8c1-f5ac-a27c-47f1defd3df5,0,0.109856,0.075495,0.157197
525eef3c-64d5-c9a4-9a8e-f21780f04e31,0,0.127271,0.088421,0.179824
dcff5d50-6b0d-f19d-7646-03f3e4c33137,0,0.58664,0.462112,0.700993
baaae061-de0c-7483-7627-e85263af41ea,0,0.573616,0.465868,0.674802
2ea7388e-929a-b451-138a-fe4a0b41f62f,0,0.114371,0.088638,0.146375
5ffd61fd-9c9d-586b-8a70-0d8417458793,0,0.18838,0.1252,0.273476
9c604dfd-adbf-c9af-5c86-df0a74fcd3f9,0,0.097843,0.073302,0.129453
392f6979-2324-aebc-91a8-7132c78d9434,0,0.262418,0.199761,0.336464
57077dc4-4189-b6db-e49f-9c95022d84bd,0,0.153595,0.11101,0.208681
389edf90-3291-1fd2-04da-b17040f02533,0,0.113534,0.086307,0.14796
eb1bccb5-b476-a6ee-bcca-d89eb09dd9a6,1,0.062663,0.049233,0.07945
4fd0d3f2-27fe-f92f-76d4-399b2d85af9e,0,0.097843,0.071464,0.132569
8ceb10fe-ad7a-41a6-c793-00d5cc68690d,0,0.097572,0.070259,0.133973
8ce7cc66-2886-bc04-70c2-7e761db4cbcc,0,0.153574,0.111786,0.207336
89706055-d207-008e-5392-bd898de1f262,1,0.062663,0.045992,0.08484
d04d739e-bb7e-9aee-9114-7d3113e08554,0,0.117922,0.088992,0.154662
bb481a33-37fe-d7ea-52aa-a80a71e9ccb5,0,0.109826,0.075097,0.157874
0f84901a-ba79-e7fb-00cb-80af89260a31,0,0.441272,0.343662,0.543643
a256450a-dc4f-feca-5550-79cea71553d1,0,0.617988,0.519395,0.707735
fee65ef9-e838-e29b-8d60-1689c441075a,0,0.309094,0.232191,0.398258
2823d303-262e-fe36-58cf-299451cc4058,0,0.547568,0.442635,0.648437
4f1672b6-e2a7-38e2-4fe7-aa3754794499,0,0.374859,0.283671,0.475887
aa6139cc-5527-742a-e6db-5fca1e26aff7,0,0.093925,0.073782,0.11886
13a63916-03ba-305d-d4e9-169528f916a8,0,0.093925,0.0722,0.121332
ae6a5540-1666-6872-2b26-d66c7b0baf76,0,0.153332,0.098225,0.231421
76ba2305-b6dc-1da1-5042-d5cffb35d3f3,0,0.10189,0.075691,0.135825
1c59f413-e25d-100d-0eb6-446f32c87881,0,0.424587,0.341345,0.51234
c51e7e3a-1324-b138-3ea6-268075080138,0,0.254286,0.197144,0.321362
fa6a0979-903b-5ea1-7026-970e46233650,0,0.113873,0.089217,0.144264
d411cacb-b23e-00f1-e77b-8551aa02d71b,0,0.418698,0.314258,0.530972
2fd2d0d7-1693-8727-0670-2f46f97c0345,0,0.239972,0.187153,0.302157
27a57f2b-41cb-4a06-603a-71d7e73d70cd,1,0.062663,0.048547,0.080536
d2cb2ffe-4ad8-3fee-481a-f1d3fcec3f72,0,0.362144,0.255127,0.484833
b45b70a9-6dad-55e5-87de-f7f1f4657802,0,0.857611,0.790107,0.905988
d8fd209d-afc9-e6b7-dc22-9ec64815cb42,0,0.105679,0.078368,0.141052
324458fd-cf7e-0290-6bfe-1965e0312052,1,0.087564,0.064102,0.118525
da383909-7c75-05ca-0083-9c13966f450b,0,0.242545,0.189238,0.305215
79b209a0-51fb-d780-efba-5b6437d9b269,0,0.239123,0.186037,0.301742
60780978-243b-7d73-0842-b021d3eb221d,0,0.210339,0.1557,0.277843
25d450f6-d5c4-0d01-cba1-2dca6c0a159e,0,0.534544,0.451113,0.616087
c9782e38-d5d2-fa6b-c284-4c193d048c43,0,0.77234,0.685217,0.840947
c5da39e2-8cf4-ae8b-f02c-f3f94e4a4e17,1,0.080972,0.056779,0.114226
a6269f07-feef-c285-29da-7fac2a5feb05,0,0.253504,0.181748,0.341756
ef02ce45-2f45-775f-2c91-d6b4ad07f3c0,0,0.169211,0.101179,0.269282
fc13f79c-21cc-66bf-2c7e-009198e4be0b,0,0.411459,0.334145,0.493406
3522622c-2dbe-ca91-ec28-ea34f166c796,1,0.074784,0.051743,0.10693
22e974b8-f1d2-9804-7dea-c183ae98bbf9,0,0.316278,0.250613,0.390189
52a3207b-5797-ba19-3301-6675656836c7,0,0.093925,0.072976,0.120109
91dbae60-6b5e-bc37-6eef-e92494b14856,1,0.066539,0.045435,0.096454
1f33716d-c66f-5d44-f6b4-822325d478e9,0,0.144051,0.09039,0.221801
52a8ad1d-9c16-da37-fa9d-c74319f45411,1,0.06328,0.048469,0.082227
fa73bf23-6d11-f6ed-ab2c-8ff529bddd84,0,0.169256,0.12375,0.227159
e80ba207-2169-10d5-287b-9c5f16c6e609,0,0.093925,0.068298,0.127847
9bdc81be-0c75-984f-c8c4-7346ac6f990f,0,0.327282,0.256244,0.40723
0e38ca1a-ad7d-8d67-9b6e-23595b647f9e,0,0.418217,0.325669,0.516904
530c2150-ffa7-8b60-9a6a-04da61721118,0,0.501872,0.394098,0.609473
5794e5a4-dac4-94a4-da7e-c61fab4e8b44,1,0.062663,0.048058,0.081327
732044b6-247f-afba-69a8-21f02d82e9b0,0,0.314658,0.232869,0.409826
174562f6-3eb4-d3bc-2336-f31e3921c807,0,0.691105,0.595785,0.77253
182b21c6-44fa-543d-6535-46aebf46f8e9,0,0.514045,0.383665,0.642541
871468e6-9715-8646-6954-e70ba61e3021,0,0.118889,0.089751,0.155868
0f7f97ed-1b30-1666-50e4-792e3d9c9d68,0,0.117071,0.089345,0.151964
35c93ec6-0dc0-08f1-1578-0b214f26d471,0,0.444651,0.340092,0.554353
47da59b6-4cf8-cdf4-3335-9e3deccf07c2,0,0.687217,0.585756,0.773439
d2e24084-065e-27e7-f225-eb7118733fac,0,0.114242,0.086183,0.149937
5b516ea9-e28a-3db9-dd34-da227dbd3c08,0,0.114581,0.087904,0.148039
754a3400-5a3f-ec0c-faca-ff3f88bb09e5,0,0.178914,0.134714,0.233699
093340e2-d614-6854-97b3-b39c1b8717b8,0,0.128476,0.084047,0.191482
688db6b5-f5a2-aa38-6ac1-f822e3aa6742,0,0.235767,0.181036,0.300964
7ba2508d-ff8d-298c-35de-1715cc5f1c1b,0,0.284944,0.214274,0.368006
495f8bd8-58d4-30fa-ea7f-95ae7cb4f359,0,0.093654,0.07353,0.118581
5d9f701c-4566-dec8-c765-09564106672e,0,0.109985,0.076056,0.156487
cf97ced7-a31f-0f65-9a1b-fdf5c7e61937,0,0.320924,0.237058,0.418198
7d8c1603-5a28-2388-0b6d-baef415faa79,0,0.101761,0.06743,0.150746
f6737740-07d8-61a8-c8e8-ac3bdf2ec775,0,0.309094,0.230478,0.400568
93c1e169-3f4f-3f5e-f62c-83157fe9ce94,0,0.091651,0.067477,0.123341
5219e258-ae13-de75-4d29-aab7daf4f485,0,0.40808,0.310665,0.513297
ee4ee742-db96-ca54-06bd-f2e3f76db040,0,0.169622,0.117699,0.238267
2879cfdd-9b05-1867-2373-3060d52cb038,0,0.411459,0.336663,0.490583
014b972b-783d-3749-b58d-acbe252ff89f,0,0.093925,0.066912,0.130319
b5ed6030-4a7c-9c84-18fc-f0ac545a550c,0,0.192323,0.140779,0.257091
402eee13-fc44-d4dd-9135-b0f8bdc2931f,0,0.250372,0.183003,0.33245
6295648a-3321-88f6-84d4-500357cc875e,0,0.089492,0.059602,0.132264
160ad1d9-b02f-45aa-0cc4-2545b48d3548,1,0.059374,0.044575,0.078682
c94e7dd9-5b72-05a7-2e37-7e5e1bd23636,0,0.344713,0.229096,0.482182
8b5648aa-9aff-429f-b57b-80e3c71c9711,0,0.547568,0.442557,0.648509
0eef1dd7-c72f-1c66-95e6-a64669d24890,0,0.502485,0.351031,0.653485
528a8529-9315-575b-7c8b-2db3e3fa3e36,0,0.691105,0.608329,0.763197
fe8fb7a3-6835-d5ee-349b-7506412f944e,0,0.281813,0.208721,0.368578
948ccf14-af5d-1f2a-2c78-5499cb4a96fc,0,0.206414,0.141433,0.291127
860058cc-ac9c-f794-91ff-0193319f9f7f,0,0.425456,0.350531,0.503969
1b070b66-db45-5676-ef2f-647357a53d33,0,0.390649,0.268637,0.528066
5ff26e6a-2a1b-57e0-018f-91d39cdf07de,0,0.351071,0.255576,0.460189
ae34295f-b41c-4c0a-7e04-e7bb4457a6d1,0,0.145296,0.097868,0.210349
d2b154c5-e6e4-3da2-dbf7-0ecc6902fcae,1,0.049849,0.03648,0.067773
4b949ab8-0a6f-68ea-5cf0-c2c4c66d468d,1,0.064515,0.045573,0.090583
2d5f8da6-9a85-b515-e257-dfe10bd2d03b,0,0.314658,0.248736,0.389004
c4ba04cb-9159-02a3-c2a0-03c827905419,0,0.681908,0.602945,0.751637
854a3479-6615-777b-8e2f-ba7d320cc4ba,0,0.101761,0.067452,0.150701
7413af5a-1291-9f00-505b-3e35c7784cb3,0,0.40808,0.33369,0.486935
0e0071de-4794-73cd-58c8-f506d8d14d4b,0,0.171657,0.113387,0.25138
36b5e230-734e-59b3-2930-6345d8ff1f48,1,0.067882,0.051171,0.089535
c0d13aa0-8b90-bbf5-b5da-af8c22b5284c,0,0.333639,0.242652,0.438969
87a82b3d-86ee-46c3-8472-ac26789267ee,0,0.34239,0.24987,0.448677
641e36fe-0968-aa63-8539-c4c2b3175959,1,0.079499,0.053628,0.116316
aa3a9986-f3b1-33a1-ae60-0ea4c4f6e0dd,0,0.309094,0.227376,0.404796
b88bf85a-4360-84f8-bcfc-46f91c14151e,0,0.114371,0.082174,0.157025
2a447a0b-47b8-5667-d643-8b8ff01678b4,1,0.046642,0.031606,0.068325
c88d68c4-c604-e849-22ef-d68061df22e4,0,0.097843,0.072762,0.130354
abba00db-f625-b163-6d16-284cb0ee34b5,0,0.10202,0.074918,0.137468
fe47a569-a1d8-cbe5-d51f-d78b7edc313b,1,0.078909,0.057911,0.106658
fb545805-0475-b432-d137-d70a5b8bcbdc,1,0.084998,0.060094,0.118918
1317f645-8745-ed3c-9251-92e9520c1e93,0,0.573616,0.465157,0.675428
7479edc7-9ec3-4493-047a-a6060afcc80d,0,0.385933,0.291266,0.490092
4c31a25f-e70b-5216-3e02-7bbe1e173aac,1,0.081068,0.059896,0.108858
0f7e7fe9-06ad-04e7-4600-ec3a17283f32,0,0.327282,0.240159,0.428199
16bc29b5-d3e2-fb32-f9ee-2bcb650e9e24,1,0.060111,0.045577,0.078897
71fcd1ec-463a-01ec-a276-7fc9eafdab68,0,0.547568,0.425018,0.66461
e87e014d-c414-03e6-a694-1796aa18c0c4,1,0.062663,0.045718,0.085327
a8c346c1-7009-9eb3-e39c-f8ed4ed2cdce,1,0.083033,0.052963,0.127872
9d2bef1e-62a5-7f0e-8dda-449c18358677,0,0.316981,0.235633,0.411301
dc7aa7cd-7b0b-e2d7-dfb4-4ca5ab0c731d,0,0.44532,0.33142,0.565269
d9b71f5d-7d8a-5b91-bdfa-512c0c0f48ec,0,0.625624,0.508047,0.730033
b19ec0d5-2bfb-1ecc-8e20-b790c4dc1adf,0,0.215637,0.150097,0.299705
85bc5ee6-65e5-cc1e-dfbb-b52ef2648e0c,0,0.124666,0.089301,0.171401
6802d662-5ba6-6955-ee12-e86e2527e9bc,0,0.159458,0.109749,0.225967
081a4f04-62e6-e9f7-6aca-0e8d9f051b48,0,0.691105,0.615607,0.757613
eefad55c-a606-2bbb-3645-64bc8a5b330a,0,0.454882,0.351839,0.56194
cdd8fd1a-93a7-fa55-c64a-4c97db60dc41,1,0.074784,0.056431,0.098483
3cd0004e-b924-ce42-6606-7cfdc062b42d,0,0.093789,0.067262,0.129328
eaf91806-8222-acd3-1a76-4e8f3a71f4db,0,0.126041,0.091713,0.170801
3e003e62-baae-3aaa-4fe5-b3728d862fe8,0,0.58664,0.481311,0.684597
72e503d9-428a-f6f8-05c8-9ad635a9a384,0,0.500039,0.395834,0.604241
ac3af8b7-d95a-ea62-0af6-45cc8ae4248f,0,0.093789,0.071535,0.122056
b6b88e3c-f987-2926-bf68-f3a75d7406d1,0,0.161717,0.120909,0.212963
c854f0bf-4a79-ae2e-1257-461902314958,0,0.093925,0.073557,0.119207
075ee019-439d-16ca-58fa-ce4f123d0168,0,0.273681,0.197324,0.366109
1d564a20-4632-6891-9d79-1f7d0855ac3b,0,0.097843,0.070598,0.134085
cdb48d73-a720-94c9-d718-96c540888b5f,0,0.229645,0.154121,0.327835
89bddc76-32a7-a837-16e9-30133d9ae893,1,0.064655,0.047938,0.086673
b447dd27-e7ef-604c-f388-00bcdb7a654c,0,0.128685,0.086374,0.187471
238fc2ed-b0b8-4650-5be5-40e7b9026357,0,0.127993,0.08499,0.18828
f93d5fe5-7513-1278-d7e7-d69d7384551b,0,0.093925,0.071544,0.122384
80f2af58-51c0-9453-b179-abb88811029a,0,0.229645,0.171411,0.300489
f1c9174e-8cbe-07a4-ce6f-b656ef92085c,0,0.114033,0.08222,0.156061
9fe7154c-1211-ff7a-2115-7d2dcf2b9305,0,0.180114,0.136313,0.234172
a663b290-97b5-7f69-5626-62175e41b72f,0,0.11479,0.089708,0.145762
c6ac3fc6-6e66-c4de-d81e-5ffb5eab55f7,1,0.06328,0.049378,0.080764
2337d170-c0d2-fc2e-51cd-45a767a6f127,0,0.462582,0.363016,0.565224
dfb8eda6-82b1-0b84-97dd-737586f3acc1,0,0.093925,0.066371,0.131308
21064276-f70b-9b3b-d177-fffbba4b4abd,0,0.089529,0.06514,0.12186
de2330de-28a9-cd8c-0dcb-04fe5ca7c3a1,0,0.397007,0.291053,0.513589
e8983cc6-fdc3-5c7c-a6b3-6fd03acde689,1,0.053149,0.039337,0.07145
959cb43b-5a88-e802-9353-dfc5855ab96f,0,0.333639,0.258392,0.418435
c4e7df86-7645-740d-9c4f-7aa735545385,1,0.06328,0.045494,0.087384
5cf8a6b3-108e-2233-cfde-12c1a6436565,0,0.691105,0.611573,0.760724
e5360e8d-39d3-33ff-fbbb-61085193c9b5,0,0.691105,0.61649,0.756927
2a31bbf0-0fb1-db66-925d-43e33e5f77b9,0,0.093925,0.066576,0.130933
b87b32ad-9221-e4fb-ba9a-f8fde9916f5c,0,0.230554,0.168148,0.307559
b054b4fe-c2b1-f763-fc37-4d7f419f2dde,0,0.136251,0.093565,0.194238
3206ecfd-66d1-4343-71f5-c9249bfe087d,0,0.134801,0.090841,0.195461
23ecf295-0a8d-e581-7a1d-a2e1542dad6f,0,0.554098,0.437307,0.665207
7c424dd1-4f5c-f736-bf7d-987bf565b86f,0,0.628463,0.470533,0.763013
7b511187-eac2-6100-793d-b9a2a961b1e7,0,0.40808,0.338375,0.481691
88bc229f-0775-99b3-6d24-0ae2b92b4f95,0,0.645332,0.517617,0.755223
a5dd4d4b-aa8e-8c3d-32b4-d51feaa7499e,0,0.093925,0.067634,0.129021
6f0552db-4a3e-68b0-25b0-2fb15a886956,0,0.844715,0.779573,0.893242
f9b576ee-19dc-0962-ec9e-48591656ca6c,0,0.182341,0.113152,0.280458
410cfd57-0733-84c6-b151-9bc6bf699f47,1,0.058275,0.043279,0.078043
1f084969-e78c-78fe-d15e-3034d20c39bc,0,0.24411,0.181474,0.319915
37880317-bdfe-4a07-ee28-161427bd373d,0,0.92825,0.901083,0.948383
6ab00822-aaca-96ea-2fde-d8ab0c243354,0,0.534544,0.452127,0.615118
e52f0b4c-f250-7731-7ef5-f02873899fae,0,0.294696,0.225631,0.374672
af62e6b9-b45f-c166-72a4-972dd8702672,0,0.809671,0.654596,0.905205
a498738e-0a33-860a-37d3-68b0259f2170,0,0.248024,0.191972,0.314079
15acea57-1815-392c-2903-b1abcfae5dce,0,0.175074,0.11832,0.251293
198c003b-e5a4-436c-f8e1-6c028c460dd1,0,0.40808,0.313938,0.509488
6bfb30b0-00f1-3e64-747f-18f12be612e1,0,0.280756,0.193116,0.388993
b1518d1c-713e-4227-a9e7-3ad4579a79dd,0,0.534544,0.432364,0.633905
16b148b7-0a02-d9f7-077a-c01c81f8693e,0,0.506533,0.39959,0.612881
0efa1b50-ec41-9c34-1629-ab7add63b526,0,0.144324,0.098595,0.206406
490cc74b-696e-0ba0-994a-16628d55912a,0,0.097843,0.071879,0.131853
638ab5fe-fa79-b7b9-be6c-695c3b492d22,0,0.300259,0.223985,0.389472
308dd727-5715-8179-456f-936ff6c662bd,0,0.333639,0.264708,0.4105
43daa763-9e04-7c4f-1928-fb57deaa355a,0,0.248024,0.194605,0.310454
81a589b5-591b-4400-bc40-3e482d72dd8f,0,0.40808,0.310282,0.513744
786463e4-8408-788e-5ea1-01b5fb3d88b7,0,0.115209,0.088076,0.149332
cf5afc3f-add9-1826-ed15-f69b9c4863d0,0,0.21958,0.148554,0.312115
59cfd9fd-9a9f-f10a-34d1-edec854089ae,0,0.838267,0.78324,0.881439
b3c3e3ea-732e-8d6a-c92a-8ffa50c897e9,0,0.254286,0.2008,0.31638
9c60e750-34cf-1770-46f3-b55370dec79b,0,0.257417,0.203429,0.319978
b5b47115-a6e7-ff37-03c0-5c2689560dc0,0,0.106067,0.076882,0.144596
755036fc-0cfb-3de7-fee8-ce71d504b0c2,0,0.421595,0.348969,0.49778
37c8a1ef-0e62-9055-58ab-8b581e3cb6ef,0,0.237558,0.174429,0.314822
fc54bded-05d4-0e6b-2e65-f05baf54245c,0,0.137236,0.0917,0.200396
97a8782a-1fa9-8b88-ca69-6f59538453ac,0,0.091824,0.069723,0.120027
5423d00a-f7b0-d40b-f23b-275d30b83659,1,0.062663,0.048281,0.080965
033b6981-2c86-d7df-a152-398f6db626df,0,0.339997,0.244785,0.450168
43ac9b2f-dd01-f022-1bea-6ea266075cfc,0,0.691105,0.588485,0.777798
04b7f779-7662-1adf-602a-70bc715cb42d,0,0.293076,0.207225,0.396697
d0631823-a951-fca3-72fe-f3a4ee40eb9c,0,0.868965,0.800946,0.916174
c94f233a-2384-6411-f320-18a45d0517c5,0,0.534544,0.438185,0.628393
e1187156-e2cf-3d79-5f8a-10c4bd1931a8,1,0.087293,0.058939,0.12744
2e6d5aa3-6c61-32c5-c39e-6e39f71ef51b,1,0.076749,0.050897,0.114154
f72a1dda-9260-152d-1111-a477a4ac0abb,0,0.441545,0.326006,0.56378
c3cf6de9-508d-f750-445b-e3d4c949a883,0,0.093888,0.073496,0.119208
a6316c28-fc0a-fd61-f36f-193bc978084c,0,0.314658,0.237639,0.403429
0790a17c-7eb2-467d-b3b0-52f2f27b9340,0,0.560592,0.454009,0.661865
61635874-351a-4e93-7dd7-c4207f2e23e4,0,0.153584,0.109495,0.211216
af8cd075-96e5-3d36-ba7e-0506eaf716cc,0,0.2228,0.165513,0.292955
6823b78b-edfc-7f0e-baea-a79498a852ab,0,0.11712,0.089382,0.152029
69bb8240-71ab-70c9-5064-fa281cda3d62,0,0.11487,0.090107,0.145352
92e9b17f-953e-1fa9-ed56-82418ec48609,0,0.882374,0.818517,0.925799
323570d3-4d6d-a529-60fa-6de58b1d7389,0,0.167363,0.122125,0.225062
4c5b47fc-8413-2eca-dfa8-93753aa671ae,0,0.095783,0.068014,0.133267
cb40e68c-bc7f-1862-fd2f-feb1bda81948,0,0.654424,0.553328,0.743255
1df31d9e-62c7-bbd2-b030-567b28530211,0,0.228381,0.166262,0.305214
d30fb47f-533d-8cb0-2690-09bcc6899b6f,1,0.083131,0.060224,0.113699
5b99a9c5-5b20-b161-1937-ecebc0e52edb,0,0.397007,0.288526,0.516656
3e9a1d4d-64df-36b6-c76f-f55243ec1b02,0,0.103619,0.069421,0.151914
d6fafb15-e503-cb35-119a-ffab4d281f34,0,0.22544,0.154279,0.317117
2290b656-fd87-51eb-849a-a184576aa7a4,0,0.187835,0.129847,0.263867
e2941268-4c21-7c50-ed00-5e9d8f88b536,0,0.23834,0.173468,0.318136
3c7f0be5-a574-2eeb-cbe3-a1ae984947d5,0,0.687217,0.587979,0.771828
4dc43239-fda0-abc9-13cb-7b56f4cb4675,0,0.352712,0.282364,0.430082
19a6843c-af1f-4e2d-7c82-c4d6747bdf9c,0,0.206414,0.157091,0.26633
2663dca9-1f0d-7c68-704e-cafc74bfa55c,0,0.114581,0.088219,0.147545
527b6e91-6588-2d0b-e38d-f54a843dcfe1,0,0.363786,0.259404,0.482789
f60671c1-92e7-2a98-96fd-39860adf385b,0,0.327282,0.255512,0.408158
e2186f4e-d354-c418-cce1-9d90094f1eb0,0,0.193653,0.116187,0.304949
1d536de0-c35a-261b-21b5-737ce8c4abb3,0,0.265549,0.185513,0.364656
a0bd04d4-08bf-685e-612a-94f0a6424558,0,0.093925,0.066924,0.130298
e7d86431-ad89-0c52-c58e-3505a50e9af6,0,0.217162,0.148716,0.305795
1e182013-0b34-8686-4d2f-83b7d24a84fb,0,0.10189,0.073038,0.140413
afc75809-6e02-72f7-574f-bcd7f4276f68,0,0.114242,0.081329,0.158181
75f9e1d0-2791-f85d-8163-2c0ce3d3f645,0,0.362144,0.257916,0.481181
005e85c6-13eb-eac6-d535-64c8fef1e50f,0,0.207922,0.145334,0.288368
5edea9c7-af7d-9f44-43ea-47cd2398d1fc,0,0.368502,0.275255,0.472733
5f73f464-dcb1-1d83-08a7-7fffe39936df,0,0.089665,0.064512,0.123331
91f57926-57d6-8564-f840-73abf09bf330,1,0.058275,0.042986,0.078554
31b4b809-3d7e-8f52-7b96-c59e66bd33a4,0,0.429985,0.317694,0.549974
fd96b2ee-9920-2c08-1edb-7f5a5dec21c6,0,0.141889,0.104954,0.189075
0d2d9bf6-38f7-a703-95af-7ebfd1141bd3,0,0.131894,0.092465,0.184713
89fe91ec-f2e6-30cc-33a4-612f534641ab,0,0.105698,0.078114,0.141528
11e03c8d-0d52-7e18-2303-5064c89a3ca8,0,0.089628,0.064058,0.12405
961e42f5-a9f2-6fe8-1d83-7c973294f713,0,0.231496,0.176451,0.297508
57e67790-d8d1-3218-2dfc-0078f2230e06,1,0.083169,0.058437,0.117066
93162ef6-2c33-79fa-6a0e-01a3ab6e9e72,0,0.093888,0.067942,0.128377
09c84cad-ab02-43ce-6308-00ffeefe6fd5,0,0.288887,0.193886,0.406939
f0fcafe8-e59d-cd8d-c51c-1eaed14c32e8,0,0.40808,0.332719,0.488028
0afbcaa2-a179-334d-b55e-f4e764798169,0,0.691105,0.615224,0.757911
7f694225-3fa4-678c-75d9-48d4244f50a9,0,0.351071,0.255114,0.460792
187b9e63-dead-ac6e-4e3a-5f7d4cfbab70,0,0.491943,0.370127,0.614724
e86bbe9a-c85f-dded-fe3d-d495783d4f1c,0,0.114242,0.080774,0.159176
0f011352-1ceb-f6b5-5509-d4590d1b9923,0,0.339997,0.244251,0.450884
ce22effb-ff12-33f3-ceea-21fbd94c89ef,1,0.067265,0.051181,0.087935
f95c9e48-9e5f-9f7d-b8a1-be003358a61b,0,0.118889,0.079329,0.174441
ce13251a-dcad-0c26-daeb-366a4688e57d,0,0.113774,0.080693,0.158084
ef04aa8c-77a9-06e0-007b-d6a54f00d243,1,0.049849,0.038798,0.063838
2a7a8e60-f291-8931-43b1-7031dff618eb,0,0.162876,0.126018,0.207948
2efbf711-9984-d998-4b7e-06ad92cf0ad0,0,0.230428,0.172047,0.301407
b80f4b5a-13ec-24ec-f55e-adad51840ebe,0,0.089258,0.062013,0.126855
c30c83ee-bda8-d32f-1e68-2aaf422f47ac,0,0.147731,0.100484,0.211959
bbd4edbf-8601-92d8-aade-5e06602aaa37,0,0.106276,0.078207,0.142859
d8dae011-a847-3782-b5ca-ba87d12d0b61,1,0.06328,0.048933,0.081474
9101a9d9-ef7b-4a52-fb4c-d305b1685658,1,0.063898,0.046216,0.087722
80169faf-643b-5548-add4-07379580898b,0,0.617952,0.496843,0.725988
cc337515-28db-3e21-9e15-821ff894d59c,0,0.093925,0.07232,0.121142
b3dfa6f4-d9ca-2e55-28a1-2d8121c686aa,0,0.093752,0.065755,0.131986
dd51f550-a101-d0c4-e56e-cfeb2607c381,0,0.502485,0.381091,0.623587
37f72a97-a0b6-1438-d3ae-05b27cf36645,0,0.227207,0.160007,0.312141
5d4cd97d-04c7-ca03-c84c-11014c77393d,0,0.851163,0.785831,0.899123
32b03ed3-5aa0-adfa-983e-38c9fa374d25,0,0.11868,0.088497,0.157379
e0ae8a5a-486a-8614-e03b-76d6fde4ebcc,0,0.091651,0.066508,0.125027
7652dc27-e188-0089-d0f5-9f246b375f77,0,0.320924,0.240784,0.413221
99ca1976-0d8b-f358-7ca3-08c67c3ca469,0,0.11479,0.088197,0.148099
19c62cee-9cc2-98e9-b52b-816a1df57905,0,0.825822,0.734276,0.890531
6c279226-342d-80a1-01cc-7683795ad130,0,0.639939,0.520691,0.7441
1baf3d29-0732-31f6-8a8c-ffdeb33eac3d,0,0.118261,0.087489,0.157983
5994e863-5f51-521a-b506-d1f381783b86,0,0.333639,0.259804,0.416647
08b89e26-ce19-2863-73dc-b5141243aa2a,0,0.093654,0.065352,0.132475
ccbe6e71-60b8-9977-7bfc-44bd33d86d24,0,0.227836,0.175614,0.290123
ab16eff1-2478-a42f-6e2c-e680bfd0f8e4,0,0.297019,0.220333,0.387142
56737cb7-21c1-027d-e725-d6cdca279b06,0,0.294696,0.212274,0.393148
34662daf-ae16-7449-21e7-1f3957b863b7,0,0.414838,0.31237,0.525243
b395b49b-69df-011d-d549-81cf8e47bfb6,0,0.114371,0.087886,0.147546
127b65ce-5da5-924c-a76b-bbcd601b93d4,0,0.573616,0.438758,0.698349
781db982-87e7-c995-fbca-7973bdf23cd5,0,0.141636,0.098986,0.198613
417b7d63-b66d-4c97-6707-7baab24fd013,0,0.242545,0.17784,0.321585
efe269f5-04c4-9060-843c-99737eea9318,0,0.248024,0.189241,0.317906
57af68e4-e4f2-8c91-3023-b30961901ba8,0,0.444924,0.308075,0.590669
96d93b6c-5f57-d77c-5525-cd8669a92c4c,1,0.054248,0.039707,0.073706
57c9f107-e1af-d0a2-87d7-dec120106253,1,0.049849,0.03844,0.064418
37608d25-262f-872f-23c1-0a19f3e29045,0,0.217162,0.145297,0.311614
47f0e903-a6ba-c019-4e52-dfc65ac2311c,0,0.162876,0.116242,0.223487
dab7f4a0-55f8-0123-54d8-e853aef49402,0,0.114581,0.080858,0.15992
6e0beb59-c7ae-cb2d-569a-012f60eae597,0,0.586596,0.440183,0.719149
8c6fca92-c922-a71b-d153-7b16ebeac5f5,0,0.093925,0.072824,0.120346
c2caaea2-fa9a-fe23-bae2-dbf4223d4c37,0,0.238594,0.169303,0.325145
c226503e-60b6-b3d2-8b27-f6f86c5bb3b0,0,0.21167,0.142181,0.30312
6b1e6d88-6a5d-5e19-5564-3dec6e860a0e,0,0.125005,0.081709,0.186581
a18d8512-a69f-e5a8-904f-645679a7629b,0,0.460071,0.337205,0.58799
87a7c252-3747-45b2-8ac9-4388b98c181f,0,0.534544,0.44775,0.619296
1951ee98-6ad7-8d2d-4f27-e8a6cf05b0da,0,0.314658,0.249112,0.388526
80b584a6-be24-bc57-ea51-06cd0af74bd3,0,0.153584,0.111621,0.207637
df64866f-237a-98c8-07a1-7ce02604af3e,0,0.114451,0.086922,0.149275
dabffd1c-311f-74f0-38d5-3ce24be9effd,0,0.159427,0.122966,0.204182
edb53368-d390-1372-f0fb-8d382025ccad,1,0.050586,0.039395,0.064742
9ae7fe67-c38b-6f64-81d9-130fdf6fa2b1,0,0.971299,7.8e-05,1.0
82e30a71-78d5-1409-69b3-cb8a80f6f5a9,0,0.344713,0.245583,0.459487
df3e8173-ae96-f8e7-0d70-96c452125384,0,0.411459,0.330867,0.497098
f5a54a6a-e71e-b3ba-d1c5-4098687981cc,1,0.083169,0.059063,0.115901
5dcb42dc-b54b-4fa6-b7ec-1c6bf60f3b25,0,0.245676,0.17754,0.329486
3428f847-0951-0878-f6a8-2c458175c052,0,0.165135,0.126956,0.212008
ff3492a5-8177-d974-e73b-027e456e4da4,0,0.755892,0.602607,0.86345
f67cc032-5521-237a-7529-bc0324f125d9,1,0.083267,0.059683,0.11503
f8c18edd-29e5-6392-a6ed-d05011b98643,0,0.474474,0.33904,0.61377
4ee253ab-e4c8-7cb6-1ff9-c824a63b938f,0,0.599664,0.515938,0.677948
1809c535-443e-9e35-c64d-c03c16dae427,0,0.573616,0.429965,0.705834
24a711d0-1de9-07ac-514b-ebf1b0a57fb1,0,0.141626,0.094309,0.20725
2cc3d08b-c572-2101-1ad8-52e522c96481,0,0.320924,0.259695,0.389004
773a392f-a0e4-56a6-334c-202b491cb3bc,0,0.58664,0.478845,0.686726
2b33daa0-8f6c-3b42-4403-3f9ba462b23a,0,0.534544,0.425445,0.640436
d2039263-e9f4-8cf3-5d75-d4a6f516b5a2,1,0.067265,0.050908,0.088389
feccfb85-fd4a-5fa6-99b3-d81f42f18d07,0,0.238886,0.185488,0.301957
27937c10-7bce-afca-b9fd-72860d42d257,0,0.316981,0.232305,0.415805
6352ad5c-e341-04ee-c410-7a216235b031,0,0.813378,0.71622,0.882719
f2ebcc1b-2734-7c9a-ee9a-3ff646ca95e0,0,0.193653,0.125877,0.285983
0099adcf-a963-c7b7-d343-c3d2e31e0ee3,0,0.327282,0.239459,0.429139
0b958157-6552-9c43-6737-982bc9f311af,0,0.40808,0.317428,0.505451
38799a88-6857-3c3e-fd46-2945077ba885,0,0.175074,0.12127,0.246065
e19fc163-7f3d-9481-35f3-ed9a1414e296,0,0.10189,0.072594,0.14121
bc6b79b7-1261-d119-604b-bba7bee57d3e,1,0.058648,0.043852,0.078028
34ea7561-b272-0662-43bd-b26adc603146,0,0.11479,0.089521,0.146047
a574b45b-6cd1-ca92-9f3b-785c2430e1bd,0,0.114002,0.088335,0.145934
7b8aba46-8584-e056-0628-e173d83ebb07,0,0.227291,0.164977,0.304557
72ec97bf-2f7f-8005-e7f8-723e23a4214d,1,0.06328,0.04957,0.080462
c1fe459b-ee86-5b02-555e-f8cfd474117d,0,0.316981,0.248524,0.394398
e83db84f-7877-952b-40dc-af317ff7dd0a,0,0.12993,0.098814,0.169008
334377b9-79d8-d118-c7f4-c07eb0c55dc5,0,0.675096,0.590722,0.749454
d65164e2-cc32-12c4-6b8a-f4b51e1eaecd,0,0.097707,0.070915,0.133171
bdc1804e-fe13-a42b-7568-891028418b5b,0,0.182017,0.124633,0.258034
b780d392-ebfd-ebfd-166d-5182df2179a1,0,0.351071,0.261609,0.452382
5caed595-5451-6dc8-106e-5a8fa42f2a5a,0,0.40808,0.332702,0.488046
95be7738-f006-8971-791f-f1f2b08ed034,0,0.232345,0.179319,0.295407
698a235e-45c1-3baa-07bf-33fa27152de1,0,0.303936,0.223431,0.398561
a3a39601-5968-23d6-bd7c-5abf83bf6412,0,0.241763,0.18953,0.303008
47c316c7-6360-3680-9337-394bb2e3dc9d,0,0.599664,0.489765,0.700374
df218588-7f5f-908f-a43d-a4f083efcc25,1,0.059374,0.044301,0.079151
c2b3645d-ea47-1dc5-4bfd-76414cc06776,1,0.06328,0.049049,0.081288
e825ac88-b529-e155-cf8c-66a988de262f,0,0.248808,0.178748,0.335121
14a506d3-1a0c-4f1c-1430-e93d4b7cd5a3,0,0.691105,0.595036,0.773075
03a2a9ea-f9b9-8bdb-b13c-15c4bb72c4c1,0,0.40808,0.312655,0.510979
21e33651-2199-50b0-db3b-bee3ee38042e,0,0.110065,0.082683,0.145081
699f701f-44d0-017f-6e26-f1ec3d1530e9,0,0.089665,0.064545,0.123273
8087c489-a6d3-a76a-cf29-89bb862b8b96,1,0.072625,0.052783,0.099146
a63097fd-6e57-4fdc-d272-d793d495ee62,0,0.23655,0.175098,0.311427
563f9bd8-d838-bb51-6861-0a9452a12130,0,0.306771,0.222763,0.405914
6cb7fc0d-26ea-2790-63d5-5e27dc859b7d,1,0.075568,0.055215,0.10261
6fc36e5a-c6d9-0b33-fe51-3b251cdbcc72,0,0.40808,0.315294,0.507917
e1a02394-933f-9292-32ac-868abbdb48bf,1,0.066507,0.050824,0.086588
168916e5-6b5b-4140-a570-761446a02645,1,0.075374,0.048711,0.114869
b6bad4f2-8f17-f899-3e59-3c1def2dab54,0,0.327282,0.256817,0.406505
b398b206-07c5-3f4f-bacb-343be9e73fcd,0,0.191781,0.119051,0.294109
5b83a653-3a07-8d6f-2d88-954e2e2cd387,0,0.691105,0.610175,0.761793
d1becb4c-cc9e-8983-edf8-65266667af43,0,0.169256,0.114971,0.242159
0eb5366f-4568-a2ee-9ecc-f0323bce0a70,0,0.444255,0.342763,0.550622
c2834ce3-fee7-7c29-e0a9-ea019fbb07d9,0,0.534544,0.452247,0.615003
a56cb12c-4dfb-22a7-f488-8a7c3d5c4895,1,0.072625,0.052271,0.100068
fd45a764-9d5f-ab08-098d-67736952a59e,0,0.093789,0.067995,0.128025
79a16363-0d5c-5642-7224-a0cfc08ffa98,0,0.239123,0.169652,0.325877
114e4eac-5d16-ab78-66b5-f178137d6e3a,0,0.097972,0.07251,0.131111
b8196e65-2611-0e83-f186-13a4359df887,0,0.427966,0.328506,0.53361
d8d0b61a-c4a8-fdf9-d969-cc54980d1423,0,0.159458,0.113095,0.220111
68a7c1fa-951e-343f-eaf7-f609b82358a7,0,0.614064,0.505286,0.712531
c1386c5c-acda-6b95-fe6d-a0fc7fd197ab,1,0.075568,0.055602,0.10193
5b583890-b42a-7805-ca1b-a1ffef663446,0,0.109955,0.083016,0.14426
4edab7a2-4eba-adec-da7c-bb8e9697bd49,0,0.091824,0.07107,0.117869
a679421a-11c7-4e83-3ae5-3f80675c8910,1,0.075374,0.054202,0.103908
1e487523-479d-3fcf-5722-efe19b2e43ae,1,0.061937,0.047881,0.079773
7ef6cbd6-796a-5f91-2646-378a3f9554ae,0,0.242254,0.185173,0.310231
5017d8f7-8854-dd40-19e8-36387d8ae706,0,0.093925,0.071148,0.123027
872a64da-06f4-f51b-401f-ca4dc2c6b255,1,0.062663,0.04815,0.081178
d301d077-225b-be38-e9c3-0ed71feb40c2,1,0.063898,0.047551,0.08536
85426333-831c-3889-8f46-481343e4e4d4,1,0.073382,0.050231,0.106011
61752fab-9c2c-f9f0-d4a0-5576b500618d,0,0.282376,0.186092,0.403762
008c5619-d7a2-67fc-6461-f7fe36bddf49,1,0.062663,0.048578,0.080486
18a804fa-6c41-9c10-c53a-2d70ec2ab41a,0,0.109985,0.081137,0.147445
b6bc8e86-f1e8-8f1a-bd54-27e84360e1d5,0,0.093925,0.066426,0.131207
84617570-5244-18b6-fe19-6b5fdae62e84,0,0.58664,0.481744,0.684222
83c11426-7eff-a0fe-fa1b-f67fa7eb3f62,0,0.150187,0.109093,0.20323
10e1ffc3-4915-1a9f-9af6-b449c75df7aa,0,0.207922,0.148815,0.282707
1615f963-580d-9eb6-9886-759cb44cfbff,1,0.063898,0.049264,0.082501
cad591fa-16e3-dae1-b69c-1c52105a2689,0,0.204018,0.147482,0.275231
604e2489-9810-be8c-f6c0-132ec43f6176,0,0.825822,0.735839,0.889746
6847ca79-c7dc-a3cb-467a-aa724ef3ed2e,1,0.06328,0.045881,0.086678
f97e3c2c-2f6f-1871-dfa5-09d221dca058,0,0.462394,0.367509,0.560084
d29cdbbc-6d12-24b0-7bea-86f27331dd90,1,0.06328,0.046191,0.086122
fefdc0f5-658e-b071-2c55-b1557fd0820e,0,0.167394,0.121539,0.226097
2523d579-bba8-1ec4-d1ea-54825b8586fe,0,0.170764,0.115656,0.244858
b6b1b210-ddfc-6227-fa3a-feafb96a8abc,0,0.838267,0.78738,0.878849
f925be89-b796-536d-5371-39c59a2cd533,0,0.251155,0.199131,0.311484
744acbe3-3587-5f80-5b88-40852b427daf,0,0.373218,0.263037,0.498343
486583f6-4307-70d0-84b8-f6139e9dc65f,0,0.390649,0.285687,0.506813
14c8806c-152c-1106-3a0d-69fec4fe5924,1,0.062663,0.047557,0.082154
435c3837-c339-77ef-5d5c-1e8813110170,0,0.672817,0.553945,0.772992
b1ad4682-88a4-13cf-a81b-293bc9178430,0,0.149914,0.100835,0.217113
3238a995-c4a0-5119-bb7b-4e33249445fc,0,0.125005,0.082166,0.185661
48e2aeae-12b2-d4c0-2325-69be9b2bd3db,0,0.687217,0.605098,0.759058
4ce3c940-caca-a13b-b5a7-b6276e67a10d,0,0.844715,0.781309,0.892272
b5bcc9d7-6251-c080-90a1-ac39a6ab5a3e,1,0.062663,0.048577,0.080488
9fade823-dfa2-d06b-0e9a-6def96d413c5,0,0.118551,0.089685,0.155124
f4711995-0adc-8dea-3693-cebf3e18300c,0,0.500039,0.371284,0.628789
81f3e981-2743-e6f2-0ab8-eb034e28f19b,1,0.075374,0.053942,0.104382
027a7fe8-4d2d-c62f-eab0-49f3d3b4ef4e,0,0.144175,0.101407,0.200949
3757ad54-3454-8983-f42b-bfe1e8ce3960,0,0.193382,0.131724,0.274768
38fe6d57-354a-9cb9-f9b0-654db0337ffd,0,0.238886,0.172408,0.321053
e07aa412-70ed-6706-0746-584d77ebf8e1,0,0.484431,0.362617,0.608124
16a70881-593b-af8e-f561-c6bce5e0505c,1,0.081658,0.057414,0.114891
14e91c98-0f2c-e72d-8b98-5513077e8e83,0,0.205042,0.142273,0.286262
9ae63cde-1f0e-6624-690e-0795d177a963,0,0.385933,0.301419,0.477932
6fd94163-c4a9-d468-6607-914f5755c8fc,0,0.338355,0.222347,0.477709
a81d9633-834a-74cb-7eae-9cc8a7b6559a,0,0.195723,0.138422,0.269329
a5d8b6d7-8faa-6203-d9a7-cd11844fd7f4,0,0.265549,0.200321,0.342909
da3d954c-a2ea-1a91-f492-4f0669a6d658,0,0.283433,0.189773,0.40047
4ebbdcd0-830d-4bfd-bbb2-4735a6570709,0,0.22544,0.166967,0.297088
2c3003f0-327b-63a9-5253-13c8acd08a22,0,0.547568,0.440688,0.650235
ad108550-231b-a1d6-d284-2fe6c98389c1,0,0.097837,0.070349,0.134511
0a23c818-5bbc-794b-802d-8a12b00e8cfc,1,0.073409,0.052623,0.101525
eda3a6f0-b46d-c279-ba79-3a21c40474c9,1,0.062663,0.047998,0.081425
de84c9f0-ca77-90b6-488a-31ed3960913a,1,0.087429,0.062795,0.120483
cdfb8b24-5d98-7cca-792c-ca8332d7b409,1,0.06589,0.049339,0.087482
197c0ff9-8a5f-b739-4872-bb81d0ed873b,1,0.062663,0.047904,0.081581
47704f7f-6686-d72b-49f9-f9a062299775,0,0.40808,0.334203,0.486359
6d79b234-e95b-a939-02f3-6069d5c3004f,0,0.242545,0.181412,0.316319
ada25df0-e515-9670-4a01-4bb85e0dba05,0,0.514045,0.407952,0.618887
40c73f4a-11bd-17dc-ba02-2f0c8f2235a8,0,0.605007,0.492621,0.707291
b6d291bf-ee7a-3a12-7c3b-29155964e7e5,0,0.49044,0.356665,0.625599
14acba9b-35e9-8ff8-0a1e-8079f5adeaef,0,0.117329,0.081539,0.165989
b1c29690-2620-eacd-6b89-78d37f7f3e82,0,0.612644,0.486078,0.725634
296b669a-6579-de73-8c87-b6e44da14e3c,0,0.118261,0.090938,0.152416
21833831-9349-11fb-df03-5d339e1a9091,0,0.838267,0.785153,0.880252
5f8909fa-5761-44d7-93cc-809522890770,0,0.109597,0.075142,0.157167
0a281ca1-be65-9682-3ea4-2e94b94bb024,0,0.093789,0.066803,0.130156
f85caef1-f0e2-0f29-2d88-84a203fd0e04,0,0.24045,0.186466,0.30422
17b69467-a07c-dc9c-3179-c4921cf439e8,0,0.105938,0.076288,0.145299
ee9d65a2-6c46-58a7-706c-f24b84f98bb4,1,0.049849,0.038883,0.063702
e88206f6-b6a9-604a-f1d6-8bb1d0dd890c,0,0.097972,0.073259,0.129854
1e043975-615e-eb41-6731-39d7c6890077,0,0.110533,0.0829,0.145912
fc2336d9-9c3b-9e08-ca96-d048b641354f,0,0.316981,0.249356,0.393336
5ac8dd76-aea5-6e00-639b-3a83d8344ecd,0,0.40808,0.313476,0.510024
5c752354-fdbb-49aa-dfba-cd0fdad96770,0,0.134528,0.083641,0.209304
ef1be43c-d7e1-e7f5-eb0b-9af82abe0694,0,0.18745,0.116826,0.286899
00659d28-c36a-2056-8cf6-c0f3ef61234a,0,0.204964,0.142114,0.286331
5309ea53-9dae-abfe-1be2-018d0467af7a,0,0.145306,0.105378,0.197031
2262aa24-c3e3-8572-99e2-b2b1744ce679,0,0.418217,0.321608,0.521536
95aeab47-4ad5-60a8-1386-866e28601e5c,0,0.097843,0.067984,0.138862
bbacaa54-aa5d-0c09-a564-b081a54799cf,0,0.659732,0.528927,0.770008
8420983c-f489-c47b-a15d-bc2bd66d9410,1,0.085269,0.055931,0.127913
3c129b93-e2ee-3d74-8ed2-71d121fd9afc,1,0.070633,0.053587,0.09257
418503e9-6d42-9ca1-34c0-41be0d70fd99,0,0.40808,0.328861,0.492383
9c885ad6-22d6-f01b-f2b9-7ee98eb38c29,1,0.06328,0.048524,0.082137
7d5a79b8-2afd-b3a4-dc86-3b72098eb05d,0,0.305151,0.223442,0.401299
fbe2b81f-c408-0011-931e-3dbed888dcfe,0,0.200596,0.143608,0.27299
343ff409-c524-2877-d62e-38b99bb57d34,0,0.110324,0.080265,0.149806
52d00cbb-2392-fd0d-98c5-1f884f658d9a,0,0.514045,0.407399,0.619427
495ffa39-4256-2639-1813-d0e94af1a17c,0,0.373218,0.263319,0.497978
6de1c2fb-98ff-119f-9c18-a1ebfa62d7a1,1,0.087256,0.062481,0.12059
130f1b3a-adeb-2799-3b08-1c9d39599e6c,0,0.093789,0.070733,0.123363
5bac0fcc-a1e1-bc61-d364-195499ad31b1,0,0.227132,0.176799,0.286801
a371666e-0cad-9b64-d4d2-9bb0c82bc5bb,0,0.118341,0.086383,0.160052
b21173c0-ebe1-dd17-e2be-bb0626ee518e,0,0.320924,0.256077,0.393506
ba937f80-a60d-44f1-fe02-cf6cd03f7b84,0,0.281813,0.205843,0.372664
4edb9757-275e-6c2f-0f2f-a577de1db2f7,0,0.093925,0.066842,0.130447
6d4c92bf-4427-28c8-4597-0b81379e5854,0,0.351071,0.236423,0.485933
c7eb8c68-c5b9-aa33-ffd7-5e6fcaa540a9,0,0.698044,0.614,0.770625
ae8d700b-cd56-c5d5-c438-b89df4e91ede,0,0.153584,0.114252,0.203349
cbdfcf67-91f3-33ff-5583-eaed4a6a1124,0,0.414838,0.330644,0.504318
aa8d86f7-d1ea-bd75-7553-b83e7d684e39,0,0.333639,0.247488,0.432543
aad8bd97-19c0-76ef-c7f4-afd1fc0c33f3,1,0.049849,0.038017,0.065115
829b492e-d06d-5b66-2992-60feed24aada,1,0.061211,0.047802,0.078072
e6494b39-be1a-5a26-5e10-a734d0c3c55f,0,0.368502,0.244743,0.512385
9a4e814b-ec68-c97d-f7ca-8172b50e21dc,0,0.434033,0.311742,0.564922
2bf46904-72d7-51ef-a3c2-90f08e3e3f1c,0,0.202228,0.153231,0.262044
e04a02aa-5e6c-b2a6-fb6a-4338452e0197,0,0.187835,0.129986,0.263628
b5e0b21e-52a1-accd-ccf5-6b4ed9a62d71,1,0.075374,0.053191,0.105776
8c73f265-26c8-536e-2464-03d2ffe7a7c6,0,0.230713,0.181555,0.28849
500cbb5d-3cb0-9f85-67a3-5f72f1ca807e,0,0.163914,0.120212,0.21954
0d51f488-de8f-3836-82aa-9fb83f3aa550,0,0.175064,0.119843,0.248545
57c913b7-abb3-cfbc-7287-043e01f97d8b,0,0.573616,0.426413,0.708837
0447d665-438c-ebb4-5a7a-65e9d3cba736,1,0.0601,0.045071,0.079722
6c3cf436-cf26-cf7c-08fe-59cedb5288c2,0,0.093789,0.072322,0.120799
a2f3017a-2616-39ba-da1b-aa826f8e530f,1,0.085485,0.065644,0.110613
0deda511-fecb-d2c0-2fa7-064582debd86,0,0.324958,0.252017,0.40751
e6c2e62c-8b1e-4f64-9992-57f1c525f9c4,0,0.093789,0.072816,0.120021
2de2409d-bd54-68a5-6635-df651937ab0d,0,0.162845,0.115883,0.224015
2443ef29-bb26-9eab-72df-4fac2fa8eb78,0,0.40808,0.331773,0.489093
ef56e581-596d-8352-fc9b-bd783be995cc,0,0.093752,0.073664,0.118616
bd8372ed-99d2-8639-d328-ca534b6c804b,0,0.560592,0.451602,0.664036
3ca8769f-d7d4-5e44-f1ea-e7c1f4b4f856,0,0.639939,0.4897,0.766993
dac9228b-b99a-99e0-5ce2-b00d86621623,0,0.276812,0.193137,0.37968
b1bc84e7-2f65-7272-b468-23b07575c8e3,0,0.691105,0.611529,0.760758
55767b85-4bf5-03d1-3961-c100e494ed56,0,0.26868,0.193245,0.360407
cda69728-4508-d6a7-bb10-0ae9c126898e,1,0.082852,0.051441,0.130797
9384ab1a-0791-c28e-cea6-ed0612781e31,0,0.320924,0.238264,0.416578
2261cba2-926e-f494-5b1e-09fb8ea5df51,0,0.242545,0.190679,0.303234
74aae046-1cfa-4355-e529-f170f2a83479,0,0.40808,0.31506,0.508188
b211f36c-e2d9-8438-706d-1c2a70417c74,0,0.40808,0.313324,0.510201
e2d556ed-63c5-864e-2001-8afc26730535,0,0.093925,0.06761,0.129065
fbc58b64-ebff-34e1-935d-0bad15261abb,0,0.248024,0.195758,0.308884
49aa5dac-1090-d620-6e83-d56e10be0809,0,0.11479,0.08731,0.149502
6a951282-ca7e-9d81-6dea-3aebf1ae8b9f,0,0.520539,0.413971,0.625269
eeb81b20-a955-18fa-c165-35bb298c6882,0,0.12236,0.083478,0.175877
cac58693-728a-7b26-ad94-5b36bba695c3,0,0.320924,0.250661,0.400359
abc19cc6-971f-f446-4863-157eb2ac9b70,0,0.181167,0.126079,0.253346
c74ff924-260a-108b-98a1-b115bb853ef6,0,0.124732,0.076227,0.197502
9ec3070b-f0c5-1e69-e5bb-7a8faadd1c9f,0,0.228381,0.16278,0.310611
4d5d6db0-a070-d065-33d9-e57174718927,0,0.838267,0.782786,0.881718
5d08f83f-1c79-a642-48c3-e881e17acb6d,0,0.919075,0.874061,0.94894
fea5e184-63c0-71fb-8a77-b7f542dd278d,0,0.222018,0.15125,0.313661
6a3d9c97-adf9-a4e8-0cc0-765e91369cab,1,0.049849,0.036204,0.068272
9ed356d1-14bb-f60e-02b8-a4e73630c474,0,0.114033,0.08146,0.157398
1010dd92-fd41-635d-e16b-5e4e081aec12,0,0.92825,0.90051,0.948696
d3de17ac-a33b-0985-4ff3-395436ea7f85,0,0.169256,0.125641,0.224131
b7e9b3b1-d3c5-e7ae-7f4a-ad6acbc0fc46,0,0.547568,0.444474,0.646737
4ed3df46-855c-9ce3-e326-761275bf2f75,0,0.374859,0.28806,0.470528
a8c9ea97-19f4-390e-6dbc-ebf6ce11e7ed,0,0.23289,0.170384,0.309765
4d2060c8-70b7-f24b-79dd-c99f50038209,0,0.195913,0.122431,0.298496
e0544968-6d6c-e820-59ac-44b79cd006fc,0,0.454269,0.300295,0.617515
a3be1558-8cb2-7e82-df30-dac16a4ef82b,0,0.9426,0.000619,0.999998
c4649b2e-90f3-1c32-99dc-a658df7f3db2,1,0.065273,0.045724,0.092371
f5aef5fd-11ca-dd73-3509-426447f57e3b,0,0.293076,0.225801,0.370795
c75ab4cd-402e-ea31-7953-57017f4e04c1,1,0.063929,0.048358,0.084072
e57b59d2-c7c6-7839-b34f-faeb7a9e8fce,0,0.58664,0.48425,0.68205
5566229b-fd1c-d027-72b9-9cd5a6263613,0,0.547568,0.428016,0.661873
7a0b7702-0a88-166d-c3a5-913f2ca998d2,0,0.320924,0.236347,0.419155
f6161c19-dbfc-1594-3bef-84b554ca0cd0,0,0.169256,0.126997,0.222001
12dad219-a54e-164a-99c9-0e1f80c0007d,0,0.514045,0.380979,0.645149
63cc90e2-e4e6-5f70-8889-38508fdec748,1,0.051685,0.038953,0.068284
9e92ff62-e2b0-c9ca-5a27-dde817700efd,0,0.11847,0.089693,0.15491
b323b389-bbda-9ba0-f378-966e5c223349,0,0.304448,0.226486,0.395523
b85bc781-23af-01a0-a957-9ec169182bc7,0,0.243328,0.181605,0.31788
4bad90e6-b079-c522-6d64-5fc58fbb3631,0,0.140644,0.089662,0.213805
97a03712-de43-2cb2-fa04-da2a1df7eb33,0,0.320924,0.238306,0.416522
ea701a32-a0af-541a-e224-7e25146d6fba,0,0.192323,0.126664,0.281062
8377bc30-e738-d3b1-69c1-3675defb64c4,0,0.093518,0.071935,0.120736
75e41042-ed72-c8cb-56a9-078105f4c129,0,0.147752,0.097846,0.21699
e6daf9c8-f133-162e-518c-98464eec14b9,0,0.801612,0.652466,0.896868
c5e3070a-cde0-0028-3f62-319cbdae570a,0,0.187835,0.133403,0.257868
4c304453-b351-0874-2425-855819582a40,0,0.691105,0.616543,0.756886
f42f5edf-df11-665d-58da-f5fe0bf47186,0,0.114581,0.086974,0.149515
a8d2252a-7ec6-a6ce-243d-b7ac3421d74f,0,0.691105,0.611756,0.760584
d15fb389-ca36-41b1-5d13-01f7e2b06828,0,0.351071,0.239186,0.482126
af7b39c7-86f8-5169-8f4b-e5f907474eed,0,0.091418,0.065509,0.12619
5de4d1e5-4a76-68a1-7f7c-27b90d727e4f,0,0.210884,0.14121,0.302814
31ffe989-4c7a-c2c4-1bc3-a3b2ea0d02cd,1,0.07125,0.054881,0.092026
5cd02b2b-a1d2-e5e6-9492-778eaee35aaf,0,0.838267,0.785257,0.880187
e3b4622d-371c-8138-85e3-1149ff261df6,0,0.247241,0.184506,0.322862
f441439b-e8a2-d4ca-3a69-e8b8ed0e5402,0,0.320924,0.256785,0.392621
1bc76d0f-d5b5-fe11-f1c0-fbb5adb8cf87,0,0.316981,0.250969,0.391285
0eb2364c-df37-5f4f-2c69-7449a3109a23,1,0.065132,0.046017,0.091426
3b09345a-1402-66f5-ac55-c5a95c3ed810,0,0.297019,0.223773,0.382429
d15d0e27-c796-ac1e-63c9-7cb535b8cfc3,0,0.547568,0.443731,0.647424
d5c3b9c7-645e-44a5-c7ac-b6859fdf09e2,0,0.411459,0.330671,0.49732
115f8a7a-88e8-a75e-4683-c4220bde5b4d,0,0.24959,0.185053,0.327587
d5ec799f-6b76-e314-9817-21a08b5067b6,1,0.057921,0.043933,0.076009
9be26a83-7922-27dc-31e8-25022ff8a245,0,0.316811,0.252527,0.388944
b8edb5a3-a5c4-a63a-15d2-4d3e7738093b,0,0.728313,0.621856,0.813774
84c733d1-9b54-34b0-e538-83950b6bfc1f,0,0.093925,0.066859,0.130416
494dbf3c-2ec3-1a2c-1cc2-6b58934eec85,0,0.247241,0.180837,0.328259
a897e166-f5ec-e982-3338-fd239dc8e142,0,0.560592,0.419843,0.692227
89ee782b-904a-46d0-97ff-9a495d7a05d6,0,0.309094,0.242675,0.384463
22699395-2f2f-96e9-8596-2fef87d70fc8,0,0.18923,0.13152,0.264549
eaaf5ab5-f21a-ad3d-d408-14dd8a994c9d,0,0.276812,0.193727,0.37879
e331bc1a-a05b-434c-26c1-685e5f2a630a,0,0.113903,0.088194,0.145908
45f535b6-1f3a-f0ba-ba5b-a62669599545,0,0.093654,0.071098,0.122422
10ae0396-4e40-16ec-3840-b176fcc8346c,1,0.083169,0.059187,0.115672
703dc054-1700-32a2-26a0-a6ac7f696cd5,0,0.281813,0.202745,0.37713
2049d45a-f036-791a-d9f3-37ec7dea3b58,0,0.346354,0.252051,0.454501
948ea440-c61d-bc71-8354-b3b7de9a5179,0,0.15603,0.116448,0.20593
31df4629-50ba-6d1d-ca3f-0a406c81b473,0,0.177031,0.130046,0.23638
c6b9ec1d-3fbb-2894-bd25-4191fd2583c6,0,0.685797,0.603481,0.757881
f1cc81cc-53b6-9756-1764-ad2d66bdafac,0,0.113922,0.084621,0.151689
69ae235c-0e99-f51c-867e-23dcc452d533,0,0.331316,0.253578,0.419492
132f2099-dc41-fa12-92a6-c52a0812f4b9,0,0.61256,0.484767,0.726536
7bd4af97-1012-7b08-2fdb-d527ab9de623,0,0.093752,0.073194,0.11934
5308346d-99f0-9fa3-898b-be536cde6d73,0,0.205066,0.141111,0.288278
bdca9b0c-5c68-f9bb-fd08-a7dc9706340a,0,0.093789,0.073649,0.118731
effc4b78-65fa-e8e3-f15d-a81d96e1e6ba,0,0.243328,0.176928,0.324813
fd0ec99f-2b83-5a4c-431d-e0a7e635ba6b,0,0.093789,0.068185,0.12769
5dde8e21-4c17-9c0b-6a44-0fad7bc574c8,0,0.157002,0.109158,0.220623
6cc13122-0d9d-79b8-9c0a-b12a3dcf35cb,0,0.24098,0.186919,0.304815
02787860-76d5-c037-f58e-1020015324b3,0,0.251155,0.181881,0.335978
50624464-4dca-e172-95a1-ed8f37d6965d,0,0.59962,0.477871,0.710197
a72b760b-bbc1-4e91-9767-dbb3606b880f,1,0.061937,0.046356,0.082302
858d2354-ce1f-fd2e-a28a-81435f9792bf,0,0.114242,0.082061,0.156886
3b401855-5b4c-4b1f-f5a5-6c9a4e2e609a,0,0.560592,0.417759,0.694048
b5ace0bc-1740-9094-ef92-26a0352798f2,0,0.286564,0.217782,0.366881
090a8b49-c821-0818-7a04-0c6a5fd71856,0,0.333639,0.257939,0.419011
8a7674c5-71ba-4bd9-7ea9-ddb939018258,0,0.477728,0.349566,0.608891
c3c7f344-09a3-a897-1336-0b791d98773f,0,0.617952,0.501026,0.722647
b8ed6ff2-f85f-dd7d-d24c-1f94e940e09c,0,0.868965,0.796756,0.918155
dc700367-8295-a774-03a0-0c592bc7df0d,0,0.599664,0.494635,0.696269
3e7df82c-e164-6206-7ace-38c4829672c5,0,0.411459,0.339554,0.487354
fce362c3-48c7-2d58-7edb-763c22f6f3ea,0,0.091651,0.065258,0.127266
f339ad97-24ab-990f-caa4-ad104751e0fb,0,0.097843,0.074032,0.128252
437d1d43-4f78-cabe-a91a-9c0e87c1dcd3,0,0.698044,0.615548,0.769468
af4ecfd4-4317-eed7-7012-a0f12f08e703,0,0.276812,0.205655,0.361389
f1b5ae0e-ba0d-0480-dd0d-2a167a4e9fff,0,0.320924,0.24192,0.411716
eba46653-3f94-5961-72ac-d2fb13c36ba3,0,0.165838,0.119651,0.225292
db6474f9-7db6-e85f-a8e1-22bad7bbd6c5,0,0.10189,0.072228,0.141871
14627812-9996-c859-4a35-90f426ad1a52,0,0.534544,0.428015,0.638014
a5f66ab7-b74a-29e9-1d12-a456d6963ee5,0,0.110952,0.080333,0.151321
d0bf67ba-742c-206c-60ff-75e075e8bed7,0,0.534544,0.449962,0.617186
99503b8a-971f-36d1-2e38-0eccf380639e,0,0.247241,0.18184,0.32677
14c50018-70fc-c1e2-a112-6f5417d0a68e,1,0.0601,0.044328,0.081009
274c152d-f87d-778b-e360-766c041f156e,0,0.685797,0.57887,0.776077
50ad1dec-d1a6-b640-50e8-40b001992570,0,0.218515,0.142005,0.320831
a192786f-642f-942c-8e4b-550211b86e60,0,0.244892,0.191631,0.307329
d5cff925-1d0d-cca8-0b84-66e1246d63a4,0,0.411459,0.33102,0.496925
b1d974c2-aeb4-378b-0664-7335a5851174,0,0.114581,0.081444,0.158868
2cc5e465-3866-8ec2-fa5a-a4157cc94b6f,1,0.085463,0.062285,0.116199
9ae447e3-4d42-6912-736d-be636e074d55,0,0.232041,0.177688,0.297014
da5a4033-2c08-2a54-21c0-527efcc90935,0,0.679439,0.594492,0.753957
14c59f3a-1dcd-01e8-053c-483a3ec684d4,1,0.076848,0.051664,0.112846
2d3b98a2-323b-3c96-1a2a-9f7211130eb5,1,0.0601,0.044805,0.080179
0e472cce-acf7-1371-1edb-542f4468b738,0,0.573616,0.431471,0.704557
1d20011c-2c5d-30da-59e1-de7c219517d5,0,0.40808,0.329376,0.4918
2a425a15-bcfb-ee56-48f7-1b0e0859503f,1,0.083304,0.05386,0.126689
6451a677-e753-91ef-6f84-eac8a2accf46,0,0.293076,0.209391,0.393557
2f7df9b4-73f0-3a88-6a33-8edc7e4ec9a8,0,0.097843,0.072542,0.130725
abee7432-c8ce-47ec-5b21-999105863550,0,0.293076,0.211427,0.390637
b9c21e96-d71b-6f22-e356-a6d8cdc0a592,0,0.097733,0.07234,0.130781
463841c7-d493-21c6-40c7-ed55e5b7d13c,0,0.196475,0.135921,0.275408
0c0224e6-90f0-57bf-ffc5-6797062d42ad,1,0.081068,0.058215,0.111826
56a75094-d75f-d011-d429-5dc772e66cf8,0,0.851163,0.783008,0.900628
a3914ccb-c4c7-90fc-722a-34ff8de4dc52,0,0.114113,0.085724,0.150356
4d5d8d35-c790-6d3c-013f-096dfa070c38,1,0.066648,0.050192,0.088
083a2e86-822b-3174-727c-91fe22f5f018,0,0.276812,0.2095,0.356012
26cad85f-afaa-8d4e-e890-3174ccc4b2dd,0,0.150167,0.102921,0.213927
1ba36ff4-3cd9-3be9-4145-cf951477335e,0,0.599664,0.51662,0.677352
4a2d9d8e-14c5-8c9a-7d59-f34d4cc02b96,0,0.40808,0.334683,0.48582
95f4d5ab-4919-3338-940e-ffdae20e5e8b,0,0.687217,0.586492,0.772906
647b0a0a-4318-caeb-c798-01d57440f3fe,0,0.213711,0.136025,0.319363
7c4d395e-c698-f231-b2a9-d2a15091e5c2,1,0.071417,0.050811,0.099502
2ae13150-07af-a562-32d3-5e1ef13c2d52,0,0.089628,0.066192,0.120291
b5987d72-9d92-862a-62ce-03f02dfb24b8,0,0.654339,0.520143,0.767763
1165282b-42d7-0c2f-1d12-b3909ba0fb7d,0,0.206414,0.14051,0.292703
26556d17-00a1-cad0-673d-aabfa72c7779,0,0.230713,0.168505,0.307398
fc099ad4-ab45-dccf-d4f3-d7d7b76259a4,1,0.059374,0.040191,0.086885
dbbc67a5-a5d1-b56e-cf6d-799c3617238e,0,0.243328,0.178424,0.322571
73a89ad0-1aea-0129-f804-cedd1ec95f04,0,0.097843,0.069791,0.135527
611622b5-ef6f-ffd1-5e72-f00374e23706,0,0.281813,0.206841,0.37124
aab64cae-a6bc-a7fb-735a-3915cc123ed9,0,0.40808,0.328525,0.492763
2e5be6f5-3dc8-c041-7c42-4da10c95785c,0,0.344713,0.232432,0.477491
3a23a6d8-1958-ce7f-9eb0-177357ecf816,0,0.683328,0.583829,0.768473
5572387d-307f-b0ed-db0e-e2f004de6d1f,0,0.117329,0.082656,0.163948
205b9a3c-baa6-0618-2601-ec98841e9f0c,0,0.186677,0.128075,0.263974
8f837794-479b-94d1-684e-30b6b53171ef,0,0.61256,0.482859,0.728051
02a7a345-341c-cb16-491b-ab8c6285f6ad,0,0.91702,0.863401,0.950792
44e8412c-1953-908f-c2ee-cc7d1e6c2a60,0,0.300259,0.209153,0.410454
d811a4a4-1aad-fef4-9898-7875546fac1d,0,0.300963,0.228277,0.385239
52c2666c-97e3-f863-4f10-90cbea4f9ca8,0,0.132366,0.090987,0.188656
cdd0168f-efb6-1fb0-87fe-01bd2e416591,0,0.200579,0.140227,0.278491
97cb2d2f-6307-386c-5f6b-fd61f277e8ac,1,0.06589,0.049399,0.08738
de522a77-fbc8-fa48-ca77-325b08359a1e,0,0.320924,0.256556,0.392907
b42f9e09-a3ea-aefd-8adb-063224fbebaa,1,0.062663,0.04805,0.08134
aa4bac64-4f92-0116-61e7-6f73d6191a7d,0,0.265549,0.186173,0.363646
bc8b5cba-a4ba-63d8-18f6-812c27428c18,0,0.691105,0.61303,0.759605
47f21089-0e7c-e07e-f5dc-40f15f959468,0,0.477444,0.36844,0.58864
ef3dab06-4b24-2315-6f7a-03c4ef2e2288,1,0.081068,0.058884,0.110627
5a2903d8-ec4c-c9a6-0bd1-e54b1d58353e,0,0.534544,0.431797,0.634442
904ffe78-c621-bc0a-71dd-9261fa592d57,1,0.087429,0.056106,0.13376
0cdc5c17-08bf-8b9a-172b-64349d41de85,0,0.298639,0.223589,0.386346
2be837d2-d1f4-b5c6-7b91-268ff39daf26,0,0.118341,0.087138,0.158774
9984b12c-af9e-6d98-aed5-110b5f2511d6,0,0.385933,0.271719,0.514256
3c44268f-5114-c382-b9d8-899151000eaf,0,0.704386,0.601778,0.789791
3d4b9d49-44af-30f0-9fc3-660b44dbea29,0,0.153322,0.105086,0.218297
69dfd07f-7627-9e87-7f03-eb085b66276e,1,0.061937,0.048439,0.078884
d11fb05e-8695-8b30-5ca7-4c2d76f41e8e,0,0.167342,0.117109,0.233426
4308207d-c6fe-1f70-9806-0ba256293d58,1,0.062663,0.048466,0.080666
a0d3f3db-613f-fd33-ea2f-7d3b086a47b4,0,0.123747,0.080166,0.186224
ae635637-e61f-e37e-1b17-fa4a51136fb2,0,0.128412,0.083164,0.193094
6a8d7eb0-d7ea-9c65-0e4c-fb564b305fc4,0,0.182383,0.140501,0.23336
8b3256cc-84fe-e8b6-6884-494e24d371a1,1,0.069257,0.048408,0.098161
c97fd706-f90d-741f-9631-7a6d79bc9616,1,0.049849,0.03628,0.068134
4162a8b0-de13-e93e-28b6-633232acaf45,0,0.144061,0.100066,0.203035
4fe5c9d7-c666-f47e-5f87-d792f901641d,0,0.114113,0.08848,0.145982
1ca5b318-e6f6-f03b-7bd4-ec055b933116,0,0.691105,0.587721,0.778342
07ebad35-4c0e-8fe3-1b35-78292690e6c2,1,0.069257,0.05298,0.090061
d5b23f07-1229-23a4-655c-5ef8b8354f3a,0,0.383936,0.290059,0.487339
4c52a276-da12-4a3b-ba58-9b16dee9136d,0,0.40808,0.313517,0.509978
9127c107-3106-b401-2ebc-826c355d9161,0,0.691105,0.594348,0.773575
0410cdfe-4b9a-99fe-a82e-0c1dc629d3a5,0,0.772044,0.593627,0.887034
0be0036d-c7bd-08da-f14d-c7a23791a4a8,0,0.521556,0.40622,0.63464
3643e167-e38a-c255-8514-9a5685a1ee42,0,0.109856,0.080245,0.148627
052044ee-76eb-3fe8-bdc7-0d54c5280e6b,0,0.091689,0.064603,0.12857
9c745095-d41a-8244-7a84-385a5ab22ae1,0,0.290782,0.209321,0.388374
bf59521d-9c24-1bb8-66e2-3358e31c1438,0,0.219407,0.137934,0.33055
a8021581-6c61-bc99-cc64-489d12db29d4,0,0.838267,0.769464,0.889484
7cacb9b6-bb06-a98e-9d25-05f932f3de6d,0,0.122942,0.091096,0.163915
cfea682b-5b54-ae1e-b78c-21bc019419bc,0,0.273681,0.188065,0.380031
1beee776-ccf0-97fa-32ac-6adc804a21ed,0,0.093888,0.068063,0.128163
d28c73f2-7774-834c-40ac-03e3ecb61fed,0,0.175637,0.118421,0.252577
67fd947e-2176-00c9-e830-e09bcaa68481,0,0.27055,0.19694,0.359361
bccb7d22-cf62-674b-3f27-8f698e891f2c,0,0.314658,0.233018,0.409624
a95cbdb5-fd2f-2037-5ee4-354dca03bc7b,0,0.113774,0.088418,0.145243
088c0d1c-de4c-a5a2-34cc-882d981eebb8,0,0.105938,0.077437,0.143298
539c054a-5f51-25df-ccf7-77ca293f6a55,0,0.166153,0.118438,0.228117
35e47821-4a10-d098-56ac-5de7d3b51ce5,0,0.134528,0.08758,0.201096
f9255013-e8d8-e6a2-5cbe-9a35dec9c557,0,0.425069,0.312292,0.546225
931b557b-0576-379f-f919-fdb605f39419,0,0.390649,0.28961,0.502027
175ec994-6658-637f-d9a4-3d6e6e8bf336,0,0.144061,0.09709,0.208509
5af00ad8-43a8-0f96-0e99-320f5dc8d59a,0,0.316278,0.244714,0.397749
b548a56e-b6d9-c229-4788-7e80b2a6591f,0,0.573616,0.460483,0.679536
2fcdecac-5c29-4fed-53b3-8ab973b5c450,0,0.153584,0.105112,0.21894
0ee91d5f-c243-a698-57cf-4b6d685bdcd6,0,0.305151,0.24539,0.372286
6aaa2eb5-9550-4d61-4ddb-7fe0b76c0f30,1,0.07551,0.049304,0.113975
500c98bd-00d3-8519-702d-7186c53e08ce,0,0.257417,0.185002,0.34614
eb5f39f9-7b0a-ed3b-931b-9ccf42e55af5,1,0.063898,0.049551,0.082039
04b50eda-6186-2966-1386-304e02514fb8,0,0.320924,0.242867,0.410468
9b8954bc-a52e-e708-36de-4f6549237f75,0,0.162876,0.116714,0.222692
ceeef6fa-f8cf-f789-0f56-f86ed1e79e04,1,0.062663,0.048793,0.080144
bb3e4595-d931-714f-b69c-cacc28a62ae5,0,0.320924,0.245209,0.4074
17744155-451e-7d71-cdf3-1da9e7fbaa25,0,0.097843,0.066833,0.141066
4aab07c0-5034-cb9d-3d1b-2f51898a8074,0,0.691105,0.590496,0.776358
03b42f99-ed8c-e1bd-23f2-7f3fd2213f70,0,0.159427,0.122457,0.204951
79602aa1-e999-8014-6978-309697362f85,0,0.212232,0.146843,0.296616
f91d6591-dc36-1649-b98f-5ba2c108a3bc,0,0.316278,0.250736,0.390033
105da00e-7ac7-b7a1-fb54-e520870e9a91,0,0.313038,0.232783,0.406308
8e448f3b-3abb-889c-61bf-c23d554737df,0,0.153584,0.105573,0.218106
ceb61c2f-5d90-ef75-5209-9f83b74d37c3,0,0.411459,0.333426,0.494214
2a7c94bb-fb62-4034-022a-c3ac933a53d5,0,0.251155,0.197495,0.313695
517525b2-bf49-b604-b2cf-9d65fcb545e9,0,0.534544,0.452913,0.614367
bfac2e2b-eecd-340b-9bd7-c9bf25643741,0,0.368502,0.267655,0.482321
f85b7589-55e3-e94f-2095-78f1d4bef01a,0,0.333639,0.259853,0.416585
1c9aea02-d4fc-269c-5bd9-f7ff42023992,0,0.237558,0.171709,0.318937
9b96748b-ec33-0140-f8a9-cf07718bd885,0,0.276812,0.193376,0.37932
e8fa4679-e9ad-9351-a208-5a1fac01e282,0,0.118341,0.087311,0.158485
2017ab0d-9d4c-ab42-fe61-f94c2e472d5a,0,0.250372,0.19339,0.317535
a73654f1-52c1-b380-0961-7ae7bd8ea302,1,0.061937,0.048297,0.079109
b19da0e9-6948-3294-3f22-8593aefcd755,0,0.414838,0.332395,0.502343
0601371f-7cee-2c11-462d-5943c041f13d,0,0.276812,0.195067,0.376779
df822f04-6aa4-0d35-45e6-d40380d0b620,1,0.055712,0.041302,0.074757
120c19fd-84ba-2745-8a17-d3ad7f900cd1,1,0.067882,0.05207,0.08805
09b920f7-363a-4113-12d5-bad42452829e,0,0.643828,0.48385,0.777068
8a797a47-b451-10bd-6a4b-ebd665758076,1,0.049849,0.038877,0.063712
b46cbd3d-a84f-57b8-aa80-7f0c55a9c26b,0,0.999999,0.999998,0.999999
95d98d97-ad2a-aef5-63f8-9807a811ceb6,0,0.825822,0.743225,0.885928
7a94d49e-2381-9854-eed8-a6adca6ff4e7,0,0.091824,0.070638,0.118554
305001ee-0a63-ea32-65f0-035496702e9b,0,0.362144,0.256649,0.482837
1b3cce6b-969c-b68c-258b-355354e1f3ff,0,0.646752,0.484499,0.781017
a39f4776-6ae0-e63a-c988-706b8ea7fa34,1,0.061937,0.047791,0.079918
6d7eaa84-54e3-9555-8fca-df63731591a3,0,0.09385,0.071488,0.122287
4edf4a8b-b7bd-37ca-7f35-160275a10293,1,0.051685,0.039298,0.067702
e752911d-7dd8-30ce-bc72-39f7b604e656,0,0.10189,0.074166,0.138429
95c3c187-c948-028e-dceb-56bc9c53aec8,0,0.26868,0.187428,0.369154
d1286f3a-53e9-c56f-8115-06d472c92dc9,0,0.109616,0.081311,0.146207
3fa1f522-e843-0e62-db6b-5568af342922,0,0.196475,0.133063,0.280334
64cfb44f-296a-3e05-ff85-5ef9194a2565,0,0.40808,0.311896,0.511863
d7b7a246-84d9-9c1e-ca4b-4a5b8f7cd516,0,0.428448,0.338711,0.523151
13f469cc-8cce-018b-7ee6-8a17a698a50b,0,0.091282,0.069884,0.118398
b0c697b2-38fc-9b28-fc79-66ea4e6518c8,0,0.40808,0.331363,0.489555
2747db77-d7bf-4fc8-49d2-0f43bd801354,0,0.250372,0.193706,0.317097
06f2939f-3f56-3072-e9d7-3e14c37de9ee,0,0.207359,0.149934,0.279546
3fb4bd5c-dc87-1a51-658b-0a38655f9816,0,0.26868,0.191322,0.363267
cc273360-544e-c000-d043-7ba1bc417e2e,0,0.465028,0.322808,0.613171
6a619de5-76df-f6b0-bc91-f183528a3e2b,0,0.560592,0.442819,0.671915
95659cc3-1deb-61bc-46a2-5d4ef9c803a0,0,0.687217,0.590765,0.769794
c2f1fed1-ee6b-5b64-ce05-28a029cf1ab5,0,0.496396,0.386727,0.606413
ad5beab5-ac62-7fe4-d3cc-654cac2c333f,0,0.138481,0.106664,0.1779
decf2909-d866-325e-0b60-fa32aa47e1a9,0,0.248024,0.178806,0.333165
babd5d62-1086-d2d9-9de0-bf8159deafb3,0,0.162876,0.117903,0.220711
cf4baad8-e281-eda1-ea97-4268dbb0ee34,0,0.093654,0.071528,0.121726
8ce56218-293a-b46d-03af-d434f1783b51,0,0.534544,0.451011,0.616185
fe3371ea-324d-1433-8309-b53f3cab86f2,0,0.625624,0.482293,0.749854
1382a45f-0337-75c6-76fa-100144b77f16,0,0.167363,0.124571,0.221142
23d65607-18c6-e703-ed4f-7d1619c6d5c8,0,0.093925,0.067533,0.129201
96e1b636-3c86-d691-fc2a-b431d50e35d5,1,0.06328,0.048044,0.082928
740417bd-ab75-5941-dcc0-34c6857fc156,0,0.302583,0.212837,0.410438
32b43e59-66a6-3a7d-7c14-a14f20d40338,0,0.097843,0.065569,0.143561
b0627471-9dc2-6dca-8d25-da74be2dcd0d,0,0.313954,0.252857,0.382262
1bd39d90-17d0-5ac9-89eb-ee7eefba2044,0,0.183714,0.116019,0.278466
95551976-c752-2268-23d6-67f31f8dc630,0,0.339997,0.263787,0.425499
2686babf-36d3-207b-bbab-5b9c102e59d7,0,0.40808,0.314992,0.508267
0f362a8c-f810-6417-f986-9c1df8d828a8,0,0.105698,0.071498,0.153552
41ad390a-05fc-010a-6273-6e9e0f6c21de,0,0.105808,0.077713,0.142491
3ada11f8-5aaa-9472-eec8-72d65c476152,0,0.220585,0.162592,0.292048
270ecce5-61ef-4438-cd31-bd9e54f10b50,1,0.072625,0.056651,0.09266
4d5323c6-6e3e-a610-25f1-ff6182ae34df,1,0.076749,0.053801,0.108366
9a114c2f-10f5-0fa5-f6d6-9c2430f2b988,1,0.083169,0.060023,0.114155
46ddb49b-09f5-9e66-728a-1d5bbb2b0513,0,0.573616,0.469819,0.671309
a16b89ca-1bf9-46bb-d7c4-af3bf48cb848,0,0.128476,0.093936,0.173287
3e4ec1b3-9e7d-6bae-20b2-9dd1f6f10dc2,0,0.243328,0.176539,0.325399
74c81050-4a9d-5b9c-5f1e-6ed834f98de1,0,0.691105,0.618339,0.755484
26076fa6-07b0-9f0a-3f18-495130ddcb18,0,0.185032,0.132091,0.253007
782b7385-121b-00f9-9638-f014c7d2a49c,0,0.172509,0.11028,0.259606
eba340e0-f043-d223-b6a7-95dc349e0d32,1,0.06328,0.047536,0.08378
3f64f7c4-6673-c017-4905-9a403bb1cb28,0,0.109985,0.082178,0.145707
45dade96-146b-c907-7f18-16dfbeaaaccd,0,0.310714,0.242375,0.388444
42fca692-9046-579d-d6cd-5d5f6cc2b4a6,0,0.411459,0.310237,0.520772
bce6d788-258f-205c-0f5a-7cee84a4d4af,0,0.357428,0.250883,0.480215
a0ac3a94-2eeb-2f80-1cfb-8eec6f49614f,0,0.316981,0.231282,0.4172
e58674f5-6ec7-c730-8ddd-12dc09c84745,0,0.40808,0.333984,0.486604
9d345b09-2fe5-b2d6-2104-1a7bcefe385e,0,0.201718,0.149811,0.265984
f7db26d7-c225-5fb0-15dc-447bc428c8db,0,0.15602,0.116974,0.205072
8b4d1f45-fa1b-025e-3cce-67d4051e9005,0,0.169256,0.121666,0.230575
716ba9b3-27f3-7118-cda9-006a6da0c11d,0,0.121115,0.077081,0.185255
1dc15c28-570a-7665-bc12-cb1fdcf727e6,0,0.236008,0.179883,0.303173
952927a5-7205-d468-b064-67af57158de2,1,0.067265,0.050807,0.088557
69e375d9-c6ad-52f8-5bbd-12b4f3d98bcd,0,0.599664,0.516576,0.67739
1e165d47-c4f5-b374-8b1a-58c5549898db,0,0.318601,0.239885,0.40924
e793b830-b187-5db1-1a30-b53a6390c910,0,0.128685,0.093977,0.173754
2604cb1d-5d9a-decf-1566-fc4490034562,0,0.211534,0.144644,0.298559
2434740f-1351-bd36-5aac-6c0691bec894,0,0.52339,0.414917,0.629699
32f2676d-fb65-10d0-0f6a-aa5b561ce5f0,0,0.767794,0.614626,0.872695
53a3d56a-b8b4-6a44-61ba-2f2be1632dd1,0,0.671208,0.591432,0.742196
f9ec7bf8-1c2c-5952-1d08-978ba4ae9726,0,0.333639,0.257386,0.419716
ec53727c-23bf-9e91-67b5-73ee069e6b1e,0,0.209274,0.125971,0.327053
ea87693b-103a-f0b2-1578-93a230f16adf,0,0.309094,0.244506,0.382115
0d29d3eb-d539-88bf-314d-9dc9435d4f6c,0,0.093789,0.072215,0.120968
53759725-cac8-5095-d8d6-4c95ef7d740a,0,0.260549,0.20426,0.325993
e526b492-7b2b-e733-f1e2-2ba74feee135,1,0.051685,0.038977,0.068244
3bb95e2a-311d-a7c9-bb76-b33810764293,0,0.687217,0.607646,0.757101
607d61f5-c1da-2a98-3616-bf8201f432d4,0,0.419367,0.3294,0.515035
1fdb86d5-8205-1073-81a0-0aff8d335a22,0,0.24098,0.190684,0.299632
c0f209d8-7e54-d505-0a5e-a330a368153d,0,0.245676,0.180739,0.324699
9dceddd2-5c65-7ad5-d493-910806cf24bb,0,0.547568,0.4162,0.672628
6f436357-bd74-1026-dd6a-b3d522fa43c5,0,0.21223,0.142146,0.304599
b4c1bed6-9e28-eb14-7eb8-3d61e137ac58,1,0.040228,0.025477,0.062968
19352288-74e8-ac64-0fa2-d5a16f410f6e,0,0.797227,0.681995,0.878163
e7fb0a5f-0d98-df87-66dd-7dcd3c0d2956,0,0.173733,0.1267,0.233557
e5523390-4d4d-01ef-c4de-1b90bdd5c5f9,0,0.704982,0.616119,0.7806
66a4f35c-aa11-e233-b9cb-82fe12033aa8,0,0.560592,0.422533,0.689871
5f55082c-484e-3b7a-3bba-e1fe90d84dfa,1,0.062663,0.047899,0.081588
681d0df9-5090-3415-f9fc-ac45989b10ff,0,0.241537,0.187529,0.305255
3e941a44-6291-a277-7234-d818acc4a504,0,0.225514,0.154414,0.317077
740216e2-ed65-73a3-0035-5cfdab8b258c,0,0.10178,0.072021,0.141955
3d39f39e-6a74-2b88-ce2a-40a3e9b0772c,0,0.11847,0.083713,0.165059
6f8dd64d-92d9-3cbf-5dea-ba7420975a26,0,0.254286,0.184663,0.339238
f070c92e-1e37-a865-6e39-ffe95f21d609,0,0.306771,0.227863,0.398889
b217236a-8a52-fdb6-5ebb-849428885aa4,0,0.67816,0.574559,0.766774
a31b5910-5dc7-9a39-a581-a897978d088e,0,0.327282,0.238795,0.430033
8f07da41-9d63-2e84-b60a-01a66c829b62,0,0.67802,0.581365,0.761513
d809fde1-12d1-7401-ce03-d25915f1c0f3,0,0.838267,0.782795,0.881713
45ea049a-dcbc-96f1-abe7-15463ebf7917,1,0.06328,0.048328,0.082457
518e8947-ea21-6b6b-1a5d-c0a40cb37e07,0,0.825822,0.737857,0.888721
ba077527-bb5a-849f-5d46-065794b34c00,0,0.227291,0.175786,0.288603
02dddc79-c9dc-d4e2-2fda-04f5ee3a70ef,1,0.076749,0.050907,0.114132
94984a1e-2676-af13-2632-b0eca3a0fa9e,0,0.411459,0.318717,0.510948
5a5642a2-a9d4-a16d-f3fe-5cd7e3e52e89,0,0.224895,0.15335,0.31731
b7a9032f-d496-fb0c-1803-95eb83fc8088,0,0.097843,0.07304,0.129888
2d0404d0-5f25-61b3-b327-80bee38056dc,1,0.087293,0.057355,0.130691
a9ff7baf-240e-8e07-19d8-33df5686b45a,0,0.114371,0.08204,0.15726
89942dc9-3b2b-b57a-c5e5-7e87fb3d0254,1,0.062663,0.04736,0.082483
14906414-c740-cd98-3d56-f935b30ee999,0,0.093925,0.068014,0.128347
786c2b65-43fa-6f7d-357c-0d94d751aa9a,0,0.161707,0.122028,0.211184
db37bbbe-71d3-3619-2e09-d7a95af613cc,0,0.758582,0.678236,0.824069
da8af056-4961-875d-44e7-75aafe368278,0,0.492527,0.379837,0.605982
e54e21de-2413-6b7a-297f-93440f63681c,0,0.560592,0.414985,0.696466
1d44ab95-fc29-5256-d53e-c77320fa6266,0,0.293076,0.212569,0.38901
ede774d7-6e9b-0a02-a3b3-4f693b8405a3,0,0.362144,0.252411,0.488416
0464f50a-5a9d-db3c-882d-9831dae70d98,1,0.076885,0.050443,0.115503
6f726d35-ed03-3fe6-349c-41e72782ed02,0,0.471399,0.362428,0.583165
06459343-224b-0d3b-6814-48f365ffdc65,0,0.242545,0.189216,0.305246
ea9212f0-e0b2-b4b6-31d3-ebe0af7e52a5,1,0.053886,0.040545,0.071291
313c9995-d8d2-6e89-4068-e4a590d1dcd9,0,0.264038,0.183509,0.364145
3520ef88-6261-ce0b-6a06-20ed7c85c0f3,0,0.146759,0.102548,0.205663
6ac53a0a-943b-6863-0bcf-095f3b98ea0a,0,0.40808,0.320913,0.501442
380bc348-b8db-6a19-42b1-aa31e86bd099,0,0.711325,0.583473,0.812541
0a064e0f-aad9-04ac-3dd1-41fd62ec6817,0,0.241763,0.191603,0.300178
e408d939-f6d7-c54e-a0a3-e083f99513be,0,0.265549,0.186284,0.363476
81cb98f1-f576-9802-4939-42f52990e429,0,0.887281,0.825177,0.929216
64851c05-e4c2-675a-e125-95efea49bae2,1,0.075568,0.056258,0.1008
7e056c11-8b90-2416-d25a-ab5f079e17c8,0,0.301208,0.240441,0.369855
1fb6a609-0342-a409-b69e-16f890172cee,0,0.091553,0.064275,0.128814
99a9b9ef-19d2-0fa6-18bf-930a119950b8,0,0.235767,0.17466,0.310218
8d87d62c-a20b-0cdc-350e-d5176a8041cf,0,0.15602,0.110399,0.215916
12390c60-e288-0c20-87a4-023d0bf97672,0,0.144324,0.109059,0.188578
c8f58997-071d-1512-927f-e5bfa203f7ee,0,0.137935,0.081071,0.224923
6586e3cc-ffe1-af3e-6689-d6eefbfda6f1,0,0.599664,0.517217,0.676829
60dc64b5-6812-87c9-36e9-9e0a092faf77,0,0.237558,0.168653,0.323656
85cfc00e-ca92-2dcb-e9a5-4cee9195a6b4,0,0.503309,0.350194,0.655805
3122c98d-7541-3768-266f-4d68b1f51598,0,0.145296,0.096721,0.212526
51d8d856-9c60-768c-a737-d6e6dc6e7355,0,0.234136,0.171973,0.310347
d0213c23-6d52-02b0-76a9-31fa3219ce3d,0,0.124666,0.090406,0.16949
c265358c-cb60-566b-7b95-973ef1111d6e,0,0.320924,0.23866,0.416048
ada2e229-8b04-ef02-ebc0-14f9becdd1cc,1,0.059012,0.043524,0.079552
3b29eaab-bd8f-6c18-7985-6482a25da7b4,0,0.599536,0.473132,0.713948
03f2d7f8-bb41-6b20-a2ad-af00ba4ad514,1,0.077632,0.055736,0.107152
8847a48e-e27a-ca6e-5b19-55068583bb67,0,0.214544,0.157381,0.285436
91656955-4e77-4299-7465-3be64ec223f4,0,0.240755,0.189384,0.300888
2fcaff6e-a370-7a80-583f-ede7a5e59356,0,0.091689,0.063638,0.130381
302cc915-c02a-82fb-39a2-fd7b39d00ad0,0,0.106067,0.076423,0.1454
9d16ad33-f740-cf22-78a0-80d7c0b08dfb,0,0.529884,0.420141,0.63681
e2a32894-19ad-9d40-f3fa-1a4d18956326,0,0.374859,0.282325,0.477541
bd875901-d147-c3cb-554b-ecacff3fc714,0,0.245676,0.187251,0.31526
dec177b9-78c8-7854-e241-4e3996a0323b,0,0.385933,0.289533,0.492194
f4ab64ed-601a-e9fc-5aa6-ffe08a5b6b3b,0,0.194216,0.139451,0.263892
b3e97a35-fb2a-3054-a936-94df2db19190,1,0.062663,0.047773,0.081795
c3a85e77-c361-1d84-c4e5-1929be1f017f,0,0.560592,0.425937,0.686882
ad73f96b-7d5d-9823-0f4d-27669a413b89,0,0.128004,0.087956,0.182634
cfd4d2e7-8d01-5ced-3d2b-48d1ff13764b,0,0.414838,0.335156,0.499238
6b18a9d9-b653-a29e-1fbd-2a60c7d4d47a,0,0.309094,0.230939,0.399945
149d2ab1-5841-7b7f-2688-7557722dca38,0,0.097733,0.070883,0.133293
af6e4571-2909-bd76-fd36-239305c57d6e,0,0.351071,0.255261,0.4606
a1ca9b5f-41fc-8fe7-4c94-2ecad9ebd12c,1,0.060111,0.044877,0.080082
6681b42d-64b1-a61d-6cc8-7951c24e2eea,0,0.864059,0.802359,0.908689
d8c2e00e-241d-f4df-6398-a20f7392ea39,0,0.154402,0.089588,0.253072
3f26ab28-11e0-9bd9-5d8c-beb049ff6011,1,0.069257,0.052107,0.091509
b90d5325-6be0-ce72-3cf7-8658d794178a,1,0.083363,0.060976,0.112979
ba01794c-a7a7-95ce-eea0-11a2d236c3cd,0,0.222018,0.165869,0.290553
bda4bc1b-56aa-59e0-2024-f2b5b7abb0a8,0,0.825822,0.733506,0.890915
e35d8653-7605-c08b-5115-a16e3e322e25,1,0.0601,0.045119,0.07964
ffd1891e-1ebe-9f3e-9ac2-8b4f894f8e1e,0,0.089665,0.06546,0.121654
b005d4a7-890e-6fc6-80f2-8251819e2856,1,0.055723,0.041873,0.073801
fe96cfd6-85df-89c6-0b74-8be671433c7f,0,0.243328,0.182538,0.316522
d86b04b2-5d6a-d336-cd0a-6651149cdb2c,1,0.072625,0.056049,0.093618
5671c48a-3c42-5694-8649-56896384901e,0,0.109856,0.073484,0.1611
b8f1a274-006e-ee78-3b53-13502d8967ee,1,0.083169,0.053998,0.125999
f3548157-f960-0aa2-42c1-19974a87df83,0,0.243328,0.177641,0.323741
e5701ad5-790b-0fb7-d079-c09f3444d32d,0,0.162865,0.116576,0.222898
d6ad2f81-a2ce-b1c9-8704-7a04c3c93a07,0,0.093789,0.066661,0.130414
0e5f6999-2377-09b4-a8e8-2701a579d223,0,0.101761,0.068057,0.149479
0cf8f482-afae-a8aa-7ae7-72536eeac9cb,0,0.097972,0.071788,0.132344
553ebeb1-1008-ad6b-910d-3044350c276a,0,0.089394,0.056503,0.138618
d298eeba-e63d-a62c-b705-51969e28a42a,0,0.316981,0.234531,0.412786
88935b10-1824-e631-f711-bc443a49adbf,1,0.050586,0.038801,0.065706
375f4c82-1f75-a41c-eea5-0573c1236ad1,0,0.180746,0.10302,0.297654
c239507e-cfbb-192b-493e-b14d1003ecd1,0,0.40808,0.315308,0.507901
47298334-d6ba-d232-c97b-8255d85a22e4,0,0.885226,0.829754,0.924272
a3911dea-76d2-8313-592f-b12ebf9628b2,0,0.257722,0.185767,0.345714
48b2c769-e760-a71d-c22f-1a1507aec61c,0,0.089723,0.062275,0.127624
29d72bdf-8c85-41ba-7a1c-b4d58374d1de,0,0.40808,0.313353,0.510168
ea591aaf-7108-258e-90ad-1677b6464a48,0,0.2703,0.189789,0.369394
0ce6e18f-65bb-9703-e73a-952b36cf224f,1,0.074135,0.050293,0.107993
1d8e8e3c-937a-f94a-3d27-a468575618c7,0,0.483003,0.389983,0.577216
955552fb-51f1-32fe-e678-7c179f139f32,0,0.74345,0.632876,0.829683
b1007ed1-5905-4ab6-0c6e-763c83633764,1,0.061937,0.047941,0.079676
9241912d-8f2a-b08e-da98-15b18b718c97,1,0.074784,0.057267,0.097107
9a30b780-bb49-66e9-8f65-85ac972309df,1,0.083131,0.054951,0.12387
859e49b2-5475-c505-a0c9-1396da8759d7,0,0.195468,0.143325,0.260805
c753819f-5bee-095c-e5a0-76dbdc494cc9,0,0.089665,0.064351,0.123621
27038c89-2931-9e42-6011-8f36c1a77472,0,0.218596,0.155688,0.297951
91d8fb32-c608-23d7-4143-4374d7e8079c,0,0.105698,0.071799,0.152964
890422e2-548e-4916-14f4-c7edf805c196,0,0.113903,0.088593,0.145292
027d67d7-dbe7-8f21-7772-c17d36a3184c,0,0.481985,0.38066,0.584814
c5cf1712-7c81-2347-9a1b-1f638bce9ae4,0,0.097707,0.066361,0.141614
949cdd23-1b95-fa9a-41cf-5a6449f0ba52,0,0.114661,0.087133,0.149462
f5577e95-59c5-b638-35cb-93a919bfc583,0,0.105679,0.076534,0.144191
daaeefe2-2ef8-446c-71eb-7a765eccdf79,0,0.097843,0.069491,0.136071
e4d3354e-528a-fe40-5545-53ec1859b2c8,0,0.149914,0.101767,0.215379
baeb993a-e135-2cd9-849e-9e976a5cc3d0,0,0.113903,0.0888,0.144975
dbef88e4-7463-549a-a722-af73315cad2f,1,0.062663,0.049131,0.079611
625fb1da-c579-8bf9-12bb-69c9203afaba,0,0.265549,0.202196,0.340285
1c67d4fe-9cbf-8488-1d13-b009cd180fca,0,0.162865,0.117497,0.221358
af49c51d-5461-14a9-4fc4-e409a593e0be,0,0.125005,0.090221,0.170684
f226a998-8a1b-2e31-537c-c38808bbdb4c,0,0.089357,0.062943,0.125371
3959685a-858a-1478-2baf-35a803b01eba,0,0.275301,0.203662,0.360724
570c2e95-5ffb-77d8-e8eb-2a5f11788712,0,0.105816,0.076199,0.145135
82883f05-7374-f443-1d30-1622aa5b0e87,0,0.496515,0.368547,0.624942
dd755604-95a6-d053-2699-d1483b527bfc,0,0.506533,0.39829,0.614167
4787ac9d-eb44-afae-0884-80aeb75ba6fc,1,0.067882,0.051831,0.088441
4ab8c34b-8ab2-9551-970f-c3592af8efff,1,0.052423,0.039571,0.069147
d26c4dbf-2dce-f8c7-dc3b-d7f09dc510b1,0,0.093888,0.067202,0.129696
674c197d-3325-c041-1971-5afeb9607ef3,0,0.844284,0.760777,0.902381
e1f2d4f0-0fd5-978e-563a-c5ea2915a8fc,0,0.658228,0.519961,0.77398
a464fced-bd3d-77ea-85b7-77a1bdc9948a,0,0.468888,0.333242,0.609293
2610d1d6-6990-9db5-72ab-2a5e74fd20d0,0,0.40808,0.31495,0.508315
7e28ce98-c48f-6597-d225-8b6a05393c62,1,0.06328,0.049245,0.080976
ec431e74-03e6-1b56-da98-e7e0b22e7bc4,0,0.40808,0.312262,0.511437
8f7442b9-0329-08cb-7ee3-b429379d8b16,1,0.0601,0.044555,0.080612
595aafb6-c9d3-e3c8-b904-509f9bdf93ab,0,0.23866,0.186759,0.299669
e86c8ff7-2750-4861-52c2-dc3f34ea1529,0,0.246459,0.18464,0.320831
8663f183-88f7-c2b4-96b8-517532bc6993,0,0.202628,0.147234,0.272211
07108402-9360-5e89-f059-ccbf72c5b763,1,0.054985,0.041096,0.073211
cfe42d15-e6a8-e50a-54d7-8584c53c11ab,0,0.49099,0.350015,0.633412
7b1bb3c5-9147-b41b-60eb-28e77b241509,0,0.109856,0.074241,0.15961
b727e3e4-57bd-c726-5a15-d2c5eceeacbe,1,0.070633,0.05328,0.093081
ccc36517-7767-bc16-30c5-aaecb2e416be,0,0.495498,0.397886,0.593454
55b4f516-7a2a-5fb3-8127-8309c35221e1,0,0.427966,0.319302,0.544054
a192e788-eec2-6811-7746-e9f6b224d04f,0,0.291565,0.213963,0.383578
4f4c1288-1139-0426-3158-abab74ae413d,0,0.2255,0.163677,0.302236
ed9e7ca8-d4e3-ddda-6036-90798a9a838e,0,0.153322,0.106189,0.216311
b5f4dccd-75b7-1fa3-03d2-3c37c8493796,0,0.167353,0.126602,0.217947
3d6403dc-c6c8-6bd2-a238-22d40acdaede,0,0.497211,0.395943,0.598709
9e9d6602-3465-167b-9c14-e06620d34750,0,0.12257,0.090131,0.164571
959e61cf-47b3-b05c-85d9-dfd689b23999,0,0.298639,0.207657,0.408912
dcd9d8cb-b82e-2b2c-5e36-6a666a9f33af,0,0.52805,0.435651,0.618567
50679318-925a-c938-7961-d586d036d578,1,0.054985,0.041127,0.073157
74c2671f-3630-14b0-e9e8-48466a97d8ef,0,0.453996,0.346623,0.565826
9fad9533-ddf9-e860-a2f2-8f0f7d8f3a43,0,0.320924,0.239819,0.414503
84705caa-52b8-13fd-8375-60c1ae00ff0c,0,0.284944,0.215625,0.366146
b9cf878a-2ca5-8267-d08a-7dbc50c568d8,0,0.999999,0.999998,0.999999
60a6228d-4b50-f8c3-7a13-5565a873aa23,1,0.049849,0.038344,0.064573
0104ee22-57ad-ed88-6965-5e65162853ee,0,0.735251,0.629004,0.819789
658eeff1-306c-60ae-7295-1b64a8dd94e9,0,0.089665,0.063216,0.125694
65d7f49b-27f2-41bc-9a72-197da87da1d0,1,0.059374,0.040916,0.085418
1bafe168-3a9b-a7ee-bccb-6aa53996db78,0,0.251155,0.19547,0.316464
00e71dd4-c619-a2bc-591e-8cd5ef0d8dbc,0,0.346354,0.26888,0.432934
9cd73192-d306-7514-b46d-7aa7641e582e,0,0.355787,0.223198,0.514928
214d3e10-cae8-eb0f-08d4-ef248bfb5f24,0,0.599664,0.490611,0.699663
22ed1d48-51ff-8768-07aa-48a72f6e8260,0,0.206397,0.145759,0.283879
5ad3f236-3154-fe6a-3026-27eaf37fc595,1,0.083169,0.055095,0.123674
53f9b758-d7d4-ede4-d1ed-bb0e48ee933d,0,0.248024,0.181176,0.329607
fb21a728-3a24-c3a3-bed8-14a519840f34,0,0.320924,0.251566,0.399205
cb342aca-ff3f-9316-e085-b03c945e7e1d,0,0.162421,0.11457,0.225173
2b16535f-a163-0655-7056-254a1af5bc04,0,0.351071,0.246526,0.472167
e8a90299-3ff0-01c8-71f9-2b2d5b39aac4,0,0.114581,0.082462,0.157068
50e2e3d9-fa93-ba53-21cb-c3d2a6b4b0f4,0,0.333639,0.24135,0.440718
86ddbd2c-8145-37d0-6c1f-51e28a57e008,0,0.236791,0.170004,0.319709
66b13a11-3ffb-fbec-2abc-0bd754770f30,0,0.12257,0.083665,0.176088
7ac4427e-3248-3945-575c-c56c3f5d5c16,0,0.243328,0.189621,0.306492
142f661d-c3da-2074-dbb1-6deb843fa8b1,1,0.043435,0.028754,0.06511
addc4b70-a38c-9158-cf55-282d47d1cc8a,0,0.327282,0.240547,0.427679
3e12ebc9-ba76-0798-cb30-28a96085795d,0,0.118261,0.089322,0.15498
46fda8cf-bf55-849e-02ac-be3653fe36c2,0,0.162855,0.125346,0.208907
bdedab74-f36f-2ff3-e3bc-6a0633cdae68,0,0.11479,0.087519,0.14917
0c9d2a1d-f1be-0323-5062-eb00d249992f,0,0.857611,0.793301,0.904325
9c80e5b0-d779-7e91-d829-6b7e399a8a3a,0,0.477605,0.37122,0.586062
e429bb0f-334d-1663-54e4-3659ff3a0477,0,0.113873,0.086135,0.149087
b07806e3-67f4-3123-532d-e7b027298b87,1,0.066507,0.051411,0.085636
4dc10b36-e9d4-1748-11da-6a0b3b226b97,0,0.320924,0.236778,0.418573
c546abc4-20a4-b5a2-50aa-05526c62c654,0,0.136046,0.097798,0.186166
9ac48d00-a220-2328-104f-63691a5f409c,1,0.067882,0.050982,0.089855
39a4087e-a77d-4d8b-abbb-343b2e264e24,0,0.224414,0.162896,0.300816
4ced791f-cf27-69c5-9158-a9b58bcf5fed,0,0.181455,0.122308,0.260708
85ab6df7-b84a-9770-bcce-436a92f41c92,0,0.880319,0.824919,0.919892
5a05e94a-fb4d-9133-63ff-7c81c2e14bbb,1,0.056811,0.041723,0.076917
b6edb601-c582-c115-310c-5ad0ef5292d5,1,0.078909,0.05562,0.110805
2942721a-b03e-94dd-d1ab-8da172d03385,0,0.114322,0.087827,0.147517
431741d9-56f4-794e-433a-1e303c5f0af1,0,0.486033,0.355166,0.618844
07b491d3-5ad3-b4d8-c2e9-f7a2aa99c86b,0,0.691105,0.619695,0.75442
934d1500-b8fa-50d5-3bc4-639cd2d075ec,0,0.106067,0.075667,0.146742
0cf00ad3-4b28-699f-c098-6f8ddd622b6a,0,0.443378,0.324659,0.568937
66377aba-6fe2-e77b-bbd9-a83595379171,0,0.316981,0.231184,0.417334
d87b6943-a963-8633-1683-bf0f0b4a0ac6,0,0.339997,0.266978,0.421504
3d560fdd-818f-df44-d824-dc5a58f5ce27,0,0.11868,0.088995,0.156564
2cbba184-cf4f-caa0-f896-258160094f64,0,0.095783,0.068054,0.133194
8b48a31f-d232-298a-885b-2639a3923583,0,0.229645,0.168362,0.305053
0ca10289-5876-5142-efa6-fd52dd1307ce,0,0.724606,0.582597,0.832214
db56be0e-4614-866a-ddf7-deea201765ee,0,0.691105,0.614535,0.758444
b768a837-7311-efff-eb00-e401a1f61e10,0,0.316981,0.257373,0.38327
7b353fc2-949d-b247-e925-9c9cd4b50005,0,0.767794,0.633509,0.86348
bc7c524e-718d-2429-c135-bd21324bada3,0,0.162725,0.120801,0.21563
ec5c9723-2e3e-3469-b074-4ff56c0a62c8,1,0.081203,0.059014,0.110755
ecd368e8-c718-66f7-b1d1-a2c7c84b4c73,0,0.118889,0.090567,0.154563
7bd0364f-f204-9bcf-f698-d021b71d607f,0,0.481492,0.359035,0.606213
c914b8ea-ea91-cb52-1303-d1b9aaac22b6,0,0.304448,0.229221,0.391813
0d70d7b2-fc93-8cc9-dc47-09dad8b83679,0,0.632387,0.520328,0.731763
761faf2f-2c4d-08f7-843e-d94baf13e805,0,0.293076,0.22286,0.374747
6e29dc1f-945d-cc21-67b8-f7b99cc52a7b,0,0.114084,0.082739,0.155294
3a0ebffb-0753-0ee8-6a9f-6ca2c860b44d,0,0.153574,0.113008,0.205331
00295080-e51e-d196-7714-b28933a8a8e4,0,0.297019,0.222333,0.384392
36d23e57-05e5-2a9b-94e0-aad193eb76bd,0,0.091787,0.069443,0.12039
742ad4c4-d8b7-ee7d-065f-e9b8ddf04281,0,0.105808,0.076176,0.145157
34365088-d3f3-9d6a-0be9-9d53e070ab72,0,0.211344,0.152315,0.285544
ca0bd8f4-dab8-58cb-0cdf-7987ad40ffd6,0,0.118341,0.083621,0.164884
9e155631-7139-d98d-16a7-b8fdbb99ad09,0,0.191315,0.138224,0.258679
5c7e7a07-a6dd-1a97-16c1-3eaccce72a6c,0,0.308391,0.245315,0.37953
75bb02c4-abeb-efed-dcaf-d5d4df3ab81e,0,0.547568,0.440923,0.650018
ababf34a-4270-3fe8-a159-dcc23cad63c7,0,0.201541,0.138244,0.28426
8bae5c7d-39d3-fbaf-f154-83ce15b48a21,0,0.560592,0.416489,0.695156
b0d7a8ef-ded9-5dcc-8699-912f7c533155,0,0.153584,0.104695,0.219701
1982c01a-ffa1-bdaa-899c-c1b7a5252ef0,0,0.58664,0.480408,0.685377
2677ab6e-dbf0-2a19-e468-0dcadcfeebf6,1,0.070799,0.050031,0.099289
2334eea1-a756-4755-a211-77e376357cf3,0,0.318601,0.257183,0.387043
89b6fea6-333e-5870-756f-69f5c9de6cca,1,0.062663,0.048515,0.080587
22c494bc-881b-8f15-eb46-f2cad96c4258,0,0.162845,0.124998,0.209409
8cfb945c-b2ec-dac8-6792-e7f8f59d97f8,0,0.113774,0.089125,0.144162
dbada7a0-f8d4-9fbb-5515-4403bb514231,1,0.069257,0.05255,0.090768
bc9eb70b-aac2-acec-c6d7-44faa66ff729,0,0.093925,0.068447,0.127587
49140a40-6e9d-ffcb-20d4-7947c3f24c7e,0,0.260549,0.205328,0.324554
458de5f5-d535-6c1f-bf75-2e87d51a6a70,0,0.153332,0.107192,0.21456
f5f2df8c-5e25-d468-1545-b3a9b15fafb8,0,0.158092,0.110164,0.221679
0c130463-c6e8-5121-f5a6-f1989b29a012,0,0.117535,0.087608,0.155936
c6c70882-9e7e-1184-9e81-81583c264d71,0,0.280756,0.195732,0.385031
a8251b28-e895-2c32-c3c3-72dd6ad5df85,0,0.093715,0.066599,0.13033
35bf5061-d228-aa45-086a-28591def29ff,0,0.241763,0.177833,0.319738
9f4aa153-805e-5b25-0718-2518158a0fec,0,0.113903,0.087821,0.146488
c14703e5-3190-7662-d47e-726fc5073854,0,0.24959,0.179185,0.336324
9f9914d9-4e96-a72b-65c9-6760a65ecfd0,0,0.2162,0.155933,0.29171
5a70b31a-2ea4-1c92-c6af-768557083e07,0,0.152887,0.092914,0.241274
32b40fa9-3b45-9f9e-05ff-77047501a900,0,0.272899,0.200468,0.359725
513e297b-61ac-e1f5-c732-b268269b7ab2,0,0.250372,0.18154,0.334633
23638d3e-5bdb-ae62-4d04-73b6911759d9,0,0.23834,0.184445,0.30215
11a22648-963f-af7b-5a04-713e8eac4cc5,0,0.157002,0.117828,0.206156
96f6626a-1df3-93c8-667e-24d205a3bdb5,1,0.081108,0.058578,0.111278
822b016d-934b-7b6a-8e47-4e02c4af997e,0,0.645332,0.4887,0.775977
17340370-3ed9-8819-752a-9fc11aa7f0d2,1,0.085405,0.058341,0.123379
c76fb2c8-6b04-9659-e56a-e050b7fdb688,0,0.101761,0.072947,0.140234
d9e3aa0e-d839-6e56-b7d6-8782e186df84,0,0.125005,0.08217,0.185653
4234efd3-895e-57b7-f717-7905a65d8cdc,0,0.752661,0.578547,0.870895
06c60b16-1aea-e931-6245-c3de931fe549,0,0.691105,0.6159,0.757385
cb2ef885-669d-ee2e-e319-6aa44651a547,0,0.520539,0.417169,0.622179
c4b449a6-378a-7427-5ab5-6d896bc2db24,0,0.147479,0.097928,0.216097
f3aa7a32-ca1e-9713-2610-f739e9160eed,1,0.052412,0.038903,0.070268
42fca544-dd68-979b-30eb-ef42714bacb8,0,0.625455,0.515349,0.723946
9894ee15-f40f-aecb-9840-0001feb9a3b7,0,0.302828,0.236669,0.378315
feb5b5a4-789b-91e8-26d5-68c40e47d08a,1,0.058648,0.044259,0.077336
afe8eaab-0a4e-3c7b-846e-f289bbc40d74,0,0.118261,0.08851,0.156298
8f59a0f3-41b8-bceb-0290-3c36a415f6af,0,0.318601,0.23872,0.410788
e611c573-8d9c-eeca-5fbe-8c89e5fc2a09,0,0.776045,0.710979,0.829966
464998e4-f694-a84b-b246-028db559dad3,1,0.073409,0.04987,0.106811
74d231cd-971b-38eb-9df4-6eee3c3ae4ee,0,0.232586,0.180455,0.294368
1dc96fd3-9cf1-f321-8002-878f54e4db4c,0,0.40808,0.311074,0.51282
a5af688d-5819-eeb6-5465-d4b5c59d5b1e,0,0.308391,0.227929,0.402452
8035a095-591a-4c61-59c8-ae6335916f50,0,0.176003,0.13193,0.230883
51982b3a-865c-3eac-90ce-e91249426739,1,0.078909,0.052436,0.117095
b55a615d-5c60-5146-f251-10d3246af8b4,0,0.254286,0.198787,0.319108
7650444b-14a7-7488-9cb5-a4bb7104f52c,0,0.169256,0.124753,0.225544
65403404-1ba1-a45c-55ee-c1ac67c63baa,0,0.844715,0.758964,0.903825
4c04dbd4-86c1-02fc-bed4-12fd7e50e0c4,1,0.069875,0.053101,0.091435
46772216-1a51-bc6e-12d6-bcb6cf1938be,1,0.051323,0.039481,0.066472
804744d2-0d57-a5d7-1359-b4f8e91c59f6,1,0.065273,0.049778,0.085159
e15c3fe2-9902-67be-7850-9874d5f7a595,0,0.691105,0.61566,0.757572
4c83a0a9-1194-1258-cc27-592579abbe82,0,0.312334,0.247375,0.385612
68678292-02bc-90ef-2807-7a1d65a80efc,0,0.331316,0.257614,0.414335
1fc699c8-23ab-f90d-0dc4-bb5e23ac0a34,1,0.06328,0.045586,0.087216
893e9c36-2e98-cdd8-1315-a6139a489086,0,0.225678,0.157259,0.312815
88ca86f2-24fc-14b3-2fc8-583eb3573e5c,0,0.091824,0.070173,0.119298
490ac17b-b92d-1128-9ced-49e057cfec13,0,0.324958,0.255091,0.403595
043f5257-dc51-53e7-1e83-ac8f276e4900,1,0.080874,0.051769,0.124199
2fe0b4da-021e-f3e0-3503-da63392527e5,0,0.105808,0.077363,0.14309
8831c165-fbf4-9812-664d-fb71d0684952,0,0.256156,0.174215,0.359843
22daefe8-ff2e-e96e-d7e2-9eab2f53e522,0,0.13734,0.103839,0.179484
96473c16-5ee8-2425-0e51-09f7257aba9a,0,0.560592,0.447163,0.668027
c1bebfec-3870-b65d-756e-146cd698596b,0,0.40808,0.31018,0.513862
0f7b32b2-2584-56a8-a1f2-37717e9cf879,0,0.560592,0.455167,0.660819
adb15afa-6b5d-abd0-1cc3-7a7c8c4997ff,0,0.093789,0.067515,0.128876
7c4b02e5-e33d-927c-b1ae-fe7414c29df1,0,0.284944,0.200863,0.38717
6732966e-e7f8-e6eb-5586-5816f6ebf2dd,0,0.333639,0.24185,0.440045
99827b3d-7dc5-7bd4-5ac7-9788288eee6d,1,0.062663,0.045765,0.085243
a3ae3ed7-ec5e-4cc1-ea89-9c6be33af54b,0,0.165652,0.113795,0.234877
2c518fa3-c73f-7d16-7298-16473f458585,0,0.180124,0.132297,0.240449
f8679c27-74af-a5d5-ca87-e82023deb939,0,0.273681,0.187208,0.381356
dfda536c-6428-5e55-0ef5-955bc9bfc734,0,0.150187,0.113093,0.19675
62cc56a1-c19f-ba44-60d7-8aee53a76d1f,0,0.230713,0.163844,0.314605
3635dfac-0200-fa71-2a8c-549dbd8a8375,1,0.083304,0.058051,0.118165
e8c2228c-053a-36c5-2907-c353d9140fce,1,0.072034,0.052143,0.098722
085dd542-d188-c575-9de5-5b15324300f8,0,0.171516,0.121498,0.236579
e89ba244-1f31-3ee6-6af1-30598ee0dc44,0,0.097972,0.073471,0.129503
d813554c-fa32-97a0-fcb0-b6fabe81255a,0,0.106067,0.077521,0.143489
2bb57590-72ef-afc3-49c7-76192bd25020,1,0.076943,0.056204,0.104489
3c739f75-0d53-9ed5-9d22-4006c85f486f,0,0.605007,0.491023,0.708614
6071caf4-8cf7-d033-94bc-3172200c4450,0,0.305151,0.229214,0.393405
a6b8f62e-8ce2-f674-c2a6-e3d1d985356f,0,0.11868,0.082438,0.167939
26b14968-d1fc-db9b-0c68-9d713796f859,0,0.284944,0.21069,0.373001
621290b9-ba9e-9fcb-d3aa-6e8a5d72b5ba,0,0.091553,0.065986,0.125693
d1b191f3-28e3-607f-61a8-3c015c220c6c,0,0.153574,0.111632,0.207592
fa84667f-0356-ab91-ec2a-c20ac08e507a,0,0.114242,0.081405,0.158045
79791d0a-180e-c222-c995-a164cc301a53,0,0.097843,0.065003,0.144707
9ed56ac2-9f6f-60b1-92ce-31fad9ba2001,0,0.313038,0.227912,0.412952
0d336d9d-87d1-16e4-f707-cfdbcd2f2a06,0,0.247241,0.179187,0.330727
97848d4f-5000-262f-e179-a273022b499f,0,0.114451,0.088944,0.146101
f024da65-3d6f-31b5-afdd-f498d720fc6f,0,0.097843,0.066775,0.141178
a30d7a34-8424-6481-f8d9-a2198fee200c,0,0.397007,0.309565,0.491562
8b68d81d-717c-ba3b-abb1-93053b1982ac,0,0.162876,0.127303,0.206042
3493bb79-7aa5-7955-ec11-2692b7bc2aef,0,0.882374,0.818181,0.925955
3fdd67b0-4cb5-3f2d-ed5b-fff2e6933ff9,0,0.115209,0.088716,0.148326
ae23953c-7b8d-cd14-c297-d4252ebf16d1,0,0.11868,0.088669,0.157097
69f45135-d2c9-95af-32ce-a6dad0ea4631,0,0.293076,0.205229,0.399619
62636e52-9101-bdb0-bf87-e47c3c810266,0,0.58664,0.457541,0.704836
f7d6ffa7-d686-c2d5-6a9c-57f55e13c2f5,0,0.254591,0.169315,0.363996
164316c9-5636-e05f-eb69-276bc81dda6b,0,0.12625,0.09293,0.169288
04d94865-fd0f-0da5-5a6a-9c2ce1c0de7c,0,0.691105,0.612394,0.760094
e64cb94b-3612-3045-dd5a-3be7a2b65ad0,0,0.614064,0.47302,0.738248
2c9034b7-04c7-b28e-ebae-14a9a738039a,0,0.838267,0.787583,0.878719
1994df15-14a7-7408-ef8c-a3e827b66364,0,0.363786,0.280686,0.455895
f08825a3-f7f0-be76-c857-694e89078899,0,0.24959,0.182397,0.3315
71ec9f9b-e71c-654b-5209-55400db5401b,0,0.207484,0.143884,0.289683
3df23629-31c9-791e-698e-09da7d75cf59,0,0.679439,0.590535,0.756985
4bb1279f-8913-39cb-073b-6a6199b472da,0,0.24959,0.181606,0.332679
a673bf2a-ab56-deb9-8e12-dcb2be8a177b,0,0.140654,0.096423,0.200669
f80d8d99-2d84-a70c-86b1-bc9ab45b6019,0,0.542908,0.440937,0.641405
7e15c355-ad93-db82-3f5f-619698c147ae,0,0.510863,0.397721,0.622902
501dee26-6fc6-442f-3e53-56f5b0c52309,1,0.070042,0.050235,0.096861
54e6e3a5-cb75-4ae5-281a-6e6bac049779,0,0.687217,0.609582,0.755603
99614728-5a87-bcf7-c2a1-e3772073d37b,1,0.07139,0.049255,0.102399
04fc69f7-edd3-a484-6381-dfdd81c8b623,0,0.113553,0.088829,0.14407
dc5997c3-56e6-1d3d-ac8c-90711150d712,1,0.06864,0.048079,0.097097
3369b77a-cc77-552e-953b-8e2921e69542,0,0.171505,0.125205,0.230417
99a62623-6bb2-e51a-9f59-2dece84de536,0,0.150177,0.108131,0.204817
7e8c8fcb-2461-4f86-351b-2fdb74ccc3d2,0,0.320924,0.253531,0.396711
4ce44acc-6db4-23f5-ea98-84f379a0c9f7,1,0.040228,0.025414,0.063117
42359f4f-6b8f-ce56-f5be-a18380946874,0,0.153605,0.111134,0.208499
2c6904f5-b875-235f-510a-3861e29644af,0,0.251155,0.181844,0.336034
0f18767d-df0f-6810-8f08-dee42b66b1c9,1,0.062663,0.048162,0.081158
f6f44f31-e440-6d1a-eab1-0bfb94df141d,0,0.113664,0.081772,0.155881
af803a92-619c-39ce-5c76-fe378d2c3701,1,0.040228,0.026601,0.060404
3b58a310-d096-9f7c-f6f0-3768e01bc1ea,1,0.052423,0.03942,0.069405
920325ab-7832-4b94-5d6e-1956096f279b,0,0.344713,0.244965,0.460316
586f0d85-7581-ff2e-a9ec-e30635d3964a,0,0.125109,0.092434,0.167206
aa46c093-9f67-4913-a03d-1fb5251813c9,0,0.21958,0.150108,0.309494
104eb321-1e27-fe14-1312-0f2cad57d008,0,0.105938,0.078507,0.141482
22a9503a-f05e-8569-f703-57595038c039,0,0.691105,0.617165,0.756401
ff781184-17ff-8e4c-178e-3ec361ed43da,0,0.999999,0.999998,0.999999
ac5835e7-63e7-12af-6897-feaa164bbb75,0,0.105938,0.076962,0.144119
93d22fb3-2a56-ae54-7814-988cb6a01061,0,0.146759,0.101856,0.206898
62863b30-8902-6970-33ae-a531038994bc,0,0.265549,0.203154,0.338956
43bcc1e4-9bf2-1794-e80a-d7822298da9e,0,0.114999,0.088798,0.14768
77eb689f-a743-675e-49dc-ee49a8060094,0,0.520539,0.42027,0.61918
9c87b483-3622-6d63-dc06-e43d7d1817df,0,0.162876,0.123592,0.211631
38587665-cec0-dbfc-f8f3-bf69c6bac636,0,0.40808,0.328607,0.49267
288e3a46-8fb5-8ba4-10b7-cd40047bc457,0,0.113873,0.086949,0.147785
8ac93741-701e-ae0f-6a85-55e89c51bf4a,0,0.254286,0.18864,0.333389
25017104-e5d1-a2d1-5b55-1b10fe6fb4db,0,0.301208,0.225258,0.389878
32781fde-71c6-f66b-8cbb-86cf27c7c3bb,0,0.178231,0.13423,0.232778
7da2dc12-84f2-221d-4dfd-ed7a6bc99805,0,0.139453,0.101382,0.188818
33ab9c79-5d09-0856-227a-4813574dcca1,0,0.218596,0.16749,0.280049
fabc4edf-98b5-e7b2-6911-4d4e2a5c032d,0,0.506533,0.397532,0.614916
b6b1e6c3-1966-2c11-84af-5d7019f8a1de,0,0.179593,0.112214,0.274903
8f63e431-3d75-e7fa-9cc7-68a158d61797,0,0.363786,0.257746,0.484949
b3de2a5f-b66f-02dd-f890-6f7d654681b6,1,0.049849,0.039063,0.063416
382cbce8-17e3-7216-ce6b-fb3aac56c55d,0,0.344713,0.248094,0.456134
745222a3-7e7a-6959-5d4c-38fc7ddcd63d,0,0.411459,0.334901,0.492557
9401bad3-fb64-e44e-91cb-a23a4718114a,0,0.128685,0.094007,0.173703
1b318eb8-dcd1-0110-8294-cd0d9aed365b,0,0.114581,0.083314,0.15559
23342dcb-c561-f566-25a0-c41e9728ffd5,1,0.049849,0.039006,0.063507
144620af-e5b0-ea61-6506-f31f39aaf004,0,0.153311,0.106921,0.214984
952e4241-ada4-876b-7bb4-5900f10428af,0,0.822115,0.721733,0.891718
89944f78-bde3-cd7a-1fa3-3665af691c82,1,0.079693,0.052981,0.118192
672d160d-8ad3-b792-c4a7-578360c18d39,1,0.071417,0.052779,0.095968
c3a3a462-8b27-bf9e-3583-51423451048c,1,0.071417,0.050641,0.09982
dee156a3-5e75-b52f-ce94-1014827e631a,0,0.247241,0.195748,0.307108
acdbbb54-bf08-100e-427e-0c90fefc8e72,0,0.194392,0.138801,0.265387
c3b1ed70-c9fc-c41a-5554-b4106ab69642,0,0.40808,0.33329,0.487385
057067a0-0de6-5402-bf22-5a25f7d347de,0,0.208489,0.152595,0.278136
bdeec012-c9d0-dde0-c547-e995a5001f05,0,0.283433,0.186491,0.40564
94310acb-29a5-36bc-eb78-d146ec83f1bf,0,0.114242,0.088943,0.145587
bb6eb872-e8fe-e464-5908-46e832e6ada8,0,0.114451,0.08823,0.147207
d6e5101d-6c7a-a5cd-1b43-a208627069a4,0,0.114242,0.086821,0.148912
9095500b-a95d-c0ee-eeec-acdfc77f6760,0,0.421209,0.309961,0.541075
4742e8fb-1bb4-58e6-2775-d6503d038fe2,0,0.128412,0.087437,0.184703
4abab4eb-7b05-00b5-65f3-879b15aaf585,1,0.074784,0.051646,0.107118
e62692e5-4875-e473-aa03-c58c912f30e1,0,0.40808,0.329605,0.49154
a16504ef-1345-652d-a98a-5054d50aabb8,0,0.207922,0.159678,0.266125
15d51896-0fa8-64b6-09f8-bab800b6d253,0,0.205852,0.134284,0.302245
e4d7ac1c-63ab-3bae-feab-59acb6020dc0,1,0.072034,0.053805,0.095814
bdfc2e84-8069-f13f-9ca2-edd0e3e98c1a,0,0.333639,0.246614,0.433696
526a8178-0f76-f628-c32d-840240100739,0,0.159437,0.112641,0.220836
19ead761-b62d-7dca-7ac5-0fcc2d179c25,0,0.362144,0.232739,0.515188
799ea391-1336-9872-aca9-9ffe9522fc21,0,0.093925,0.07189,0.121827
342b1f77-ff0b-c54a-252b-51ebe4ef5a06,0,0.156992,0.116353,0.208475
614f362b-97c1-be29-cdc9-6da5dd2d2a2d,0,0.397007,0.313217,0.487307
78c5d1e7-8e11-c411-6ed3-c0cb6348ca17,0,0.320924,0.239733,0.414616
b3157c47-941b-4be5-484e-f81e1339726a,0,0.397007,0.287428,0.517993
7bc364cd-9b09-32f6-bc43-38f5f2950e41,1,0.066648,0.050237,0.087923
500ed8a1-2f7e-28e1-91ce-142b460437f5,1,0.087391,0.064603,0.117211
565c50f1-28ee-30c0-d229-fe525d6d9dcc,0,0.10189,0.074214,0.138346
6cb95a74-5e39-250d-b57b-bf5e0cd2fd35,0,0.256635,0.199489,0.323535
42b7de25-1326-5260-daa0-d4e43d7938a0,0,0.363786,0.277201,0.460197
02003746-0313-0d6a-1b63-11264cc6147e,0,0.12744,0.082555,0.191633
adcca813-bdf1-13f6-adda-54e8c7b3604b,0,0.560592,0.42156,0.690724
60d98bfe-4bb6-b701-0119-cebd6973d957,1,0.083227,0.058417,0.117261
eed59c60-bf7b-299f-c6fa-c21faf83a6bb,1,0.064655,0.045899,0.090351
8004de76-67f1-f1d7-9a06-e0f29c40814e,0,0.124795,0.090808,0.169137
c8992254-a469-372e-8d17-093b2a1aada9,0,0.113903,0.086294,0.148906
a979436d-3814-6099-854c-a2eaf3463d4a,0,0.114661,0.082078,0.157953
40e32258-e1c7-0bdf-8668-3c56b4751db3,0,0.226424,0.147044,0.33198
c7420204-9431-aa74-28d6-21e8ff59abca,0,0.253504,0.195633,0.321648
e112f84e-45fe-d068-51d7-3f389f01f3f9,0,0.128423,0.086026,0.18743
cc2b46d0-e114-8db3-eec0-e15be4914356,0,0.269492,0.202268,0.349276
7698c1fe-5c67-c555-9a98-4a1248cfbd3c,0,0.40808,0.337962,0.482152
98403cc2-c6ec-6c86-7ca6-955073b59f4b,1,0.060111,0.042138,0.085069
e95a2bb7-6c00-ea63-884b-eec77ef5d879,0,0.089665,0.05899,0.13402
2d5b2bc6-cefb-6b2b-ef67-31f313728eba,1,0.061937,0.047906,0.079733
f417a025-a337-4180-96ca-6999e8338c96,0,0.276812,0.207194,0.359224
d3ed067b-ca43-36d3-005b-432c8a3b5d73,0,0.241763,0.178873,0.318196
0c5a795d-4eed-b81d-845d-38a41b3a0e1b,0,0.176003,0.120182,0.250373
66961dfb-8977-7fc7-05eb-3a4cab78d811,0,0.114242,0.081504,0.15787
71163bbe-24a4-7b77-3dee-3f6bbd8ea392,0,0.414838,0.336888,0.497297
fec05133-5cf5-74f0-3b2c-0e1c8fbb181f,0,0.091824,0.063317,0.131365
cca428b3-4fc8-9dde-bea1-4a96ad77def0,0,0.40808,0.331088,0.489865
0694972f-3308-c8eb-5a17-858f319541f0,0,0.12257,0.082528,0.178264
65606128-cb4c-e54d-af2d-7304a9dc631f,0,0.200034,0.139346,0.278596
980b873c-10f9-389b-75d3-2829eaf5e18d,0,0.093752,0.068286,0.127416
120e4444-3ba4-3b56-0beb-ffdd6f68ad5a,0,0.304448,0.223621,0.399458
dbb4c1c3-6bfc-f20a-dbaa-ba372e5e76a5,0,0.198583,0.130644,0.290064
0f7f0ced-b3fc-e443-e311-f93d6834338a,0,0.316981,0.233163,0.414638
c64dee49-451c-c436-78fe-069d225879df,1,0.081145,0.056155,0.11589
ce909897-a4eb-594b-0d61-7c7f6bd36e98,0,0.400385,0.308782,0.499525
79e68956-2d0a-3521-4f39-3e440aaf5fdb,0,0.191413,0.13658,0.261589
bf5f4cdb-33fa-4aec-a7b6-d3af8b704f63,0,0.093789,0.072495,0.120526
53eb4f42-791f-3553-2cf1-98e076f00219,1,0.067882,0.050494,0.090687
09fe6071-7848-95cf-9916-d0ec0d837add,0,0.426125,0.336645,0.520718
ff16ec20-4858-c67e-90f9-3cf054348e14,0,0.289945,0.221149,0.369975
b9e78a22-8a49-362c-17b4-9dde9c1e2975,0,0.162865,0.127375,0.205911
3881b1c7-2cdc-d36c-a0dc-1a01cdc71ecf,0,0.162865,0.119398,0.218236
a147c874-b6e4-0df9-cdcd-ff09a0aaf369,0,0.385933,0.298984,0.480824
056c7b11-2560-e8c0-cf03-2e5e702ea8dd,0,0.427966,0.344658,0.515569
e3fea5a4-d16c-422e-7eaa-988d05f0edc9,1,0.069875,0.051352,0.094414
9876461c-b15d-c010-2c46-3019cef871da,0,0.182383,0.135365,0.241177
b07d19e6-a854-e463-461e-17c89270a680,0,0.089529,0.065184,0.121782
f1adee26-1b71-1967-830d-f47cb894191a,0,0.091553,0.068036,0.122134
ccde4e47-0207-e65b-1de3-5f7164bc938e,1,0.081203,0.057813,0.112924
3617fea9-7585-20aa-ced7-3637bae33650,0,0.313038,0.247897,0.386499
06325939-50a1-7668-562a-d8b6a8ff5d9f,0,0.241763,0.178515,0.318725
f6c37025-8478-6db8-909a-5830b2721de5,0,0.534544,0.453855,0.613466
c1cc9747-de4a-3cfd-de14-83842cc3baa9,0,0.868965,0.80222,0.915556
7189d013-03eb-ab1d-222d-80d4fa8cd738,0,0.612644,0.503872,0.711236
fea42a64-f022-04c1-b84b-ecf61add6014,0,0.228317,0.167486,0.303197
1d25c39f-dff7-8547-953d-09e8e731ff62,0,0.10202,0.074498,0.13819
73ff4941-af0b-a427-c9d9-1e1017502a95,0,0.242254,0.181998,0.314783
5c1c1a49-2aaf-0b38-6508-27bcade9b99c,0,0.10189,0.068891,0.148181
ce8d8d43-fb46-4393-3a5a-249a051363de,1,0.061937,0.047862,0.079803
2b298536-3415-3bd2-2e5f-7081bda70690,1,0.083363,0.055442,0.123506
2d56d9ce-64c2-538f-814b-84c96a7a8261,0,0.115209,0.087299,0.150569
4e87d306-93f1-3a96-de8c-7db53434cf21,0,0.114451,0.08704,0.149085
5eae1511-6f2a-4d06-2f6f-e8babead05f1,0,0.247241,0.193597,0.310036
ad6048c4-9902-bd5b-f4d8-b4477f0c28c3,1,0.0601,0.043597,0.082313
9fe247bb-ac34-5157-675b-833a817c43eb,0,0.432087,0.31361,0.558879
7a98374e-5beb-b492-d604-4ee969b17bec,0,0.414838,0.313437,0.524005
5a5dd586-999b-75ed-c653-7fba770b0a7d,0,0.304448,0.22978,0.39106
0e39736a-7097-d57a-1ca7-603777169253,0,0.097843,0.071475,0.13255
9bbc7595-3f2b-dd45-a1df-928102de7687,0,0.324958,0.246943,0.414069
b541c959-f19e-3a90-a4e0-df60b90cda9a,0,0.235463,0.179456,0.302506
d972b548-f0e9-c817-b3e3-e94c9fccc6a4,0,0.333639,0.238512,0.444557
6a4f751f-a1a9-bc16-9dc0-3a51cb323b82,0,0.368502,0.268713,0.480974
4fa1cada-3af3-5cdc-d873-2cbb63de5daa,0,0.093925,0.071791,0.121986
b2d3e0cd-f5bf-108e-0760-f651e29bbe9d,0,0.385933,0.292833,0.488198
531e5711-9fb6-036e-aaac-9cf16a51fb2d,0,0.147489,0.101768,0.208974
f40cbc09-dc97-3a28-35a8-2b133e5c00dc,1,0.055712,0.0395,0.078037
5325bf7b-85ec-8abd-a8e3-33e7a4a364cd,0,0.237558,0.169543,0.322269
a17ac141-261a-4d34-6339-48b4978ecb73,0,0.547568,0.44219,0.648848
60ba95d2-0894-b9e7-c1f5-235f463039f3,0,0.302583,0.206279,0.420052
e9250cbe-01a2-2707-75ce-fab45aed74f1,0,0.114242,0.086918,0.148756
699ffe66-42d2-1c31-2253-55cc4771a25b,0,0.431827,0.350521,0.516979
8ae783c3-3711-e5d8-363d-f136c78be175,0,0.320924,0.254496,0.395493
3b076df1-11f8-abf3-3150-ec30bf9ea083,0,0.114322,0.082412,0.15648
f483ba67-ab67-0a0e-b50c-17bb66a47c51,0,0.11868,0.081128,0.170391
3c49c74c-ff2c-d616-6fc2-5e5dd0317907,0,0.368502,0.250374,0.50483
deb321be-8841-f201-4f23-6e9a9ca1e65a,1,0.05763,0.043171,0.076544
83c3cb45-88a2-93d0-a227-76397e481bd2,0,0.284944,0.219275,0.361182
4a293eb9-bf22-8b29-a4e2-0cdc07c9647b,0,0.374859,0.270206,0.492683
cd1dc776-059c-c987-481f-fc7b7ff95f56,0,0.093925,0.072563,0.120757
a48a9179-7f7c-6e81-efd0-67bdd491fdaa,1,0.070633,0.053905,0.092046
c19c7378-1021-4461-8a2f-374f2dfcb286,0,0.971299,4.5e-05,1.0
d45a5672-6c16-9a9e-b671-6987a3f1f0c9,0,0.706241,0.60149,0.792935
b90f7393-6f0f-8446-17ca-242ea46b2022,0,0.306771,0.231332,0.394195
6e0330a1-8e8e-de35-1087-eeefc7845603,0,0.262418,0.182206,0.362298
9b8d5768-59be-0ca6-fde5-fcf0588e5089,0,0.719522,0.597408,0.816004
6e77b3f0-1fe9-6d20-a52f-96828ae32ae2,0,0.243328,0.192511,0.302532
e8a3a960-867a-b568-8599-aa1ce1905bb1,0,0.300963,0.209131,0.412106
ce40e4cd-2a4d-c800-0dc0-1949ee518eb6,0,0.397007,0.307437,0.494057
c21fea48-24cb-3be2-edb7-b39a962d1d58,0,0.162876,0.126156,0.207742
8463b3f8-eafb-a080-1d88-6e85aba06545,1,0.076749,0.056396,0.103641
f283874f-41c7-96b2-1eb0-297720a011a3,0,0.314658,0.234562,0.407542
e209f28a-d713-ac1b-6a8f-53e2b8fa94de,1,0.067265,0.050028,0.089879
9c960ba3-79db-04e8-0ee2-dbafe022b5df,0,0.529884,0.444915,0.613155
cd450023-46f7-15e0-8300-8bfaa5a7f92c,0,0.320924,0.236854,0.418472
8f4d6009-f8d6-d190-9965-13dbf27428f8,1,0.061937,0.048498,0.07879
760faeeb-e624-0426-6683-94a5c5103b3d,1,0.073409,0.055086,0.0972
df1e202a-e27f-661f-9f52-7b91730ece4a,0,0.320924,0.2442,0.408718
da222a74-6eca-1041-7001-93ae0f23e9be,0,0.138208,0.09608,0.194828
ea441fce-05d6-4166-2472-daab01a03507,0,0.374859,0.281364,0.478726
491dcec5-078f-6a9b-5c8b-43e5d8204792,0,0.40808,0.326456,0.495112
58df0c36-e596-15b2-28e4-376f3ff46bf4,0,0.435205,0.353269,0.520841
845ed727-5ddd-5db8-1179-d8c5e2d44db0,0,0.306068,0.226838,0.3987
6a21acbe-4582-b589-29fe-9c515a1d07df,0,0.447643,0.354353,0.54477
46c04652-0bb4-d926-fadd-53e2e9d06417,0,0.60104,0.439573,0.743167
87225951-1bb9-726d-37b4-f9723318602f,0,0.397007,0.310596,0.490358
7055a3ac-450a-e482-543f-5650908cf6a8,0,0.838267,0.785269,0.88018
f4cc31c9-d088-717b-15fa-f0feaa0e4f7c,1,0.076916,0.053316,0.109751
cb85b739-4266-76b0-a2d8-f1563ab274a8,0,0.459139,0.340942,0.582119
a8ca3804-89a3-63f0-2637-476b9a7d3ab2,1,0.080874,0.05774,0.112174
90a95d2a-2c18-6526-4fb9-fd8b6f6d9713,0,0.24098,0.177668,0.318126
c637536a-4989-1bb0-0fdb-74170164cf8d,0,0.400385,0.308656,0.499673
2ee43719-8cd3-169d-7d0e-9fc282753987,0,0.105938,0.07018,0.156841
f1480056-ea9f-4a92-7f9e-642930e298b1,0,0.599664,0.521481,0.673081
4d633120-4928-d65b-04e3-eae9726c00b8,0,0.134801,0.097822,0.182925
55753c4e-b7a8-527d-04f8-5538069e1e26,1,0.087429,0.064092,0.118189
205c1c2f-fe9c-2207-990b-3a1a94687e49,0,0.680489,0.590782,0.758567
42f558dc-5ba4-dffb-c98e-b361a1c765bb,0,0.253504,0.185045,0.336821
f1222c42-4b62-3724-45da-f54b5132d54e,0,0.534544,0.424975,0.640878
64621815-fdff-8535-a932-00f2ad0fedfb,0,0.138208,0.088403,0.20962
f05abd3d-86b7-f55e-15c4-0f64a4483637,0,0.097733,0.071695,0.131883
e6a47b32-de00-6aa8-1fef-79ceedff0aad,0,0.379575,0.281129,0.489044
d5ea1bf2-a474-0842-6315-1a4f5a3c543e,0,0.118889,0.082683,0.168046
82db5535-7fdf-97cb-caea-6ef1dd94f0e6,0,0.171851,0.116534,0.246111
97a2e93b-0f6b-d15d-16ff-97ea946333ca,0,0.208046,0.149462,0.281979
a50874e1-b8a3-b46b-92fe-8b53e3c7512d,0,0.857611,0.76916,0.915877
7686a55b-e736-aa4c-a069-7f93a8becc8d,0,0.519001,0.382237,0.652976
4b4ed024-2838-bb29-3ee4-79c1e6e38082,0,0.12257,0.08901,0.16647
9f124396-8b9a-7701-a82b-f4da697fdbe9,0,0.838267,0.781805,0.882317
a71e1fbf-5b7e-6f3d-ff02-adab8b116f59,0,0.300963,0.214077,0.404942
6709e5f8-41a8-9e9e-dcf0-43448616ebb0,0,0.234136,0.165506,0.3203
9d10ba25-b835-5ea7-016c-b8a3d19735d3,0,0.514045,0.384417,0.64181
85a5052a-2462-a991-2a7a-dc11cfe2a110,1,0.087564,0.063736,0.119167
9a72e18a-95ed-2be0-2a76-1f8d2969b7fc,0,0.150187,0.111782,0.198834
eb16b640-651a-f36a-cdee-31230cfb5aad,0,0.12625,0.086168,0.181279
6b092355-43cd-e18e-a04b-6c34dbfc8eae,0,0.125109,0.085641,0.1792
9a588f14-3c3c-5c14-731b-8a0d3333e055,0,0.534544,0.42812,0.637914
ea4a2a20-a1a1-8f69-dbcd-f221c6369bc3,0,0.11479,0.087215,0.149654
67f6cc53-8525-7f9a-179a-fbc8fe4de6f8,0,0.241763,0.177777,0.31982
af8db64f-1927-f895-9a32-504e97b39362,1,0.077534,0.055457,0.1074
a19be4c8-61cd-2aa3-55df-93495bc6d1e4,0,0.15602,0.109588,0.217322
68f37865-ae25-a4b9-c4cd-55446084a3d0,0,0.260549,0.206567,0.322895
028b4fbd-8d73-08ea-e76d-ac21b06d360e,0,0.284944,0.211738,0.371531
97744eaf-71e4-ffa2-3743-dcd5d640a6b3,0,0.691105,0.620376,0.753885
d876ed07-1d56-e240-b583-63cec8cdf3e0,0,0.097972,0.074052,0.128547
268afeb2-1930-e1f8-8959-0ace924d1a16,0,0.822115,0.732475,0.886379
2a40c596-8bcc-0d53-cc30-7e22b1a26a95,0,0.091824,0.065682,0.126957
b88a303b-897d-cc2c-640a-b4011658eac9,0,0.12257,0.084782,0.173997
d7ca2aee-88df-d323-e9d1-f9c6f3963fd3,0,0.444736,0.338668,0.556091
09698018-74c2-e90a-9edc-7e7e07b4e528,0,0.333639,0.262642,0.413077
d23bc79d-d694-5ff9-c551-20d48050c055,0,0.157002,0.116911,0.207609
2f9da87f-4bc8-f315-a41c-9eee523a42d2,0,0.301208,0.223668,0.392054
35c428fd-4917-d9b6-430f-fe4ba0cd0f47,0,0.741594,0.635932,0.825027
07ebd717-d112-aacb-8ee8-ac7a7d4132bb,0,0.097843,0.06627,0.142167
a12cd489-2810-14ae-081e-98674b88d214,0,0.691105,0.614589,0.758402
8cc581c3-262e-d639-1b26-a50da44a82c5,0,0.308391,0.224207,0.407578
11ed8f2e-d807-d34e-e683-b9ea7d245648,0,0.222018,0.165369,0.2913
a0a74ada-cf77-f6d1-cf2c-1b21281cf0de,0,0.093481,0.067116,0.128773
a0a8b0b9-aeb1-3db7-053f-19c3a7f987f5,1,0.054248,0.040284,0.072686
f80cdbcd-40d0-3bc6-e030-d652a89ee104,0,0.411459,0.333127,0.49455
15270833-9082-14f4-5889-07c0e3e6db5a,0,0.238049,0.183122,0.303334
27fe6b84-d85d-6dfc-f14a-60b39420123c,0,0.228927,0.162912,0.31173
453cc2b2-0ecf-2408-eb89-fd75817a19bc,0,0.211847,0.141338,0.305034
a1c51dd1-5e4f-9cd8-fffa-33eb224c8392,0,0.259287,0.190967,0.341724
118d8b24-6e55-8ffb-e697-d9628d93c94b,0,0.338355,0.243791,0.447876
ea50993e-fbbb-70b2-4fe6-13a2b13dec64,0,0.521556,0.43024,0.611455
c47ffd4c-28ae-8700-a23a-7befb6352a80,0,0.132093,0.081664,0.206655
b4c139b2-5ef1-d83d-1fda-3f7e7a67b862,1,0.072625,0.052243,0.100119
d5fc76d9-7d1f-0efb-3d88-ad5a7a5c9429,0,0.134189,0.092599,0.190537
832f1699-5e7a-2889-bd56-74f28f3a385d,0,0.560592,0.450538,0.664994
83b0cb24-2b7a-e061-c814-f822ed39e823,1,0.064515,0.049778,0.083233
48c6bc66-fcb8-54eb-6887-6cbcb4a22819,0,0.484496,0.381852,0.588464
77ce9e79-7f3f-6e51-1ca6-d547036e100e,0,0.243036,0.183424,0.314559
8a83012d-9ad1-544b-37d7-e509799a56fc,1,0.074784,0.055148,0.100667
8fa03fa0-8193-1c29-f593-2fc2fc495e19,0,0.273681,0.202375,0.35881
593513b2-e582-b7d0-16a5-2e3c6daa8346,0,0.327282,0.252957,0.411418
62dd672e-5cb2-3071-e90e-f4da8d472f9c,0,0.165135,0.117489,0.227131
f10355f7-e868-a817-6d5a-b83e2825c28c,0,0.262418,0.198292,0.338525
4b5cdef0-eb5e-8d48-1e8f-8201da747418,1,0.062663,0.045148,0.086359
f5dc619b-2aaa-9d6f-47b7-b7781b7b228b,0,0.438197,0.350301,0.530152
f4060231-d31f-52cb-c223-a34e58a208c2,0,0.110114,0.073927,0.160937
1a9b2447-b467-d2b4-d7f3-efe20a015ba4,0,0.117539,0.084054,0.162002
fe1f3589-3cca-765d-402e-f5c537b201dd,0,0.184877,0.107974,0.29824
b3c398c9-5bcf-9a2a-ea6f-069c9c3635e4,0,0.320924,0.243226,0.409996
13172aa2-d5a9-1b62-8ef8-adaa99dd9b63,0,0.357428,0.263734,0.463456
e64e00de-8283-446f-dcf7-69e9cd373652,0,0.411459,0.334627,0.492865
de7f7cf3-d673-05ac-d09b-b1e343020dd2,0,0.175637,0.128129,0.235992
5d3631ce-8721-880d-b0f2-1fd2abaf629a,0,0.641359,0.493632,0.766384
9c103339-558f-cb4b-fa01-b9dc01254df3,0,0.999999,0.999998,0.999999
c263f1df-684f-cb53-0db8-cb7c11fa2739,0,0.426125,0.313845,0.546577
2e68eb83-e079-5b8f-4cf8-a4b028964aff,0,0.115209,0.084215,0.15567
dbfce9d1-a76e-6b8d-27ec-f8ad75c813c7,0,0.203959,0.142702,0.282836
7f5873c1-5890-4fe9-311e-ea6cdb568276,0,0.612625,0.476639,0.733065
4291d416-5b16-79b5-716b-419d9d5ade0e,0,0.093654,0.072223,0.120617
2fee3bb6-547e-6ce5-30a9-d6694ff87761,1,0.051323,0.039358,0.066674
a9e3d09d-3f48-d15d-a98a-c4040124d011,0,0.320924,0.237851,0.417132
3953bd59-07fb-01aa-2d59-596164a413ff,0,0.887281,0.82964,0.927132
bdca31a6-60f3-b4b7-c087-c9e9153ea915,0,0.137077,0.09595,0.192087
4c302f22-bef2-e749-fd82-3a1cac5be75a,0,0.093654,0.066656,0.130063
ce9dc709-c2a5-2c00-e7b5-715cc72c47c6,0,0.203867,0.146976,0.275662
155b927d-9214-d3f8-644c-278a49fbab8a,0,0.093654,0.071705,0.121443
b2d1cc2c-25de-9795-1223-ef4e17ddc1c4,0,0.414838,0.32148,0.51474
e7728ede-2464-dfdb-3d1e-373592edec70,0,0.238103,0.172632,0.318837
50ffe948-411c-b25e-9340-2647a8b97c0c,0,0.281813,0.190322,0.395787
9ea9fb26-8a1d-4c56-b71c-693b425e792a,0,0.177965,0.126554,0.244417
52c1cab8-c7de-c4ab-5cfa-82f3f1108036,0,0.500039,0.370017,0.630056
12c9b923-1653-34cd-9848-90b1c689f0a5,0,0.921607,0.873248,0.95252
fc191db1-e07a-39ff-c363-0986b5f0490a,0,0.740757,0.562091,0.864146
21b13ecc-981e-0bc2-fd9b-a6926cd78271,0,0.691105,0.593343,0.774305
6879ab03-74f7-d4dc-713f-b6eef0db137d,0,0.097733,0.072687,0.130196
5bcc6de1-93cb-76a0-049b-8a5574ca0268,0,0.40808,0.329341,0.491839
a0517905-a4b6-8b62-ef22-5b1f85bef17c,0,0.265549,0.199354,0.344274
8168385a-e2f0-8371-46b7-47460916abcd,0,0.333639,0.247701,0.432262
2115ac7e-45da-b81a-831e-64ee749521d5,0,0.265549,0.186939,0.362479
7028a670-ced4-ad7f-2c78-3c158d143f19,0,0.694155,0.612804,0.76497
0f49763d-cd04-f05c-0ecd-6a3ff955e7b7,0,0.113282,0.080556,0.157031
2912a27b-e7f3-b7a4-c8ed-539eed3d0d1b,0,0.153595,0.103845,0.221294
7d207b29-104f-d48b-3130-039dd9858303,0,0.140644,0.095799,0.201795
f7973ece-d93f-7487-a6d2-0570a843f347,0,0.114661,0.082605,0.157027
d5102589-34c0-ad24-fbdc-94f168fe968d,0,0.301208,0.238959,0.371751
d83b61a0-24c2-25b7-9fd7-521b19e9491a,0,0.093752,0.070065,0.124376
fd6b66c7-d581-0830-1be6-af24ce34b8ac,0,0.573616,0.46452,0.675989
d52282be-0a9c-78b7-e055-76fde5a21eea,0,0.339997,0.261628,0.428227
895bb8f5-e402-10c5-826b-ac7fe09846fd,0,0.436743,0.352475,0.524828
7aeb60a2-e4ba-e591-4875-e0394af745a4,0,0.242545,0.176857,0.323056
3ad364bb-b34b-b008-dd9a-5f36dc744e19,0,0.185942,0.130072,0.258674
0b334ea2-49de-bd63-634d-7217a05c3adb,1,0.063898,0.049096,0.082772
fbd6453a-96fd-5e86-134c-a205125b8657,1,0.060837,0.045022,0.081733
9d9641c7-ac5f-37ee-e53d-f95e93c490ef,0,0.121115,0.084157,0.171269
8799a9f5-b3ac-f5a6-c7f9-b4dc76223e85,0,0.147752,0.106744,0.20097
eb97c9e0-e435-3eeb-6b1c-e869f0c0263e,0,0.397007,0.289039,0.516032
49b8987f-2041-74df-9776-50ac38d9f6c9,0,0.40808,0.332585,0.488178
6ae38df7-75af-66b2-091a-7f2a47261378,0,0.149914,0.100619,0.21752
ae0a8cb0-2801-6c69-58aa-e55c1af3d02f,0,0.137935,0.080249,0.22686
bbe818b2-01cc-d244-1e61-ef059d2e7d5e,0,0.477937,0.338436,0.620967
f6fec885-d8fa-000c-3c51-61d31b65d5df,0,0.091824,0.06964,0.120162
5af54711-46b0-4c35-d957-f7cf8270f330,0,0.114999,0.08925,0.146979
26eb5720-852f-7063-b27e-92b2a45c20d9,1,0.059374,0.041013,0.085225
39b3de32-716b-04c9-f0dc-fe0a9469627b,0,0.254286,0.195681,0.323385
fb829222-ae4e-12c3-b67e-dc5c0d731eea,0,0.612644,0.511605,0.70484
01c1abdd-6515-1efa-d22a-3c499d7cc6b5,1,0.046642,0.031955,0.067608
795d27f2-0539-b5fe-d1f1-14f956e120fb,0,0.146759,0.101871,0.206871
409dd630-53e6-3555-2d68-b3e6e6a8a4b0,0,0.150177,0.102793,0.214189
2d18996c-1361-c5c7-3aed-c033da41b022,0,0.227291,0.17582,0.288555
137e9d29-26d6-3d92-bb0c-253cc0250883,0,0.241763,0.173138,0.326836
0d46ca0a-a50d-6d81-a319-d954ef90509e,0,0.258504,0.189515,0.34201
6928d7ce-97fe-b4a4-5879-680dacd1d052,0,0.114113,0.084908,0.151697
926f58f7-0ea4-fefa-6030-8f14e8e02833,0,0.203959,0.138136,0.290571
21a1b0dd-ab73-2491-9f17-5a8bd9b994c5,1,0.07125,0.050836,0.099007
72cd42cb-d53d-b2e3-075b-e244bbba2000,1,0.076943,0.05828,0.100944
e1e92969-b64d-fabe-7d14-c88af20e3592,1,0.051685,0.038935,0.068314
fca69e01-5def-32e6-51d5-95975bfe50a1,0,0.314658,0.233373,0.409144
38238ca7-7617-8cbe-ebbd-eb724c47d28c,0,0.118261,0.087282,0.158328
bb60ab06-5de1-c4f7-eda0-74feebf1ed11,0,0.390649,0.26523,0.532402
b66e4015-fbac-c16a-4e7c-9c5095d0b562,0,0.351071,0.236666,0.485597
5058e9c7-c3bc-cc96-64a4-9ce262576a5b,0,0.182017,0.132912,0.244156
8a01b6ea-73f7-6289-aa41-f1face3a964c,0,0.923663,0.882887,0.951029
1aef2beb-33b9-604a-6009-ba91b22d736f,0,0.534544,0.43228,0.633985
1a3aaf98-0bfd-f71e-2243-961e4cb6a195,0,0.093925,0.066997,0.130166
538ed972-a511-9b3a-d319-76dc9ff260ce,0,0.242545,0.176592,0.323454
1db7207a-81ba-e3ae-0c11-d70146ca451b,0,0.097707,0.072266,0.130843
37f75675-46ef-e944-f6ef-d00ea891cc3b,0,0.114162,0.081655,0.157391
66390851-0734-5adf-d127-fd9fd7cb9ba0,0,0.851163,0.780548,0.90191
2e3e71c4-4817-8312-cde9-45a91643b5d8,0,0.523509,0.396721,0.647338
120aeeca-238a-227d-dde6-fab9fd65b7d8,0,0.206029,0.153356,0.271001
61cb4d45-8b0d-f630-d832-5b4938f1fc4c,0,0.40808,0.328681,0.492587
ec7733ad-a683-03e4-b6be-2db5162b61b5,1,0.041194,0.027899,0.060431
6d7c4dd8-ebad-27ec-60af-93abcaa3f0ee,0,0.241763,0.176614,0.321558
d22b79db-cf84-a963-e739-23076aed1110,0,0.573616,0.458039,0.681675
43c5cfcf-5168-91a0-6b18-87c66f2c93b0,0,0.106067,0.070887,0.155779
d3c49b65-e21d-9b5e-97d0-7ab0111204bc,0,0.313038,0.247793,0.386632
32bcd005-4079-8275-9545-ba8803717be0,0,0.2162,0.159364,0.2864
2081f929-0cd0-0324-bbf1-37f6afc81442,0,0.156009,0.109781,0.21696
6fb33851-8883-c385-d330-b3793fef2ef6,0,0.217162,0.147042,0.308622
8c34cbd7-fa73-6914-e6e1-144e02e1bfb6,0,0.093925,0.067085,0.130007
5e6b683e-93f3-46bb-74a2-38b02b30fd3e,0,0.089665,0.065725,0.121193
0bf6a6c3-23af-091c-90bb-5b4d0dcaa6d0,0,0.109856,0.075195,0.157768
3b49707c-774d-e533-f071-41474ffdfd1e,0,0.162876,0.117801,0.22088
aea51f2f-3f9a-a215-de6a-95c8c6ee033a,0,0.159282,0.113268,0.219365
124a26ce-cf55-3ec6-f6a1-4f9806bf27aa,0,0.205852,0.137888,0.29582
1dadc135-3410-fa5c-2bc2-02033f7a12ee,0,0.231258,0.176832,0.296404
a03291ad-6cfd-e9e0-95b8-14bc0929a34a,1,0.061211,0.047657,0.078302
a10d6bbb-ce9b-cc8a-60c2-63aceaf67b14,0,0.529884,0.440522,0.617369
20c22ec6-dedc-16e5-dfef-42e5fbf11389,1,0.059385,0.041644,0.084021
a0eb4403-f5f6-2cf8-c32a-37729e30a1e2,0,0.312334,0.251485,0.380424
760ef60f-6631-a08d-da8c-9640d942496b,0,0.320924,0.237815,0.41718
659cdd31-b598-4ebb-5acf-38c46c15a842,1,0.066507,0.049392,0.088998
3aa3368a-4504-9f15-d8c7-23a07fdbc190,0,0.234136,0.166994,0.317967
f8713596-7383-27ce-f2ca-8917d5c3e60f,1,0.0601,0.044866,0.080073
d56e6bf2-19b8-68f9-ed39-91eb89b85f8d,0,0.573616,0.458372,0.681385
da0780c7-6d29-7e4b-bcf2-c5c194d3b2e0,0,0.097843,0.073103,0.129783
196317e4-d48f-51c9-a664-5ed1a7e673b9,0,0.101761,0.075172,0.136367
a937eda7-4383-6033-5b60-4b2138b2dcbc,0,0.234681,0.170193,0.314347
6c86f95f-2161-de9e-1abf-a9d069ee991e,1,0.049849,0.038841,0.06377
070b6035-0008-1129-8723-dd708ee37213,1,0.05316,0.037468,0.074912
539a50e6-2c1a-fbcf-c719-15e7b9155b8d,0,0.144334,0.107691,0.190781
76a93456-09d4-30c1-4575-94e9b73b7dcd,0,0.320924,0.239724,0.414629
f5b106d6-5bfa-b4e4-465a-60154c900740,0,0.109727,0.081928,0.145462
4bb09287-dc52-2eff-e01d-a65626223964,0,0.250372,0.192506,0.318767
845f85c8-2365-d421-e5b7-c0b3030dde11,0,0.314658,0.249791,0.387664
68c87c46-ced1-0e46-98fc-25ffb29f846b,0,0.093789,0.072553,0.120434
b91fe323-8bf4-48f4-4800-42174252e4d9,0,0.547568,0.418992,0.670095
8b793e57-2e80-a994-84d0-ccd5d27816bc,1,0.068049,0.048642,0.09443
e41a29d9-de68-88ad-98a8-877b88ca1c01,0,0.093925,0.068397,0.127674
13bcc17f-c303-f57a-4cf5-925812544c3d,0,0.253504,0.196323,0.320693
3dc74957-ebaf-7c65-db2b-12cfff3745dd,0,0.093925,0.072002,0.121647
b9f2ddc6-f8ce-d342-15e5-fcac8274a133,0,0.914488,0.865694,0.946648
b34ca723-7ecb-bf66-29cb-24382efe47d9,0,0.923663,0.883252,0.950864
53f476ea-a39c-aacc-0d1f-8c5274bbbaa1,0,0.239972,0.188306,0.300565
27a5352e-c1f1-d59b-db1e-0c3cd88480d8,0,0.320924,0.259574,0.389153
0dbb9def-a674-0978-ce4c-919df3d158ae,0,0.310714,0.243943,0.386421
defecd98-f9dd-5a85-b789-bb16a85ab80d,0,0.284944,0.199312,0.389472
2246d82d-11d2-27ba-923f-dedc0dd56547,1,0.062663,0.049012,0.079797
03fb483a-f766-cdf5-b772-d2070b8ff8e7,0,0.105679,0.069499,0.157507
eb1d0ed1-d532-2963-87a9-4811432ee54c,0,0.128004,0.086469,0.185439
c50d732a-69bc-5587-a5a0-f1d286a8e553,0,0.11487,0.089654,0.146041
021ad5f1-a1f0-0c33-ad1f-0a513644b781,0,0.147139,0.098566,0.213969
c0352adb-4e2f-267b-3151-aed7e845ac9f,1,0.076158,0.051224,0.1118
a5f1a916-dd9f-c088-8831-e3272ab48c65,0,0.21374,0.146537,0.300897
bc21d707-784f-48d1-52b4-3ff28d038e3c,0,0.40808,0.328404,0.4929
4470835c-dfba-4598-715e-90b40f051d8f,0,0.339997,0.247766,0.446196
c543f107-d80e-aaf3-7d09-61b7669ee44f,0,0.114999,0.088853,0.147594
1ca60462-7fa1-80aa-da7a-ad287b6edf21,0,0.241763,0.177439,0.320325
656d180d-913d-6a06-7439-97d6ace014e5,1,0.07125,0.054868,0.092046
ad2a0425-8b38-f7a8-a6d8-d27c4fb37da0,0,0.115209,0.083889,0.156229
060bb99e-3072-f91f-80ef-e4074aed635d,0,0.284944,0.212151,0.370953
d806d503-357a-04db-2208-174519d25047,0,0.2291,0.164962,0.308948
63ddbddf-c1c3-515a-b446-a97b8c19ceeb,1,0.074784,0.051521,0.107364
d947caaf-4550-e0df-a34e-4caab27081e0,0,0.242545,0.188755,0.305884
aedf57fc-a536-41c9-dd4a-8e0dcead1783,0,0.184417,0.120387,0.271973
fbd86d09-033f-fc1b-d4ed-b0d6cab92a79,0,0.320924,0.250739,0.400261
5782f2a6-2b23-065e-1fba-ae15ab36c377,1,0.072625,0.055616,0.094317
d26427ce-4955-5638-bf56-7fec54291319,0,0.144051,0.09873,0.205434
cd49863c-a0e1-cc91-7d4b-e2f093188738,0,0.089394,0.065319,0.121192
2147fc43-599b-bae0-79c9-cfbff0be6776,0,0.12257,0.082888,0.17757
7fb2a4ae-ad37-2377-932e-3173e0fef1b7,0,0.105808,0.071891,0.153088
7c323a35-6ff6-e42d-5c77-a0dbf65dc366,0,0.144155,0.094084,0.214561
471b51c0-3540-43e3-318d-35f23a9692d1,0,0.9426,0.000378,0.999999
316c1d97-400c-2330-a172-85d8971aa659,0,0.339997,0.245715,0.448924
4fe2ce88-418d-3b27-ce55-2cd7ff11ab04,0,0.379575,0.275979,0.495449
26efd29b-adda-dc5e-73f4-5e70d5c5407e,0,0.254286,0.18849,0.333608
c98f92d0-8661-6826-ee7f-18cd6769702a,0,0.52805,0.414753,0.63853
da52947f-b522-9938-04b5-42368a3486db,0,0.170326,0.111568,0.251277
d08f20b6-dca1-1467-a815-9e4f3cdd6b05,0,0.247241,0.191665,0.312699
4bce93fb-a1b1-0b81-503c-f9438b8b9b2f,0,0.385933,0.294141,0.486622
dd6d2fab-55af-6e4c-0f42-6a66547b65ce,0,0.298639,0.230618,0.376895
c900108a-f171-2e05-d6d3-e162fab245a8,0,0.385933,0.296307,0.484022
8ce0805b-0723-c486-02c5-13b45980d2bd,1,0.052423,0.039704,0.068922
e01b2870-02f8-0781-c715-b19dddf52425,0,0.231804,0.181354,0.291294
51617481-043a-837d-012a-0ec006276385,1,0.069257,0.052062,0.091584
905a8078-4ccf-5a70-259e-b8373d7adfb6,1,0.087564,0.063554,0.119488
f92cbcf7-41cd-320b-eb8e-3dbeecba4728,0,0.411459,0.337998,0.48909
64409b25-7e88-3b6b-8a9a-2cb3c20fb598,0,0.180124,0.134112,0.237591
5ad6f18f-4595-11f7-5068-e0d42fda054b,0,0.210339,0.143185,0.298034
c71a8a59-5292-f40b-754b-5459fbf1139f,0,0.093789,0.073213,0.119404
2daff4fc-9fd0-1c7e-4245-8f46a48d0692,0,0.114242,0.08089,0.158967
b06288df-99bc-34bc-baff-3645944540db,1,0.076943,0.057934,0.101519
e286a6fd-51f7-720e-ec82-16a88a5904b1,0,0.480571,0.354283,0.609392
8f6a2d0a-bf8a-1de2-8d47-ba7003accade,0,0.101853,0.075264,0.136449
b10c6e50-a887-1242-3e31-1e3383a8f13c,1,0.061455,0.042914,0.087275
6b0dbd6b-21e5-1127-5e96-b6cad58b8391,0,0.21167,0.141034,0.305116
e49e35b4-13a5-3efa-0e81-bb9dcc22ec67,1,0.052423,0.03923,0.069729
e35b5214-d040-c876-cbc2-120d4ca8a3c1,0,0.093789,0.067682,0.128579
497d0fd6-5390-98de-e0b1-42ff699303c6,0,0.425069,0.342547,0.51199
2b18f6a5-a9a8-568f-d32d-4210443161d9,1,0.085328,0.061672,0.116926
24af08db-8a2b-5c62-724d-6de2b37297c6,0,0.560592,0.420314,0.691815
fee504c8-96fe-7cf9-c8d1-e3bf4aaad5f0,0,0.110195,0.081017,0.148185
84aea600-7e2e-d5af-b337-c5828d2a662d,0,0.124732,0.084144,0.181028
2ab9bdf1-aa88-806e-45ea-95580960f9d0,0,0.256635,0.186344,0.342287
1779c154-1626-21f8-e8a0-ade4cad0f55e,1,0.087256,0.063335,0.119064
2f07782f-abd2-2c70-b305-8f842bf3abc2,0,0.122151,0.090347,0.163143
e752bfcb-3445-9ed6-8227-fb8bfdf49f97,0,0.40808,0.310242,0.513791
ed919331-2966-7fe4-99c0-997cd4e8c164,1,0.061937,0.048162,0.079323
961e6231-cce3-ec0a-609b-1f8dd384eafd,0,0.534544,0.452301,0.614952
94fbbcb3-acfc-fe87-28c7-b5a16cba96f2,0,0.246459,0.181993,0.324695
96bab876-b489-f1d4-a852-8cbcc78b5898,0,0.116932,0.081602,0.164815
f36d1506-fc3b-2147-de18-70462e9d0d36,0,0.82397,0.732696,0.888807
a0b9dc46-5d36-cc61-3465-455cf411c4e4,0,0.547568,0.416907,0.671987
a8055fea-f2f2-13ab-74fa-eb84d6b2ff36,0,0.351071,0.237856,0.483955
3f91106c-ef46-e5fc-e78d-b75a275d0447,1,0.050586,0.039038,0.065319
e8302656-f84c-000d-b44e-e6d4a2e26fac,0,0.244894,0.178137,0.326722
4a43ea30-1c9f-ab7a-6011-a428fde84e49,0,0.130136,0.088976,0.18644
f7c20bf5-9e35-ac78-acb8-44e77e2d948c,0,0.097843,0.071892,0.13183
d937ccc1-8d71-8573-cb5b-fd6870416f60,0,0.08959,0.063575,0.124833
4d2a8ff9-ba65-d709-2ae6-9657741f044c,0,0.162845,0.123019,0.21244
abcb5433-7b45-9dea-d0c7-fc525b169f43,0,0.455091,0.308324,0.610098
0d80090a-9d90-c079-5dce-0d30766e499e,0,0.202293,0.131008,0.29902
532a2e20-61c3-5fe1-75d4-8e286f7d832b,0,0.304203,0.213379,0.41337
66fd2b7d-a795-e1a5-e3d7-e92a906cfb3a,0,0.11479,0.088227,0.148052
9f1988c1-de79-68e9-08e2-14b4820a7f7e,0,0.316981,0.235245,0.411822
832d4229-4afb-4075-3c31-a3cb78f18e45,0,0.253504,0.19461,0.323071
f49d053d-5cb0-0b35-2ded-3c7719be9d33,0,0.257417,0.186207,0.344337
825e64a3-1ed1-b2ff-8b98-bbe47a5c74a2,0,0.272624,0.20591,0.351387
9e2d719a-10bd-dc6e-7b9b-ef17f926395f,0,0.162876,0.125979,0.208006
c6511871-9ab6-541e-a5f8-3da839d09099,0,0.128685,0.086957,0.186351
9c4dab3a-afb3-d3c4-b02e-f03904fa678f,0,0.120194,0.088953,0.160474
547cc19f-8f1f-93c3-65dc-111e6825eca9,0,0.573616,0.464372,0.67612
c73ea6f7-38da-9955-064a-b5f3901a4a92,0,0.114242,0.079762,0.161018
54a919c2-3822-b878-3b29-e83ddd93e4f8,0,0.175637,0.13064,0.231996
c98f1b83-c91e-bbc8-ad2d-3d5c7d3c0de1,0,0.397007,0.305653,0.496154
b56a3b23-fba2-972a-5847-1837d6e7cc7f,1,0.049849,0.038754,0.063908
fa549ff3-61df-d203-1941-94d907a698e6,0,0.247241,0.179756,0.329873
f70217ad-d8e1-7cdf-6141-ec2ef0080f35,0,0.294696,0.222214,0.379292
80aff7cd-9042-ac2f-e4d6-332615ac60a4,0,0.265549,0.186671,0.362886
c35f5402-97c7-12a7-005b-08c2a201b2d4,0,0.114212,0.086933,0.148657
9cd4546b-a1c5-0b9d-5b10-78bf15b377b5,0,0.11847,0.089009,0.156014
2569e0f6-5b57-af87-0374-57e5413e7156,0,0.181455,0.124925,0.256079
759a9153-8851-8718-8c21-e7df1d9d402f,0,0.379575,0.276175,0.495203
49f708b3-a4f1-45ac-4c4d-14936c4df34e,0,0.40808,0.338805,0.481212
0ad6ea40-f019-4c2c-9fd2-67cfc5873ff3,1,0.085134,0.061005,0.117611
be2a05d6-abf6-2d40-ad7b-7ea8aea1764f,1,0.079597,0.054746,0.114365
cc089817-80d2-246e-29b9-d9da3925ae2f,0,0.126041,0.093791,0.167331
cdb29242-863f-4cfc-d16d-952fd9ae6d3b,0,0.188397,0.139107,0.250079
74158a5e-4070-ea5e-e30e-3ae675c41365,0,0.414838,0.332575,0.50214
8460e73e-bf68-b8f0-c281-df9659c3c63a,1,0.070042,0.050965,0.095539
515b7989-ef71-eee5-8ee0-42d2bfe373c7,0,0.118889,0.081365,0.170507
899ed723-98b6-ec29-70c3-42a7cd58c0c7,0,0.838267,0.787548,0.878742
12cc1b29-5222-21f4-c059-bb116c9d32cb,0,0.165828,0.110465,0.241408
4a0d710e-27b5-827c-a7b2-f95e152289ff,0,0.520539,0.396588,0.642011
158ef42d-0575-3b77-a67e-1ac4a1e343ef,0,0.52805,0.41754,0.635878
df44f378-d95a-6e4a-cabf-05bcc20c6bd0,0,0.114661,0.083646,0.155227
c66f0e6b-5cb2-b5e1-f150-a04f220fc470,0,0.18049,0.140145,0.229352
41a11d12-0e0d-420b-18a6-301ab1d88f7e,0,0.240688,0.186974,0.304061
f03674a9-79c1-213a-7a7e-8fa37c5b8032,0,0.414838,0.338788,0.495174
6ad9f8ad-1e58-cbc6-2a7b-08306f250e3f,0,0.262418,0.196704,0.340772
52c10a1c-5853-5125-0609-fbe4441696d2,0,0.134528,0.084025,0.208477
777006f1-95cc-6977-352b-63d6952cdb1c,0,0.097733,0.066864,0.140703
ababe29d-54a2-4cc3-2751-d17025c7da59,0,0.316278,0.230767,0.416325
3f5eb6e1-0785-3426-cfea-e29f14a93147,0,0.162855,0.123946,0.211035
9a189cb5-d744-046a-842e-dc9f26f8408f,0,0.093925,0.067942,0.128475
72bfdfe4-3228-1a76-cce6-1a2c51bb34c9,0,0.131545,0.092105,0.184441
a9e14b69-284b-cd4e-be91-2ed20491fa31,0,0.40808,0.312552,0.511099
f086a308-6196-5ca1-62a8-b849a0b98f5f,0,0.140644,0.097166,0.19928
ccd8fc7a-a35d-3c96-dae6-9a2728fec1b8,1,0.054259,0.040933,0.071601
d2143ce8-eb27-7683-c042-cc7508017f11,0,0.11847,0.087501,0.158497
5ff0494b-4172-b557-1465-5583ce13b93a,1,0.078909,0.056073,0.109962
28c46505-77db-1ded-660e-bc76f647d7e5,0,0.241763,0.175339,0.32348
8fc9ae6e-53e3-a030-6a62-b9ba6d787d94,0,0.440791,0.34744,0.538525
766732b5-a66b-58bb-eb62-745d8d4b3e40,0,0.40808,0.330263,0.490797
265b1881-6069-3e5e-b6e5-6bb107939560,0,0.198117,0.14265,0.268398
c7e4b5eb-c1ee-3569-5f27-93f4819bc068,0,0.999999,0.999998,0.999999
1764ae13-04ac-57e7-a6ab-88d2e5af90c0,0,0.281813,0.191042,0.394672
418e6172-dfc9-d9c4-ba42-800d21f1c9d0,1,0.083227,0.056858,0.120265
19e2de6e-730c-efa0-e0d4-80123cf40da5,0,0.097806,0.073508,0.129017
11f54375-b0d5-6eb2-2c2d-e054c8576b56,0,0.304906,0.232624,0.388282
ca1f88ca-edbb-5b21-3039-ffc25e793e03,0,0.091689,0.069385,0.120236
1efcf188-0818-5ff9-d8c1-985b284cd4f2,0,0.462978,0.380815,0.547203
b880c4df-bab2-40d4-1f0e-dd9c575185a7,1,0.08195,0.058065,0.114466
b461aca0-8b5e-c9ea-2208-172dd83ef7db,0,0.440603,0.353102,0.531958
08621842-d126-3501-a8f0-80578d3b30b0,0,0.711325,0.572338,0.819396
b20af62c-42bc-8fa1-6e44-2188ef6041c6,0,0.691105,0.590059,0.776671
11e524b0-043b-a6c6-9101-7dbb449ab3ed,0,0.652919,0.544856,0.747229
5d58e89b-21f8-81d5-5af5-dc60a3008953,0,0.651415,0.552561,0.738755
3a81be59-976e-ecf9-2f68-9efbfa7c9dad,0,0.097733,0.074123,0.127824
39f958ef-8ef0-6be9-adb4-47783fb83d7c,1,0.033814,0.02652,0.043026
3846368f-3180-b444-febd-6724ffaadd80,0,0.344713,0.249291,0.454545
8e5c0352-a1b8-2f60-001e-0cba91f99336,0,0.320924,0.256143,0.393424
f5bb32c9-7b4a-1e85-bec1-5af2262da654,0,0.379575,0.271677,0.500858
49ad0eef-4ff0-961c-6326-ede6350c970d,0,0.456211,0.351614,0.564818
9beb05c1-a4b4-ea37-0f21-76bee2a53fd3,0,0.40808,0.317594,0.505259
e4504eda-275d-e762-0951-eb7f59050ee0,0,0.681908,0.597209,0.756072
269da571-987f-047a-40a7-5e1e9f6bb4cc,0,0.40808,0.320172,0.502292
f4a5514f-8587-c7de-6e44-105b87c141a4,0,0.313038,0.233554,0.405268
c5461c99-4706-d985-14a4-22984171761a,0,0.089492,0.065017,0.121979
8bedd67f-2d26-a084-422d-cfdee44c9c6c,0,0.362144,0.23206,0.516139
d75fcf98-ee34-b140-bb1e-1e6a94c76638,0,0.255373,0.185316,0.340835
e6d69d2f-fbbc-bfd9-4e7a-bd3b97d965f3,1,0.065273,0.04896,0.086526
06f5afb5-f771-d0e4-2197-1099f361a93d,1,0.0685,0.04767,0.097499
5527a97b-8957-97cf-458f-9738d93ca76d,0,0.190992,0.14512,0.247171
d9ef4765-299a-1487-c21f-116e781e7291,0,0.231258,0.176264,0.297221
1f5ff16e-193c-056f-779e-91784480cad6,1,0.057548,0.043231,0.07623
a4ff3b45-ddd9-4620-e875-da4b9a8b33ba,0,0.128423,0.089207,0.181444
ca6ac0e6-d276-406f-1a26-d0835d8d360d,0,0.200034,0.127827,0.299043
5710d671-c9f9-0fa1-b239-7da0562b6634,0,0.187262,0.122921,0.274733
b4b983f9-0294-9973-5ae8-b958d5e36c99,0,0.541074,0.427271,0.650749
f18db580-8fb2-5bf8-2c8c-f067abd9a13d,0,0.891391,0.831927,0.931548
7afa7919-11e6-b795-7986-8117a75671da,0,0.125005,0.087401,0.175674
10d796be-e011-e197-a4fa-0bb9dc900bea,0,0.320924,0.239387,0.415077
c82dd75a-70c2-cf1e-bc9a-8c4cf806da1d,1,0.061937,0.04821,0.079247
68607147-8e59-4e83-5d00-44b571d12b97,0,0.173744,0.117555,0.249205
d7d89945-005e-9813-84cd-ceac29a3a170,0,0.560131,0.418765,0.692371
53d5ecaa-c34a-a715-bf3c-d0bcfc6d7596,0,0.169256,0.112688,0.246337
394bbf68-2b8e-429d-cd40-7e9647a26f8b,0,0.40808,0.311709,0.51208
03f78557-22c1-a6d6-6ca2-e369a47b23a7,0,0.630932,0.503141,0.742666
bbe60af9-1f8e-c374-3aa3-2c4095f07920,0,0.089551,0.066026,0.120377
d9fefdba-bc49-24ac-a073-941e5e340ae0,0,0.093925,0.067664,0.128967
1816dcf5-682b-c45b-ba2f-0567527a474c,0,0.11479,0.087022,0.149963
85b58a87-7477-dcc9-54e0-8c587cc01bfa,0,0.26868,0.191669,0.362748
d74c10e3-8a50-7a2c-0096-f472237d43bc,0,0.301208,0.221379,0.395211
5d8437f1-1691-74d9-32be-267fc78b8f27,0,0.421209,0.330472,0.517599
159b327a-798e-4d7d-cd83-5b85787eaaac,0,0.114033,0.082499,0.155575
f8f6b887-e278-9e1c-ea7e-a38e9f54138e,0,0.234681,0.180104,0.299749
357b6690-846a-cff5-79ca-ef8853562deb,0,0.658228,0.514284,0.777932
19369c95-b5bd-0a52-4d34-ba4b8920b9dd,0,0.275301,0.182755,0.39222
cb736779-9893-0d36-ef66-0b44790081e1,1,0.06328,0.048643,0.081942
fdb3f279-a2d2-264c-c576-0fe792a3cd0c,0,0.159282,0.105903,0.232567
af434814-1162-bd3b-9e88-32a27047e38f,0,0.851163,0.783756,0.900232
bb9da925-9a6a-f27b-8cb2-b03b93d5c9a4,0,0.327282,0.241883,0.425893
7fc5b66b-27ce-5a90-18ed-a6b8e23db693,0,0.114162,0.087878,0.147039
82deb7b6-f23f-935e-308d-3cf05c3f7394,0,0.093789,0.07058,0.123615
f47474f8-aa42-77aa-0dab-7681851b5604,1,0.063898,0.045509,0.089023
f8311ecf-51f5-90ff-a543-6d45b2b7caa9,0,0.093899,0.066189,0.131577
c04e3882-29e8-9334-0cca-77862461e4bb,0,0.246459,0.17798,0.330686
479ec8b0-320d-c542-5bdc-c9d035693a67,0,0.110533,0.081296,0.148585
4a79b0f5-2ffe-8432-e171-98ac4eb45241,0,0.411459,0.330392,0.497634
e1a353e6-bf0d-2bf2-87f6-47462cfe4b1a,0,0.262418,0.194657,0.3437
a2a7cd17-fc27-00b7-efe7-827a9461cf36,0,0.288887,0.209398,0.3839
44db7db1-a56b-ff2b-4e33-566955404590,0,0.58664,0.487711,0.679038
8f9a39d9-7495-f847-b5d8-93d8374f0636,0,0.109936,0.074145,0.160018
c8d11d97-b94d-74b6-0b56-27a66223bae4,1,0.059374,0.04423,0.079273
4a15dced-bb02-b2ea-c4ba-b6329f196ebb,0,0.245676,0.180633,0.324855
b32ef34f-662c-f18a-f48b-9a679825dbb8,0,0.314658,0.234623,0.40746
7d38ab25-f699-95fa-0fa8-9735e64ce02a,0,0.114451,0.082173,0.157238
1d11096f-974f-c6b6-9c3e-191ec7f6db55,1,0.072034,0.048414,0.105895
58518b6c-16e1-e700-0d37-c7d4f482fc2a,1,0.076885,0.050385,0.115626
94d6ee05-a83b-0147-5ad3-5234301e01e9,0,0.111474,0.079702,0.153795
9c35be5d-9b8b-fe73-e22d-a16c93e05b05,0,0.318601,0.235201,0.415507
2f8de3de-cc43-bd54-5465-6e5e60b53339,0,0.811525,0.705948,0.885352
9eb56767-a9a0-44c0-b2bc-9c02812d3afa,0,0.446106,0.332302,0.565854
2fd6999d-eecc-ccf0-e13f-c00b57408d89,0,0.132366,0.097916,0.176564
6c30cb57-3020-ed78-78ca-7ddc820501d4,0,0.167363,0.127614,0.216423
f8ba7eb7-4183-77e2-64c1-12ab38102663,0,0.121009,0.090217,0.160458
97c658e6-9ead-e801-b35a-db0f1ec2e0b1,0,0.235226,0.180184,0.300911
787569d8-a572-8908-0b65-972e6e5ef697,0,0.234522,0.18198,0.296731
3f950a11-2b4f-899d-6a32-6265e746fbd1,0,0.097733,0.074021,0.127989
df505825-3583-c154-9a6f-f6d600f4a7a3,0,0.351071,0.263223,0.450317
38bb2111-0691-7fe3-880c-2201b231be0a,1,0.051685,0.039284,0.067725
5c13b5eb-9805-57f5-164b-a5ed2d23b9fa,0,0.246459,0.194494,0.307016
ec4e9bc5-40cc-1681-175c-0510f41f74a0,0,0.251155,0.196438,0.315135
8cd4d78f-15c8-7352-4686-56b1f83dbb01,0,0.162876,0.125635,0.208524
5167eebd-3260-eecc-d007-07efa0866201,0,0.115209,0.089791,0.146663
769008ba-c7f8-cf83-6a8d-490f6b986b5a,0,0.732803,0.610275,0.827685
b39b4b13-a07d-42ad-6123-d6f72fa142ef,0,0.547568,0.457218,0.634889
5960c5fa-891c-365d-7e4c-e207f6619d41,0,0.114451,0.083558,0.154836
941bfaf2-39c6-356b-42f1-25dececa9656,0,0.309094,0.243679,0.383174
6994fde4-9ff6-fa33-8012-be039ada18c8,0,0.52805,0.414563,0.638711
3d6f400f-ef16-dd6c-ccc8-be2197964f99,0,0.41783,0.334522,0.506106
b07479b5-068d-91ec-16e5-8ec5c81fca54,0,0.227836,0.174431,0.291812
6aaadab5-6e17-d991-abce-295bf62b170c,1,0.06328,0.048541,0.082109
de31d0e0-ce7b-9512-72b5-59edd2e07237,0,0.221473,0.170005,0.283205
46af70d5-dff7-2783-9808-418a45745db9,0,0.273681,0.206362,0.353187
a46e0b09-5c21-22f7-66c8-8fe8060a55b6,0,0.534544,0.422589,0.643124
dde25ca8-75a8-74d3-eafa-76752d6fd692,0,0.202032,0.140957,0.280916
e77f8ee1-171b-17c1-6163-0d8f8bab51a8,0,0.162876,0.119104,0.21874
cc77ce41-d66f-8b51-58b2-00f89d5e79e0,0,0.097972,0.067296,0.140525
8b428463-7ad7-97c0-ae33-6faaa8bab178,0,0.864059,0.807462,0.905956
3d96a2d5-f947-549b-0085-11418dea190b,0,0.363786,0.281457,0.454948
6a60fcc4-c797-48fb-778c-33ec604baf21,0,0.523509,0.426387,0.618884
b8970b2c-3928-2851-05ef-6bc651e0e071,0,0.105679,0.070789,0.1549
2508f235-c04e-19ba-9eed-c9c414be6630,0,0.241763,0.176068,0.322378
f06e0bbc-d8e8-20b0-79a9-0c5d34ea5d4c,0,0.089529,0.058678,0.134287
bcaecaad-9b68-fc6d-fc15-97c5db1236a5,1,0.080874,0.055068,0.117272
2e676159-963f-cf05-43b1-f957d54b6b1a,0,0.118341,0.085573,0.161443
45f57239-d02f-4784-daf8-33ee57dfce04,0,0.24098,0.191279,0.298824
b2eb1590-e0f0-e4b7-24e0-99f23fb4e022,0,0.771501,0.612528,0.878218
1f1d283d-30e9-2762-a970-ea64cd0cff66,0,0.654339,0.550235,0.745493
14002fb9-d5ae-ef48-39e0-87204359b78a,0,0.091418,0.068827,0.120464
be6c4fa5-ead1-905b-3b83-825f312894b7,0,0.136963,0.095351,0.192863
03a77671-dab3-bf88-8386-303b0d2d4ed6,0,0.318601,0.241358,0.407293
da0e71f4-307f-ca1b-28c2-68cf361de23a,0,0.691105,0.61259,0.759944
fb40cc52-7e84-f1ea-8057-d4b5c83613e0,0,0.157002,0.113828,0.212623
e8a706fb-76a2-73b9-1c00-1f9400e40dc6,0,0.218596,0.151953,0.303989
59e71d0c-9442-67f1-a27d-11ba842a2952,0,0.105938,0.075779,0.146201
e69f60c2-512f-205e-db6d-1a2a5663e1a9,0,0.520539,0.38759,0.650641
fa9c4ac5-427b-e0d9-c633-e053b04b2529,0,0.102229,0.073587,0.140331
498793b2-bf64-7c61-daf3-99a8d8190c43,0,0.242545,0.187727,0.307314
340c8d60-33b1-040b-91cf-2a9506106e12,0,0.599664,0.503518,0.688703
20ae18b8-5404-6615-a33a-ad81ae4d876e,0,0.210602,0.140173,0.303909
db1e5f43-2d9c-aae8-ad2e-acd8cabbf6f8,0,0.113903,0.087104,0.147614
1629160b-8962-ebf3-b9c3-273cabb3583e,0,0.259287,0.183272,0.353195
1492cfc5-72f8-5c97-adb2-aa854e6aa3a7,0,0.573616,0.430395,0.70547
cdd209c9-eaec-4c71-d5c4-6e0b7d2cd4d7,0,0.40808,0.311565,0.512247
f57d1306-474b-c6ac-5fec-9387c5520c47,0,0.151159,0.107219,0.208894
a7bd1fc3-4d07-29e3-f7cc-8538425b7ef3,0,0.320924,0.25783,0.391318
281b6fc6-240b-9a05-95cf-615d7a892c2e,0,0.58664,0.457322,0.705019
b54bc7d0-f706-dd98-e781-ab99ea19b297,0,0.786341,0.593093,0.902845
d433b1d7-ad6d-bfc4-ecd2-22f8c0b83a42,0,0.425456,0.345808,0.50917
cac23117-2ecf-38da-3d45-fc43c6a624f9,0,0.313038,0.228274,0.412454
87399648-cef2-19af-8ddd-d1ec1384b747,0,0.300963,0.222396,0.393249
3255cb59-1aac-c189-b4b0-e42f7a02b508,0,0.101651,0.068878,0.147546
693ce226-0ab8-778f-7690-413746390455,0,0.711325,0.580043,0.814679
5c73a6f6-3786-cc20-50b0-898ea331bcf7,0,0.903736,0.849387,0.939861
b0e15ffb-d7e5-8e01-cfae-0dbe5fbe5473,0,0.6766,0.589776,0.752752
f4a90c2a-5bce-7e40-1d56-0de6d3fe4a6f,0,0.162746,0.119877,0.217162
0ad8bd71-cfc3-9286-3a9e-914277e64be4,1,0.062663,0.04809,0.081276
7083d15d-015c-27a5-8933-dd9558f37f70,1,0.049849,0.038797,0.06384
de02d2b8-fe00-a925-8b24-adb6c472e4e7,0,0.201428,0.133389,0.292461
55f041cb-3b94-095d-74cb-a8fc504c9175,1,0.07125,0.055084,0.0917
ed7b8e6b-55eb-b4a4-3943-99a3b35dd941,0,0.124795,0.091364,0.168195
fe1b5e0d-7989-cec8-a428-93dbb54366b0,0,0.547568,0.445133,0.646126
c03756c2-fd5e-9287-6878-cd7bccb109e7,0,0.698044,0.622725,0.764024
69384981-a311-0dc6-bffb-c8e89839c313,0,0.258504,0.187133,0.345525
dd87587d-2350-fe88-fa60-ac4d4b2ef20c,0,0.411459,0.337646,0.489483
0066c34e-8fed-2b5e-c0ca-9c86d955f188,0,0.500039,0.36808,0.631992
30ef721c-697c-4415-3e1f-a69aa11389fc,0,0.097843,0.065806,0.143088
99401bd4-450b-bd2a-940e-3328b2882a54,0,0.167353,0.129307,0.213843
d67841a5-4878-6c54-b31d-4d68262c549b,0,0.223868,0.177437,0.278338
b94bf944-61f1-4b7d-e135-769d58437c8f,0,0.40808,0.309066,0.515165
113f6621-63fd-59a3-9fea-9627ea45feec,0,0.320924,0.237497,0.417607
33d2d166-2be1-c348-6395-b76ae640309c,0,0.21374,0.147887,0.29864
b9b02fdc-4cea-ddd3-6c74-0cb695f85256,0,0.302828,0.239332,0.374868
f3651bcf-8627-406b-6ace-a3f102cf999c,0,0.093789,0.068114,0.127816
7e25a79e-7fe7-9b77-30ff-491eca9e7b69,0,0.24959,0.178541,0.337304
b092438a-5393-b7e5-0fde-7dd52d88c772,0,0.458534,0.357131,0.563492
bd97fb0e-7e3f-ebd2-e136-99435ad88221,0,0.241763,0.178367,0.318944
e5da9d13-762e-1f8a-84a7-b8c063963a14,0,0.397007,0.290215,0.514605
9d767c74-ea03-62ed-1564-6564a095ab9e,0,0.109856,0.081466,0.146561
d3735db2-ae47-47a9-d914-81453b2a8448,0,0.161717,0.113307,0.22555
70942bfd-47b6-35dd-f2ca-e976884dd380,0,0.547568,0.420853,0.668404
31827d40-ae8a-de13-fc2b-2cf92d74ee00,0,0.290696,0.206855,0.391736
aa24001f-1a59-2f7e-8ab1-8b3795072620,0,0.266387,0.196507,0.350283
a88d0fec-2d97-aa7f-4cf2-17ca29378ed6,0,0.338355,0.246017,0.444901
0cd50d78-b1fe-c0ae-8f89-c504bccc8df7,0,0.442245,0.350697,0.537894
3698aff5-ee6c-21d1-f78e-ee3aeb0551e4,0,0.105938,0.068378,0.160572
5e15ecf8-eec0-6514-6f49-7de846cfc370,0,0.422559,0.34162,0.507881
f7312030-7d1c-8ddd-860e-f6a0f7478d50,0,0.294696,0.230513,0.368198
0dac1c6f-fc11-7545-a92b-df1636ab3867,0,0.547568,0.458061,0.634101
55218ef4-28e2-e6e6-0a31-db0098e361c4,0,0.306771,0.240362,0.382294
4d598222-b984-f23d-00a5-29cfe435d673,0,0.159437,0.109713,0.225977
b4a38aad-af2d-cedb-acf1-5faf8e9d7b52,0,0.385933,0.301102,0.478307
b2877283-2335-6e40-58d9-8e3d053bd2ef,0,0.089394,0.064895,0.121935
5990f4f3-444f-3c3d-8563-bf89a3ac4f83,1,0.076825,0.055272,0.105841
e5e22b9d-8315-36b5-ea1a-1b736971b4ae,0,0.177886,0.131745,0.235797
693b7877-5c3c-9090-e940-c83774972dd1,0,0.272899,0.194299,0.368743
1263cc86-952b-4473-70ca-8fba7a48f388,0,0.304448,0.238842,0.379099
0367498b-c6e8-6b8e-d26c-6db02912266e,0,0.351071,0.235577,0.487105
e7156e08-c063-3374-0c1d-fdfd46d26403,0,0.230732,0.168808,0.306981
99485098-231c-fd80-636a-8069a4b0752c,0,0.257417,0.187862,0.341884
b83b041a-1552-c058-77ba-f7a1383cb717,0,0.257722,0.184702,0.347313
4b80875e-5dff-3e28-d1b2-49d7c7227279,0,0.190992,0.140322,0.254541
c15b3b05-9ada-f431-cbc3-41d529da4c15,0,0.200034,0.130936,0.29329
5d0a3228-4610-f5aa-90a1-82353ad4939d,0,0.698044,0.615635,0.769402
3e9e1b32-486b-6177-0fc9-0fd679e9237c,0,0.599664,0.489823,0.700325
5b420311-466b-09ae-e12a-7889eb3c9cbe,0,0.298639,0.205468,0.412144
7a6d12b8-117b-c8bd-80d1-c86128260195,1,0.085269,0.060733,0.118467
42d3beb4-f295-00c4-f82c-cad009b97d09,0,0.239922,0.169513,0.328025
91a76d7a-bebc-c925-7a12-12248a983c1a,0,0.113903,0.088337,0.145687
dcccd6f1-ee58-c246-1934-cc81143c3c74,0,0.411459,0.319653,0.509873
5e45d419-edf0-bd95-7cb2-7273d0470a29,0,0.339997,0.267992,0.420242
7cd7ea6f-c836-c010-f417-6681ea477b66,0,0.302583,0.226193,0.391711
afab7410-aca0-ff11-679c-900aef5ab497,0,0.24098,0.180441,0.314049
2c91c9db-fa3c-95c8-b8e6-47e3b2b964b5,0,0.101651,0.066412,0.152533
007f7a13-10e3-df65-3fce-a3280f17f5ff,0,0.411459,0.307728,0.523705
6c0eb101-7977-dd82-5565-7be14c462949,0,0.097972,0.06471,0.145668
9b9275b9-4201-647b-f86f-364d21501812,0,0.223868,0.165126,0.296096
eec52a3a-fd3b-12dc-d52e-0f05d5baccf8,0,0.422746,0.318152,0.534758
e9987b92-72ab-00ca-666d-9cae9d99bf91,0,0.097843,0.072056,0.131551
928cc3a7-be74-0624-0232-151ae2670903,0,0.245676,0.175894,0.331992
7dc4aa75-d3d7-469c-51b0-c2a6e29bb5ca,0,0.114999,0.089508,0.146582
f8d0dc3f-618f-0075-4f67-350faed835ab,0,0.261636,0.175061,0.371732
512c5cb1-1dcd-498c-389d-be58a2fd5229,1,0.062663,0.045879,0.08504
d574602f-1ad0-f006-e101-9073b75060a9,0,0.251155,0.194042,0.318436
0f30c9d1-585d-2b74-b817-dce8be459227,0,0.52805,0.44177,0.612687
6f972a0f-4841-4bab-f0c2-c75b37b3f3df,0,0.097972,0.072857,0.130526
ade1ef71-c0af-93c8-12be-9387437c9469,0,0.109985,0.073977,0.160482
20990d4e-7b5a-b284-fb28-a21521bbbdca,0,0.246459,0.19096,0.31187
5b5788d3-e047-d028-3502-a917b6c13b96,1,0.069257,0.048694,0.097614
75ac7ac6-e7fc-440b-0817-40798aa99308,0,0.448699,0.333512,0.569665
12d5f4eb-0aaf-d0a0-48fc-dad210156944,0,0.591557,0.502181,0.675263
3eaec493-39d2-2c01-220c-3bc487c9de28,0,0.368502,0.247341,0.508885
c68a762c-8d0e-8402-7674-6e4f003c4218,0,0.632387,0.488317,0.75615
9757cf03-427b-6d9b-082d-58a7854058c5,0,0.162845,0.124477,0.210199
d257cf10-4547-7d4c-5878-aaa3355c77a6,0,0.173744,0.12457,0.237071
296f4006-72f6-1785-6546-2a839d3f4684,0,0.150187,0.111146,0.199858
02dde018-ba2f-b1f1-4956-2a181b864e0d,0,0.321015,0.246521,0.405893
a11b1682-d6cd-fdd9-171f-6c0f92623401,0,0.149904,0.09436,0.229846
67ad6e12-fcad-5650-0c51-9146035f78ab,0,0.144334,0.098736,0.206174
d3130234-c512-5de1-2398-a7a6252502ac,0,0.309094,0.250538,0.374498
19d88191-1841-1416-65a8-6e68fb4cfb7b,0,0.089665,0.065574,0.121456
c2511589-add7-4e2e-0655-177387f29a02,0,0.368502,0.243676,0.51383
a0b5052f-b308-b309-b715-9836d140c2be,0,0.411459,0.322009,0.50717
69b2313c-6edb-59c1-092d-13def4150160,0,0.193653,0.12877,0.280696
0765a066-8436-a4c5-a4d4-ac1bff198d5a,0,0.655759,0.515705,0.773128
13d81eae-3973-3610-d789-37ddfbc7fcee,0,0.093925,0.067721,0.128865
4030c78d-6294-c9b7-7cdc-e997f64181ca,0,0.159448,0.119427,0.209686
665efee3-682d-b34b-5305-3e3132b26d63,0,0.632387,0.521302,0.730996
d5a06a86-8d98-e13b-41ac-7bb46ffd3775,0,0.212777,0.149462,0.293654
90f102a4-1cd2-f7ca-f48e-57c05aafe3d6,1,0.06328,0.049374,0.080771
c5a45194-1890-4d5b-73b6-16a0c3fe6ba2,0,0.093925,0.072978,0.120104
f2d77ecf-97fa-71e8-9fc8-6a320c77789f,0,0.102229,0.075099,0.1377
6dce8cef-9d61-2f3f-ac5a-8ea792607699,0,0.141417,0.095742,0.203965
c4648121-69ce-9835-cd0a-6ae927e98d55,1,0.076916,0.053276,0.10983
2092927d-f4f7-2fd3-f68e-98002948c5fe,1,0.06328,0.049118,0.081177
a692429c-8146-311c-04a9-58a593d90f21,0,0.128412,0.079046,0.201851
12e64fa9-7833-6148-226a-ba390ef4d9c0,0,0.121325,0.087841,0.165259
9dc42b71-3549-1795-ecdf-c6700e82dda0,1,0.054985,0.040624,0.074033
fb1e7e2a-ce86-ffed-a593-cc2d7634a8cc,0,0.163966,0.121793,0.217133
af5bfb58-dee8-75b6-9d1d-31512da9e1cd,0,0.359165,0.24145,0.496693
27733d11-574a-0c79-115b-5e4f916de177,0,0.985649,0.001433,1.0
196e742d-7d39-30fe-0ac4-3822047db1e1,0,0.427966,0.323346,0.53945
8f8285a1-8957-ddb1-34dd-225322afcb59,0,0.167363,0.118233,0.231547
0d4de512-031d-7b6d-bf87-c4007b8a8fbd,0,0.437412,0.344373,0.535073
d899ba3f-f464-b918-e4f3-f244e696dd17,0,0.912433,0.85668,0.947819
0b70a560-9ef5-fe14-b1fb-2da3da65316e,1,0.054248,0.04041,0.072467
a5bf81bf-3e80-b41b-22c8-9f4852af4ee3,1,0.049849,0.035948,0.068741
0901cba6-462e-2ed0-32cd-895a9d49b1e3,0,0.346354,0.256815,0.448282
90dca00b-48c2-abca-6344-1ee2eedf3909,0,0.864059,0.806566,0.906445
439717c3-9b35-cac2-cc7f-ea7a9b661c9e,0,0.102229,0.073334,0.14078
8527f967-c8b8-4fac-1722-26c0a6269c5e,0,0.21374,0.158553,0.281704
feb47335-6b3a-1f8f-4d18-cf0807a4f12c,0,0.149925,0.090414,0.238341
25488236-b353-c622-07e7-9b5e1bfd9729,0,0.52805,0.419698,0.633823
845aca7a-414d-4861-2dba-0cc8bd846068,0,0.14677,0.103082,0.204745
58e05308-fd93-e9ee-e30f-7b379e6bd01f,0,0.236483,0.180604,0.303252
7a21acb2-1a72-5dc3-8b4e-2906f5b117cb,1,0.076749,0.0515,0.112904
211361fa-38ca-5383-c074-4459fe44b3bf,0,0.181455,0.12649,0.253376
c851fe29-5f39-a898-774c-a732272b01e9,1,0.078909,0.052116,0.117763
73d70ece-9a8c-3e76-9bb4-a51be6cef372,0,0.743448,0.6058,0.845305
94cf3c2e-647c-c186-4b72-a0c4a4d1339d,0,0.109727,0.080817,0.14732
055b2648-12d9-2b90-818b-758f4fcde3ca,0,0.159427,0.122259,0.205252
66094b2f-a23a-e37b-3897-2a1bc8792153,0,0.411459,0.334935,0.49252
9eae6641-878a-e8dd-1d2d-c992188b7c9e,0,0.097843,0.070262,0.134682
335e99f3-1048-d084-b77c-132a4989d5f5,0,0.151149,0.109895,0.204335
3eddf898-4f86-15c6-e04e-e0a94f9012ee,0,0.124104,0.081943,0.183619
38c20ffe-a3e5-bc1c-4479-496e0da80d0b,0,0.65064,0.52791,0.756199
da532e6d-ea7a-ce84-5b1f-e8043862efd7,1,0.06328,0.049353,0.080803
d2e7aefc-c41b-5886-e763-628c72fa1908,1,0.053149,0.036373,0.077044
12984ec5-015e-7c74-bae1-9e2c01fd2f2e,1,0.06589,0.050552,0.085463
e60f1941-2080-0ecd-b993-99cc471e7e34,0,0.547568,0.450069,0.641549
7ff15593-d8cc-d819-ebf2-6f12a7725b71,0,0.11868,0.088017,0.158172
295c18e3-4acd-c9eb-9eed-48c95ad38489,0,0.153595,0.111182,0.208394
543095c0-2871-20b0-582c-2f8815b422db,0,0.351071,0.260494,0.453815
16c0f59e-1147-d41e-55e8-7aab1b966eea,1,0.083363,0.05786,0.118691
1d5a0da9-2526-876d-264c-c22fd7d18492,0,0.293076,0.218999,0.380018
f4e48b52-88a3-896f-56e4-0ba84ef1f5cd,0,0.480448,0.34306,0.620858
8fb34133-e2ef-b73c-435d-2bc7b4ca0c0e,1,0.051685,0.03875,0.06863
209645d9-f5dc-aa30-d38a-cdba5f9ab200,1,0.083169,0.059145,0.11575
234aad32-9249-023d-0ec6-8fd4f5e13665,0,0.293076,0.226815,0.369445
de5556e2-db97-5e77-79d3-a589fc39502b,1,0.062663,0.049181,0.079532
76ca927e-1ae7-a302-e033-e87751d31d66,0,0.253504,0.194432,0.32332
7d1cbe15-039e-92ed-be0e-79ef27cfdb2e,0,0.488479,0.374015,0.604165
c3e5a7d5-c02f-c347-7963-7332751064cf,0,0.114532,0.082165,0.15746
05c9a0c8-86a8-dc02-5eea-5f911ef94c9c,0,0.293076,0.224418,0.372647
218b6e85-71b2-b954-1b88-d8a7b8a83cc6,0,0.306771,0.241284,0.381104
d81855d1-11c1-4e59-d51b-b1c79b19c9f9,0,0.23289,0.169463,0.311163
bd5d8b57-ba22-2f51-7cc5-3d64729ccf16,0,0.147731,0.108847,0.197428
4517f4f4-aaab-0dd4-539e-13584e00c983,0,0.363786,0.260836,0.480931
d69663a6-8303-aff4-04b1-fe36798d9a41,0,0.238103,0.187263,0.29769
7a398362-b623-6910-0d98-ea0d2831bcab,0,0.227291,0.174343,0.290658
c34408fc-d4a2-e505-1b79-a55f59e398ae,0,0.105808,0.076198,0.145119
8b7785b7-7091-d075-ca49-8e42459f6c42,0,0.197833,0.129472,0.290254
4b53a14e-32a7-15df-eb9b-89c8b0b66512,0,0.206414,0.142424,0.289451
2e2a3fd5-07f7-42fc-63ba-b2d341a75b05,0,0.162845,0.115705,0.224317
213b1a98-08b3-c420-812a-ac3eb83eb60b,0,0.144061,0.098069,0.20668
b432be6d-0eb7-6033-5033-aff59dee1acf,0,0.344713,0.245915,0.459041
91baab92-2d41-fa28-427a-9da10be3831f,0,0.114033,0.087391,0.147483
d77ce033-e31b-aaaa-e8b4-b42edd3b998e,0,0.338355,0.248186,0.442024
7e19b10d-46ba-98be-5a7f-6d6e955dd0c5,0,0.492992,0.39522,0.591302
625a37e3-ec23-6d18-7a7f-09ee5e9cdc86,0,0.44737,0.323511,0.578124
ab5738f5-e956-3319-5c07-bdadb7a5c778,0,0.153584,0.11318,0.205077
2011353a-036e-0d26-e0f0-9a982c267921,0,0.215655,0.159896,0.284277
297cd554-2be6-1e73-9d3b-abb8fb20530e,0,0.137935,0.091972,0.201765
484d7023-ffc9-7953-f006-600407b48267,0,0.114033,0.088329,0.146018
ddc6ffb7-464c-2b35-b194-e5090d9a1d4b,1,0.077534,0.054121,0.109897
130d9b7c-49d2-522d-bf20-1daab6118b73,0,0.262418,0.193236,0.345753
023c8f62-4966-c256-6083-f74b28c2c6b6,0,0.097843,0.070782,0.13376
49bc01ea-774c-53a9-94e4-e3c3a5a30f06,1,0.06328,0.048479,0.08221
560db54a-15e8-8046-5fe8-dd17df80c6d2,0,0.110195,0.082117,0.146342
5de2d706-4152-8362-b14d-20b9ca600d53,0,0.089588,0.066759,0.119225
417c0565-59bd-c58f-aef3-c9ba35f97068,0,0.312334,0.246704,0.386467
030aa717-4c5b-2808-948f-335088ad3f11,0,0.124666,0.090017,0.170158
50d51e9a-3b23-a275-f8a1-74f25f615616,0,0.431345,0.345631,0.521379
01125931-761a-6f12-f641-6370a2ea1d1e,0,0.316981,0.233393,0.414326
3daa5f22-c9f1-38e1-5e09-ffb50c546c58,0,0.122151,0.088696,0.165927
8d0d4d9c-11b6-e43a-e6c2-064b7281703d,0,0.097733,0.070926,0.133218
c34c0117-f9b5-bf32-d52b-d7fc29757530,0,0.222018,0.165025,0.291814
e62d938a-1b0d-4fdf-528a-dfeaa129fd96,1,0.044401,0.030097,0.065048
72cf10d7-2a2f-895d-541b-731c3930f6b6,0,0.414838,0.340964,0.49275
42baf373-feb8-7e7a-e8db-4dce046c70cd,0,0.220773,0.16841,0.283859
be71aa8d-93a9-1159-1376-53a2c94545c2,0,0.351071,0.261516,0.452502
74f3a3c4-3506-4589-14b1-3dc2823834d6,0,0.314658,0.231401,0.411819
a3de2640-86f5-fa59-ece6-23c9a1ff7182,0,0.097843,0.071126,0.133156
dc746720-2bdd-de6b-2432-751e6a62eca9,0,0.599664,0.49092,0.699403
6e3aa415-31e6-9154-8672-1af44425b05e,0,0.414838,0.333657,0.500922
1445a087-b2fd-8040-cfef-3e8a51ff2794,0,0.118231,0.08924,0.155036
3e155a39-4e93-a3a7-f735-9bb6cda1c986,0,0.11712,0.089707,0.151516
69c6fd0a-8c85-f054-985f-52f5c163d6cc,0,0.114581,0.085967,0.151143
5c52e635-9164-3040-2f79-c25055d4a6ae,0,0.135773,0.09459,0.191103
0a7edc8d-7ace-eb3f-1f70-d08e117aed06,1,0.062663,0.048728,0.080247
0a98e34e-24a5-4d26-5e4d-fa7d7f3cb412,0,0.199471,0.130002,0.293538
d37c13a9-e097-4f07-1d5b-96c9c02f3253,0,0.257417,0.185543,0.345329
28017742-5f58-e2a5-7f94-e0c854b7890e,0,0.234136,0.181702,0.296222
bd9df188-92cf-b696-6cda-60ba283c9db8,0,0.385933,0.295899,0.48451
baaf260f-b7ff-d258-dc45-0f33329a7e28,0,0.260549,0.202078,0.328963
06d01565-f67a-abde-b01b-5099f1caa0d1,0,0.318601,0.255271,0.389427
362b4706-3bab-b80a-aba0-68b6fb928321,1,0.069875,0.053369,0.090994
c4f77ecb-3ef3-c8a8-a0cc-199f0ee249e6,0,0.243328,0.192064,0.30314
901b2c9e-567c-c298-d009-81964bfdef9c,0,0.320924,0.2358,0.419894
21f45de7-29a9-6b66-6271-8ada03355cd5,0,0.218515,0.148179,0.310083
301e9437-6f49-371c-8284-5fa9de94cc12,0,0.956949,3.5e-05,1.0
c9eea9e0-7dd0-2292-5a9d-f5336c7fc4c0,0,0.432496,0.338573,0.531536
9874e1e8-4b82-039c-a9f3-8045d4f72a91,0,0.956949,5.8e-05,1.0
2c2f7c9e-2293-0b36-97a3-ce2b280bdbd8,0,0.255373,0.190626,0.333062
dc4ab920-9bbc-7304-cd04-b6b90d375cb9,0,0.547568,0.440358,0.65054
8b77cac0-706b-a22f-244e-df3583912c39,0,0.093789,0.066955,0.129881
259ac5c1-74c8-5370-5af3-b9a2a13b6f56,0,0.560592,0.417477,0.694294
7778cf00-6457-c090-e056-b55ba2a585af,0,0.66362,0.541034,0.767533
30480fbd-18bc-53f9-1ee8-e45c8e14a36f,0,0.118889,0.087235,0.160016
88660b53-d313-5a9b-aa88-9cfa3e3e4b1f,0,0.093925,0.071486,0.122479
db341ae0-d51c-604b-cfd7-1edbe84b51f2,0,0.175074,0.120025,0.24825
3c4362c6-5028-be15-ffa1-4c3b6683ec54,0,0.547568,0.446967,0.644427
50a0f689-7fb7-ddfe-e97f-83b8f150f7e3,0,0.6126,0.467208,0.740365
9beeb7af-a0f7-1c9e-82c7-0ee2698ddf9d,0,0.147479,0.098797,0.214442
6cf90e18-9e60-4390-2059-3f4323f97640,0,0.284944,0.211449,0.371935
a125d970-9783-3588-65aa-cf4fa7fee965,0,0.711325,0.606425,0.797597
d1ba17cf-e21b-3f9e-751b-247fcc72f698,0,0.495498,0.389329,0.602074
c1169915-9c37-b1ab-dcd8-ffee82ee88b2,0,0.815773,0.684428,0.900405
cf03f74e-4622-e507-7274-a764ffb62dba,0,0.368502,0.272196,0.47657
58e681b6-edd2-7e7f-caa7-507c1ef87768,0,0.206833,0.150578,0.277245
c571fa23-fac3-f50f-f07f-b97858fc0028,0,0.838267,0.78532,0.880148
f75fbfe9-e21c-c954-8cc7-81165a7ae4e7,0,0.109856,0.081952,0.145752
86714629-1548-7d53-3f48-4e8602dfa9c8,0,0.246459,0.195783,0.305273
e2808e6c-74b3-df5c-a815-beab1d29bcd7,0,0.547568,0.442374,0.648678
f6f135ed-12c0-1d7f-f1f1-d8035dcafa8f,0,0.153605,0.113091,0.205274
f293ac6d-e2e5-d056-eab9-3886fad31ed7,0,0.212777,0.150265,0.292348
2ce7a166-340b-0096-5844-195e8710eb4c,0,0.106067,0.076918,0.144532
6a3c2d3e-0204-8640-9976-520eed0625f9,0,0.298639,0.228252,0.380043
94af242d-b665-02b9-a59d-2a93ef40df3a,1,0.062663,0.048846,0.08006
4a786212-9381-e8f0-ade1-a58ec648ddd6,0,0.093789,0.071958,0.121378
31925eca-23ea-b24c-a215-2ef41a5a2632,0,0.656808,0.548151,0.751196
3980ba59-5732-06b6-12fd-2913fe7c9dd3,0,0.443868,0.327837,0.566363
8ea60748-f464-36dd-94d0-797b00b0e71e,0,0.58664,0.481741,0.684225
6a831de0-62d6-c6fa-4ac2-0c43ea28916c,0,0.151159,0.111185,0.202235
7e0d7f70-4c36-21bb-bfb8-08fbd038399b,0,0.232041,0.168539,0.310532
e6337a2e-c43e-40e9-a3f3-3e68a4c8e9a0,0,0.118889,0.081308,0.170616
942d1ef6-c55d-26c0-dde6-f1eb915d06b7,0,0.868965,0.799404,0.916911
08a8a183-5be2-4a83-60e8-b29fef4d6fb3,0,0.109856,0.073516,0.161037
14582af1-27d6-df71-0281-e98e4ab393df,0,0.493545,0.362761,0.625219
625edc73-bcf6-bcdb-cd86-624ee366da0e,0,0.11479,0.089975,0.145355
4c52e02d-4302-e701-18da-8471ca9cefbf,1,0.064515,0.049516,0.083658
12070db9-e2f3-92e7-0339-52dc99bf2e14,0,0.093518,0.072145,0.120401
1c0c75ee-9bdb-242e-7fca-20851268bc6b,1,0.079103,0.059812,0.103927
c0d75d81-62aa-c55e-5c2f-f2e08fe30940,1,0.056449,0.04156,0.076248
a5925f5d-8051-d426-e990-e93b5e4cbc57,1,0.07348,0.050421,0.105909
240281f1-1488-d00b-92fb-d5ea03abe018,0,0.226045,0.176861,0.284186
088972e4-d347-dc3d-1fcd-25a81525cdaf,0,0.529884,0.423151,0.633951
4786fbf9-3ad5-0467-2f8d-59611b12ca39,0,0.560592,0.455831,0.660219
e7142476-d33c-7b05-bbc1-0fe7414027a1,0,0.320924,0.25848,0.39051
294353ba-b52c-b8e0-2e49-ebb003f82a60,0,0.247495,0.176239,0.335817
39c0d491-b028-e81f-063c-01e4d44614db,0,0.357428,0.273323,0.45134
983726f7-5c59-6da2-4004-0e8b99a2440e,0,0.114033,0.087036,0.148046
3dc60f58-8fde-6846-066d-43eff4c52cee,0,0.180124,0.131927,0.24104
b2b17fe4-cdb9-6372-07d8-96750747d869,0,0.221473,0.152165,0.310778
61598aaf-1106-c2b4-fa17-d51ecc2262cf,0,0.257417,0.200597,0.323813
61ef8689-d6d0-de23-31b8-c9a68ca9971e,0,0.632352,0.466461,0.771887
dd57b793-3579-3d92-a8e2-e6a0d0bf62b9,1,0.083304,0.059632,0.115222
ac2d9b15-77ea-ee54-a9ef-dccb34ab4dc2,0,0.309094,0.244806,0.381731
bbfe34f1-db40-57ab-6fa0-0ddd4b4f773f,0,0.40808,0.313673,0.509796
11e72b49-95cc-86e3-057f-8be8eb8ef8ef,0,0.309094,0.239299,0.388842
1e1e36c1-8021-ae21-7588-d238d7d9dbf0,0,0.66362,0.547678,0.762719
687badd5-e68d-6ca4-6f0b-e9c7ff896365,0,0.368502,0.246513,0.509999
1d2025aa-89f3-d0f0-61ef-b030f77186fb,0,0.159437,0.113361,0.219603
ccd7e279-950c-2dee-dffd-63d93327ed29,0,0.110065,0.082105,0.146033
1d52faf7-735c-7664-1fba-1b541029fe83,0,0.327282,0.258754,0.404066
2291ff68-1088-af37-28a0-23975f237aaa,0,0.106067,0.075129,0.147711
0d6dbfce-e73d-42c1-c483-711377e5b4a7,0,0.222018,0.165375,0.291291
34d2d3f6-951e-c1b7-e2dd-03d1849ea85a,0,0.243328,0.190322,0.305525
0aa4d693-65b1-8e2c-475c-465ac4645d79,0,0.114999,0.089648,0.146368
b3fcc89a-ace3-f63d-8362-ada7aa093282,0,0.374859,0.282943,0.476782
32059434-a56f-8dbf-a6eb-2c4eeccb8a71,0,0.138208,0.08913,0.208137
598a319e-54d3-2d31-6412-acfa62416eda,0,0.66504,0.516316,0.786907
27d8c8dc-895f-6425-2290-3465a181bf43,0,0.099701,0.074733,0.131823
a0d021c1-08ce-418a-c47c-f9e7013086f9,0,0.224895,0.152335,0.319009
a871bd2c-2849-dfd1-ad43-02fe6af9899d,0,0.26868,0.186507,0.370567
22e7f312-a887-ef5b-b6d5-20f855d4043c,1,0.06589,0.048482,0.088963
98cd0ef9-5147-f71f-7396-9b1d795f0e1c,0,0.857611,0.772332,0.914483
fa161932-ac5e-93fa-8983-81c3c90b4088,0,0.411459,0.314556,0.515753
7274b7b1-c413-498d-335c-a2d0c4ee48b2,0,0.093888,0.07261,0.120589
bc892daa-66c9-cc22-83e8-3ab492b6ba33,1,0.065273,0.048209,0.087819
9a8579e6-9f0d-d739-c67b-2dfba2aeab18,0,0.200034,0.141185,0.275542
a98530e7-efd0-b32b-a229-a9c8a7be254c,0,0.114242,0.082255,0.156545
e56bd2c1-fe9f-aaac-179a-c2286d76c91b,1,0.083033,0.054935,0.123623
1b168097-75e8-125c-6888-0f4d139bafdb,0,0.316981,0.249731,0.392858
caa7fa0d-3c08-68c7-8d04-61451c7ece4d,0,0.298639,0.226402,0.382527
62c34e67-aba2-87c1-ef1a-75b88d95a2c6,0,0.12257,0.088931,0.166605
85c5a5a6-8d35-4512-2e42-c43c1f47d6e5,0,0.214204,0.137713,0.317536
79ed842e-5069-6e57-75a6-2c5763f24428,0,0.11479,0.088736,0.147257
7ce27b1b-703b-5a72-8a8e-fe7608ce27db,0,0.12257,0.090148,0.164542
d266e684-7474-4a79-8c08-97e3daabb605,0,0.114581,0.082402,0.157173
e4f01ff4-1ce9-e5b8-7911-f4abd79ae92d,0,0.385933,0.271532,0.514492
f609156f-71f5-0e73-c910-f82fcdc55e89,0,0.40808,0.336247,0.484068
64d1beb7-0d2c-7cc6-2a8d-f820ba2917dc,1,0.06589,0.049641,0.086971
0e3c292e-5d44-519b-102f-0739047fb26e,0,0.10189,0.07486,0.137233
ce2cf96e-e5c2-db9b-0003-c59678219972,0,0.523509,0.426969,0.618324
27d19c46-d011-52fc-ea72-08ea188b512d,0,0.691105,0.612363,0.760118
d7ca80b6-ce42-8f4e-280f-5c91f48a76c4,0,0.302583,0.225072,0.393241
152d81d8-c469-2725-4d09-ce4b0be7cfd5,0,0.265549,0.197301,0.347194
fad82450-8bdc-4078-b5dc-3544129a6a5b,0,0.672852,0.549175,0.776413
dea69655-1916-373d-96c9-3e3a866a892b,0,0.320924,0.239307,0.415184
f4ddb629-aed6-caba-5cb0-c5143ee6acf7,0,0.680489,0.569302,0.774349
df514dc0-3978-9837-f469-6ca795104877,0,0.093925,0.066342,0.131362
edac7735-2eab-65df-f900-5d66b7207e48,0,0.114371,0.082961,0.155656
b0b31d61-68ed-0aa8-bfe4-5442bb0725c2,0,0.691105,0.608155,0.763329
7eedc082-4cd0-14e0-9cc0-37600be1ba01,0,0.140495,0.095003,0.202887
3709f82e-b943-bcc8-4770-5ede3b7053b1,0,0.127864,0.084282,0.189324
b3e8e857-e9a6-d79d-09a6-0ed1555b964e,1,0.065273,0.049828,0.085076
7ce1a9c0-a3b0-751a-5d2d-48c7d940ec4a,0,0.379575,0.27745,0.493611
b6252ecb-fc33-3216-c19e-1ee38c4b1160,0,0.314658,0.230733,0.41273
f1c9ea16-2d1c-1ea2-0fb5-9e28f455f026,0,0.089723,0.067868,0.117727
a3bd75ed-6345-e484-4b12-0bbf00830729,0,0.089258,0.05932,0.132182
e3cf18b8-dfba-295e-50f7-e45c5aede71b,0,0.093925,0.071577,0.122331
d0eb50a3-5e1d-bf4b-6fe3-746052ce5677,0,0.14677,0.108685,0.195275
fa0cbe2f-da0c-e689-be55-5ecb4c54938f,1,0.051685,0.03824,0.069516
8e923b39-d1de-de8e-bb6e-7c7d35686584,0,0.668928,0.55688,0.764619
076e9d9d-b0ab-9109-068b-0dc92adf9bcd,0,0.459884,0.338771,0.585928
d5540b16-a8bf-d24f-525c-fd10a723a1cc,0,0.560592,0.453629,0.662209
3ced7f02-9f82-1241-ac1e-07dbd32e013d,0,0.320924,0.235165,0.420753
1f0ce994-3cfe-ce13-4abf-989f82bc27f9,0,0.118889,0.082147,0.169038
489c9e60-1801-fce6-64a5-888268e94aa4,0,0.320396,0.236357,0.417961
a2623fec-49ac-3e3a-70a5-a25f3773f4ff,1,0.062663,0.045269,0.086138
23509f61-9e3b-e672-c455-f40e11654a2d,0,0.235463,0.177481,0.305356
228203c0-5669-8f4c-ed64-c8cdf7f1c75e,1,0.079044,0.056156,0.110173
5c4f9d55-5607-14d9-5472-b56869750395,0,0.681317,0.575752,0.771059
3b0c35cc-6a5b-d022-8cc5-a1dc2b47e246,0,0.093925,0.071524,0.122417
dc6c8bbf-43b2-1db4-d2fa-c0a0d53c133e,0,0.357428,0.267117,0.459144
0b0be220-5f11-f20d-9e02-d8f025d18bb3,0,0.687217,0.604624,0.759421
5845be75-62f1-35e8-1e98-e12945d96ca6,0,0.507551,0.408079,0.606429
181cc4d6-d283-c2d9-e0ad-016753549b61,1,0.069875,0.053197,0.091277
1e04f5a0-4b00-9c18-6704-2cae230d7fdc,0,0.162865,0.116654,0.222766
d8c56dd6-e991-684b-edc4-226d0b4bf71f,0,0.165828,0.10848,0.245157
0df36f9a-aac9-6634-970b-72ca31c83714,1,0.076749,0.055859,0.104587
a49bdf28-b96c-6bdb-135a-8c999482928e,1,0.070799,0.051043,0.097418
7dc0607e-bf10-5fcc-2065-f770b45577ae,0,0.162865,0.125498,0.208704
9bd03b72-81ee-190d-6c60-f3bff75dfc6f,0,0.10202,0.068839,0.14864
391bad0d-b742-abcb-e9e4-cd62690c2dc3,0,0.320924,0.255897,0.393732
7ea4bdb9-368e-ff9c-c043-51566a7006e8,1,0.062663,0.048209,0.081082
9646fe42-4fe4-baa1-09f6-b420f1ee58e4,0,0.248024,0.193332,0.312199
5c527b57-2a2c-3c83-dd53-78208bd9f612,0,0.599664,0.49216,0.698359
7dc7ff64-7266-9ac7-db04-c6c076f028fd,1,0.072625,0.051314,0.101836
da5770c5-7651-d376-c3a3-e3e2668a68f7,0,0.114999,0.083089,0.157066
8acdc223-fc2d-394c-6262-3e3dce19948d,0,0.089529,0.066189,0.120043
b0f3ad1f-48c0-f4d0-9224-288cda4ca7ae,0,0.560592,0.450628,0.664913
524ed2f2-b5d0-7a0a-9acd-686b0c6f4388,1,0.075374,0.053843,0.104565
3c4399dc-3b77-11c2-b94a-907eefe4375a,0,0.173744,0.13092,0.226917
21864e48-5ca6-ae70-f825-113188ceaf86,0,0.105808,0.068953,0.158998
0983250b-9a08-4a44-9054-52c8c9e77a46,0,0.547568,0.438821,0.651956
1b3309c9-1767-6203-90a9-320ab8ae6633,0,0.093789,0.072644,0.120291
3be05f7e-a3cf-6237-68b2-ff9dd9d96963,0,0.215984,0.153055,0.295752
802f1c2f-ded0-7a1d-d92b-0e4ac3060f77,0,0.223002,0.160685,0.300826
605dbb19-2bb2-8dd0-f8d3-1b44db103e1a,0,0.320924,0.234171,0.422103
af20dd74-2110-3b19-a589-b06af7545174,0,0.150001,0.100431,0.218105
4d67c5ab-2d94-1a45-c4ef-6009d4ff2306,0,0.114451,0.081398,0.158609
2f543666-7387-3235-307d-4b38ebe1a0b6,0,0.713179,0.597979,0.806074
1553064c-5d8d-a820-a2a8-64150019850d,1,0.069875,0.053237,0.091211
05c1a4b9-c8ea-04bd-17b6-da9f164b11d8,0,0.297019,0.225479,0.380118
05b1a003-7781-ed6c-fe58-fbf039419962,0,0.093925,0.06657,0.130944
f9debad6-cc3e-4215-27b4-bee910f1e5ca,0,0.139453,0.093418,0.203093
668e9f4f-1f8d-2501-8c05-d7590eded5f5,1,0.083033,0.05411,0.125368
7b24d5c0-fb7f-b520-dd32-330344f174ef,0,0.320924,0.23988,0.414421
4a34221a-2ab7-09aa-ab1f-ffe103186848,0,0.243886,0.186319,0.31241
6e6b6cd6-7cbc-6e09-a6b6-30cbc1b22e78,0,0.106037,0.076628,0.14496
15c1763a-9777-695d-6202-e34af2170747,0,0.385933,0.290522,0.490994
da6832f0-2c7e-2064-1f4c-5aa68d3181b2,0,0.118889,0.083393,0.166746
48df6d2c-d4b3-31b9-732d-c6474e64aa96,0,0.302583,0.22877,0.388223
81f22d28-bf09-1483-3160-6292e7559f22,0,0.197442,0.128348,0.291301
7a54c43a-75d5-1dc2-cf74-f04b6d0c7b68,0,0.15603,0.118602,0.202554
d5f60f34-19f2-2edf-009b-4996cffeb048,0,0.320924,0.253761,0.396421
5a2d6667-1fbe-919b-2c6e-58b57356007b,1,0.057548,0.038739,0.084685
c7fdc823-82c7-e2db-08e8-4cfd3b174f47,0,0.105938,0.076466,0.144985
87e77e46-ab80-57e6-bfad-ef90fe76a0c0,0,0.091824,0.069858,0.119808
c32799a2-d8ca-dc5e-141d-0e291b4f464a,1,0.058659,0.044318,0.077265
ca57c159-e7a4-f8fa-a495-0877a674f796,0,0.822115,0.716214,0.894328
37245140-d045-4e96-7ff1-51f8b1b9c691,0,0.208111,0.137544,0.302198
69d754ef-a9d8-6c74-2763-db1628907474,0,0.296316,0.226017,0.377807
2eb7c849-ec91-f949-07c9-3e262645e081,1,0.037021,0.024905,0.054702
5b989b1e-d066-b227-f211-40d8c503821e,0,0.121219,0.083964,0.171903
48cbfb7a-4876-0eea-37e5-1475072b50d5,0,0.224895,0.166312,0.296768
441e5db8-4621-f86d-6b10-dec68277e431,0,0.294696,0.222784,0.378515
660c14a1-4361-2599-916c-bf0fb541319d,0,0.691105,0.61013,0.761827
e4e75122-d841-5f6e-80d5-2c8192f9dcf9,0,0.324958,0.252814,0.40649
c4ac3dcc-cc1d-5524-617c-ccd1285fc258,0,0.093789,0.065964,0.131696
1d4fbd11-6dd8-950c-1032-d5392b3260d2,0,0.24098,0.178553,0.316816
1726b30e-ea67-25f8-65a1-4fe18717b5e7,0,0.362144,0.233733,0.5138
f908a359-ca58-f55d-3beb-04e66cd34b44,0,0.560592,0.449404,0.666014
abab7883-e969-3a8d-a407-3f5dc0c92009,0,0.105679,0.070925,0.15463
8894ff2a-7948-9c87-a911-7bc266e9bbb1,0,0.788489,0.689094,0.862451
e61014e8-089a-d7e6-6f26-b3f76533a821,0,0.181455,0.113433,0.277499
8f4f8f05-a214-aafe-695f-02b8316d0efe,0,0.113983,0.088054,0.146324
eb6ac838-2c29-955a-d9ad-d4ae6c191e6a,0,0.222018,0.151374,0.313452
14c42189-8377-b1ac-db74-93c41740e772,0,0.560592,0.416744,0.694933
f63913bd-fad5-64ad-7f42-232818e0292d,0,0.316981,0.255322,0.385816
cfcf8470-aec1-f57a-c6f0-506423f86276,0,0.24411,0.180523,0.321313
0990b6d7-7bf5-8053-5fe4-a4dfc8c318ea,0,0.121941,0.091252,0.161122
f75bc0b0-a5ad-5b16-c209-45e285277fb0,0,0.132093,0.080465,0.209305
ebacc3e1-c94d-077f-9067-30006aa45af8,1,0.081009,0.051007,0.12631
68adb9b1-ae17-703a-c596-36ad81a6655c,1,0.07125,0.05488,0.092027
88bf6bf2-04f4-ad57-0964-824c0a9e8b27,0,0.733399,0.631842,0.815137
7011ee9e-a797-ca76-70fd-8a955efc5bb2,0,0.169246,0.122307,0.229489
c85dbc8c-fef2-1967-8dbf-de32c202fc58,0,0.113534,0.081159,0.156623
f535bb55-aa07-be66-c603-599eee2d9b3e,0,0.220585,0.149474,0.313073
d5c52fbd-6aa7-faa1-30b0-72b0e322e113,0,0.091418,0.064085,0.128803
22e391b5-5cdd-afb4-b53e-c36a0a0675f4,1,0.049849,0.038819,0.063805
e8105bdf-eb96-e44b-7731-09673ef622db,0,0.459326,0.334572,0.589395
a96973a4-2934-4848-46ef-39fb05f81514,0,0.10202,0.06867,0.148975
33e24021-0100-45fe-12e9-e98604ba06d9,0,0.110533,0.080998,0.149091
8a9d2d9b-dcda-446b-197b-381db0cece41,1,0.058275,0.043324,0.077964
446ba303-e563-ebd1-4f45-b9a95c7b0579,0,0.573616,0.458707,0.681091
891bf139-5468-03af-8520-7dec23a0abad,0,0.284944,0.198382,0.39086
929a1f05-c38f-6fec-c7bf-a0aac8c68e7a,0,0.40808,0.332089,0.488736
01ce943a-eedc-09b1-581c-34d2b1061897,0,0.093925,0.071932,0.12176
6a8ccfdd-cd42-9a0c-5894-dd3489d84249,0,0.547568,0.446035,0.645291
1fd2a8e1-a1a0-635d-d237-e38a577aacbf,0,0.093925,0.068001,0.12837
8496ab76-bde8-6d3a-2b52-6e36d46790f7,0,0.285053,0.185417,0.411202
7c5c947c-2ef5-3588-4235-f1754998a97d,0,0.105808,0.075067,0.147136
d9bc3065-68ee-974b-4c27-cbed0d3081fd,0,0.40808,0.313301,0.510228
3c244feb-86c1-47f5-80d4-c7d1c2f8665f,0,0.109856,0.074411,0.15928
8383b2bb-be5f-9dad-2d38-d9900ec1ee3c,0,0.411459,0.33198,0.495842
bce7dedb-020f-820e-71a4-f464e68705c1,0,0.180124,0.121135,0.259361
a0d2a16b-f002-d2f1-c56f-045eaab93cb5,0,0.683328,0.579072,0.771932
6ba34428-f6d1-1b80-3640-4637736ad410,0,0.738362,0.611759,0.834827
f4d8d68b-2631-2c5d-3d6d-929cff1fde6c,0,0.12625,0.085122,0.183269
44657d90-9876-0ed3-bbc6-d384f20c6bba,0,0.333639,0.263216,0.412359
e19cb701-d57b-f348-9ad8-a0971d1c2356,0,0.097597,0.071356,0.132115
0b5c573f-1673-597f-bfcd-866c8d11e0a8,0,0.422559,0.336543,0.513542
f9fde093-4a11-8ce1-aa3b-d320d6907c8f,1,0.081009,0.054913,0.117961
56593ed2-417c-42a5-4896-73e7b1d0940e,0,0.097843,0.067528,0.139728
1be50cde-1b28-95fb-f09c-a36f5d65efa6,0,0.52805,0.440213,0.614185
836dc599-0c35-3b72-3ae9-e8260c211048,0,0.153419,0.110628,0.208873
99c8fb98-f714-3c9b-fb3e-161a2207a60e,0,0.219859,0.155611,0.301173
8550a996-4e0f-b31f-337d-43bb8f017280,1,0.06328,0.048326,0.082461
41b1471a-113b-abc7-6930-b33799088eb1,0,0.097733,0.071038,0.133022
6513b0aa-a353-e5ab-d17f-02dfe82025e9,0,0.162855,0.120648,0.216198
e43db7a4-3d18-e01e-fd4b-8b53aeb0b6ad,0,0.09767,0.072323,0.130649
6d629823-6f29-a98a-96f2-80c70c5633c0,0,0.111474,0.076362,0.159936
a7e1d8d7-79df-b948-3355-c287d1d0151d,0,0.737887,0.642026,0.815456
21fac800-7e80-3d94-105f-cff4a866cbbc,1,0.052412,0.039042,0.070026
ae26f1c3-b3f7-a5a4-1bdc-cb8045abb0b5,1,0.0601,0.043453,0.082575
65a10fd7-b74c-b28f-1588-611abb2dd71e,0,0.298639,0.214112,0.39957
2ca0ffb6-b207-6dfc-afa1-ca496670496d,0,0.254286,0.197491,0.320884
3d85e100-6f5e-f993-7a9d-a30c95ab9214,0,0.10189,0.075559,0.136047
7ccd8ebf-68e8-8403-062c-11999e56b03e,1,0.062663,0.049211,0.079485
4bf3dbe4-d29e-002c-e657-be52f9dbf258,0,0.230795,0.177596,0.29423
80fc186c-1f5c-ca95-e01d-6863717cf291,0,0.302828,0.235006,0.380487
437dfcae-90d6-9c72-6ce0-b141dd5a4b9e,1,0.049849,0.039064,0.063415
1d6db2fc-724a-85fd-f699-f9936c07e789,1,0.069875,0.049406,0.097949
f1f5c89c-62fb-5fc8-9dbd-cd23555c074e,0,0.641443,0.529892,0.739536
89342da9-31a6-8f45-c703-64385609141c,0,0.097733,0.072276,0.13089
284eb7e0-b646-c98d-5f39-b8ca7428b489,1,0.070633,0.053852,0.092134
65cf8da9-4b3c-1c1a-84ae-aee75f237c3f,1,0.051323,0.039647,0.066201
4f9523af-ed95-e68b-8557-5328c310edf5,0,0.105679,0.07771,0.142163
845cef95-0fe6-6c59-5d63-d1ca803e76b3,0,0.093925,0.065608,0.132727
2c2a283f-7457-7d0c-eab5-87ebbb4f66eb,0,0.727476,0.541435,0.857855
bb6e6f24-6566-6aa4-1872-8fc43164474b,0,0.680489,0.591981,0.757657
41e4f739-eb85-0783-75ce-61cc36dc5a12,0,0.121219,0.082503,0.174645
3aea1281-8aba-b646-014a-47d32b75276d,0,0.40808,0.334777,0.485715
c1772081-07f5-9eaf-7fa0-c07044ad460a,0,0.529884,0.419714,0.637216
fb964b2f-decb-87b1-8f51-33879cc7defe,0,0.652095,0.501343,0.777499
6b49e164-2373-8b19-b6a5-fbef615f0fe1,0,0.215371,0.158667,0.285466
bb4c9c40-d4fe-79ad-0b5a-c579a76f1e80,0,0.999999,0.999998,0.999999
0229ccc4-b156-dd2a-55e0-06cbee6ebda2,1,0.069257,0.053221,0.089669
3d08b7ce-fe23-7422-c445-c366254e98bb,0,0.195837,0.137472,0.271191
816bc1d4-ae6d-5d36-43c8-37877954d3cd,0,0.534544,0.424961,0.640892
ad847741-cd4a-fdc3-8d58-8c60d335a1fd,0,0.300259,0.2275,0.3847
939ad126-0fb8-63be-0a53-f4d209b3a0c9,0,0.414838,0.337314,0.496821
1b4e5bfb-15f4-c50f-ef06-44db9ce6b76a,0,0.599664,0.515846,0.678028
00d24e7d-3c28-d20b-78ea-35d0c1f2ea99,0,0.797227,0.680632,0.878833
663660a5-a0a1-b993-731c-b240ace53224,0,0.466565,0.347832,0.589212
24349812-0c32-0e70-ccac-3fd3f6ea8619,1,0.050586,0.039445,0.064662
32c494e5-5139-f511-1f79-de12b824c8cf,0,0.184417,0.125845,0.262077
c0c20a0a-6e31-a906-37a6-0c613de6510b,0,0.114661,0.083194,0.156005
bf7b9af4-0433-36d5-da62-06e130599e96,0,0.306771,0.242211,0.379912
07d82d75-4595-1c97-1d85-cd04bba97316,1,0.085405,0.060529,0.119207
c1e7c58c-f5ac-8eb0-658c-5daaa030e0cb,0,0.40808,0.312931,0.510658
a9900947-71b4-8c5a-46b7-f7edd72c5421,0,0.153584,0.102146,0.224451
2ba457a4-5248-eb66-1315-bf425d377be5,0,0.339997,0.245816,0.44879
992de6de-88cb-bc53-fc61-3fc009f4510e,0,0.425456,0.324201,0.533375
8177ad81-966f-b98e-0bdc-532c099ec547,0,0.138208,0.098525,0.190498
68b9f145-ed6d-1ff3-d013-090d852f5bd8,1,0.062663,0.045716,0.08533
d5220046-25b8-f8ef-edb9-db7316bda8f7,0,0.662201,0.551401,0.757661
7ac4132f-41cf-1962-c8d8-e467eb0075fa,0,0.105938,0.07558,0.146555
816a4791-c844-2ced-2e0d-54e687c5500c,1,0.07125,0.050825,0.099026
e2121cb6-bae2-e35e-7897-4e27ca0c50a8,1,0.049849,0.038508,0.064306
f9b1464d-befa-1f50-5aaa-5e43e1aa6bed,0,0.167353,0.12578,0.21922
d0a47d18-51b9-d587-675f-d9433af41f98,0,0.089529,0.058049,0.135624
cdeea427-293d-d5e8-106d-3daff8e0ccfe,0,0.298639,0.224487,0.385122
ed04a57c-4d30-331c-0201-c9c7e1c46d46,0,0.114581,0.08825,0.147497
f284b960-2763-9b7a-fc60-4a1a12c7f41b,1,0.079103,0.05532,0.111898
0990e7b1-fcce-8aa7-67dd-2c2fbbbd761a,0,0.280756,0.190763,0.392606
4c15d28a-8fae-41c4-fed7-516c1a56cd12,0,0.448699,0.356093,0.545005
d0569f3d-6049-c28c-5c0b-9f3a2afe1e58,0,0.093925,0.06661,0.13087
0c912956-b2cc-66a2-45b7-71a0fd56cc1b,1,0.062663,0.048898,0.079977
4be6b360-9e13-9c6b-ee59-6a6a34dcc49a,0,0.658228,0.517496,0.775703
483f4514-aa72-3da1-7c4f-d09dbbc3beee,0,0.599536,0.474631,0.712719
990000c7-e00c-84a7-0425-383ccd5b4bf3,0,0.182017,0.132455,0.244889
75186dc5-be76-03a4-aa01-af90dab8c315,0,0.436752,0.307517,0.575187
a1fbfe35-6b92-dc74-d977-34d8eef2c2fb,0,0.815773,0.69192,0.89723
1831f8cb-9442-9da8-0fa8-cc4489064f71,0,0.101761,0.067335,0.15094
755ee92d-e80c-4843-acf7-89e46c86240b,1,0.076943,0.057191,0.102775
47bd14c9-cea7-0f03-72d5-559ac10dece9,1,0.067265,0.051235,0.087846
afd23b0b-b409-adeb-3d18-c2aed3690bf3,0,0.093789,0.073219,0.119395
1197808b-e62d-49b8-aa36-6fad3e220fe3,0,0.12625,0.090992,0.172576
e3bcbdd1-d876-8007-f724-086be0c75281,0,0.093925,0.07379,0.118848
fce4a51f-4db0-67c8-80e8-6628415d0ad3,0,0.201665,0.140359,0.280997
aa2b6332-8fe0-8d28-0d9d-c997399774e1,0,0.314658,0.244128,0.394918
9aacc36a-14f4-431b-bc30-778828134ad1,0,0.46798,0.36226,0.576654
258d71f3-7bcf-aa04-826c-5f04cef2cb9b,0,0.15603,0.106696,0.222493
6011bc5b-1037-fa8f-72d8-0730b13044a5,0,0.312334,0.230642,0.407631
f2e4472e-cf6d-597f-936e-17cb5ee49e36,0,0.40808,0.334075,0.486503
ec98a3af-cf2a-574a-4430-bb0e076ec3f3,0,0.11479,0.08889,0.147019
3e4dbf79-d3e7-b090-9141-062ce6ed684d,1,0.085192,0.058535,0.122412
b05e37b7-1ace-1f41-1f6b-a06efd6be1ef,1,0.072034,0.052231,0.098564
afce5cc3-2792-08d8-fb4d-c69ac69c2b43,0,0.106018,0.077963,0.142606
6aa86336-d68c-de0d-f339-5b47065883e9,0,0.560592,0.441327,0.673248
7dd40e32-f293-a1cf-2c15-0e64beb68a04,0,0.11487,0.081325,0.159845
0e40c121-b516-db48-035e-f6e83e204ee6,0,0.297019,0.222285,0.384458
4c8bd9db-8318-dd22-0008-dbe3d580660f,1,0.062663,0.049233,0.079451
95b06ba3-3687-970e-7124-57412e80d115,0,0.24411,0.178332,0.324566
17f35e3a-ccd2-3b85-ea38-58c8c20a63ba,0,0.113903,0.08696,0.147843
602fefba-40ae-a40f-8ff6-8fe577a4a402,1,0.06864,0.051882,0.090295
90b70d97-1988-7af0-c07f-fae647641433,1,0.045367,0.032695,0.062632
885dc15b-d993-9ae2-c34d-343976f67198,0,0.250372,0.181608,0.33453
d4cfcd1b-0104-e620-9404-b291dfd14645,0,0.093925,0.072797,0.120388
217f681c-9e68-9398-c677-9e043d4e54af,0,0.202989,0.142374,0.280957
701e8c70-6056-d98f-511b-505ab368afca,1,0.060111,0.042068,0.085205
4b4e200f-1f18-2d63-0fe8-befe8b4fe4c6,0,0.346354,0.255585,0.449879
0d6c26e1-052f-e0a4-82b2-35a836e1df16,0,0.091787,0.064696,0.128661
6f85e21b-66d2-001f-7376-1e4385b98dd2,0,0.238886,0.182902,0.305596
078e88d6-7685-5c5f-433f-60a1da294618,0,0.612644,0.510596,0.705679
6af50881-ed95-cfd2-ab15-bce45f0fe4ff,1,0.06328,0.049409,0.080716
683d24aa-81fc-2504-3266-23db0e17b374,0,0.492527,0.356706,0.629461
5703ca18-dd29-3d98-f29b-70abd1ad0727,1,0.07125,0.050007,0.100561
89eb75ac-4d92-1156-1845-3d198a2a495a,0,0.134109,0.093381,0.188899
a3a6be92-0741-3d2a-c083-0544286f59bf,1,0.080874,0.056295,0.114877
0c46f912-2245-cade-1327-b7447d750d71,0,0.245676,0.193972,0.305932
ca856923-eff0-dfb5-e336-cacba23319ff,1,0.088019,0.060884,0.125629
1e6c5396-3e60-5d11-3885-2f61643f53e1,0,0.790884,0.653943,0.883306
1599328b-1842-f722-48d6-0e788df816a8,0,0.243328,0.187949,0.308818
c6935106-2b69-2764-ba69-11c3d98e602d,1,0.087293,0.06262,0.120439
47df8741-f657-11aa-070c-3800b0c04aef,0,0.40808,0.313236,0.510304
6c313d26-e13d-46ea-37b3-de261cd36dc1,0,0.397007,0.315862,0.484243
02d80025-36d4-6cb3-f59a-dea7d01683de,0,0.40808,0.310114,0.51394
e65f2657-725a-1ca9-2d6d-191f4e3063e1,0,0.261636,0.190477,0.347952
bf0d324e-e75c-8d9a-b1ae-cf95f80e49e6,0,0.914965,0.857929,0.950427
d2045d18-e600-7050-3da4-a52ea297f4c7,0,0.190992,0.148436,0.242277
ef92cab7-0389-dd9b-48f4-25170c6f1ed7,0,0.306771,0.241943,0.380256
0b587efd-bd25-4e7c-0d5e-2c9fee510676,0,0.534544,0.457491,0.609984
48219e83-84d6-e3d4-fd0a-4f5bc1c2f427,0,0.10189,0.072635,0.141136
db2041e4-b0c5-d439-c8d6-e484a1bde61e,0,0.639939,0.524244,0.74138
e7f8f3ee-2bb8-f066-1232-6f2c8dccaac6,0,0.58664,0.48596,0.680563
f6c556a8-e632-fe23-b943-99a28232b6fe,0,0.599664,0.502317,0.689732
acc646f8-7337-470d-de4d-cd50ff5dfd5f,0,0.187273,0.123527,0.273644
d074d793-a93b-5a54-2f88-211f579b3ec5,1,0.058648,0.043484,0.078665
b71555d9-bae8-b082-57b2-9fb7e27a3468,0,0.093925,0.071815,0.121947
d8a085e3-afe7-1c54-c6fa-30d555dc30ed,0,0.110114,0.080336,0.149141
99072dd0-50c3-5d3b-d89e-bf15e3131fd2,1,0.056822,0.04071,0.078787
76fd33ba-bb7b-a74f-df96-c2b54f0a6583,0,0.320924,0.237991,0.416944
4cfc2e62-4cd3-5e52-552b-6f00fb0fa5af,0,0.320924,0.256244,0.393298
cc0ab6f7-e4a9-0f87-ab17-0fce2205d7da,0,0.320924,0.240918,0.413042
63a33296-ee8d-6cea-6b65-0cb42bd56cea,1,0.062663,0.048221,0.081062
ceb1300d-275c-4f7a-f040-428b496195b6,0,0.122231,0.083236,0.175987
7fe8286a-258d-651f-7ffc-3558690b9d9c,0,0.313038,0.228787,0.411749
597d5fc6-9366-19f5-c895-e695e8932db3,0,0.097572,0.073655,0.12818
02e311ff-72eb-9adb-0a01-6446f4e36ace,0,0.159272,0.113789,0.218452
dc72d6b8-0c13-70b5-ebc0-4cecc25a0bfd,1,0.071417,0.05212,0.097126
6c6f3ad4-99cf-2d05-b890-e72f10f12b6b,1,0.071417,0.048208,0.104571
9ac1a8c9-b7fd-f284-1c5a-4e85459b33fa,0,0.15602,0.109242,0.217927
84a917dd-bfad-2ad3-90c0-7273e6bbd0d4,0,0.109597,0.080066,0.148266
c7d49629-dadf-8f9f-0cbb-f1cd2daed63b,0,0.150177,0.110338,0.201148
f36413b8-fb26-f0c8-65ca-41860a22ddf6,0,0.316981,0.236841,0.40968
d0e8bc54-7d80-7066-930c-a88f83f19226,0,0.435875,0.324939,0.553623
5627be68-0c9e-1673-004b-95af5e7208f7,0,0.224414,0.173751,0.284757
df6eab89-c623-dc8d-acab-0c68b002e817,0,0.132366,0.096137,0.179535
76068a8f-7440-59c2-ea17-884b4520ff4d,0,0.310714,0.244035,0.386302
c5b8ecdf-1075-f5c9-48e6-85b16a9a5a4c,0,0.114999,0.081897,0.159162
57f9a160-32b5-95ba-a580-7fac971a17cf,0,0.547568,0.415861,0.672935
d5be443f-7436-f523-4451-d6eb5206ff3c,0,0.297019,0.213015,0.397422
c53bbba9-4d37-08ca-415e-fae903798ae0,1,0.069875,0.053423,0.090906
2e2caa2e-9bac-44d0-fb64-f31686a8a7ae,0,0.18923,0.133095,0.261889
1c7ef2c7-9282-9aa9-e032-545644ccd681,0,0.157002,0.107224,0.224089
70eb7cd9-9bff-62c4-a1b7-bb182bcd009e,0,0.61256,0.512713,0.703768
c1c0794c-e1ce-1fac-810f-bd15264369c3,0,0.101761,0.066997,0.151633
fdcfe0e5-ef3f-b47b-b529-66a7ae53660d,0,0.147249,0.098741,0.213931
81f65fee-bfcf-1607-2f36-1359d173f555,0,0.245676,0.177792,0.329106
79ebb037-3eb1-1c91-1346-c99d6939e8da,1,0.067882,0.051159,0.089556
1f223e46-a0aa-bb6a-86c1-f0c5b13ee70e,0,0.175637,0.125165,0.240857
93ecd81c-2679-b55f-3974-fafe59d261bf,0,0.114581,0.080851,0.159933
32835b03-bc24-eb8d-ee8b-09a98842e184,1,0.062663,0.047787,0.081773
01d596ce-c6bb-a583-1761-11d2f7ed4f43,0,0.247241,0.193476,0.310201
5d038852-307a-b918-d8f8-a9c6d14b4b00,0,0.242799,0.187542,0.308162
6f3bb9bc-e1bc-1d68-7370-2fa290f32b2f,0,0.971299,0.000158,1.0
e1b555c6-c46c-06c7-77c3-d50f7e5e3630,0,0.1466,0.106406,0.198603
621c5b74-3d78-0570-1996-6e5ea237428d,0,0.095783,0.067654,0.133927
e69c1865-29c4-c3b8-db1c-7a7807b5ddea,0,0.470093,0.372998,0.569507
9f76b1b1-f9d4-47ae-a658-67de66e93c89,0,0.171505,0.128043,0.225898
df91803b-920d-2338-d3ff-562df44baa47,0,0.487866,0.383414,0.59339
fb46ab39-db4f-f5f7-6919-27790ef34e46,1,0.083169,0.059338,0.115396
0dbd2b2d-18dd-e585-9efe-c74388ed3169,0,0.106147,0.077522,0.143696
452e83ba-8b74-7eae-ad47-d4360f6b68b3,1,0.054259,0.040971,0.071536
f662cb64-ea33-8ac0-0ef6-8718d6944d8c,1,0.085405,0.060997,0.118349
f19b3bbe-701a-dac1-4b49-21c79b1c565f,0,0.259287,0.188334,0.34559
c4d5f509-97b2-af80-8105-8ebe912ace4f,0,0.40808,0.310804,0.513134
664135b2-2271-e5e4-8b0f-f6282e034193,0,0.62554,0.481548,0.750279
1f6b0912-fa05-e88b-32f6-2bd77adafab3,0,0.424587,0.345033,0.508251
2ceebe11-6d3f-fd1b-3e8b-ebfa0c7b754c,0,0.379575,0.276656,0.494602
58505f2b-c9cf-ba21-66ae-eca9b4ed94eb,0,0.654424,0.54598,0.748879
973b6140-a6aa-89c0-7772-0d3c93d418c0,0,0.316981,0.235666,0.411257
83d5f710-36c8-ccd7-cc6e-21366ac393c7,1,0.057537,0.040752,0.080655
0f50a0aa-6402-8388-cfe3-71fcd471923a,0,0.091824,0.069939,0.119676
e5630f75-7f51-b65f-7b88-7aa95819e122,0,0.293076,0.207301,0.396586
9b711420-7a0b-3aec-20af-3f84ccf2a7ae,1,0.070633,0.052661,0.094129
8ef07a27-0fb8-3ba9-aada-02cbab9351f1,0,0.237573,0.182498,0.303107
7bdfade1-b339-138f-0e2e-8c98aa3e9e8e,1,0.076943,0.058591,0.100431
aa17a932-67b4-16a7-ea17-817af98e6b75,0,0.293076,0.221236,0.376952
07e7efeb-cfd4-ed28-b773-c8b662f2d5f7,0,0.838267,0.784959,0.880373
4b4b374d-14c5-9a5d-fb23-1634e14b76ba,0,0.204964,0.139063,0.29152
b44a54b0-a047-e755-a45b-1612d2323e10,0,0.145296,0.104979,0.197676
3bd2d15b-635c-a1a6-eb5d-a5db9b18ebf6,0,0.162865,0.125009,0.209441
8905cc7f-7108-ebf6-7936-33b725068892,0,0.414838,0.333108,0.50154
3ee9b139-a04d-8723-48f1-b9303e1832f8,0,0.338355,0.225734,0.47285
7e375987-5527-ab5b-9247-bd6c2e363143,0,0.242545,0.189529,0.304814
d13e4ff1-9a55-7f7e-fed6-a9f5ca6dfde5,0,0.140644,0.099848,0.194506
a78815ba-4eaa-c28a-ba2f-7228d83a0c0d,0,0.234136,0.162808,0.324597
cf589f47-01a0-ccb2-6f30-e8659095917a,0,0.327282,0.240735,0.427427
e0ba5521-fd07-632c-f74f-1f30da90d00c,1,0.079103,0.059629,0.104232
e36814c4-4d0b-4a58-4d6f-7273af9538be,0,0.11847,0.089301,0.155541
fe2397f6-498c-7404-d714-f11975ae974f,0,0.257417,0.205173,0.317648
b9d3625f-3508-9d09-2728-8682520ade8a,1,0.069257,0.04832,0.09833
f6de93b3-e6f4-ae63-fb16-99df4b13ee22,1,0.060837,0.046708,0.078888
90972fef-81c7-45ad-edcd-af6462178675,0,0.534544,0.425501,0.640383
bff1bbe7-cdd4-cd79-129d-1865a157e248,0,0.167363,0.124285,0.221594
794c9a84-09c2-4fdf-522c-8d079a6a1476,0,0.414838,0.339222,0.49469
a8bcc817-a81a-ed9a-3ea3-c4289fc4ee89,1,0.085134,0.059621,0.120169
8057fd4b-3615-7105-0c59-ed8e7b069f95,0,0.240755,0.173158,0.324387
7476d123-2184-2c27-e531-b72c8b2fe72c,0,0.706241,0.594786,0.797477
0afcd077-bfb9-5460-38b2-32239c32ceb7,0,0.534544,0.43152,0.634704
fe205dd5-394f-7b0e-ca89-ff0ee0ab6e35,0,0.097843,0.066609,0.141503
1f1485e4-7223-c9e1-25a6-a80dd2bb7076,0,0.336032,0.238714,0.449594
425b2ba5-c2f3-5a69-3330-6ab7f245ac72,0,0.101559,0.074879,0.136343
f515e95a-ba9b-ed1c-a162-890ad61f39dc,0,0.318601,0.249287,0.396995
658d61da-7732-4b8d-9bc0-7941ab40b86a,0,0.109826,0.075842,0.156459
98c824c7-f588-73c6-4a60-5d8197463ab0,0,0.162876,0.120225,0.216926
2531aecc-0a08-27e7-90cb-247fab100c5c,0,0.093925,0.07119,0.122959
c1054a5e-db37-a5d8-6e30-7ebf40725682,0,0.118341,0.080421,0.170821
5fec7510-cf6d-7ead-f8d5-3dadcc01aa6e,0,0.421209,0.327564,0.520887
d1082d7c-90af-8360-e86c-04625e8b6344,0,0.278432,0.208864,0.36061
ee77659a-c88e-2da9-fedf-63888cab84b3,0,0.162855,0.126785,0.206758
8cb83adb-8db0-fc0c-0aae-3d49137f0bce,0,0.411459,0.314852,0.51541
a4b92d08-4a57-2a1f-4e2a-61f0ab1d810f,0,0.434033,0.339896,0.533183
7e7aea27-9e85-393f-cc19-595589943e91,0,0.091516,0.068235,0.121702
2238bbf6-131e-31ba-59a0-9f8a09a7d8ff,0,0.444464,0.361722,0.530404
68ddcf49-4ddd-6fb0-7783-414f2e52e454,0,0.327282,0.255317,0.408406
174758b9-56fe-6f68-743d-ac8fb10266c1,0,0.467351,0.326927,0.613144
832443bb-56c6-0e0d-de35-354e812aaa34,0,0.15604,0.117437,0.204395
d91ccf11-c50e-b471-f2e6-c2777c5a9075,1,0.062663,0.048631,0.080401
7a53de81-f87d-f6c9-4078-01412fa4e800,0,0.390649,0.298272,0.491594
697d0799-489d-8d25-33e7-94f47c6c0e93,0,0.106276,0.07723,0.144537
c2c4203e-4e2e-54f7-5f5a-fac158f8ebac,1,0.062663,0.045548,0.085632
54f1dcf2-369c-b326-914f-b0d4df495007,0,0.312334,0.244746,0.388975
3a4a0160-15f2-129f-6e25-713325e28e1f,0,0.293076,0.208683,0.39458
5e152c15-5fbc-d568-6d4c-cba17ee4669b,0,0.875413,0.822197,0.914361
c0b56a5e-6a67-2074-e6a6-d377ea836f5a,0,0.390649,0.292627,0.498372
71e4a070-57da-53b7-4b5d-90dc2d6b78cc,0,0.114033,0.083286,0.15422
02745e7b-918d-c501-0dda-572e9fae6085,0,0.333639,0.265654,0.409325
03a76098-f237-bf71-5339-3441b48c3607,0,0.26868,0.187287,0.369371
56609e06-8e61-09b9-fc43-3b832c593227,0,0.134801,0.090334,0.196431
203dbd92-e298-d284-2cfc-cd76c6346fad,0,0.113875,0.079518,0.160488
a1203b43-f4d4-4dd0-6a0f-a5d64ce308b5,0,0.435687,0.354835,0.52011
c0db519d-1e0d-c9e5-9894-73accdb37a99,0,0.118003,0.087831,0.156757
cb919865-c0ac-0160-24df-285f0509bdc6,0,0.397007,0.316289,0.483749
59d38fff-ff65-9ac6-4468-fea830db5d6d,0,0.114322,0.086467,0.149681
7112b5a9-587c-96b9-f599-713ba581a8a4,0,0.097843,0.066078,0.142546
95a4a30a-eef7-525f-005e-9f3412c8e0cc,0,0.114999,0.089294,0.146912
3178eede-f5d5-359b-8b07-3664d9b1a612,1,0.064655,0.048247,0.086139
e90e04c7-ecf2-1f1b-91cd-52f1139f1379,0,0.093789,0.072528,0.120474
773637b7-2a96-3e73-f021-3aa2f2fcb100,0,0.316981,0.247589,0.395595
a1d17e53-c67f-cc74-1efa-3b434978bece,0,0.40808,0.329589,0.491558
23ad6b06-9054-f085-2b95-67f0072303cd,0,0.24411,0.188859,0.309361
75a8a3fb-b565-933b-d37b-6bf130c3bb47,0,0.269767,0.200909,0.351836
e6354694-e4cb-56df-0aec-523509396574,0,0.338355,0.225689,0.472914
ff63a2d2-9f44-1b24-9035-2e045dfe1727,1,0.081068,0.058233,0.111794
65c9f00e-7487-6ada-2751-a6f054ccfd06,0,0.300259,0.227413,0.384818
2ffb4809-c14e-69dc-61b6-3990168e0b18,0,0.439735,0.353097,0.530208
c4f5fcba-c387-7faa-9b06-618ef621658e,0,0.162865,0.114865,0.225807
ad5e2c73-8f71-cc7a-da54-b397675a0a01,0,0.273681,0.197825,0.365375
e6def0d5-3011-c78f-5313-94e111eca121,0,0.316981,0.234945,0.412227
b59dff5d-8dc5-0aa7-e30a-84ee6c67a670,0,0.40808,0.331456,0.48945
b2b642c4-1e5a-9e3f-1050-b970e13aca44,0,0.298639,0.223085,0.387034
9d541bbc-035d-ef1c-1b5b-2a98bb9d65a6,1,0.058648,0.044267,0.077322
dc4e29b2-81b5-1ac3-9649-b3d27e8b88e5,1,0.062663,0.049003,0.079812
e1ad67c3-cbd3-e8cd-3dd1-ea3a51c90e75,0,0.123864,0.089471,0.169022
1a8e672c-3657-b73a-574a-669ea16e6c63,1,0.081793,0.050412,0.130034
e1aeed03-3706-9fc2-704b-8110732ff3eb,0,0.521556,0.411745,0.629323
ef2d76d1-7790-059e-11f9-9f017c5b1533,1,0.083857,0.056255,0.123233
7512a471-8586-08af-8b1b-730c1780af7e,0,0.487466,0.386896,0.589061
561f8b62-e0b8-9090-ed11-fce828798dcb,0,0.433364,0.327107,0.546124
ca35fbd4-e3ef-819a-fabc-5b7c3ff68793,0,0.106037,0.078897,0.141082
1bb16f29-bab3-86b7-2551-cfc706151922,1,0.056085,0.041639,0.075149
e9cff3e5-e805-bc69-46a8-3cdfc49fada3,0,0.308391,0.247578,0.376665
834e472c-57dd-554a-92e4-56af171558d5,0,0.110195,0.075079,0.158913
d9220b4d-d7b0-0f1b-b54d-70db5cbe808c,0,0.320924,0.255145,0.394676
b9ee0035-8d78-672a-459d-9e4cbc7b6c9e,0,0.691105,0.615474,0.757717
4bfbbb05-dfad-95e1-f768-0a822c367983,0,0.114581,0.087996,0.147895
c127ffba-0495-d666-6d1e-e14a5e55e79b,0,0.093925,0.072823,0.120348
3c68787d-b810-1088-3f56-21f70b3c3c70,0,0.320924,0.257518,0.391706
77c0e539-bbac-0489-e875-518030f61a4d,0,0.385933,0.27391,0.511496
1fe10f43-23bd-63cd-125d-677f415377d0,0,0.113664,0.082086,0.155333
ad5d18ab-bc8b-41c4-b732-d5c7a6aeccae,0,0.175637,0.128876,0.23479
69ea5b24-1c29-7f77-c251-d13fb1bfbc60,0,0.371389,0.270481,0.484919
320d5ba9-25b0-10fe-ccee-d2df3bff0c69,0,0.113903,0.088921,0.144789
b0ee8853-0a0f-e597-7ccc-65b679c95644,1,0.07125,0.05499,0.09185
4eda98d3-0db8-27c4-b241-30169d03ade3,0,0.411459,0.314718,0.515565
fca5c5ec-37a9-3521-79eb-f9268fd490c5,1,0.085195,0.058816,0.121873
f42e4421-3adf-e58b-bd66-4bce8517ea07,1,0.066648,0.050506,0.087474
9a8fe9b7-3e2b-1b2f-e116-47cd5b6fdf4d,0,0.612601,0.505716,0.709643
6e4c26eb-e4ab-0b45-4a78-ec9bd32028c2,0,0.40808,0.329287,0.491901
231fb59e-4b5f-2a06-2a74-c2c3adb765a1,0,0.333639,0.256096,0.421363
32c28060-b868-f0b4-b504-ba543587b697,1,0.069875,0.048041,0.100582
fe25ca18-6032-7e7f-c8fa-f6ab12a61721,1,0.081009,0.050894,0.126568
9725885e-35f2-2a8b-f935-4b9323ef34f7,1,0.069875,0.049009,0.098702
000a7d0a-aaec-7b1e-677f-4f3f061bc8a3,0,0.137077,0.094444,0.194816
eeb67136-a45c-d218-00a0-1ff337b1655b,0,0.188397,0.128455,0.267719
e71dbfe1-1f20-4a28-0fb7-dcda03531854,0,0.207484,0.138896,0.29821
e9bbb0ce-4e71-fa06-09c7-980be4f3b6c7,0,0.257417,0.186985,0.343182
efd79bab-d8db-76d1-682f-02b0072be1d3,0,0.135564,0.097179,0.185986
d7cf3371-87ef-62ce-2702-3cc77bf498dd,0,0.178362,0.126242,0.245943
4a283b32-a617-a812-3a80-e32d3802d7c1,0,0.147742,0.10866,0.19776
d7ca1b03-7ce1-0a81-9a6b-fa87c3ca54cd,0,0.110195,0.078549,0.152479
ceac74af-07b5-aded-2acf-cc5dc9cff197,0,0.242545,0.18931,0.305116
5c0803ad-e6a2-4fbb-fa07-0064d37c4701,0,0.34239,0.255743,0.440998
839571da-3fee-f806-fedd-febdcc3e8043,0,0.691105,0.619415,0.75464
105bb34e-3c19-8b41-3a23-5ebec9fd1761,0,0.118889,0.087249,0.159992
6f24e8b1-c105-6d62-ebbf-20ca501e6142,1,0.054975,0.040224,0.074713
b4530bae-def6-655a-f29b-eff63b0887b8,0,0.181632,0.136194,0.23805
e367e07c-aaaa-2b45-5a5b-d2c7128a600f,0,0.237558,0.171505,0.319248
af6e0d17-3c62-f937-dee5-72a7fec293c4,0,0.40808,0.330177,0.490894
d60dba5e-cdbd-6624-2db7-e38d62b476c5,1,0.054975,0.039236,0.076523
ca6da780-0559-33cc-f2cc-339a136b231b,0,0.173744,0.129567,0.229019
d04421eb-d879-658c-963a-9c6659a738e4,0,0.40808,0.330644,0.490366
5b9c8bcb-d550-f2f8-6cc6-dc417ec20a8f,0,0.132366,0.099135,0.174576
d3f2ffb3-9f39-8382-4fc3-eb7de9df2d3e,0,0.114033,0.088091,0.146387
4fe65bba-502c-8bb3-a0ac-37d556447a7c,0,0.234918,0.167122,0.319662
902e1efb-0081-8602-8804-cfd9d03e53ba,0,0.870507,0.826349,0.90473
0e42b283-4876-2a1c-a7d5-94084471055f,0,0.194216,0.140664,0.261939
a1ab22c0-df5b-b2af-60c6-3c83157bd6a3,0,0.091824,0.063994,0.130074
ed3352d0-effc-8fb6-2160-0d442281262a,0,0.294696,0.231981,0.36628
7dda81de-db6e-8f6e-051e-dddccf74a906,0,0.320924,0.242783,0.410579
c3369210-c9f0-611b-87f7-6a51eec57226,0,0.207905,0.143114,0.29203
e8aa282b-c01a-86e2-ed06-3949c2ad750a,0,0.534544,0.452081,0.615161
1a589ef7-58d7-19e4-18e7-3bbdb01afb43,0,0.24411,0.177343,0.326051
3a517bc4-9096-5833-43d3-95ac8bf85951,1,0.07125,0.053799,0.093801
142587e2-4dea-67e6-fde1-41695ae8cda4,0,0.333639,0.241736,0.440199
e35aef06-dfc3-01d9-021a-ff399d441468,0,0.243328,0.187899,0.308888
c79783f4-a54d-4c4a-1611-5ed62afc0eb8,0,0.368502,0.273089,0.475446
b0032ab0-ba41-483e-3900-604092263f88,0,0.351071,0.260252,0.454126
94034c56-4fa1-b6ba-7466-8e54c5d41915,0,0.512507,0.400762,0.623016
7f2f223b-5bec-eb11-e696-14c30598eb3d,1,0.072792,0.053228,0.098797
d7312590-b5cd-d073-e873-c59a171dfa06,0,0.097733,0.071966,0.131418
3d3ec40f-d9ad-60e7-72b9-2dcc5d2b67d7,0,0.101761,0.073072,0.140012
a1df80d2-394e-cd92-fcc3-02deea3c8141,0,0.425456,0.328055,0.529008
266caa9f-ee66-1b56-49fb-c253898dccba,0,0.10189,0.067044,0.151898
afd98249-f8b0-e1a5-7344-6e84db017622,1,0.060837,0.046764,0.078796
62d91869-8b03-97d5-82b8-c0f69e565dd9,0,0.534544,0.430714,0.635465
bcb38ad9-74a0-37ab-b3fb-dc2efab2c5be,0,0.573616,0.459602,0.680308
1cc26cf9-4701-2ea9-e6e8-72b216c9463a,0,0.128685,0.085904,0.188381
47d51f5e-5eae-c46d-08cd-42c6ec7469e0,1,0.06328,0.045841,0.086752
8af43b8a-c553-db96-40c8-3bbb8f0e4c30,0,0.956949,2.5e-05,1.0
5fce9732-eb5b-6e07-243d-81d9d37930a2,0,0.141636,0.096213,0.203672
c83721b0-8653-6ed6-dcab-30f4ab3c2bcc,0,0.40808,0.33512,0.48533
e8e7ea41-1dcf-3e8f-69d8-4f26e6542caa,0,0.267169,0.199102,0.348385
03cb35b5-0ab6-f97e-d208-9d915057edf9,1,0.046642,0.028519,0.075387
17365b51-7afb-3591-a7dc-1fc5f4c603af,0,0.495991,0.382066,0.610334
587240d3-b755-9823-0653-b64ec0175ba2,0,0.097843,0.071375,0.132723
25648023-e0b2-1263-56a8-6d9e4c30903f,0,0.169246,0.115062,0.241968
e989e0b8-e002-9345-6ab3-ce331d149006,0,0.188012,0.126704,0.26982
62bd722c-5117-6c3c-a5ee-8c3b31995d37,0,0.21805,0.152519,0.301714
384777b9-91d9-6b6f-88b8-bfc554618847,0,0.110404,0.081033,0.148699
cc1315d7-2e2a-2eb2-6b59-6bed81ba06cc,0,0.093925,0.067654,0.128986
3c5bb1a1-f8ce-2f14-56a3-e5d997d34601,1,0.083169,0.059775,0.114602
726585d9-baf1-1127-b6e6-e0fbbed05c17,0,0.097972,0.071739,0.132429
ecf19f55-6cef-ca6a-a106-33b3800c59c8,0,0.320924,0.255196,0.394612
71da9455-e632-9244-435e-878d768ab90c,0,0.193927,0.14346,0.256826
f61e34d1-3917-c27e-119a-98202ad79d85,0,0.534544,0.454957,0.612411
dd448c5d-6e03-c4e3-3466-152a62a9b738,0,0.234918,0.180516,0.299718
52221e22-5052-29be-480a-2ca2bece511f,0,0.58664,0.45495,0.707004
3e30163f-cc63-5dc7-01af-c51f22339dcd,0,0.92825,0.899185,0.949407
a8130a26-e665-5fed-588a-b85174479425,1,0.066507,0.047642,0.09212
48f742a1-53a7-c215-98e8-2d9d88fd6311,0,0.131674,0.094079,0.181286
05ab9e46-cb0e-8bf7-7c5c-b1ca8a4a0b19,1,0.067882,0.051401,0.089152
472a2124-7556-4f91-3e51-f741e898c7bc,0,0.23834,0.185792,0.30027
033a16ca-3f21-73a8-d395-5ec3006827da,1,0.064515,0.048808,0.084826
00324320-0227-1240-e1e9-95e17f523bf1,0,0.242545,0.176457,0.323657
c5773e86-fe6d-136d-2f18-41f34bcc4c4f,0,0.253504,0.180604,0.343494
03f9fd8f-9d5b-cbde-207d-5883b09a3c86,0,0.105679,0.070272,0.155934
62e426ab-32c7-5367-6ecb-825b817b5096,0,0.435687,0.328618,0.549109
1f177f81-4e1f-0138-0244-cd834a0ede97,1,0.069875,0.052185,0.092972
2990fb5d-8f76-74e3-7288-bae5b29934e1,1,0.073382,0.049346,0.107797
c928768d-faff-6ff1-d6d2-313a1800bce5,0,0.327282,0.253894,0.410218
7f2479ee-4949-eff0-69f7-75adfd1e6cf0,0,0.162865,0.117962,0.220586
49eb7609-a823-7c22-a8c4-479f730519aa,1,0.064655,0.049578,0.083914
31b2f57a-56c0-f8b3-1090-465633d882f9,0,0.24959,0.190994,0.319072
1d23fc4c-d050-a1b9-85b1-84f543f00f2c,0,0.24098,0.191313,0.298779
6aaa79df-9ab6-e903-2f7e-31bcbb91bcf3,0,0.234681,0.182213,0.296774
81bea202-02b4-f31a-4cad-9a5da8befb0c,0,0.238886,0.177422,0.313526
15b176ef-c6fc-4953-3716-2bfb93c188e3,0,0.318601,0.257044,0.387216
204fd6fb-db47-81a8-e76d-6c461aef299f,0,0.864059,0.80597,0.906769
10f6b2a1-5f11-8af7-6c4d-97db5902991c,0,0.312334,0.247388,0.385595
39c6cfd1-e620-0783-21ab-c9633f542e07,0,0.114371,0.086262,0.150135
0ebff984-c25a-4cb4-fbea-a1c15e5da722,0,0.534544,0.424605,0.641227
80ff4f8b-ffc4-f2d9-6991-3e0496f80936,0,0.838267,0.773276,0.887342
5a5edd2d-5dff-b4c8-182f-744a5f6a9e48,1,0.059012,0.042994,0.080494
fd53ed8f-b565-dd16-283a-fa913162874c,0,0.144051,0.100636,0.201989
f051c113-8159-3da5-a3fc-fdb89b929fb9,0,0.506533,0.397645,0.614804
8124e45f-1ed3-dd91-98db-88816ac92ed6,0,0.838267,0.767909,0.890342
b1ac70c8-01ec-315f-ff48-11cb8aa1ae49,1,0.078909,0.056974,0.108319
77cdb417-b0c1-e9bc-a2bb-cafc03ab736d,0,0.181821,0.114519,0.276334
94245bd3-e4c8-f4d8-18a8-9f4b5aab0649,0,0.247241,0.179295,0.330565
6e5db1e0-f072-8483-07bd-afc94e2d32a1,0,0.415319,0.31446,0.52381
c9001814-6e2d-2f99-5734-ccc83de5d1d7,0,0.12236,0.090413,0.163565
c93f2327-1785-3067-76f3-f38eb3e34b5e,1,0.052412,0.038382,0.071191
0c2c790d-9ccc-6034-c3ea-3de89742c4ad,1,0.06328,0.049076,0.081245
77ab388c-5154-2624-a016-16cf5362fff8,1,0.062663,0.047686,0.081939
2bec4e11-4e33-9ca8-0765-f62cfb5efd1d,0,0.093518,0.07085,0.122483
467ff011-3fc1-4542-cab3-9a9c0898ae58,0,0.131121,0.087119,0.192655
8f81d359-5451-10f0-5893-03a913a0a78f,1,0.06328,0.04868,0.081883
39af61dc-4a68-5963-5aa2-37c9204292a2,0,0.313038,0.247625,0.386845
97c733f9-ef03-e4df-1bd1-10fa96a14f31,0,0.282651,0.183948,0.407846
d4733405-7755-37c5-56a1-0bcfe428a561,0,0.122151,0.088073,0.166999
9dbdb804-9d54-a56c-3dd8-b88739934b84,0,0.397007,0.291297,0.513294
72dec0ef-bfb3-172e-2242-94ae7b92e8fb,0,0.573616,0.474479,0.667171
fb583c41-8454-1324-97b5-ee58e799548d,0,0.19056,0.127993,0.274099
2f48649d-8477-44b0-46cc-1edee3c97d90,1,0.063898,0.045229,0.089549
2c67f82f-0d04-2987-53d2-84776cb2e715,0,0.297019,0.223074,0.383381
f3528070-122a-3395-7da2-37b68acd9a68,0,0.306771,0.226758,0.400398
c9789588-b82d-cd27-01b1-84be0ea650be,0,0.301208,0.223818,0.391848
ba82bb10-9f5a-c9fb-07ed-e81ec17aa264,0,0.838267,0.784981,0.88036
a53af557-cb9a-39a5-ddcf-f79b23092057,0,0.309094,0.22665,0.405792
b4b4215d-a1d2-5d27-64ef-3c716d738eb0,0,0.47049,0.376192,0.566942
cef48272-1100-0f69-39b0-14fe3cb17fc7,0,0.091787,0.070387,0.118862
84a53f36-ae63-3fb7-0c67-6b0782ccf29d,1,0.056822,0.042718,0.075217
533b1743-8e38-9467-e30a-6b5005089e6c,0,0.825822,0.734872,0.890233
69205e1f-3418-a0f9-3e10-87a06d714fd7,0,0.114581,0.087831,0.148153
ef1053b1-5efb-c276-1577-d8e24a11b199,0,0.114581,0.088759,0.146705
65e931b2-ff3e-5c7c-80c8-b3eaafc97497,1,0.07551,0.053072,0.106367
e8a732d0-80a5-83c1-5d0e-08e6f3182c89,0,0.257722,0.186794,0.344182
839020ca-274a-0cb5-58e3-49a84e95da0e,0,0.293076,0.226427,0.369961
928530e3-8e2a-d181-fb94-c5aca4ca031d,0,0.52805,0.422388,0.631258
54bdcdff-1e03-bc76-80be-5856d59a3d68,0,0.110404,0.081643,0.147668
7ab2bd51-0c99-66ac-571e-7ffabbb10ad9,1,0.06589,0.049876,0.086576
b8345d63-45df-505d-f7d0-a64290201e49,0,0.397007,0.288191,0.517063
2c4324aa-56ca-e4dd-eefe-14aaab598ffd,0,0.9426,0.000565,0.999998
cd4d5f6b-4a4e-4bdb-4ea2-b9a2eaa1ceef,0,0.093925,0.066563,0.130956
7f91b52c-3058-61f1-1132-87be0ae958f6,0,0.630932,0.51121,0.736448
c916e384-28d6-9154-633b-3fdc1bbf286b,0,0.40808,0.315165,0.508067
f5d67857-1659-6b38-70a0-ce1cce1512e6,0,0.201541,0.130181,0.298591
375c9a31-3a2a-096b-b841-c2579b543d7a,0,0.481985,0.345977,0.620717
8ab00487-c5a4-fdd5-1647-7f4ea0b92dd1,1,0.067265,0.046054,0.09725
bf35ff30-1665-e55a-b55f-57602500a347,0,0.397007,0.287628,0.517749
7e412831-2cc7-cc2a-661a-216f35e01a34,0,0.132571,0.089842,0.191349
9963932b-6af9-b85a-24ea-73bc7ee6eb22,0,0.302583,0.224212,0.39442
abd9cd11-08e8-74d4-59c6-fd684dfd20f2,1,0.078909,0.055857,0.110362
ed76cc84-2de7-6056-15d2-7833844caa19,0,0.203456,0.124928,0.313652
4af1e426-7b42-c3c4-bc12-70baaefeed91,0,0.691105,0.611394,0.760861
93bbf37d-6d8c-29c6-e5b7-c87666e0f682,0,0.114242,0.081707,0.15751
b96fd457-f353-200e-6ca3-701a73957a94,0,0.273681,0.20721,0.352007
1fd02047-9a2f-fb71-b39e-2211c05209b2,0,0.599664,0.490569,0.699698
aff60521-ce27-8ac3-c8c8-35222c54d076,0,0.668928,0.546326,0.772213
14544b93-c4a9-e791-da26-f89619c1c5d4,0,0.316278,0.253576,0.386457
71c67f8e-c2b1-9325-62f3-366abe8794ac,0,0.414838,0.342345,0.491215
006051a0-59b1-1c06-7c2e-a194fd852af7,0,0.236313,0.168813,0.320398
bd465f7d-12f1-9622-cfd9-194bb632765a,0,0.698044,0.609903,0.77366
0f480532-3068-3d95-b761-6cd3ed298f5b,0,0.875413,0.819783,0.915638
6cd78d34-8c27-4a1a-e051-d89579b97380,0,0.956949,3.4e-05,1.0
da94e402-a583-5e8e-6806-22be603a36ea,0,0.091824,0.068114,0.122701
846794f4-c884-7bb7-0886-3deab99e0c15,0,0.10189,0.069718,0.14657
e865d103-9641-9db4-0ff7-8e77ed40ceaa,0,0.304448,0.223709,0.399337
5c3540a3-3156-5801-bc85-8124e568a2fc,0,0.224612,0.169906,0.290762
69f964f7-6dc7-a414-f3da-3f1f9971f945,0,0.245676,0.176209,0.331509
d64c8e7a-92ae-ea1d-0497-9800e6026485,1,0.054985,0.037533,0.07988
664636f9-0683-8f00-0cd5-e2d44b26520e,0,0.411459,0.314695,0.515592
fdafe90d-b3a2-ad18-6ae8-9101097b4ded,0,0.470613,0.354482,0.590016
feb24632-9217-4d2c-37fe-fcb21cf6b0dd,0,0.156992,0.115149,0.210423
a7c4809b-164a-d446-1ee5-10f2e6a8a3ce,0,0.40808,0.330013,0.491079
8a463bb1-af24-b92c-ce95-30a616b7d35b,1,0.085328,0.060848,0.118415
2157863c-4c40-71fa-e09b-ce63201ede0c,0,0.912433,0.844592,0.952331
c4f45ddc-f785-7b52-e9e4-0cb47cada452,0,0.182524,0.124993,0.258708
010a8595-beb0-9d8a-d27e-065b91668a6a,0,0.185277,0.12826,0.260079
3ffe9bf3-8911-d419-238a-d8cfac3b77bf,0,0.105679,0.076102,0.144949
5e734f3b-abdc-cea3-3f9a-da231c016cb3,1,0.069875,0.052645,0.092195
86d5cad5-fd62-ec73-3e0b-a0f4560fe3ff,0,0.320924,0.238443,0.416339
df943ab3-8138-67a0-0048-0c53d84dfcba,0,0.309094,0.241303,0.386235
f2688e2e-313f-af44-cc27-cf6a97a4b9ba,0,0.573616,0.442743,0.694932
ab0a0bd8-4a8d-4771-06f1-a5f2918acf46,0,0.146759,0.102293,0.206117
b2b02492-98a9-6974-85f9-1234adff1db8,0,0.368502,0.248265,0.507646
b525eb8e-f643-caba-0827-b9217d0f05a2,0,0.167363,0.118594,0.230934
2e0936e0-e8d1-0ceb-2369-f2098355cc93,0,0.192323,0.128164,0.278345
0e8568aa-8460-2ab6-9c94-e3f2e13f29fd,0,0.534544,0.426103,0.639815
5f457e24-e74b-9536-f9b0-a72aa697dc5d,0,0.281813,0.191986,0.393216
541a30d9-4adf-c039-0920-197182e989f7,0,0.193653,0.126574,0.284694
2d4a6aa0-d9ff-241b-4941-6b956c98ff51,0,0.10189,0.073014,0.140457
22ccca29-c53b-fae3-b6ae-62dbabd6f60b,0,0.58664,0.487925,0.678851
d13c1095-5cb3-c432-7ce9-678d202e7ada,0,0.091824,0.070717,0.118429
864eca99-31cd-2d10-a3c0-385f49883de2,1,0.087527,0.059058,0.127855
7b66bbc0-37a9-678e-1db3-958deb831037,0,0.617952,0.490824,0.730752
fd185017-e028-b296-b2a3-138aa6566ecd,0,0.473187,0.351212,0.598449
c2459d10-42a1-0358-3f85-22ed5f86999f,0,0.612644,0.508163,0.707697
24a608b4-eb99-dcdc-d133-be37958cc8b1,1,0.054975,0.04045,0.074311
d4952313-6fc8-f73d-51ac-89d7b87bb6d5,0,0.415319,0.314049,0.524287
f8bec73e-5670-add5-0435-77d3b15e25df,0,0.124795,0.080386,0.188705
f6b49ae5-263c-090c-469a-c7c34428cb34,1,0.067882,0.046943,0.09721
4f433a00-e6f9-728f-35eb-297dc2ed3a63,0,0.248024,0.180457,0.330681
d935df67-82a4-5244-0a6b-91dd9662a1db,0,0.113903,0.080978,0.157915
a6bcb9bd-7f9d-4fa8-15b9-57825101e635,0,0.698044,0.587286,0.789721
e9d05dbc-1191-4adb-2cde-319d70fb1b53,0,0.265549,0.199715,0.343763
3bc931fd-7a40-d323-2ed0-c0149a6451c0,0,0.534544,0.446985,0.620025
4965c15f-95d4-0b54-59bd-640676ada433,0,0.182007,0.130622,0.247843
cae4db29-9b17-a059-253e-fbe74be48b86,0,0.093925,0.068569,0.127375
1fa71609-a269-9d39-eef5-8699983c16d8,0,0.864059,0.809472,0.904844
f8e5bb94-a88c-29d4-801e-efe1fcd5186e,1,0.087293,0.058624,0.128074
4d671ab9-19ef-e1ba-986c-1a57f2d652ff,0,0.162834,0.114979,0.225532
8e5a7a1f-1466-8646-2d66-63659f40f148,0,0.844715,0.776248,0.895063
9ff0c8c3-b196-7dd9-a7f0-f71ae3945b2e,0,0.169256,0.113889,0.244125
a92d83f4-a612-22a2-8013-8552a1530aab,1,0.06864,0.05254,0.089209
7de6722b-9b77-1dd5-5680-a377577a8194,1,0.054975,0.040453,0.074306
3e0e1ee7-c777-e2ef-1df1-9bfcb2d38da4,0,0.144334,0.108269,0.189856
cfa6f436-02a4-449b-4cc4-2883b8e19fba,0,0.114242,0.088844,0.145739
6874b642-65de-2a18-2d95-a7269c4e6534,0,0.323338,0.244919,0.413128
a04dec84-6c9c-46ab-ac63-281d34351f4d,0,0.113774,0.088804,0.14465
5cf78458-19db-40bf-4047-abd7af516ab1,1,0.081068,0.055351,0.11725
6a477106-b768-56f2-b618-b7db5ad0a808,1,0.081203,0.060115,0.108834
8c1995ac-34df-1f01-97f3-e3f072b1c67a,0,0.224895,0.155586,0.313613
f52cb45f-1d55-ab4f-52ee-5bd9db96bf0f,0,0.093518,0.066276,0.130395
b59b1e00-2dd3-0d10-6ae3-ad5925031aaf,0,0.838267,0.766933,0.890874
83099373-33a2-29a9-8a32-0223774da571,0,0.105679,0.073959,0.148817
7315b3d1-f86d-7e1a-8a22-de9148b88a54,0,0.103619,0.075264,0.141027
7d9bba49-ca3f-738e-6453-47ff45064e46,1,0.083169,0.059783,0.114587
671b0efa-60d4-6adf-5d4c-7616583e2e73,0,0.320924,0.240089,0.414142
c76df13a-dade-7f71-9eba-0c24461b7934,1,0.072625,0.052578,0.099512
58d4c351-0bf7-3e65-9fc6-60deac68e8ab,0,0.24098,0.185914,0.306221
f9378b82-78cc-9467-fd4c-1bfafb6544e6,0,0.093925,0.067518,0.129228
4544716d-44bc-084a-0572-c8a2ef76ded9,0,0.444464,0.345444,0.548099
8ca33bd4-fcde-f94a-19bc-7c3ffb3fda8e,0,0.312334,0.247869,0.384985
aabdce95-a309-7674-dedf-2f4f43be38ef,0,0.542908,0.437218,0.644871
d1bc401b-3057-8b46-8835-f805c6b069bd,0,0.397007,0.315161,0.485053
f1bc5f6b-c143-d44e-9ac1-546f852c4231,0,0.165828,0.111893,0.238771
620af363-e70f-3606-c211-a423ef19c0d7,0,0.12257,0.083821,0.175793
d3153ec7-5204-a53c-27e1-b1a6987812cf,1,0.0601,0.043554,0.08239
97e5731c-f33f-e1de-14c3-544d4c084f9f,1,0.062663,0.04818,0.081129
78a3aa0d-8d4e-d53f-dddc-8f0a0b414464,0,0.118052,0.088385,0.155972
dbf57518-6e64-11d2-08b9-a8c9b6822b10,0,0.294451,0.199274,0.411712
5565b3cc-e2ec-b43f-b51d-0c174560684a,0,0.222018,0.150088,0.315619
04589bd4-4842-3206-4828-942be9d79a9f,1,0.071417,0.051773,0.097745
75213520-29b1-9d06-0ba5-66ee9978bc9f,1,0.06328,0.049402,0.080726
d1c78fe7-fa9b-963c-2def-e5bffa20f84e,0,0.318601,0.243444,0.404554
ab4101bd-9344-df91-64ba-79be64e45d47,1,0.033814,0.024308,0.046859
8587732e-6761-2530-a723-b4c9993eb508,0,0.357428,0.247167,0.485177
6839be14-95f4-8d01-6216-76c9d527a36c,0,0.114242,0.088941,0.14559
3db3a167-c2ff-f860-f456-4035cabdc397,1,0.079791,0.055112,0.114185
1fde1b6c-6beb-1edb-cd98-4c2a16e79103,0,0.421209,0.338862,0.508185
6f2c5874-49f8-ec13-44ad-79f1244ebad1,0,0.093925,0.066698,0.130709
1dbaf804-13d5-a0c5-c892-a2395ee441e7,0,0.300963,0.207651,0.414281
e9918451-7bf5-2a86-d781-4ca1f3d730a4,1,0.069875,0.053154,0.091347
731bf447-27de-0d6f-0d28-743d7c6133df,0,0.176706,0.10809,0.275428
715742df-4efb-9739-60fc-c7ebe249b77b,0,0.40808,0.332464,0.488314
ba2ebab3-047b-7315-094d-6839b6413145,0,0.429985,0.320456,0.546826
0543be7d-48f3-1ff1-6854-d44fb3236321,0,0.093925,0.073491,0.119308
2ec5d0d0-4c5a-3cc5-c85b-a6df06b5b1fd,0,0.106018,0.076229,0.145613
f211a8d0-179e-1c70-bc37-9257c8c35186,0,0.415319,0.332659,0.503037
85ae0e38-005e-b3e2-d5a9-d82aa5c1ed8e,0,0.11712,0.089677,0.151563
bd990e1d-2138-1d15-ab28-1dffcfe698d0,0,0.113983,0.088966,0.144917
285be0de-e46b-0155-5b83-a9619ef2c300,0,0.138208,0.098767,0.190078
e7b04bb2-0a4c-7c2b-939e-885c60693920,0,0.273681,0.188763,0.378955
7663e9e1-d58d-64c0-11aa-359a1e763986,0,0.144051,0.100194,0.202779
a74650e5-df98-ceec-f9e2-8995d47c2fe1,1,0.075374,0.048906,0.114443
0de71177-c763-039d-8efb-e3b930baed63,0,0.418698,0.315968,0.528998
8ed8c2dd-79b2-7d4b-aa0a-ba676beaa957,0,0.159437,0.111108,0.223504
5b4ac103-9c0c-835d-6b81-2853f8cf8262,0,0.344713,0.250123,0.453444
d4d386be-b6ad-644d-6eca-aa7e38849504,0,0.534544,0.448383,0.618693
25968064-5e86-088f-a9e2-f1c038caa9d5,1,0.064655,0.048791,0.085216
3d958b54-9f6d-bf5a-0160-e80db2c6014a,0,0.189775,0.136643,0.257407
0db07958-1e7a-4444-7ef9-b29a2bcbcb6e,0,0.138219,0.09154,0.203371
84be4242-2429-2a0d-13d8-619f73c7aad1,1,0.052412,0.039187,0.069776
79687264-2040-cd40-cfb4-94d0f884e710,0,0.238115,0.171404,0.320738
8d9d2013-5c4e-973f-db56-42a602c62a08,1,0.057548,0.039595,0.08294
09c8d123-fb75-24fd-2c33-d67c2a3e009d,1,0.050586,0.039122,0.065181
6afb8c2b-8b7f-b047-4ff9-26966ecf6de2,0,0.117922,0.088794,0.154981
06cc358b-aca6-e168-86a8-3cb0d622107a,0,0.132366,0.090305,0.189926
ef11f123-d28e-d8ce-7ce9-e941bb4ab412,0,0.397007,0.290002,0.514862
f9788c07-f3a6-87b3-27fe-f626b044eef7,0,0.101761,0.070606,0.144525
00ff101c-eae0-6e12-3726-fac9617223c7,0,0.136963,0.091876,0.199321
65230a9e-99dc-a6b9-26d8-bd1f7633b02b,0,0.838267,0.783669,0.881174
fa2d10f7-18d5-bcf9-1999-45ab28f85882,0,0.097843,0.074078,0.128176
d963422e-b6a5-7978-cd77-db1954f5ef5e,0,0.093925,0.071496,0.122462
bcd6969b-a6cf-292d-c143-920fbba79a94,0,0.093925,0.071517,0.122428
37d886df-8015-ba39-b402-0c2e596d2c11,0,0.691105,0.610299,0.761698
4b9feaf5-408e-0080-7a5b-fab851a15db1,0,0.534544,0.447187,0.619833
8fd23b1d-0772-8c46-90bd-14621f414de2,0,0.411459,0.329803,0.498301
aeba4e5d-f77f-4539-6e58-70dad8289c48,0,0.141461,0.090838,0.213665
10bd26c8-0792-c5d6-418d-434f0e34953c,0,0.130742,0.091248,0.183871
5af0a90e-eec8-0c82-ce57-3151e6c8eb1c,0,0.333639,0.262168,0.413671
2efb0395-704b-6eb4-5a24-33bac7123492,0,0.215655,0.160129,0.283924
f6b561e3-9822-f236-b976-55fb0b27c5bd,0,0.541074,0.439418,0.639424
9e448687-eba0-c331-9c7e-15d34f003abc,0,0.118261,0.083154,0.165515
6dc2817a-3987-5b46-50b5-7b6723dc9126,0,0.898829,0.82297,0.944379
21d8602d-6800-40bc-c053-008fdce3a42a,0,0.357428,0.245993,0.486756
cb13e685-cb6a-eb6a-74a8-7a26047c86ec,0,0.11847,0.083048,0.166262
21e19844-3ac8-36c1-dbf5-ddf5c37efdd3,0,0.397007,0.303184,0.499068
3aaaa667-5b7a-8688-ebe7-a86438c61c03,0,0.318601,0.257206,0.387015
7d328c1d-f94c-2728-848c-9f7711c4bbd1,0,0.089452,0.067377,0.117847
caab26fb-423e-718b-91ae-055c1e151733,0,0.310714,0.248157,0.381049
ee2ee4f1-d2bf-6757-f73e-501cdfc1e992,0,0.114581,0.088277,0.147455
29075e2a-1df9-4313-eb92-d3837ce782ed,0,0.999999,0.999998,0.999999
e1e8c81d-1d83-5595-a1e2-2c8ea0ab04b1,0,0.264767,0.201722,0.339144
13268ff1-1f0f-81f3-09c9-753eb64c4273,0,0.276812,0.189805,0.384762
5ec241d9-964e-9460-dab2-c2fec50ed501,0,0.425456,0.339761,0.515877
dd381d78-a90c-d600-3cc8-37500f58bcd3,0,0.253504,0.197601,0.318936
4cd0cdd3-da6f-b881-9594-d5ba4cd3969c,0,0.320924,0.244122,0.40882
8a1d9c2b-b629-e881-88d9-184c2cef2f52,0,0.534544,0.436269,0.630209
ff17ca92-2a1d-0226-48a6-169ac624f884,1,0.067265,0.047057,0.095284
42e4e6f7-e07b-37c0-f34f-c457d6ebabbd,0,0.40808,0.311683,0.51211
18fc4ef2-22ec-ea82-0080-375cb7fdd784,0,0.105679,0.069923,0.156641
60ebbf72-eb44-48b5-7c51-564269234b22,0,0.089665,0.066325,0.120161
60dcd243-ca24-4872-43c8-f22529977fe8,0,0.162876,0.126311,0.207511
9bf513de-be95-2ade-0a4a-67ae4e67a076,0,0.114999,0.088122,0.148738
26b74e13-a51d-2c75-b8ba-a0ba271d14db,0,0.529884,0.430679,0.626781
35f5907e-70ab-c3e9-7d05-7e21690d2969,0,0.144051,0.098015,0.206754
cb3151df-8537-8e14-83ff-434d70aa52a8,1,0.043435,0.028603,0.06544
b6384a71-c23d-afb8-8f5f-d836f85c8c8c,0,0.091689,0.070745,0.118044
55193cd1-6385-6700-9ebc-5fcb0471d822,1,0.057548,0.041917,0.078531
082cdccb-5d66-62e6-f1b9-04a6b7960d7c,0,0.525223,0.442268,0.606808
40e03da5-c621-ea0d-fe7f-4eca49ef9455,0,0.208111,0.151159,0.279457
f1b41b11-a0d5-33fa-113a-7c6eb551e20c,1,0.066507,0.047248,0.092851
dd456d88-2603-4d2e-9048-5e5c75ae1b1f,0,0.11847,0.083601,0.165262
5fd46819-5e16-ebe6-c34e-ff1c6c83ceef,0,0.300259,0.22447,0.388809
dd2bca53-85ea-f605-778b-220e4b0be67b,0,0.153091,0.103569,0.22047
fc6d3028-a63a-c6b9-f6df-c123a4fd6b2a,0,0.106486,0.076376,0.146582
a23d8e18-25b2-8885-dff0-af0a5415fccc,0,0.442926,0.337973,0.553236
c7658ac0-8d55-020b-777b-a53ab29ef2c9,0,0.397007,0.314248,0.48611
a93e0623-e869-3c31-8198-0ae9d9762d27,0,0.40808,0.330883,0.490097
751f6f5d-07ad-be85-48e0-6c7a9f3ef25a,0,0.093925,0.071267,0.122833
ead7601c-24b3-494f-f26b-1611170d9d31,0,0.390193,0.268809,0.526893
9b4c2693-83bc-4ef6-68e1-f719b5c4c3bf,0,0.118052,0.080908,0.169109
da119bde-59fa-4554-79b7-fbb5495b664c,0,0.183714,0.117004,0.276546
86bcf6ec-bdfb-c1fc-21c9-503be2f7beb7,0,0.243582,0.17711,0.325143
ecf3f24f-aa29-c4f7-6dff-59a2096ebeb6,0,0.316981,0.253399,0.388221
1110bf69-5880-cdcd-8c64-453e94eefffa,0,0.534544,0.446005,0.620959
01b6d807-a8f7-f6fe-6699-2899d76786d5,0,0.1021,0.067617,0.151313
d08c645e-1532-c2f1-beb7-f32eb9816d75,0,0.786637,0.696813,0.855372
7fddab74-7f13-a379-bec1-4bd935825667,0,0.24411,0.176304,0.327622
40549753-dc49-fac6-079d-82366648e350,0,0.314658,0.235116,0.406797
e4fdf69e-39b5-2be9-52af-240a4fd25ba2,0,0.857611,0.79353,0.904204
d8a14b4f-ff9a-9f22-2fa7-3892a3cfbcab,0,0.517015,0.399106,0.633059
1c4adcdc-a959-d303-8e92-69298a8012e7,0,0.110114,0.080122,0.149508
3da35ebd-ecdc-dd00-4f06-4789424e13ad,0,0.24959,0.179974,0.335129
00f713f0-acd7-781e-584a-f12d1b00028f,0,0.167353,0.115838,0.235671
c6f18c9a-c372-d7aa-a552-91d307e29397,0,0.40808,0.309399,0.514775
88ad3f24-8093-2777-7a86-e78d5c7f2887,0,0.150177,0.110974,0.200112
5e6c9199-bc0c-1c0a-620a-84f32ceaa73b,0,0.150167,0.110563,0.200754
a1aeee28-5763-cc7f-7bf6-dc6d5e63661e,0,0.114113,0.088957,0.145248
2ee4a450-aedc-36af-e3db-c66c887e1377,1,0.074784,0.055985,0.099232
c50dbe69-6c03-c4c1-2120-a5687358ff15,0,0.803329,0.658847,0.896256
f0c9491f-5b75-fb9f-d85a-a18bd62595ae,0,0.698044,0.608622,0.774601
3ce9fd0c-b038-2b5a-6736-ea430cf2c435,1,0.052412,0.03859,0.070819
4d3a1312-cb26-f6ae-2c69-715f9536b738,0,0.154132,0.106533,0.217815
506981b2-7cee-7519-d79b-faefa8e9959d,0,0.297019,0.205097,0.408945
68c9e3b5-3935-91ed-b00a-544b194a9f2c,0,0.228863,0.169773,0.301062
eb29b806-4448-91ee-db25-9fd2eded06e3,0,0.495991,0.382493,0.609904
5ecb79c2-35ff-3508-2376-53783e984e7f,0,0.277624,0.197709,0.374753
00809a20-46ff-cbd9-2880-2a71587b7df3,0,0.162865,0.117882,0.22072
7918bc76-e19e-7b16-5884-c727965dd65b,0,0.105938,0.06978,0.157657
852266fd-5dfb-86a5-c1ff-829124a7470a,1,0.05316,0.040426,0.069614
0c903d7a-59d9-d59a-416b-cc2675a09204,0,0.10189,0.07367,0.139295
7823f319-fdf1-0bd4-3acf-2b46c6123fa5,0,0.114113,0.08577,0.150282
f31a3382-70f8-5da4-632f-e1bcc8d88e2b,0,0.137067,0.094283,0.195083
96fd16d3-1094-47d1-fcd7-80812d99efd5,0,0.297019,0.22238,0.384329
c45c460f-95de-cbd4-4d50-b00167ed18ea,0,0.097972,0.072107,0.131798
c220006f-84fc-37d0-dd06-dd00b6ccd1e1,0,0.091689,0.068292,0.122051
b10d4466-40cd-e06c-01da-124079d94760,0,0.165135,0.119047,0.224518
66e9a2b1-ce6e-f0e2-cc45-4e9354bf68f5,0,0.105808,0.076822,0.144025
96908ef5-3a7a-6b54-9b53-4c539641ab7d,0,0.089723,0.067335,0.118609
1738b8b8-6264-43da-a3a9-4fbae5c84871,0,0.89851,0.801535,0.950998
f174dde1-751e-e8a3-4c1a-1f0dca243bf9,0,0.314658,0.230763,0.412689
1406dc51-0c72-1c2b-3d70-8c132b2aaea4,1,0.062663,0.045756,0.08526
7266b4fe-a1c4-64d9-29dd-9d2097c15395,1,0.06328,0.049617,0.080388
b14d2361-905f-6606-68e6-2e76130a4bbf,0,0.210339,0.155269,0.278502
dff5e76b-c4fb-72b3-f523-9ac12c11dd8b,0,0.300963,0.208225,0.413436
82c69446-01b7-3fa3-5f5e-4e3d998c2909,0,0.231258,0.163852,0.315919
0a85e5b2-a146-8f24-55c2-af845a329291,0,0.166163,0.12388,0.219267
2b0c0bdb-e077-9a8a-d7f2-44363432ed8f,0,0.314658,0.244185,0.394844
3af2b817-b3af-c83a-eda1-a6d7c5d30000,0,0.110533,0.079568,0.151564
d5ab04e9-56a4-813c-7397-a66335fde487,0,0.999999,0.999998,0.999999
664d3ff4-61a3-11f8-67ff-2529740681ee,0,0.101761,0.073827,0.138682
98585ad1-4247-7f4a-5362-b3ca301867f5,1,0.076749,0.056522,0.103422
81d263ec-05c9-dfa5-f108-0b95293bc62f,0,0.19561,0.134464,0.275706
c44503b5-a20d-d45f-4ec9-fd7c26172759,0,0.234136,0.179518,0.299309
255a015a-82a0-a082-0075-bc18a60608ba,0,0.288887,0.212214,0.379904
6015f876-bf5b-5c73-2360-5e68e95ce270,1,0.070633,0.052927,0.093675
13cff20c-7e97-77b6-b911-4df135da94cc,0,0.114242,0.083638,0.15416
08f55d9b-578c-808a-946a-e9b405c389e5,0,0.298639,0.222511,0.387821
cc0d2750-2631-6d63-d628-1d2c4dba5fb4,0,0.305151,0.23997,0.379204
340aab7a-a425-67ab-8186-a655b158e035,0,0.327282,0.238658,0.430218
9758d196-00f5-7b59-ec99-5657aec38317,0,0.10189,0.067389,0.151192
e4979285-936e-56c5-94b3-c13512fffbcf,0,0.228381,0.163775,0.309054
0917c6e7-c873-13fa-4cef-ac42fcc1b4e6,1,0.061937,0.048621,0.078598
01ba3a83-c35d-94c5-441c-9adcaf6d4293,0,0.310714,0.24362,0.386836
34836eb0-3d5e-30cd-3c06-7e3d1a92648f,0,0.093654,0.067888,0.127858
0e7fc090-9a14-b162-2bcb-4d5b4d0c9cdf,0,0.172544,0.11664,0.247727
3c156ac0-6ea4-d4a1-ac9b-c26587a1b083,1,0.052423,0.039657,0.069002
cf2a852b-2839-4831-79c5-9d9b7e9c00aa,1,0.07125,0.051058,0.098598
df68de35-72ca-284d-27ac-1b6b032f50bb,1,0.067882,0.048186,0.094827
9b24ecbd-ba6a-b9dd-ce6c-08850b7323dd,0,0.327282,0.239982,0.428437
a46d8c68-0086-d655-32f5-8dda31072b17,0,0.159448,0.120642,0.207787
1e8accbd-2696-4955-cbfa-c18f6fbb6c15,0,0.181455,0.122339,0.260652
f8bb5f27-4fc6-c57a-1430-e72e24de7682,1,0.072625,0.055481,0.094536
eb2a74f3-b825-39b4-a885-c11be42ed941,0,0.547568,0.438636,0.652127
28e3577d-1cc7-917f-00c6-559de49f720c,0,0.162876,0.124186,0.210719
17aa75b8-f08c-e8b4-d740-d14ef79a3510,0,0.11847,0.087357,0.158737
c3d08164-a348-7e97-0aad-2a6dfda85bb2,1,0.072625,0.057068,0.09201
ae91aabd-2563-eb75-17df-b53a179b0135,0,0.320924,0.242596,0.410825
9c5ef7c9-26b3-d85c-6694-c066579610a6,0,0.691105,0.6132,0.759474
c0c1f0ea-89c8-eec8-3d56-fb4b67946dee,0,0.231496,0.168821,0.308793
a35fe765-a929-7ae5-c07f-47074cc16c1b,0,0.681908,0.595298,0.757533
1daff520-5aa4-7104-61e5-7a5314620d4b,1,0.067882,0.049394,0.092617
7a01508c-3483-0554-d19c-29072b545919,0,0.316981,0.234868,0.412331
028fb8e4-e648-263a-441f-e1ed80b2678e,0,0.293076,0.22274,0.374909
8182bf9d-b977-e6de-c396-210fe85bda45,0,0.114242,0.086944,0.148715
29b2a4f8-de55-df8b-f859-b3d3afa3c7d0,0,0.118889,0.08775,0.15915
42d96534-5b15-666a-f8d8-c95b913166cf,1,0.060837,0.046112,0.079871
d68d61c2-a06d-ec14-8c5a-60b3e330d16d,0,0.089665,0.063141,0.125834
71c231c6-c7bd-6c58-9339-ebeb5de22014,0,0.236313,0.186316,0.294864
50711dcc-6cec-4ad8-e735-a399c3649527,0,0.114294,0.082906,0.15555
af6c7540-ac86-d2a7-295a-076b576091e9,0,0.105679,0.076939,0.143487
cc247f0f-ba17-2b0b-8ad0-d2c092468340,0,0.240755,0.189154,0.301203
52dbc936-ca01-e88a-d386-4e9f23017559,0,0.310714,0.22787,0.407772
37a5840b-21cc-44fb-391a-d92edccdf25e,0,0.097972,0.069483,0.136429
185fe008-42a4-1a05-99e7-3ffa099ec11c,0,0.310714,0.231559,0.402747
7cb05747-0183-1634-76a3-adcfdf5a669d,0,0.15603,0.10633,0.22316
5eb391f4-b4bf-b4e3-343e-577482375d55,0,0.617952,0.491256,0.730412
d401c637-b435-b0d7-f18a-4b7e88893170,0,0.167363,0.129538,0.213523
7fb733f5-0879-e65a-59dd-c08b334bcce4,0,0.235767,0.173465,0.311999
9ebd2550-5c2b-de00-88fc-98ae03d508a8,0,0.128213,0.079062,0.201244
97733d71-972c-7a0d-6475-055782e05892,0,0.188012,0.129434,0.26503
4792ac8c-9814-0d21-e101-4e971543f5a4,0,0.254286,0.193705,0.32615
0995a91d-7c80-5456-36ca-7d264c7baeec,0,0.813378,0.711632,0.885025
6b50c399-a7a0-a8a3-e84b-0831ed8db8de,0,0.089529,0.065467,0.121288
19ae00e3-9c30-7ca5-1878-84e4bf74ff3f,1,0.054985,0.041116,0.073176
02fae790-446f-ecb7-1ad4-545b3af352d5,0,0.093752,0.072759,0.120018
19023c07-3ff8-236d-c972-8019d7b24cfd,0,0.314658,0.244883,0.393941
7c8ba2bc-a4c8-98f1-e979-a880a934bf4d,0,0.10189,0.075388,0.136336
69bab2d5-6bbc-368c-64d8-1ea58480c4bf,0,0.114242,0.083286,0.154761
a7787498-5c9c-d896-bcbf-eb6eb2321719,0,0.138208,0.10039,0.187307
909f1194-2da7-338b-4ade-d485f428d783,0,0.256156,0.186891,0.340345
263a6698-4a31-5810-09f3-fa28b13d37ac,0,0.114113,0.081507,0.157525
a4cecc09-7036-0014-b548-808c99cd3e0d,0,0.351071,0.23766,0.484225
96cf4361-472a-e646-439a-2e4c5cf617cb,1,0.065132,0.047511,0.08868
4b53469a-9b8f-773c-55fe-125269bcc8ac,1,0.069257,0.052266,0.091242
f389d5ef-2bc9-d247-44fa-ce4231c56a20,0,0.600911,0.454921,0.730928
a79cffff-4e14-e51f-8da7-4eda873394fa,0,0.40808,0.331903,0.488946
19492b99-45b4-4c4e-9adc-d586661a93e5,0,0.999999,0.999998,0.999999
74f780dd-ac81-7bc3-4f17-3e7e6e94be77,1,0.072792,0.053898,0.097626
474b9c3e-6322-177a-a7a3-85e581ba1b23,0,0.333639,0.24708,0.43308
07212c3b-8281-a4dd-5ef9-21e08cc54cae,1,0.051685,0.038487,0.069084
7a24c845-7713-436a-da03-3cb7846292e8,1,0.06589,0.04995,0.086454
d67c7850-c705-70bb-f7e0-52b3c5f8f19e,0,0.711325,0.605737,0.798062
615707d8-07cd-2607-0761-819e86fd2bc0,1,0.062663,0.045357,0.085978
f1c5fa44-cfef-5e55-fbc0-42e99cffeb6b,0,0.216982,0.155061,0.294997
491320e2-15ef-3448-61f4-3acb43c30c00,0,0.327282,0.243211,0.424126
eb02540b-50de-d91f-7417-6e06747e86ec,0,0.203362,0.136925,0.29116
1a26bc31-7f42-2ab8-d569-efc497d8edd8,0,0.40808,0.319024,0.503612
30ea8fa6-9afb-17ca-11d3-f366ff971fe2,0,0.147731,0.100657,0.21164
5cd6e409-cda6-c767-cc97-7bccc3895dbd,0,0.190095,0.12629,0.275953
6fa43f36-0b9c-d231-b3c5-17fac29009cd,0,0.411459,0.334577,0.492921
b3810835-8065-23ab-0ab5-70b53ce02152,0,0.281813,0.205133,0.373681
07939aa4-3cec-5173-b102-23f053d1b397,0,0.257417,0.198423,0.326801
d1a659c4-380a-7099-4f19-c13ae001d00a,0,0.20021,0.136745,0.28346
225b2536-c623-7828-d9b9-4eec9e6a6757,0,0.113983,0.087791,0.146733
e05c19a0-ecc2-8703-8b98-c15c706e74f7,0,0.10189,0.074359,0.138094
8df803c1-80cc-b29d-a6a0-43cc7e74dca6,0,0.188764,0.143404,0.244378
9447e59e-472c-4c48-6481-1ae830b7418c,0,0.512507,0.375728,0.647439
a94872b4-6f74-8386-7665-9d730eae8d3f,0,0.373218,0.241071,0.527458
ec5b3547-4e97-5cdb-24ee-0ae63669cef2,0,0.327282,0.260492,0.40189
642bd769-e6d6-8aae-f1ec-f1f048ba3edf,0,0.105808,0.070042,0.15676
bffce6a4-c9a0-5902-c18f-e48bce4e1941,0,0.093925,0.071786,0.121994
3408f786-ce3f-0cfe-4a36-5bb9d7570897,0,0.114162,0.082016,0.156755
c87fbd60-96c5-d4a6-6edc-65a6afa776ce,1,0.067265,0.049659,0.090519
01a2afc3-4076-a318-bae3-59c5520c829f,0,0.276812,0.207387,0.358953
bc2f6035-b741-ce34-5be4-722ab8866d0d,0,0.49099,0.349412,0.634027
9d13e198-93fc-2083-5fe5-b01ac8834940,0,0.113903,0.08163,0.156758
352ae50e-ab60-e66c-22b3-717a3c8750f8,0,0.242545,0.177554,0.322011
983217eb-d024-c10a-f3f1-556b62ab0d75,1,0.063898,0.044899,0.090177
7db9b75d-6fa1-f5af-64b2-1c5f24eacefa,0,0.134642,0.096059,0.185542
b7d2d3c6-fcb5-b905-d6cd-60767453d384,0,0.162865,0.12533,0.208956
f1ec1e9e-970b-bb0a-fbee-67c8103d55ae,0,0.52805,0.41043,0.642637
283912eb-99ca-2201-52e8-8968872816bf,1,0.053149,0.038567,0.072826
ca0b5a94-61aa-4996-74e9-9cd329b6b3b8,1,0.066648,0.049298,0.089528
b1ded31e-7559-09a7-dc40-2693f7450016,1,0.069875,0.053492,0.090794
8dfe467d-ac54-331d-b2d5-29c41f99897f,0,0.441085,0.333748,0.554226
8562f2ac-e647-e8c1-c298-600d78634583,0,0.243328,0.192328,0.302782
0d88d256-b531-7379-4ef0-f8368257b345,0,0.443114,0.340757,0.55054
710dd7d8-662d-86a3-adc3-21fb649c08a6,1,0.057548,0.042567,0.077375
3039c5dc-c3fb-df39-ca49-3f41419303e3,0,0.230713,0.178811,0.292318
4d5fc3f0-fe32-6e6b-0ee6-422196eddf8b,1,0.049849,0.038946,0.063603
1e576f1f-0748-db1f-4995-33dd3efe2fbf,0,0.63852,0.490158,0.764455
92c238a7-bec8-f52e-c7bb-b5cc5d35fd64,0,0.344713,0.256133,0.445578
c2051aab-712b-c2aa-62a1-4cebf516f68b,0,0.250372,0.193341,0.317604
89b44bf5-36c4-9fbf-fa0a-9e8d9818a427,0,0.093888,0.073004,0.119972
5511cbab-a5df-d1e7-d10a-f45d819e8f47,0,0.207922,0.160083,0.265537
8320923e-ac27-48c8-3a3b-d745fd200525,0,0.162865,0.116941,0.222285
ed7a1b4c-92ae-f611-f618-1080d75514a6,1,0.064655,0.047648,0.087178
7ba168ed-630e-fc0d-c618-9622176935e7,0,0.489004,0.365339,0.614029
220e69b4-ad18-2982-92d2-d8bed81ef684,0,0.248808,0.192415,0.315276
68a3208d-fb81-9ea5-aba4-bc085d29979d,0,0.256635,0.185203,0.343987
6e47c7e7-a8f5-0c36-49d0-225e07620234,0,0.534544,0.449866,0.617277
a35f027a-8e72-ed05-b6ed-dfa783f534c5,0,0.721374,0.601679,0.816095
41260a3d-318a-176c-a3c7-1c14d06f6dcf,0,0.10189,0.06798,0.149994
e63f37f0-6ce4-6351-39f0-8904ac2b753f,0,0.788489,0.662406,0.876279
4b8dc144-c060-68c7-63f9-7a31f508e0bb,0,0.24959,0.179732,0.335495
5033acc8-5c99-3cb5-9331-a416cb1fd1e8,0,0.301208,0.22487,0.390408
0cc91313-48d2-98b7-4930-0389a83e7e05,0,0.114242,0.081782,0.157378
a13bf852-3bb5-0280-338d-7bf30cf6afc3,1,0.062663,0.04904,0.079753
ce0cfa4b-a5d3-e08e-f2d3-28198097f82d,0,0.466442,0.349235,0.587475
ed45a79a-6339-09f7-51ab-b4e26f2891d8,0,0.293888,0.221689,0.378176
a72ea1e0-0681-5493-a1b7-96134e04a6e6,0,0.486033,0.354568,0.61946
f92d141b-f6b2-e952-c01e-72062b85b414,0,0.683328,0.579245,0.771807
fdbc6708-97cc-4c61-3354-4eed227b20f6,0,0.093925,0.073384,0.119474
22c68c38-fb7c-3c16-bc8d-dd29508c6b5d,1,0.057537,0.041361,0.079515
ef6fa20e-33a2-e299-df15-9f7a767ec3e3,0,0.691105,0.61504,0.758053
04ffb580-f890-6d15-822f-a59db079626d,0,0.868965,0.804835,0.914267
13c9e634-6696-64a7-93ad-02d2a327dc9c,0,0.52805,0.436227,0.618014
d3f8cb29-d2fa-1a72-4451-b9da702a4276,1,0.06328,0.049083,0.081233
a97a30a3-b4cc-4200-1f56-982e153c2c31,0,0.114581,0.08375,0.154844
88ffa8a9-c7f6-9f23-9800-f3a75832f150,0,0.40808,0.331323,0.4896
4b6e8fa4-c84c-3abb-1411-9ac893628605,0,0.091651,0.068447,0.121694
e14d254b-526b-7c0b-cf59-9f350666f0ae,0,0.093789,0.072227,0.120949
39b487d9-8496-e49c-34c9-b31d1d9a90d7,1,0.069875,0.049522,0.097731
afc01259-d874-4fab-e169-26ecedbc6477,0,0.344713,0.248103,0.456122
aad65a71-a7a2-6c6d-4cc5-91eaaea0dc3d,0,0.868965,0.799285,0.916968
1b4a3a80-6a34-a508-3553-911caca85b3f,1,0.061937,0.04466,0.085301
01d8c5af-8db0-ea1d-0b62-c7c204336126,0,0.385933,0.267088,0.52013
bd758ae4-5185-50b9-bb10-0af6bbd042c3,0,0.276812,0.202591,0.365754
e3c89ab4-c930-723c-cdcc-b097c69f4677,0,0.659767,0.542427,0.760312
4f9e18f6-15cd-df77-ff7e-87f09e4111c7,0,0.226948,0.163123,0.306596
768867f4-b55f-742e-60a2-b5e3f46bd090,0,0.093789,0.06496,0.133585
e46fc0ba-d1e6-2d05-182e-fec127064f97,0,0.333639,0.24751,0.432513
628eefdd-0787-f0b7-c0ef-964571aa6f19,0,0.101761,0.075036,0.136599
7ea04231-e7fa-03e0-6bd6-0e632c2b7f31,0,0.159437,0.114105,0.21834
ed074e87-1a46-7f22-dd90-cc322c3bc198,0,0.124795,0.088739,0.172725
b46a49b8-4d3a-e817-e08d-7d9fb0055df2,0,0.327282,0.240085,0.428299
67aeef1a-e850-e9ba-5ee4-ad7da4afae80,0,0.560592,0.420434,0.69171
a83f2a83-04e5-2867-cfcb-bb36e3ffe0dc,0,0.316981,0.24804,0.395018
dac1ac07-cfa8-a88f-460a-83168e2c30db,0,0.825822,0.741873,0.886641
0c35bdff-f936-e0d5-a776-a84cf27545d4,0,0.534544,0.425926,0.639983
1d28d8e8-11cd-57f4-9b67-58a2d66c77dd,0,0.10178,0.07489,0.136896
51035317-6a37-664f-9ff1-62d6beb4dc3c,0,0.114581,0.081213,0.159281
4d8e1c17-0734-eb70-3e8f-39e26ea51cd4,0,0.121219,0.089673,0.161888
b5c75f80-b39d-6aac-372b-61e9afa97a08,0,0.11868,0.081111,0.170422
79fa14ea-7e1e-56f1-e367-c3f6638ad9c7,0,0.422077,0.328694,0.521385
2c71315a-dd41-b43c-cd12-eee2838584e0,0,0.091651,0.067761,0.122854
85fa2904-390c-abc6-7f3d-694c9184a204,0,0.105808,0.076734,0.144179
d351f008-d0a7-c121-bd2e-6252280d6126,0,0.153574,0.112373,0.206369
f6189582-fd52-9472-9186-02de9fbbc5ae,0,0.61256,0.508067,0.707629
d95eb458-059f-0d9c-4c2d-3512530b6a36,0,0.318601,0.252951,0.392341
f0569e94-0c0e-f710-69a4-687150069f2e,0,0.093925,0.073451,0.11937
95bc9ea3-ffd1-b1ed-9ccf-94955cc68a19,0,0.870507,0.82744,0.904071
284cc4f8-a155-d625-7f28-6f713797243e,1,0.06328,0.045023,0.088257
11792576-7f58-021d-4667-9aabbdbe9ba8,0,0.166143,0.122318,0.221702
b141c148-0dca-c6d9-8e72-5fc66bc24231,1,0.066648,0.050273,0.087863
4e8fcfd6-1288-1dd7-2097-5bbf04625f16,1,0.079103,0.059008,0.105274
4c03fad1-1624-d905-3873-fac958d23516,1,0.061937,0.047978,0.079617
0672c0c5-6286-df65-fa17-0944c41c4acc,0,0.118889,0.088474,0.157948
f8a5139f-9355-212e-d493-2642e4e5da54,0,0.691105,0.593663,0.774073
f55ddcaa-7707-2c64-4f5a-956690ac98a2,1,0.085463,0.062546,0.115742
765f255b-920d-c2ef-fd10-d805d619a0ec,0,0.137597,0.092542,0.199757
c77517e0-ba07-fb17-81de-9413bea3b016,0,0.482958,0.348899,0.619516
03c20560-1553-986e-2491-15ba0623c669,0,0.118341,0.088221,0.156975
62363e71-a046-4333-e38f-a522803a9852,0,0.287376,0.206888,0.384017
0c1d12e3-860d-a03f-40a2-65c190815b1f,0,0.851163,0.77988,0.902255
c1544153-3381-8a65-80d4-6cb8ee992898,0,0.159437,0.119912,0.208898
17638243-879d-f030-776f-a2983681bae2,0,0.560592,0.449394,0.666023
3ee280cc-be04-01cb-ecff-ece3e65e1da5,0,0.44532,0.355204,0.539181
dc0e8ca5-a696-95de-4a95-e5a224d65a55,0,0.145317,0.095974,0.214021
288cc201-5301-97d2-a7ac-7c4da0d51a4a,0,0.310714,0.2438,0.386605
8d2bff0c-eff0-5c75-7bc9-9007a279ec3d,0,0.318601,0.235663,0.414884
0579ca64-bd86-1fa6-2230-e038234c72e7,0,0.320924,0.239953,0.414324
e9437966-1800-8761-8442-9a69e0fbbc5b,1,0.073999,0.051265,0.105692
91c25145-0180-6def-6cac-2f4c33456a4b,0,0.471799,0.36432,0.581958
7e0d9bd4-d4b0-ec03-3600-5388efd9a3ff,0,0.235226,0.167902,0.31919
5b55f503-073f-f5b4-5d3a-0fd036df7cd8,0,0.363786,0.261572,0.479979
0d59a414-cfe0-6826-1913-d34c45693617,0,0.288887,0.218218,0.371565
e5aae1ee-ce98-7f73-07e7-b0308726b25c,0,0.10189,0.074532,0.137796
26ee470f-62ce-45c6-b8f4-047e0781c4ba,0,0.169773,0.107534,0.257637
ab079db7-c02c-b6a2-7536-0de20131bd71,0,0.560592,0.447289,0.667913
9e84a906-9391-7b9d-368c-48b8557490a9,0,0.797227,0.675282,0.881418
325b0b0f-aaf4-7b24-3bf4-c19d239a7262,0,0.612644,0.504488,0.71073
c819b1a1-b220-79ad-6e00-5cc0fb37f540,0,0.23174,0.174661,0.300677
abbbc03b-116a-48b4-59a2-4a8eb5b30f87,0,0.440416,0.335924,0.550468
e213ba26-4b48-424a-9f03-de6f12372e78,0,0.385933,0.282088,0.501312
ed523732-e883-68fa-660f-549e9af83458,1,0.058275,0.042466,0.079479
8d036651-0c01-464f-9f00-54b0ad1ece2f,0,0.159448,0.114819,0.217167
1dc118e2-b75f-9cb2-2464-425045cc2fd9,0,0.097843,0.072719,0.130425
8924fa92-efd4-37f1-f73c-c7de2bd3d798,0,0.397007,0.283685,0.522572
0f125177-54eb-eb1c-90c5-93fb18eebe28,0,0.215655,0.15724,0.288345
ad2c5022-f829-7c8f-0e2e-358fa0d46c02,0,0.093789,0.066892,0.129995
3a51b7c9-d706-857c-9f1b-a487cc46244b,1,0.060111,0.046096,0.078039
8e8ebd41-9ba4-c1b2-22aa-eee294d3279d,1,0.081009,0.052864,0.122207
3b14b2a1-4dba-0810-e5d6-40d4ac0df51b,0,0.12257,0.081425,0.180422
c6c6097b-5445-1c87-1413-f24e0a513fe9,0,0.114581,0.087456,0.148747
b4f49a0d-4c50-cffe-2ed3-a488aa4abc8c,0,0.093789,0.071873,0.121514
d8cb9441-4782-dd81-0c31-860ba10f0d64,0,0.093925,0.073526,0.119255
7a579bd2-5d9f-7fa7-db0e-1646c27c95cd,0,0.093925,0.072579,0.12073
7cb24dd8-8803-8215-571e-f919b2b16d44,0,0.162834,0.11807,0.220331
34deab43-6993-8851-3033-20f08f939086,0,0.162876,0.117036,0.222152
aa75fe6f-2dac-0dab-3be9-e9799c8ef86f,0,0.093925,0.070975,0.12331
4a52384b-d4eb-b162-7086-8f0e0012a0ff,0,0.605007,0.519689,0.684375
0cee3b70-0ab4-9095-77c7-bd88f274b716,1,0.072625,0.052674,0.09934
edf22356-98be-13e4-b07a-b3a3d73ed83b,0,0.293076,0.230994,0.363946
a072946b-de55-4189-0c0d-08efa33e3a88,0,0.097843,0.066653,0.141416
60fd5164-0cd8-3fed-e08b-4f3876b482af,0,0.414838,0.33419,0.500324
d91b1683-4f9b-4738-a43e-51ae0193c682,0,0.61256,0.522459,0.695566
d748cd16-b936-39b6-8cfc-869e37d66d38,0,0.288184,0.216012,0.372997
77e49ffd-2a6f-02fc-e6c0-eba05867d49c,0,0.844715,0.786718,0.889163
949a6918-e059-50da-931f-42dbb531318e,0,0.355787,0.218633,0.52155
9a5977f8-1b28-428d-68fc-bb32adfdda07,0,0.114581,0.080835,0.159962
bede1725-600d-8a31-4049-f46fa78912c2,0,0.351071,0.259411,0.45521
d529f547-f944-af85-e855-7b8456817e46,0,0.9426,0.000694,0.999997
33ce378e-e35f-3bf2-8b41-65779b8a69c5,0,0.985649,0.00165,1.0
1346f693-17fc-832c-4a0c-4006fd192206,0,0.851163,0.783691,0.900267
7fc90370-6ad8-be2d-833a-35b14aa9f7ce,0,0.241763,0.174915,0.324123
d687b67a-054e-1f90-30f3-913fd8aac96c,0,0.260549,0.193587,0.340881
cf33d099-6c5d-e83c-7cc1-b480f3419b06,0,0.093925,0.067627,0.129034
01d9753b-d563-7afe-51c9-d9fc140ec569,0,0.180124,0.121467,0.258764
c054d846-d4a4-c3c2-3ec9-6f970544590b,0,0.698044,0.587461,0.789601
2c501722-0da0-4840-27a2-584d2c2f26f9,0,0.11479,0.082934,0.156791
1302bab4-85da-752f-914f-0e9c53112630,0,0.534544,0.432329,0.633939
a33eac58-25d9-afe0-3cf8-9e64b8dc0542,1,0.062554,0.048553,0.080251
84836f8f-87d1-38d8-ed87-a5939a3d5cb3,1,0.069257,0.052726,0.090478
176b214e-438c-e730-b06e-e0b7efe0eede,1,0.080972,0.058034,0.111899
2d180b29-5f88-fa1c-b670-a78b16aafccd,1,0.085192,0.061995,0.115997
b0a5ebc9-8883-3c10-a3fb-3526dae2b582,0,0.109985,0.079078,0.150992
12958353-dac8-a653-008b-382799189d79,0,0.327282,0.255933,0.407624
3818d4bf-65d6-6ade-b60e-f7dabdad310a,0,0.52805,0.437913,0.616395
b523c7ec-7ff6-d7cf-8c2e-cd733252c2a6,0,0.290507,0.218201,0.375273
c34d56e8-6fca-a013-584f-bbfdba310438,0,0.175637,0.127006,0.237815
b9bcf55b-3421-0908-f791-6578e2594aa3,0,0.114242,0.088021,0.147015
5a037988-f888-766e-9469-fa7b15f9fbf1,0,0.247241,0.195753,0.307101
a0cd48b8-f1d8-134a-608c-0ede1c3ec4ac,0,0.851163,0.779053,0.902678
3ea43538-a03e-8448-f038-83aba9df0b52,1,0.062663,0.049086,0.079681
27f3dc84-76e1-e269-be30-deafa11afd53,0,0.484496,0.379883,0.590485
8cefb947-f265-df40-c0de-d2e20ce0aaf2,0,0.351071,0.242155,0.47807
2014268e-3403-6cc2-6edf-c5971fe8446a,0,0.838267,0.78208,0.88215
814b76fa-04fd-6c42-ee2a-4b93e2353fff,0,0.101761,0.074554,0.137423
6286f35b-07b9-2d4c-d50b-4983950c10b7,0,0.298639,0.220867,0.390086
d5b8ee22-c795-7771-02b6-91f95148037e,0,0.16241,0.11358,0.226862
d47d29d2-a697-9c4d-ff6f-ee7793493f59,1,0.056085,0.042025,0.074484
00b4c866-d2a9-0451-f672-0a3e4f58b0c8,0,0.162865,0.118624,0.219498
9dbc3da3-01bc-7fea-9263-fc00848f57af,0,0.534544,0.449372,0.617749
80e08b03-418e-7665-756f-1eb278c71be3,0,0.40808,0.314063,0.509344
90f67c2c-b572-9607-e764-6e48c058f6c6,0,0.211083,0.148303,0.291348
024b53af-3630-8ec1-4660-a953b62eb0c1,0,0.281813,0.186059,0.402478
1404edeb-9faf-3e30-2468-bfca53f048f0,0,0.124732,0.08632,0.176926
14110baa-545c-45a0-1639-4cd5d44e2203,1,0.087293,0.064037,0.11793
d046e35b-aea5-7aca-b06a-6ebbcd48ca95,0,0.691105,0.611078,0.761103
03aac03c-a0be-9312-e5b0-7f7d301df4c6,0,0.418217,0.335916,0.505337
2fb0ea3a-1184-3ad1-39dd-a1e2a5aa2c07,0,0.097843,0.073339,0.129391
65e4efbd-bf78-fd80-8a61-1ff4797b2a46,0,0.438166,0.32611,0.556906
ea6381b7-5c39-e601-e870-9e699e57a624,0,0.534544,0.445493,0.621447
ebe9dff6-25cf-a374-d582-1913f2a984a3,0,0.141899,0.095949,0.204868
e88f5b9b-c741-18d7-3c48-2975d5145f43,0,0.162855,0.124603,0.210032
a9dc8836-b1b6-a552-dd7a-4293127f8acb,0,0.320924,0.242568,0.410862
26096aa8-6a63-a952-2c1c-4c9e3dcd4c69,0,0.40808,0.314833,0.508451
eb94c2a6-9160-b4e3-bddb-7a8e4c9c35de,0,0.097843,0.07238,0.130998
8b2c22bf-3106-35a7-84db-3b11f4617ec4,0,0.294696,0.220716,0.381338
25514f1b-ac35-e761-0f55-847f129a1672,1,0.061937,0.047533,0.080337
96d38d35-3694-a77e-6828-239739801e45,0,0.239123,0.183727,0.304981
b5b0f186-104b-7ba6-a847-09be6eaab961,0,0.685797,0.608426,0.75406
25d91b65-0487-6f73-50d4-038be4608ccd,0,0.320924,0.238602,0.416126
d2cb61e5-1ad3-8f51-c3eb-d24aa7776ddc,0,0.162845,0.129313,0.203044
d1e46557-63ef-6b09-eb7d-3254effb23ea,0,0.273681,0.20501,0.355081
cb1683bb-82af-ad6c-495c-476958790515,0,0.212232,0.159764,0.276265
1ff94754-5f2b-e667-6979-73aa684590e6,1,0.062663,0.048246,0.081021
64402f42-4ccc-f0a7-4bc8-662d04346b9c,0,0.162865,0.12382,0.211254
eb974397-749a-f6ce-4a02-a2e24bfb381d,0,0.114033,0.087568,0.147205
8624dbd8-1958-cc38-ba2f-19bb1069015b,0,0.599664,0.491472,0.698938
baf03697-66b0-37c2-fbb4-88f5e80b6d27,0,0.141626,0.094962,0.206
e245194a-25c0-78f8-1cd9-e786cedd5b85,0,0.243582,0.185256,0.313211
1dcba291-9664-ba95-439d-b7de72e50454,0,0.187825,0.131248,0.261449
826a7f3d-4bec-b64d-142d-5b501d1c434a,1,0.083033,0.054724,0.124064
6b2c62ac-6426-2dc6-7041-1aa021d3dcce,0,0.327282,0.251563,0.413209
e5d3b068-0fc9-9635-8c0e-4ffacdc96874,0,0.40808,0.313375,0.510142
89d20f79-e12b-20fa-cb43-9f237744b520,0,0.40808,0.326246,0.49535
59cd90ae-af1a-372a-2b66-71cab0c2b418,0,0.237558,0.187261,0.296438
a5bd29de-b58c-59e0-e168-11bb83330c62,0,0.573616,0.432035,0.704078
dc9a953d-03b1-c6aa-b1f9-bb96436bc10f,0,0.234918,0.179966,0.3005
1a006f8b-cafa-9ccf-1c0d-9205c6ed69ce,0,0.262418,0.180758,0.364553
ec9e4a57-007d-6fd7-dc6a-1cb31e348f0a,0,0.485513,0.390709,0.581372
36bcb902-5183-935c-8a82-96cedc2a3185,0,0.105679,0.075041,0.146841
5bc421c5-a406-d166-2c58-ae01c85bb2c1,0,0.101761,0.071481,0.142894
2590c73c-a307-872a-33dd-996e84ae85ae,0,0.327282,0.238417,0.430543
c9a1f099-07cb-02f1-063c-072a6c9b6fcc,0,0.425456,0.341329,0.514132
3bdd12b8-b405-8fba-645f-2e61fa9d3c2f,0,0.284944,0.212025,0.371129
9389f5cd-c877-4a0e-f087-9080856947df,0,0.320924,0.261503,0.386775
b5b2f94e-7188-c348-bf5b-f7683fbbc394,0,0.093654,0.072035,0.120915
f9bb3da4-2b2e-7f44-8472-9e022168b2be,1,0.067265,0.049358,0.091047
af7ad262-0ac3-4e0a-2584-af1d4ee275bc,0,0.110084,0.075057,0.158655
9415e924-3d82-5f3a-7104-416846d84cc4,0,0.411459,0.33574,0.491617
e56497a2-8d85-2f86-f2db-55ce39b1c8ac,0,0.220103,0.171859,0.277355
bb8a0e11-c600-4350-0676-d8696a535959,0,0.234136,0.16814,0.316189
11706eea-01a3-ce20-0e64-09d00ef6818b,0,0.162865,0.116449,0.223111
ceaef622-1433-f562-a82a-f260688bd941,0,0.162865,0.117058,0.222089
def712ae-c7a6-a690-a82b-908a75f9fca2,0,0.327282,0.262705,0.399139
18eb2768-1078-41b1-d813-adc8eb1e61b1,0,0.40808,0.315875,0.507245
c1f5dd58-c9f6-3062-1484-a4753b348a89,0,0.708093,0.570086,0.81609
4d197e2c-c4e7-e704-3f7b-b8bedb83e7eb,0,0.286564,0.211692,0.37531
5ef409ef-4502-901d-0347-13b9a6058267,0,0.169235,0.119276,0.234547
e3ac694e-cab3-8279-b505-823b6e481e2e,0,0.162876,0.122196,0.2138
05dacd8c-0c2e-265f-e25a-b6f15650a14d,0,0.238886,0.173616,0.319215
85a2942b-cabf-16a8-34e9-2a949238752e,0,0.467879,0.332136,0.608549
0d012123-b27e-cc62-7c82-c3f08c74c199,0,0.23834,0.18271,0.304597
f507e569-5f7f-dc2a-eece-3add1eae1c69,0,0.397007,0.311096,0.489775
2ede3c6b-0cf3-be53-4dee-175392cb4cb0,0,0.11868,0.086828,0.160166
022743e0-66dc-1234-8898-4dc3518205f1,0,0.150167,0.102537,0.214629
d895d58c-9338-69e6-38e2-61ccd54d028a,0,0.459903,0.356703,0.56666
fb5764fd-eb14-49a6-a7d8-72429da0e7f4,1,0.067882,0.05162,0.088788
177a90fa-8995-5779-cf86-5713b1d41fd4,0,0.462517,0.31787,0.613761
90d82d3f-0257-2265-c86b-929356f49633,0,0.10202,0.068232,0.149847
ddf42df6-228f-34a8-59fb-13a7e01f7b36,0,0.320924,0.257309,0.391966
f5250279-67ed-f647-7840-d13544ac5d40,0,0.124732,0.082741,0.183763
35c368e1-38c6-3e02-4789-61d143ffd987,0,0.15602,0.115165,0.207961
4de99bef-5342-4b25-d738-dbadc11776aa,0,0.40808,0.313631,0.509845
8378f4fd-e240-999d-3b33-3f984a9dfab5,0,0.260549,0.190133,0.345904
de9630c4-a100-eeee-7a45-9141da58c84d,0,0.397007,0.307046,0.494515
8e93db6d-4efa-fc7a-3fa0-35bd5dbcacad,0,0.110065,0.074901,0.158903
a2eb62b3-75da-3ff3-10a8-ba059c049e8b,1,0.079044,0.053268,0.115768
b8ea39e8-8a92-f0d0-6e2e-8eb1ad9676b5,0,0.18923,0.136102,0.256928
180aaaf1-3e0f-fdd1-d4ff-cd9533cbe373,1,0.062663,0.048322,0.080898
6a96d62d-0644-5a54-f2b6-30fcbf6587ed,0,0.23403,0.174505,0.306325
57103f9a-a9f0-db7b-937f-ef06988be04f,0,0.813378,0.715532,0.883069
5ddddff9-4bab-1a51-a6f2-60cc7e299f16,1,0.061937,0.048587,0.078651
24d05e4a-193a-9857-9423-aeb92cd0d5b7,1,0.050586,0.039587,0.064436
491c14fc-93d9-9155-3e42-6e5bbe67f9ef,0,0.923663,0.884248,0.950409
c8812dbb-3e7d-0896-7592-2c339844f059,0,0.239668,0.184325,0.305406
640b6db8-8aa5-bbb6-38c6-6743b175d4bd,0,0.276812,0.190775,0.383274
5c5b9abc-0cf2-6458-7f36-f1fd2f89be56,0,0.284944,0.212605,0.370321
72c730e3-1cf1-37e8-da17-feeba59919f9,0,0.838267,0.783864,0.881054
08f0be86-cac8-1d85-34dd-80cf410c82bd,0,0.236313,0.173459,0.313307
50ca3212-8d6a-3911-3e29-742c4f82bc30,0,0.106147,0.075633,0.147015
65a3fffb-8202-27db-d6c7-3c57f315ebc2,0,0.88542,0.779894,0.943987
eac6ee44-d52a-36cf-511e-7fe378db0e8f,0,0.230713,0.177062,0.294798
1602b4d7-8a66-b718-d14f-9375beafbad6,0,0.300963,0.226028,0.388277
937f885f-a8a9-1e54-5509-36c49beafd3f,0,0.110324,0.075197,0.159037
086032db-b23f-3762-080b-58d59bb359f9,0,0.316981,0.254133,0.387301
04c2c745-300e-f3cf-db98-cdd9ac2ea014,0,0.625455,0.515933,0.723479
9c89bf0d-6bc7-9130-e49a-9cdfa95522fc,0,0.290507,0.196195,0.40719
482566c6-96d6-99dc-ffe2-51e049758cfc,0,0.177896,0.123618,0.249229
d9f1ac93-7d71-63a7-f550-bbcb806d480d,0,0.691105,0.607243,0.764019
9ae2f0a0-0894-5f51-460c-087835862702,0,0.573616,0.440867,0.696542
469f203a-8511-9fa1-39da-8f8020f1dc69,0,0.397007,0.309732,0.491368
0f2af0ec-532a-1fd1-b41c-69d8589ac596,0,0.109985,0.080249,0.148955
00f6ed35-5ed2-226f-b4f1-9b58c5ea3862,0,0.40808,0.33381,0.4868
7e3453af-8558-1154-3977-5c4d33dc2273,0,0.15603,0.109636,0.217265
3a5f0647-3f39-ae14-3fc3-6147ce84b994,0,0.199928,0.139724,0.277699
852cfe70-478d-7f1a-7c99-af7c7954b2a4,1,0.067882,0.05104,0.089757
6a44ca62-51bf-0a89-c36d-6e604236dc9b,0,0.178231,0.130845,0.238077
b8d71626-76af-905a-24c9-4a2660a2eba8,0,0.141889,0.095795,0.20513
03cf9075-e4b0-84c7-7eaf-7dfe2bd9f360,1,0.074784,0.055207,0.100565
0113f779-baa4-4933-b3dc-f6a087eab548,0,0.165135,0.129052,0.208888
a070d11f-b80e-0658-db19-6462fc39042a,0,0.379575,0.277288,0.493813
b504bc25-c4be-1c8f-47a6-f1f1c27f208b,0,0.117793,0.088877,0.154521
eeef4ee5-3e0b-33f4-bab4-a4232517c4e7,0,0.426125,0.339347,0.517704
05169b35-3b22-5d00-ab40-02e7fb246e33,0,0.254286,0.200493,0.316793
d85dd0ff-2573-c1de-637b-bbefac22bac6,0,0.685797,0.607619,0.754687
f08d710d-c351-26e7-d28c-91f03fac1244,0,0.114033,0.088185,0.146242
3a5ea8bf-a034-7797-fe12-516eebb331ac,0,0.201541,0.137942,0.284776
84f6459e-6930-0331-5ed3-989b808236d8,0,0.093925,0.072241,0.121267
2f028b65-67ad-8800-a70b-55142eb3d818,0,0.437412,0.325749,0.555799
1a82d27e-7416-8242-20ac-4fed5e7c35f5,1,0.062663,0.048314,0.080911
813df1c0-cdbb-24d6-d853-90123b7a97f5,0,0.619407,0.516549,0.712559
ef085906-433d-327c-cb24-5fa6a0d5cc62,0,0.892187,0.840728,0.928436
f407cd1d-13d4-72b8-8f4d-96cdca74192b,1,0.087564,0.058563,0.12896
c8f96ecb-7b23-d6e9-b5e4-8560d62c6727,0,0.956949,0.000193,1.0
0677dd3d-1ffa-c760-3879-c34f47ea7ed0,0,0.185529,0.13065,0.256653
f75cd99e-6857-98c4-1cb4-542d16acb971,0,0.109856,0.074826,0.158476
df259135-7e57-a234-bb52-c22fa5d32f36,0,0.320924,0.239764,0.414576
3a0b9682-f5dc-ace8-205b-f7da8813ddd7,0,0.098182,0.07311,0.130639
6e088284-77a0-6415-2480-b8554b189bc3,0,0.205852,0.124912,0.320056
a53a96be-49cc-6567-951c-f993088fb4c6,0,0.223104,0.166104,0.292797
ccbe4a68-bd04-a59e-94b1-02149e1dd8eb,0,0.12625,0.093711,0.167994
824a4bac-3ff0-07bf-6315-b16b7f801c56,0,0.316981,0.257677,0.382893
9bf19874-21bf-9424-ef3d-506a5d902e10,0,0.231258,0.165498,0.313337
191dfcd7-c7e9-15cb-d511-929b4b834db4,0,0.204521,0.141847,0.285669
73d884bd-4b72-7f96-e198-a27a76830587,1,0.062663,0.045198,0.086268
b03fb9ed-b77e-1bf5-680c-071d5cf4ee08,0,0.253504,0.179452,0.345255
f82a9cc8-fd66-8b33-ce76-5ab22a27bde2,0,0.357428,0.25027,0.481031
f3515107-dad9-edc5-e155-4d9e9a48d7f6,0,0.333639,0.24525,0.435504
d38e01f5-7e10-8e45-8fbb-c19726c18809,1,0.052423,0.03978,0.068795
ca6835ce-4b07-c152-8afa-b42aaeec20a5,1,0.046642,0.031876,0.067769
6aad0996-bcd7-1c74-d872-e7886ecf4877,1,0.057548,0.0421,0.078202
1c137dac-0536-ba7a-05be-5db8e2224b9c,0,0.308391,0.231523,0.397576
1208c05c-5784-cf22-5a4a-b6ac70a1f1fb,1,0.062663,0.048435,0.080716
0990f418-9e2b-6cc1-79b2-d7558cafd0c0,0,0.12257,0.092051,0.161408
d0e38d9a-9b48-67a3-6a7e-6225c8989d89,0,0.114581,0.081994,0.15789
10567e7c-8069-bf1d-3cdd-f0c33a496a1e,0,0.504995,0.363178,0.646014
d450908c-8588-5613-f90f-1998fabbb618,0,0.15603,0.119291,0.201495
44959e60-de6c-5e1f-a587-29b48dfab618,0,0.276812,0.20675,0.359847
eb6b5760-0b03-2013-632d-cfa8f0fb2227,0,0.320924,0.236483,0.418972
e5789984-769e-8aa1-2e09-8adc1342a943,0,0.091418,0.068307,0.121328
b01b2e42-b49a-1634-a9c1-fb5c11095e16,1,0.07125,0.054758,0.092223
3eb29949-147e-82af-c589-38c643e95f72,0,0.422077,0.342458,0.505963
bcca94fc-8a7f-8ee0-74ae-0aa3790f5dde,0,0.312334,0.249633,0.382751
fbd606ee-0248-24d7-6759-018649709f51,0,0.704982,0.612999,0.782848
a4c32e0a-80ca-6402-2517-f6f53ca89db1,0,0.093888,0.072989,0.119995
eb86d0f3-bd9f-d5c3-3388-82108133d598,0,0.105808,0.078335,0.141439
15ba537c-d999-21a6-8a11-08f558ef9054,1,0.049849,0.038588,0.064177
6cb9c314-e975-4c18-254f-a27147d9e1b1,0,0.089357,0.059791,0.131498
39d9a12f-a5c8-3259-597e-c069e94574f8,1,0.087585,0.065766,0.115748
56448ab2-a021-49db-4fe3-e028d847e5db,0,0.150177,0.102208,0.215261
9a1f20dd-a175-c738-4261-074d6f197045,0,0.141636,0.09716,0.201918
2c9b04f1-0233-39f8-ce1d-e53f93a9d83b,0,0.675181,0.589438,0.750594
d19e07c6-6d34-a1cc-4c35-739e14fcfa89,0,0.362144,0.269346,0.466501
cde839ee-fcf6-846a-7cf8-40d85e0e4e04,0,0.316981,0.237651,0.408598
a6716359-c92b-457a-8f0f-14bdcc204b3f,0,0.743448,0.600842,0.847995
db0a7a84-1ae3-d185-4926-84e7522cac7b,0,0.276113,0.191968,0.379805
c656ea1f-622b-3288-e39b-11acac588f0e,0,0.107796,0.079697,0.144248
7a4c2ee6-fba5-eaac-9e3c-ee2391511d3c,0,0.159427,0.121709,0.206091
a38b1237-053e-1546-afdc-b446e8c87f30,0,0.192689,0.132942,0.270898
d5ba6cb5-526f-5442-4449-1431000d64e7,0,0.187835,0.127127,0.268612
409c5421-7043-ff87-379a-7d3e2023cbff,0,0.385933,0.274438,0.510834
00383c2c-87be-268e-51d1-b16e9df80168,0,0.114242,0.087852,0.147279
a2696c39-b16c-6d90-80af-76cf3148d984,0,0.534544,0.428518,0.637539
3b59d7cb-60a7-8510-77dc-86511b6b21eb,0,0.547568,0.421801,0.667542
466cc2df-7de1-d934-b10b-7cc5713f01c7,0,0.541074,0.437889,0.640853
22f90247-8886-d703-a320-80ab66baed87,0,0.265549,0.199945,0.343439
7c343bf2-ca3c-7787-9e62-62a865745e42,0,0.159458,0.119606,0.20943
fca3a16b-29a5-c1af-1ca2-8dd7f7290749,0,0.411459,0.314625,0.515672
edd84cf5-199c-7a07-94f7-848299b82530,0,0.301208,0.222658,0.393442
f0283c1c-0c1a-f1fd-5d90-ebc0d87df37e,0,0.77844,0.654616,0.866898
d9dd2c0d-69ad-276f-ba53-e4bffeed1d35,0,0.691105,0.61412,0.758764
c9aea652-0b4f-59e3-2d49-940c44c95c4a,0,0.667509,0.521361,0.787242
e8ea4150-6e4f-e39a-03e7-9e76a09de595,0,0.159448,0.113561,0.219289
67e19649-e61c-2db7-eb3e-571aee3f50ea,0,0.230713,0.170616,0.304215
bfcc3cd2-ea95-b5fc-4150-623daaa86219,0,0.134801,0.099479,0.180156
5b3e0f1d-2a71-b585-ba59-ce15f8ace7d4,1,0.083304,0.059942,0.114661
8bc5ce00-6d82-45a3-c0c4-30b09845d143,1,0.069257,0.052014,0.091665
218b344e-7bc1-2275-9370-b8e04f866030,0,0.262418,0.182211,0.36229
daea08ea-a279-9d09-6d51-04cf80a16add,1,0.087293,0.061421,0.12264
c63cd2b2-ad47-a77e-dd10-402f06670457,0,0.215247,0.15392,0.292561
05a5517e-9173-45b2-e544-45d17567dc8a,0,0.314658,0.250121,0.387247
0d974dbe-8b34-a49c-7cf7-d4cc506478fd,1,0.043435,0.028907,0.064778
d7e849aa-cf86-cae9-d129-f48bb2dc19f0,0,0.421595,0.323698,0.52607
c211a13d-fc3e-2030-faae-94c3c8f4db4d,0,0.547568,0.422397,0.666998
bd0bccea-3914-1770-a712-be03192131e3,0,0.091553,0.065609,0.126368
4d533008-4388-93a4-0764-c42cece4e40f,0,0.504995,0.39127,0.618206
c0f245ae-0f53-f04f-0714-7e58dfbe0aec,0,0.24959,0.196984,0.310808
6b947ccd-e538-3240-247f-47d21c508639,0,0.110533,0.079573,0.151557
4d597b58-693f-f7b9-ce54-9565283629b3,0,0.203071,0.134929,0.293932
ec4530ee-b903-ea50-a482-87acae1d9916,1,0.062663,0.048834,0.080079
4e6a8f82-39ca-ab57-a83f-438aca0f1ae8,1,0.072625,0.054991,0.095343
9ef3b28e-25fe-338d-e032-bd28b0ac5772,0,0.132093,0.090847,0.188189
835dd21d-042f-0985-9586-0275fe8133a7,0,0.093789,0.073089,0.119597
e846ac3a-4369-0542-6a00-cb60f03fe6d7,1,0.049849,0.036498,0.067741
d359af17-af82-f9e9-d51c-78212ea24a14,0,0.344713,0.230888,0.479656
c25ec32a-246d-83be-a959-e461a84b79ea,0,0.239668,0.184947,0.30453
d6d607c2-233f-d270-7cfb-b360424beaa3,0,0.484431,0.330579,0.641292
22691de6-ad81-dbd8-9bc9-d5d351fb9053,0,0.333639,0.24385,0.437367
df3062c5-f4ce-1652-ab00-dbe7eaadea7d,0,0.230013,0.17762,0.292367
755feda1-3ae5-a614-1ed9-8c604f6f9064,0,0.314658,0.246583,0.391754
6fdff888-7410-4b88-8b09-08927cb7c07c,1,0.061211,0.0441,0.084374
99c0b023-0011-ec3a-a396-2fcc2d09e3e4,0,0.254286,0.194807,0.324605
60e0000c-89bd-b980-5c31-25ed501e80ff,0,0.314658,0.229762,0.414058
c6f47537-e334-d790-eab0-d60173389d49,0,0.320924,0.238087,0.416815
ec40c085-4e90-714d-0916-5e344ae387d8,0,0.414838,0.337929,0.496134
7fc12910-88e4-a927-7c93-f48dd18d05b9,0,0.297019,0.227632,0.377227
e9cc0839-4258-b21b-d95f-1fb80e3aa387,0,0.414838,0.323154,0.512826
7f4a277a-3bd3-5ec2-542f-8cba382ccc46,1,0.062663,0.045724,0.085316
97532a5e-e70d-bf72-7d97-0103469b1593,1,0.062663,0.048368,0.080824
78e98f20-c103-c9dc-366f-c6dc070b1e8e,0,0.670383,0.572406,0.7555
37e5123c-e1c9-2e8c-9568-604bcaa9f69b,0,0.52805,0.416982,0.63641
211f5683-1387-c196-40c4-e0bb1ed3e38e,1,0.07125,0.055018,0.091805
e42f68fc-6030-34fa-455b-2c52b5e62693,0,0.838267,0.76959,0.889415
363761c2-0718-c827-acaf-8d6dde45cc3e,0,0.107796,0.072599,0.157164
3ac8b897-603d-dcab-a1d1-bcc0423e4c09,0,0.242545,0.177292,0.322403
965c0326-ea58-f682-3973-a4df97c19d69,0,0.327282,0.243269,0.424049
248feacf-fbbe-4ecd-f248-e1bc6e686903,0,0.355787,0.246061,0.48309
51157d42-cb94-70e7-cd3f-9f9bc8057bd4,0,0.128203,0.088918,0.181389
f50f55b2-ee8d-ada1-a963-ed9c2a1b2ea9,0,0.211344,0.140989,0.304367
8de30dd7-c0b1-31b8-73e9-29c321f52837,0,0.209353,0.154209,0.27774
bfe16c62-cb2f-2159-76f0-14e33225b47c,1,0.070633,0.05312,0.09335
2e1f034e-01e8-7195-dc97-5f79e28595ee,0,0.301208,0.226106,0.388725
3bb51f70-761a-9fde-d56e-e45b54fd8dd6,0,0.864059,0.804846,0.907373
0084b984-75f2-7fc8-2c0f-646b22afd7a7,0,0.284944,0.198206,0.391124
fdd88963-a433-daa4-962d-10cd6164cff7,0,0.379575,0.284135,0.48534
c142f553-c88f-e4f2-9c2f-2fcb55be0880,1,0.085291,0.060882,0.118252
f5515962-0fe3-1503-c811-a47f341f903d,0,0.22544,0.167449,0.296366
c12bcfae-0b97-e00f-ab70-c1eb00597f77,1,0.062663,0.045794,0.085192
7fc00900-c186-eacf-0280-3c21629dc7f6,0,0.237558,0.169608,0.322169
988782f9-84aa-b6f0-66b0-d1f094150d84,1,0.051685,0.039217,0.067838
5a8b231e-76fa-6a07-bb7b-66c0a33ddc6f,0,0.147458,0.098795,0.21439
c7e86e20-4b74-a3fd-fcdb-d91f1c4ff4ee,0,0.233247,0.172335,0.307686
e0fde4bb-13ef-3ab6-508e-f14f85d3b35d,0,0.155647,0.105808,0.223103
a90ee797-8934-279d-2fa5-0a4773a93652,0,0.838267,0.78642,0.879457
3933d02d-9602-b840-46c4-54524ffee760,0,0.162876,0.115354,0.224995
4ec30139-14fa-8674-a2bb-e95ea97361e2,0,0.62554,0.514687,0.72462
25446e64-47e7-e3f4-cd04-a489c2ffe30c,0,0.093925,0.071687,0.122152
1c7459a1-edc3-e86f-88eb-84862aa465e3,0,0.10189,0.074836,0.137273
91cc7274-afb1-ecab-145f-e1ce059d3642,0,0.150167,0.102541,0.214623
6e01c0ba-4bf9-7236-2964-204e091a2d44,0,0.214409,0.159393,0.282043
a49d169a-994f-2231-ec38-a0d466b3dfc4,0,0.638604,0.497125,0.759534
935b852a-1f74-f14c-ce4b-99c4c41520e6,0,0.333639,0.240072,0.442442
2a887e79-fc99-31be-50e9-580831c5b6e5,0,0.300963,0.227504,0.38628
15992db8-bbac-c192-d759-b6303652a3c9,0,0.140654,0.097597,0.198527
6aa786fc-a240-412c-a050-7e0a51ebeece,0,0.242545,0.176964,0.322895
8fbbb2ff-5f19-3cf8-954a-bead3c893db8,1,0.074784,0.056837,0.097811
5054b91c-436b-21e2-bde6-78968ff4dc0c,0,0.92825,0.898884,0.949566
8e64b047-367f-8a8b-bed4-d0e19bab3eeb,0,0.122151,0.09311,0.158664
338032b1-12dc-043e-ab27-62f52c89ed74,0,0.560592,0.419068,0.692904
eeae723d-4941-b282-d965-acaa2df00e71,0,0.397007,0.31028,0.490727
f595849c-e364-3e5b-4d9e-0e0e9bfb3b9d,0,0.314658,0.235605,0.406142
7b69f9d8-0ebe-9914-bac0-f1df00cad7d9,0,0.534544,0.437056,0.629463
e42cd06f-7fa1-f0b7-1459-81a3c562e0cd,0,0.357428,0.248548,0.483327
30735420-fb46-2b98-f7f0-e4421c9e6479,0,0.138208,0.097221,0.192786
6beab62b-2b32-b211-0c71-4c44e2f3c938,0,0.097806,0.071837,0.131829
97448c85-f639-02ae-f928-98772e681b5f,0,0.093925,0.065441,0.133042
fdd41eb0-56e0-e238-b02a-b8fcc908037e,1,0.062663,0.0485,0.080611
acf0e5c8-015c-2c1e-d26a-e7a703939f99,0,0.114581,0.087847,0.148128
39fe77d9-3584-7b73-a7bf-8353e18aa6ea,0,0.314658,0.233925,0.408399
64814d70-b63d-7926-1d32-4d57ebf7698b,1,0.060484,0.046303,0.078651
41769423-fcc2-5b13-2d43-ec358464f3d2,0,0.166163,0.11876,0.227601
2c4dd554-d827-6f9a-dbf2-f7759b1219d3,0,0.157012,0.117818,0.206198
c203935f-eb1a-81e8-761a-105a65b14f4c,0,0.147469,0.101827,0.208812
16a93844-899d-6f13-e865-ea0fb7d9d430,0,0.093654,0.072755,0.11978
567d0d86-0a71-a7c7-5a92-568143ada81b,0,0.105938,0.077547,0.143111
15aa9d12-eefa-cc3a-ad52-8f1dae0cf0d5,0,0.864059,0.800904,0.909445
4ac7127c-f5ae-c5ce-8473-6981427126c1,0,0.40808,0.308263,0.516104
f6f92687-e0a7-4160-86d4-701b9ec61444,0,0.310714,0.245099,0.384938
500d8698-742b-29d9-981b-8b0c535cd5b3,0,0.24098,0.18545,0.306874
0ed49b4b-df32-ea38-6bc6-65e62d359b7c,0,0.484619,0.360011,0.611169
b21c2f8d-fe23-7680-6bc4-2add1fc715b2,0,0.126041,0.084465,0.183969
4d71c7e1-b4b8-df29-1a17-a7178000bf20,0,0.093925,0.072591,0.120713
85d3ddf9-8575-04aa-33d6-bb688a26a550,0,0.58664,0.475839,0.689312
c2a43b33-35da-0079-7810-02b9672285b6,0,0.272899,0.202085,0.357411
89e30361-b003-c940-31c9-009063848031,0,0.091689,0.068817,0.121172
afbb2e09-854e-ce8f-51de-f102fcf63a32,0,0.149904,0.102107,0.214725
30385989-c481-6751-8b93-26acdd889896,0,0.124586,0.087605,0.174197
afded6ff-5537-36a5-0743-c068eac40d76,0,0.298639,0.230887,0.376539
6a65ea89-4446-39fa-4f17-64d8cc60ad6a,0,0.40808,0.330286,0.490771
bfeefcca-5226-711f-8a56-c72ed3b32858,0,0.658312,0.5146,0.777844
28398cbb-7bbf-08f2-e185-10d0ef40e1bc,0,0.211468,0.141487,0.303815
026291d7-d472-cc2b-62ec-ed802ab22704,1,0.062663,0.048695,0.080299
03a29134-a039-0725-679a-b488a0a61c4b,1,0.061937,0.047894,0.079753
0a226336-5fc0-0d1d-400c-f95751448c23,0,0.187136,0.128044,0.265205
014569d6-f0cf-29f2-de40-9c06199c4625,0,0.10189,0.069105,0.14776
48ab2130-86fc-ee60-486f-5190ce33c188,0,0.250372,0.199686,0.308958
9d6dbea9-dcfa-92eb-dd42-5c53ecc711ec,1,0.085328,0.062168,0.116048
a8611d58-a44d-77ed-02af-71299d821fde,0,0.471927,0.371887,0.574273
d1d496d1-35b4-340d-ac18-b68a80b3e92c,0,0.421209,0.321842,0.527395
0bb27ff7-9732-4466-2903-03e89aca902a,0,0.105679,0.069985,0.156515
049513ba-4129-af4e-d8d3-d030ad8cf182,0,0.219339,0.146585,0.31488
887b5304-21db-79a5-3dac-b4fd84da82ae,0,0.327282,0.261495,0.400641
9b1ad70a-b1f1-8a3e-5f0e-b01124820f65,0,0.162876,0.116469,0.223105
a40680ec-3ec3-3dba-0c93-a7b0d608e3f6,0,0.128423,0.085457,0.188536
2cba4733-9097-1262-bea0-9ac549a0ff89,0,0.162865,0.116474,0.223069
69efbfb8-b301-fb29-b6cd-f41d223d051b,0,0.276812,0.192852,0.380112
2e313d40-700b-e667-0b1b-ea1459caad6c,0,0.813378,0.711299,0.88519
3a62bfbd-801a-8616-1410-52b0b5bc353d,0,0.253504,0.195526,0.321796
68262bba-4f38-524c-5bf8-325d05d20d3e,0,0.231258,0.176948,0.296239
8e660a43-9cf4-6a73-f5b4-eff815e0d392,0,0.153311,0.106709,0.215358
9767375a-4448-3fce-debe-05bfd590cca7,0,0.1913,0.135054,0.263825
ba975a4f-1a7e-4316-ec8b-e71f313b61d5,1,0.067265,0.050232,0.08953
3a10f6e5-9e5c-52e5-a435-d1edeb7ee5cc,0,0.534544,0.434254,0.632118
9609925c-b978-cbbd-c9ad-1b261752ae14,0,0.691105,0.593119,0.774467
caddfe17-5918-8952-6175-dc7b47452e41,0,0.368502,0.249996,0.505333
e284fa3f-fb8d-eba7-db83-2831fd98cd01,0,0.093925,0.066996,0.130168
8e4898d1-5cc1-8246-5562-6f044211029f,0,0.422077,0.3211,0.530018
f2c9cdb0-4f61-cb57-69f0-4cc66aa2021b,0,0.411459,0.34134,0.485368
e8e59ba0-fea9-88d6-2146-6beea6c74652,0,0.534544,0.433,0.633304
efd3d0ff-65c9-fd71-de7a-294d55ac28b7,1,0.087564,0.058076,0.129958
21859004-ea74-f389-78f1-2ad418b542db,0,0.220585,0.147927,0.315707
9158cb2e-2287-696b-78de-08db76e8fac4,0,0.9426,0.00023,0.999999
b46268ec-a49b-a2be-3360-debb7f96bd1f,1,0.062663,0.049324,0.079309
a463086b-5035-bb27-4883-8235673e50a6,0,0.24098,0.176093,0.320477
a57c7bad-ebb9-18d9-dfef-1b508ef45665,0,0.234136,0.167278,0.317525
8e4ea65e-5907-0c1c-f0d4-477dfefcb9c5,0,0.534544,0.426297,0.639633
b7f48626-0d5d-b797-a1b1-a0b02c5dc51e,0,0.109616,0.07486,0.157757
3d4a9aee-05c0-ece0-8202-ad5134cb84e7,0,0.437497,0.341174,0.538776
dc141346-eacc-bf9e-2116-e7ee70ec2f35,0,0.178924,0.128703,0.243271
d1714f64-b1f5-f689-0786-ac5d02f5ada4,0,0.264038,0.196636,0.344633
12109558-e1dd-b01d-a4bf-5254aee8be2c,1,0.063898,0.048924,0.083054
d152fdb9-4fde-8ab6-0549-dbed493db14f,1,0.065273,0.048269,0.087714
bea5284d-e0c7-64df-cc1d-4c1d955f8a14,0,0.781077,0.670588,0.862126
1a708d09-831c-0a6f-679c-8eca2000e65c,1,0.054996,0.041189,0.073079
2b8723b3-0ba8-6750-1585-c855abebc821,0,0.691105,0.593379,0.774279
0047dc8e-8c5b-9fba-e58a-e147f38794ff,0,0.15602,0.117132,0.204823
9828ad58-2bfb-004a-5b35-a5a14412f52f,0,0.40808,0.313593,0.509889
3d21de53-b07f-d0fb-9999-8d3a369d235a,0,0.10202,0.071369,0.143794
e456b5b8-c264-16e0-f916-d424f91a0647,0,0.9426,0.000704,0.999997
1b92267e-8ac2-9e23-76c3-3ebabe21135f,0,0.247241,0.190412,0.314444
2fbfc0e0-2bcd-fb78-2326-28aa8f288c0b,0,0.097843,0.067603,0.139584
8fed82a0-0f0a-914b-0932-e046d68d4f6c,0,0.313038,0.249076,0.385002
da344980-0ee8-c8f7-50c3-6d852741321f,0,0.625624,0.486115,0.746974
49cc4fa6-29d5-1ea6-fcd5-013c4c3b1ef5,0,0.110743,0.080675,0.150186
232d6675-29a5-7fdc-ed44-89ae39b4b022,0,0.093752,0.071331,0.122293
84e43436-d644-8063-a364-7c406b9340b9,0,0.411459,0.315617,0.514524
c1d36a1c-e10e-dfbd-20cf-21e9bd6a7d6f,0,0.134801,0.099533,0.180067
5adfccf3-61db-a1ad-b12d-3ffe312aaad2,1,0.075568,0.054886,0.103192
e65b8775-0795-5bb9-d4dd-743d3ed323da,0,0.298639,0.22215,0.388318
fb847727-29be-9556-c7f8-46942242984d,0,0.58664,0.491826,0.675438
f55ddf10-88c8-04bf-f36e-61813dc04eac,0,0.113534,0.08111,0.156711
afa49644-caa3-08c1-61d5-d5eb8259bc5c,0,0.097707,0.070864,0.133261
eb00844c-1bf0-9d44-474c-8b4446986401,1,0.062663,0.044446,0.087662
3e4171dd-134e-7a69-6bd4-42ce696c4f5b,0,0.890132,0.845523,0.923032
69754e27-129e-61a5-39b7-22dc37102557,0,0.534544,0.453359,0.61394
95d534eb-6463-6236-3ae6-3f341f8463f7,0,0.368502,0.269135,0.480439
1aee3d7d-3400-b847-d54b-bba71f972031,0,0.237558,0.183983,0.300979
01e457f7-00cc-5f04-ffcc-236487718ef4,0,0.21906,0.150329,0.307831
30a91879-bf83-68d6-ca6e-bd3c67332f76,0,0.146497,0.091618,0.226066
6fb8ec58-63a1-baea-00b8-adab72b71822,0,0.113072,0.083145,0.151986
295336d9-a27d-7161-df23-7b63c197619e,0,0.397007,0.312337,0.488329
47dfdd14-08b2-7865-7d80-982b54c777c5,0,0.397007,0.309805,0.491282
3c5065ed-686f-0de9-3479-dd921c54c042,1,0.072625,0.05605,0.093615
40555c68-82ce-516b-b229-7eaf6d99e38c,1,0.061937,0.048385,0.078969
f0c02226-5c62-2c0d-01e3-0caf13019ee9,0,0.107796,0.080544,0.142836
d04d00dc-2acf-3eb5-b633-1c2460bcfcce,0,0.114451,0.087259,0.148737
6749af52-346e-167f-7554-8a4f3b26a9d7,0,0.262418,0.196965,0.340402
326bfec5-3ef6-b03e-91dc-aed9b86fc083,0,0.244892,0.177598,0.327531
4793a24e-7c84-71c7-be4f-bbdf7b0bd357,0,0.300259,0.227183,0.385127
c767bf42-270c-33f9-4f20-0dd47e81083e,0,0.844715,0.779167,0.893467
2e82443d-a4de-672e-e276-31e6a438b886,0,0.333639,0.254888,0.422911
28445478-8056-68f5-2f32-682800889ffc,0,0.276812,0.192116,0.381229
fc28a1e5-92dd-4fe2-caad-bdd4afbd2ff9,0,0.316981,0.245797,0.397903
a29fd7de-f9d5-20e2-cb68-6a4b0cf52d02,0,0.114113,0.087194,0.147994
0e968baa-fa75-a6ea-e703-6406e192bfe7,0,0.536533,0.413423,0.655345
27a39fb7-dec9-0cd5-2d0f-33fd4b3a296d,0,0.201428,0.143775,0.274781
944aca07-37ab-bd14-8544-d27acc14f854,0,0.301208,0.223522,0.392255
24c7e25e-c699-10ff-8041-0ec5bc3f946e,0,0.110065,0.076206,0.156422
fc0f4918-48e1-2553-ff9b-b6226b97085d,0,0.516896,0.406696,0.625476
f7c8dede-efa9-e918-dde8-9957db9f7b45,0,0.093925,0.070877,0.123471
37a65c2e-4d54-feaa-0c96-c9faf2b7ca8e,0,0.120906,0.080637,0.177403
92f34ed6-3fdb-180f-3820-02534121880e,0,0.113903,0.081593,0.156823
e329d85e-7709-7b02-6fa8-dee0a651c08f,0,0.163925,0.119473,0.220768
634a0945-74d8-24b9-f350-b1aabcbb7027,0,0.126041,0.093851,0.167233
2a58aa66-8725-733b-2b95-c5a531f6d097,0,0.351071,0.254047,0.462189
858fccc1-e25f-31a2-f51a-7a0064a81f58,1,0.079044,0.05156,0.119334
3e78c61a-e807-d833-0c89-9d71a0d02444,0,0.276921,0.180102,0.400371
266ec3e8-d9f0-c3ee-7c5c-b97ec88995c0,1,0.066507,0.046679,0.093927
72c7e306-6ecb-852f-55e0-4e5385a60b61,0,0.120776,0.086122,0.166829
9de638bd-077f-f0b5-a91d-726fbea2848f,0,0.52805,0.413399,0.639818
72c45947-0d36-d9a8-6897-e6fbc9ba1812,0,0.09983,0.073151,0.134825
f6a2de59-4bc9-2091-4715-73dad73d5d18,0,0.248024,0.178171,0.334128
bca4263d-39f2-2822-5493-7c974b2a2d0d,1,0.046642,0.032261,0.066991
f4e3b8f2-3cd7-dc31-f085-6ecf58c65ff4,0,0.114214,0.081627,0.157577
87390e42-16fa-07da-5154-f98e2adfaee5,0,0.630848,0.509337,0.73776
6bec8f1a-8016-b978-1185-fbf57984bd88,0,0.40808,0.310723,0.513229
f19d475c-c5ab-08be-e32c-4253c302cc1a,0,0.162876,0.126054,0.207895
fb426c49-ed2a-eb14-7613-1f93319c0c87,0,0.09385,0.072188,0.121164
60a0a85b-da17-80de-bb6d-149604407132,0,0.093888,0.065715,0.132426
e9498fb3-9ee0-c744-4455-fe45f7ddf8ce,0,0.201112,0.137466,0.284506
c3d33eb8-719d-48ee-3bc7-85276e38e4a4,0,0.318601,0.254171,0.390805
679aa2a4-fe4d-f2df-b665-4e19b8bbcaa8,0,0.466565,0.330354,0.607951
e4f59458-73a8-7ca9-fae5-4383ca1e0c62,0,0.534544,0.449881,0.617263
9c5c5008-a1ec-9c22-cb9a-81297a9080e0,1,0.06589,0.049737,0.08681
c4cfd70c-fe29-484d-5bd8-36160c31c05c,0,0.159458,0.121109,0.207089
330395c4-24ae-7dcb-c5ef-741096c4e67c,0,0.625624,0.485645,0.747329
bae2a86f-0fb0-6cff-a70a-fb79c53989f5,0,0.093752,0.067946,0.128013
ce116bc3-4526-aa57-b6de-4610ce333324,0,0.114581,0.080597,0.160394
858db4df-c7f5-3c09-1520-8350f3378085,0,0.132093,0.088319,0.192969
6e2eae41-1584-8ba1-27cc-06e896ac8e1a,0,0.58664,0.491217,0.675972
3fd64bdb-01ab-fff3-599d-4287045dbb20,0,0.373218,0.261676,0.500101
bac7b907-8de6-b73a-f491-fa804603b4ec,0,0.234136,0.167636,0.316969
36f6b036-8f82-86d4-b770-7b08fe8981ea,0,0.314658,0.247868,0.39011
0bf1c7c1-97ac-0b6c-ab03-4db60b16481d,0,0.297019,0.225135,0.380582
8af2d026-f222-5b7d-d44c-b0a9f0caf8e8,0,0.432695,0.328367,0.543354
7e6393ce-1490-045a-e2ff-4d927e97c152,0,0.114999,0.081384,0.160081
1b4ca3db-fbe4-8765-b740-8cf100b21eec,1,0.062663,0.047903,0.081582
518c78e6-19c6-4400-9c1b-bc045b687ee9,0,0.093925,0.066793,0.130537
e7037614-c6d3-2c60-35a5-d4ce66601c94,0,0.534544,0.454552,0.612799
16259055-64d8-a8c2-124b-f2c6da9bf508,0,0.097843,0.07241,0.130948
c11cebf6-b811-5d72-e530-f7121c330bd9,0,0.098182,0.071225,0.133869
3b162d4f-6c55-9d2f-e994-1034f7693bba,0,0.144051,0.088959,0.224841
706ba4ba-2574-c010-47d9-1b238e961ac3,0,0.724606,0.620196,0.809145
156c66e9-5ac8-97cb-f446-187ed8326c9b,0,0.385933,0.29635,0.48397
295c1cf5-090f-c295-6aa3-b6a592b7b1d5,0,0.276812,0.2045,0.363025
b0d95925-a654-9402-5cf3-ce9667b1bfd5,0,0.411459,0.336905,0.490312
8828f40d-751a-761d-868b-98f1ff7fa4c3,0,0.474077,0.353923,0.59731
8a84c2f8-374e-8731-75bf-327fef55e107,0,0.653004,0.554162,0.740206
a5bbdbbf-35df-af90-a845-bd3c7178303e,0,0.573616,0.464198,0.676273
95d4c4c1-ed77-e733-5c28-d2fc0adfae81,0,0.640024,0.524241,0.741522
e623e2e7-32f2-dbb4-f8ec-5edf959e43d6,0,0.089588,0.066946,0.118911
2d695938-2ce5-d87e-bfdd-33cc42ced57d,0,0.241763,0.177119,0.320802
858c6f9d-7cba-6414-fe19-0d84e45e4a30,1,0.077669,0.054859,0.10887
2cd20e76-5603-e2c5-aa26-12890692c27e,0,0.523509,0.426137,0.619126
66cbe00e-6fc3-c86a-6a41-f09e4e896060,0,0.414838,0.321961,0.514189
237a2f22-55e7-be3e-d4d5-3c82a4abe24f,0,0.547568,0.425389,0.664272
af822df8-c3cc-42b2-e181-97c0faddb93f,0,0.379575,0.250059,0.528867
b33de234-0299-1515-9d68-291f98338363,0,0.243328,0.19118,0.304348
c837bfe7-e560-c41c-4547-07681c463cef,0,0.247241,0.181762,0.326885
106cd1b9-ae83-d42d-fcfe-006dca26c575,0,0.141889,0.105631,0.187976
f15fce2c-d913-de93-30e1-a1feaea21be9,0,0.111714,0.086614,0.14295
c2edd006-402a-4986-59b9-9ce765f68ebe,1,0.061937,0.047311,0.080701
32e70b37-bd06-8043-6434-c169e9f21a0b,1,0.069257,0.052285,0.091209
22e6bbdc-8e6a-f4cd-66c9-b4f3302d75f8,1,0.072625,0.054326,0.096459
c9e1ebda-52f6-4c09-45ff-897910275f8c,0,0.691105,0.592631,0.77482
e382ab92-31b4-49e6-65b6-ea5a3040c775,0,0.093925,0.07187,0.121858
5dba9e77-b112-837a-8a14-5cf5a2cf5ab6,0,0.379575,0.248664,0.530723
444ee632-214f-9191-d8b8-058c10da8bf2,0,0.40808,0.329639,0.491502
bee442cf-e9ef-7f3a-b7bf-f3888723a010,0,0.238103,0.175466,0.31457
ef664dc2-b968-45b8-b6d7-954484122ea6,0,0.194216,0.12979,0.28032
6afc7fd5-b194-a7b7-34f2-245124217faf,0,0.091651,0.070579,0.118214
798581c7-7970-f579-5e1a-75dc54124530,1,0.083169,0.05955,0.115009
01c14fb2-0097-e51e-9977-fd3d19835fb8,0,0.40808,0.311541,0.512276
734ef613-afa2-48e4-ec97-cb999403b30b,1,0.06328,0.045844,0.086746
098b3ebb-2e83-fa60-a2bd-a16caeefb3ec,0,0.241472,0.190419,0.301121
462f0f6e-c98f-4104-e2bb-79a2b59ef136,0,0.093789,0.067441,0.129007
c7fad84d-fce1-6aca-8d43-90ee79119bf7,0,0.599664,0.515112,0.67867
4464d0aa-6366-e6e5-344f-3fe7e6737fa2,0,0.202104,0.141758,0.279764
4b88f2f5-2fc4-f0fd-0d7d-e8e95404ada6,1,0.06589,0.049788,0.086724
99002dd8-e677-2a04-e784-77272ebba385,0,0.320924,0.254347,0.395681
081a8c3f-c39e-1f4d-35f3-8daaea2e9db2,0,0.289945,0.215604,0.377579
f5fa1e78-8704-528d-3c65-6f8ff9d35f29,0,0.12257,0.083333,0.176719
70f39d38-614f-ef8c-f6f6-20cd26407da3,0,0.985649,0.001635,1.0
260539ea-e7b0-4eb9-6e53-ff189cb358a0,0,0.23037,0.157949,0.32325
08b4ee25-7a4d-aa41-7cd7-920ac7c6d64b,0,0.196793,0.131891,0.283213
1c7de7f4-852b-dd58-185a-782c6bb3e62c,0,0.195723,0.128312,0.286894
09927fb4-36a7-b64e-8702-a1c8306b0068,0,0.114113,0.0891,0.145029
8745253f-e3a7-ed7d-87ba-467f6cd7bef5,1,0.058648,0.043387,0.078834
3c016d54-10e4-ed33-0251-eedd2ace239b,0,0.320924,0.252677,0.397792
ab2fa66d-8ec9-31d6-8bc1-b6e568d5b6f1,0,0.414838,0.333966,0.500575
95e4295b-7212-5550-993f-0c683914b028,0,0.184742,0.126136,0.262402
e3aec7e4-b007-3007-5385-ae1b26af49b2,0,0.105938,0.077646,0.142941
8421b0d8-d11e-c038-3f73-bb861b548353,0,0.286564,0.200477,0.391517
ab23b5bd-fc5c-bb41-076b-371f75e7c412,0,0.097972,0.065387,0.144289
b9f84eb5-6055-6931-e8fa-ef2d37e2e08f,1,0.044401,0.030825,0.063565
c211a59a-8c19-4b04-3a32-fea8fec44827,0,0.61835,0.462839,0.752878
3fefb709-8657-deb2-3b0e-37b08a52cf9c,0,0.113903,0.082998,0.154379
2a5a6cd5-3570-4c3f-9a11-2ea69e67f631,0,0.573616,0.470391,0.670802
ff324fa2-1e2f-bba5-a045-7f8bc985bf31,0,0.097843,0.070829,0.133678
8855d43b-13f4-3549-9661-ff1a5b095328,0,0.093925,0.067136,0.129914
e1df2090-0b6a-7baa-6f0c-f0b67fcfd5a1,0,0.11868,0.083358,0.166255
a6d2ad62-284f-6a31-5df3-bdc20d3b36df,1,0.062663,0.048431,0.080723
bc2a839a-969d-5284-ba5f-b58ce828535d,0,0.338355,0.224535,0.474564
1efa0fbf-3e8d-361b-21ea-4dedde1894a8,0,0.573616,0.441202,0.696255
8b3ab548-9479-6ad0-0c89-da14fbfe6a2a,0,0.40808,0.311478,0.512348
fe3134b7-2a4c-1089-20d2-6f2d29f33ea5,0,0.114581,0.080656,0.160286
9c58b20e-70bd-1a60-20a3-23265bb48215,0,0.241763,0.191159,0.300781
2eedaf71-026a-f268-491c-d95dbb801d93,0,0.117793,0.087555,0.156681
c6e09b7a-a48c-b003-3ff6-352fc2257e02,0,0.999999,0.999998,0.999999
514e1650-4c5b-9d97-efc9-113888138cf2,0,0.309094,0.245385,0.380993
670ac54f-93ba-1b84-58d8-7f3971817f11,0,0.114999,0.083241,0.156802
630257fe-9843-6304-423c-d0076452b86d,0,0.745301,0.633295,0.832162
9b486bce-721a-0d71-4115-7fc698b7aa66,0,0.097843,0.072854,0.1302
736c8a3d-af30-53d4-5c73-0280e7bbd879,0,0.374859,0.284105,0.475355
c452dfef-4201-5893-6bd7-79bd78a801c6,0,0.093789,0.066741,0.13027
b867d36d-ec14-e87a-1fc1-010bcfa9700c,1,0.06589,0.050508,0.085534
7a072ed7-2fbb-0ffa-3b11-19e8952a43db,0,0.182849,0.126325,0.257219
dcf77078-2944-1fee-7788-20226803186a,0,0.385933,0.272849,0.512831
7d8acc06-bce7-05cd-8713-2b640e0113f0,1,0.060111,0.046075,0.078074
a75f542e-c5b7-4d44-61f6-0438a9f6878d,0,0.11847,0.083124,0.166124
c5e829b0-4c18-fa66-fc88-fa1e8483bbd2,1,0.053149,0.039182,0.071723
39657152-771a-010c-57fc-3fa572216712,0,0.157012,0.115074,0.210598
09cc9182-2399-b869-9aa2-f67b24fff171,0,0.131121,0.082931,0.201169
6da85111-eef8-56d7-c3a4-a6b89e679147,0,0.534544,0.453422,0.61388
56f045f8-64a6-fd60-c527-53321710574b,0,0.306771,0.243905,0.377745
5156addf-d279-f80c-c5c7-7259500148da,0,0.18923,0.137819,0.254164
02931d6a-5779-a2d7-4dca-43fd4bed51ce,0,0.118261,0.080453,0.170542
17572ee5-c480-688f-328a-d0a3098787c0,0,0.636276,0.480534,0.767879
79433420-7345-0716-24ab-0eaa7ba709a7,0,0.397007,0.305207,0.49668
2a27e0ae-6b8c-6d0b-74f6-dce07d58229f,0,0.320924,0.245805,0.406622
cf5fff67-7317-e691-83b2-022213ec94b4,0,0.651331,0.547645,0.742428
4fef9fec-7962-9a7d-797b-2b3e78c8b43b,0,0.091689,0.070038,0.119174
8c4f08cf-82fb-1383-c3c8-99aa66f75723,0,0.52805,0.418967,0.634519
46202bfa-7b89-407c-6961-b9a2b2480aa5,0,0.40808,0.327377,0.494065
fec517a7-ca75-a345-5b8d-ec901ef32e75,0,0.144051,0.090036,0.222546
251cc904-9b2a-f727-b6e2-164d87a4ff00,0,0.165828,0.110844,0.240704
b6170c31-3c35-54c6-96fb-d9ac582cfc44,0,0.118341,0.088422,0.156644
f8dd80b8-123d-0023-1688-f67613903075,0,0.089258,0.066285,0.119177
21a6cf36-aacf-112c-7f7f-a470d2545eb2,1,0.087429,0.064119,0.118142
33cd0403-3f57-9adf-8fac-dd5da6c0a53b,0,0.541074,0.428667,0.649452
62d41648-680c-0084-0ccf-4b701a2760d6,0,0.276812,0.195976,0.375423
86df82c2-7748-d040-cb23-86fef3608e12,0,0.288887,0.218709,0.370895
d396b1f9-33c5-9b9b-0cac-4b7d85fe5243,0,0.397007,0.313673,0.486777
81b2b97f-6c94-19d5-43d9-63744b7f67f1,0,0.40808,0.315259,0.507958
41c74dca-1f22-bdff-36df-a81381980c51,0,0.138219,0.098928,0.189827
49aa1b7c-7021-018a-e91a-6d436efed239,0,0.428448,0.337037,0.525018
bc9d7208-5b93-d8e4-a1ea-0e1b979e5af8,0,0.298639,0.224858,0.384617
89a3a780-4708-278b-3fcb-8a72d0e2b553,1,0.049849,0.038815,0.063812
1f0feb60-7f0c-9b6c-6193-ef1fac611185,0,0.907527,0.831848,0.951146
8adaeaed-8db2-1f07-4bd8-79bab06646d8,0,0.507551,0.379674,0.634447
e9b86b7c-f457-2058-391f-7812cd60e120,1,0.064546,0.048023,0.08624
6186b58a-a19d-b1e4-d497-c7a923fb1d33,1,0.073409,0.053159,0.100553
c09ddf91-3b1e-625e-dd52-215a224629d0,0,0.40808,0.3164,0.506638
82612755-f150-bf0d-2f1f-204be7c4027d,0,0.344713,0.253096,0.449533
31bd73f1-9124-9ee0-a96a-b58a1d71a2d9,1,0.074784,0.056953,0.09762
c7e9c256-6621-10cc-fbea-3ef50f3dca22,1,0.052423,0.039398,0.069441
81252513-08a0-65a4-3a0f-800e6c016168,0,0.257722,0.172067,0.367109
885394e2-bdd6-8819-1e2e-53a800884580,0,0.421595,0.318802,0.531664
5f3f7175-f7fe-29c8-2869-b5964598a315,0,0.093654,0.072115,0.120788
41f6a73d-4d82-40ee-16b3-cf1ef555f0f7,0,0.27217,0.198422,0.360983
5058c85e-0bc9-270d-90e8-e404fd1e9061,0,0.327282,0.238046,0.431046
15a177e4-02c8-5a95-70ae-5712d5de599b,1,0.050586,0.039554,0.064489
6a4319e9-d79e-d6eb-43ff-a29519400cd6,0,0.379575,0.251672,0.526728
ea29c8c5-6301-985f-2a5e-0c56c2a82978,0,0.243328,0.178203,0.3229
66f862ee-590b-29ee-97c4-298afbe954e7,1,0.081009,0.057016,0.11388
35b8bba7-0522-c528-6030-be577df56280,0,0.246459,0.196076,0.304879
8945f00f-b818-d912-939b-ea970e8ea9fa,0,0.093752,0.0674,0.128982
27c37b0b-1047-ef9a-abb6-73224a5f9848,0,0.320924,0.238717,0.415972
22ccdb2d-b252-7a66-41c6-2c13d656df9f,0,0.838267,0.768095,0.89024
df062e4c-4049-622d-6e39-6a5a3eba116e,0,0.691105,0.61887,0.755068
1a2d6c7a-d6ef-fee5-c5d4-aab058398e66,0,0.737887,0.610759,0.834729
24dcdfc7-d582-6c3b-5dda-4891452e24da,0,0.250372,0.179132,0.338269
b916dd89-8708-f891-10a6-378e12c44cc2,0,0.170326,0.123319,0.230539
e0ca7bf1-1e17-7ee7-0ae7-2eeb2a19025a,0,0.411459,0.333394,0.49425
46edfe26-3640-f007-182b-5e3a59c90635,1,0.061211,0.047197,0.079039
20ddbe74-fb8e-fa5d-ea13-fc798221517e,0,0.202838,0.133412,0.29605
8e70d185-c331-f7fd-7614-abd1f078e9af,0,0.243328,0.180597,0.319355
662b17d8-e717-fa46-5bce-2ffd8e4e8d72,0,0.08959,0.06093,0.129868
1381892d-2d38-301f-6dea-d8b4460d8e16,0,0.368502,0.244157,0.513177
56f38486-8a1f-a902-6972-f397c08a6a8b,0,0.411459,0.330512,0.4975
d56b5337-7e1b-bc18-ead4-66ec73171a26,1,0.083169,0.058518,0.116915
93b32513-ea8e-b713-7891-01bef4eedd40,1,0.065273,0.048049,0.088099
50adc7bd-5308-cc28-3f82-35c06ba15d89,0,0.220585,0.148321,0.315032
85cf73b4-5154-5f62-4720-aa8643a51495,0,0.162865,0.115088,0.225425
4612dd23-c15a-f7a7-0dd5-352378d6038e,0,0.617988,0.51522,0.711182
76721cb5-d3fd-0519-9068-d2537d3f763d,0,0.309094,0.224991,0.408082
f063da1f-70cc-b604-564e-bca3a772e907,0,0.844715,0.779929,0.893044
bd63068c-0e1c-83f4-f01b-d8494c40bbd3,0,0.362144,0.266329,0.470332
7e121ac0-a010-e56d-607b-4223babd0c85,0,0.110065,0.080945,0.147975
6665ffc9-3b49-c7ca-333b-2adcd38e2c34,1,0.087391,0.061892,0.122029
7e4acd32-e66b-d0be-6735-6263889b368f,0,0.418698,0.311112,0.534616
537d7328-cdf4-af8f-9bc2-64901d7243cc,0,0.599664,0.511074,0.682185
95f453ef-fa6c-eab2-eb53-992beb60e9a5,1,0.062663,0.048708,0.080279
9d752d53-fb42-b47b-f895-ed1a2e5e3d1b,0,0.245676,0.19079,0.310298
b5ee4bfb-acb1-68a6-74cc-438df224f49c,0,0.251155,0.193386,0.319348
3079d524-265e-356e-fa9c-408beb185a74,0,0.091824,0.068244,0.12248
76989865-b642-c184-3c45-eb20b37ca2bc,0,0.162845,0.125132,0.209206
fb6a3fd6-c1f7-574c-d493-e041d68dfbda,0,0.089529,0.06426,0.123425
c783175a-1b14-5a92-1811-c81c2d4d6090,0,0.66504,0.549912,0.76339
e6f79ac1-aae0-77a1-449b-db48ea34530b,0,0.136963,0.089726,0.203509
2905cde7-9ea8-2e01-a295-04271f48898b,0,0.089588,0.068225,0.116802
b1d9265a-7f6a-0f35-b126-2b9f57a39949,0,0.346354,0.251415,0.455338
60785a44-38af-236b-d143-c53aa5b64158,1,0.061937,0.047683,0.080092
e92bd6f6-4a68-0af7-71da-6cda146ee11c,0,0.47505,0.351969,0.601238
7c698894-6300-457f-b3e7-a7046a9bba9d,0,0.520539,0.392054,0.646363
26d86ea6-965b-be6e-6013-e6b9f4e9d04d,0,0.294696,0.229144,0.37
cff7bfd0-f87b-7e10-f981-c93401a1f7a2,0,0.11847,0.087487,0.158521
a3bffa9d-51d3-9c47-1b3c-80eea0b15396,0,0.186374,0.127282,0.264583
7dbeb851-e57d-d6ed-a080-4efa0d469918,0,0.333639,0.248713,0.430931
22d4a2b0-dadc-7d3c-d3d2-c612d16df926,0,0.134528,0.090178,0.195991
38b96acd-543f-6215-703f-eaaeb79b4c01,0,0.128423,0.086389,0.186729
5cd52a0e-6cad-2c62-6bd3-e3940693dca5,0,0.971299,7.6e-05,1.0
e52f0c63-e418-8784-9214-1a6220f33a0f,0,0.15603,0.109556,0.217404
94182b03-345c-074e-39af-a096e96db4f2,1,0.067882,0.050969,0.089877
d8cdd759-d6d5-70e8-b417-7a0ac7b1717d,0,0.169256,0.124468,0.226001
2c48818e-870b-4bea-9da3-95b5f4fa6aa0,0,0.093925,0.06662,0.130852
1368af91-9b09-cf9e-7639-7cc5245fd648,1,0.067265,0.049768,0.090329
a61b9b69-6bd5-7f3f-aad5-0f53db62365a,0,0.250372,0.197011,0.312561
366de7d1-a87a-ba13-283c-a00da39536cf,1,0.062663,0.048425,0.080732
67edc9fc-9023-7635-f737-4552c1657ec2,0,0.097843,0.065994,0.142714
16f2fc88-c2ca-34f7-0bff-dcf59f991d1e,1,0.060837,0.045098,0.0816
c1290262-5ee0-1d83-c391-c12a2c8b4069,0,0.114242,0.0812,0.158412
29967ded-022d-1392-cb6e-4edb1d6f8677,0,0.411459,0.333212,0.494456
449d290d-ba39-7088-0e58-4946acbbbc8a,1,0.072625,0.056756,0.092496
f2d58fa4-722d-f741-f6f6-d04dfac7f925,0,0.089665,0.0649,0.12264
75d9940f-a082-6b1e-ee40-6279c67042c6,0,0.484431,0.370951,0.59954
83c3f0ad-624b-696d-3dc5-040052611bf5,0,0.374859,0.259693,0.506178
4bf67c7c-809f-62b9-03e4-6f9911914b3d,0,0.411459,0.336065,0.491253
fed897a1-4801-ee2d-3ca1-49f74619824f,0,0.414838,0.337289,0.496849
8721132d-c26c-a15c-6cda-add3d9483e77,0,0.306771,0.22451,0.403491
47264249-e965-9a34-8172-49697379b18c,0,0.713179,0.567845,0.824724
82ae9a38-b5dc-9cc1-7d05-6e645c7d8973,0,0.691105,0.589182,0.7773
0453a87f-d252-2025-49ae-56baffbd7e94,0,0.187872,0.137213,0.251776
3f0c47f2-4947-dc20-53d5-9081375644f9,1,0.06589,0.049543,0.087136
990ebb50-6687-90eb-e2e2-acdae3e319ea,0,0.159448,0.113572,0.21927
69382223-b720-9fd9-1bd1-04df62c43751,0,0.224196,0.151379,0.318879
c182d35b-0516-7a34-eb7d-63a8b6af5ffa,0,0.140644,0.090979,0.211123
f3c14ea6-9a94-c3be-e9a7-a153f3197e51,1,0.046642,0.031637,0.068261
992ac7b0-93c7-1728-42ae-75f29b68e338,0,0.308391,0.247731,0.376472
d13c2024-abac-17ab-c28d-c66ede00184c,0,0.985649,0.0021,1.0
49ecc421-613e-3a41-5f2a-66bda0a65d3f,0,0.276812,0.206685,0.359938
c87b7b97-2981-bf03-f911-e4ca31262c8f,0,0.40808,0.312399,0.511277
b573eade-dcc1-c37a-25d4-ff90e9382171,0,0.857611,0.794032,0.903938
d028ecfa-7c68-d54a-6a46-4e7b0ec400b2,0,0.276812,0.190546,0.383624
d9afa58f-020d-b95c-8d8b-529605a05794,0,0.40808,0.335553,0.484845
d800cf2b-3402-7ec9-92e1-a2d717d87fd2,0,0.224736,0.153827,0.316121
b6e177e5-eaec-9564-11fb-fe7b87b7bf4d,0,0.243328,0.191853,0.303428
cf3355a5-bada-f121-b433-f80696b9e601,0,0.093925,0.071504,0.122449
7f1c25e0-68f3-1b8c-df34-ee3301c2259b,0,0.503009,0.375262,0.630365
49212bfb-fcac-0090-697c-edff061d9a1c,0,0.439253,0.350799,0.531743
94afe44b-265c-9ff7-fe10-86e5f73d0b38,0,0.40808,0.327009,0.494483
9307c764-0377-187c-a370-fe5f41a28d05,0,0.11868,0.0809,0.170824
6ae32fdf-dc32-eb30-6b00-1eb6b5a11e19,1,0.076885,0.051301,0.113699
0676c412-66c8-0fd9-b33c-e4755610b157,0,0.431827,0.326777,0.543389
29ee56e3-dd6b-a285-e8ea-ee772d015561,0,0.40808,0.326703,0.494831
136df8b1-1bdf-9548-b59c-1fcf8e6922bb,0,0.721374,0.598123,0.818308
59576275-b0a9-e78d-c746-133efd506938,0,0.171657,0.1151,0.248207
c2c01275-c64a-ee66-003c-222e803bdb82,1,0.07125,0.053698,0.093968
b5acf396-19ba-488b-6687-337e2319705b,0,0.284944,0.199019,0.389908
5761d8ef-70aa-cac3-93bf-5b0f136e8e87,0,0.306771,0.222873,0.405761
8b87ad2e-e749-8926-dce9-191f5d91ebd0,0,0.344713,0.24814,0.456073
ca82fd55-cc05-b6af-232e-332752654d0c,0,0.114371,0.083109,0.155399
b1b39194-44aa-6d06-09eb-2f4f1c668d6f,0,0.385933,0.294806,0.485823
5dc6bbe5-62a9-9a3c-7544-9a9a30dcab1c,0,0.92825,0.900251,0.948836
20cd2c6e-07c4-0764-fbae-932b85a506af,0,0.222719,0.150708,0.316323
8a4b249b-18ae-d23b-4203-2b52245b1962,0,0.390649,0.28963,0.502003
78329d39-c72d-2488-cff5-507b6b4ccb1b,1,0.080972,0.055592,0.116511
6678d2a6-add9-1281-c945-f68444e081f5,0,0.264767,0.180876,0.369991
c3f52942-e509-187e-7ef9-dc4c6b005683,0,0.236313,0.169034,0.320055
50968029-d28a-0b5d-575b-ff2e1bae50ee,1,0.065273,0.049649,0.085371
b91ee01c-c0e4-8287-0803-b210fc362362,0,0.248024,0.191024,0.3154
8a7d3c56-48fe-0117-3a39-4d977fc08424,0,0.91702,0.86637,0.949589
f8082191-7005-0537-5f90-8691d5026ccd,0,0.281813,0.207852,0.369805
56078808-c58c-96e2-b62e-e2b24e8c0f50,0,0.089628,0.06386,0.124411
d98a328a-d9a8-54ea-34f1-b941ef54f9f8,0,0.093789,0.071302,0.122434
bcc676c3-d047-f125-b596-b341d5388486,1,0.073382,0.050817,0.104859
f4657a60-87c8-49e2-924b-4c329d4344d9,1,0.067882,0.051972,0.088211
42e63c94-8094-3619-c9dc-5bffea507a88,1,0.063898,0.046037,0.088047
24c4afe0-f1f3-ee91-8be9-4e1c25a629e6,0,0.451691,0.355293,0.551856
7547e83c-1cf3-2202-7f78-bf90b2947456,0,0.418698,0.330674,0.512223
3eae8429-1f2c-8760-04b5-a58ac64d59d1,0,0.474955,0.339162,0.614555
2fa4de52-c3f7-b88d-c6a0-aadcb10362d1,1,0.078909,0.057214,0.107888
1700674d-d230-76e8-e744-2999c350ee3c,0,0.273681,0.188689,0.379069
9cc1ac16-3900-2e1d-869f-0db25ca1038f,0,0.165135,0.119875,0.22315
7a99cb6e-9299-0b15-3177-7dbf60d11ce0,1,0.061937,0.044209,0.086133
bea64b8f-c890-1bbf-43a5-6c12e656a9a2,0,0.140917,0.106117,0.184769
35401c45-0bb5-8d26-390f-ebce0199dccb,1,0.056811,0.038593,0.082887
ab554eaf-e8ff-bf07-5fcb-5225827dce5f,0,0.374859,0.266268,0.497698
903a762c-e8d3-fa60-a3d3-1227221e8642,0,0.719522,0.562327,0.836658
19e8e5d1-ec9a-a374-b03e-e403242dfed3,1,0.083169,0.060175,0.113884
eba20951-38ea-fc84-d6ba-aec3849a1ecf,0,0.248024,0.179071,0.332765
2db224d7-4686-c312-8fab-08bbe9fa13e8,1,0.057548,0.042956,0.076701
46c8f104-6069-8f21-edf8-f0142014ac26,1,0.069875,0.049667,0.097461
b8e47a63-e7de-66f7-b818-e34df842ddd6,0,0.298639,0.226624,0.382228
2ed67a6d-6bf2-a2ff-db5a-e510d6b3931a,0,0.40808,0.314366,0.508992
0620a476-97c0-62fd-b9be-df8dcdcb0ccf,0,0.254286,0.184604,0.339325
88fe2c29-5261-0f3c-3003-9ef7855a6437,1,0.083267,0.059309,0.115713
9fbf1620-0daa-4a57-ac80-03530ad322dd,0,0.162865,0.128496,0.204273
b50d003b-230a-d805-09d2-96a48ca9a853,0,0.685797,0.607423,0.75484
fe081a59-ab1f-3841-7ff1-ca4cdc2edc24,0,0.241763,0.189588,0.302929
1c6d3975-2c9c-246b-7b25-38735738247f,1,0.065273,0.046346,0.09119
c179efc3-b04b-8c43-9d34-599374a63108,0,0.101651,0.068809,0.147681
f5d770e6-3135-7afb-b9e2-c1ab4439c264,0,0.251155,0.193722,0.31888
1c6431d1-3a25-ea30-c67b-983c202b0835,1,0.073409,0.055547,0.096428
17b8c237-6c5d-8df8-b9b1-749502364ea4,0,0.237558,0.172628,0.317536
25406622-f9b8-1235-33d9-b30466149781,0,0.138208,0.086751,0.213067
6d8d17db-fb7b-5d4e-6eb6-73e68f74fd51,0,0.193852,0.136016,0.268635
1d05ac11-adcb-0427-3918-3ff10fbe8845,0,0.40808,0.329864,0.491247
a49a5b36-7301-4443-dd3c-d7e4c9a5e34e,0,0.097972,0.071646,0.13259
4b74c30e-5fda-5cd4-42f7-b8080a883ebd,0,0.999999,0.999998,0.999999
c73d427c-281a-63eb-f4f2-7e5dc58e6290,0,0.691105,0.607621,0.763733
6251c735-cba4-df10-2b9e-9ef327713961,0,0.162855,0.123214,0.212164
47430890-9927-e40c-c59a-d911dff1cbf1,1,0.0685,0.052337,0.089184
c7c8943d-762a-ebbb-60c8-2599d25a0f61,0,0.145306,0.097825,0.210458
3aa9393b-e769-3f8d-482b-66a7e3e56af9,0,0.339997,0.264929,0.424064
8101b91a-1616-9422-2add-c5727ea564b0,0,0.615439,0.435682,0.768378
a0aaea7e-c990-e319-e7db-d6df0f9f3619,0,0.415319,0.332969,0.502688
6cff0f31-4f2b-1ee6-5d7e-96c2cdb54040,0,0.52805,0.421784,0.631834
744cd492-6dcd-607a-3748-4a76bd66b0bf,0,0.236791,0.179111,0.306119
27817238-4dbd-89a5-724b-8364f6f61bcd,0,0.999999,0.999998,0.999999
e8c69180-c6de-3bb1-e428-af11352914b3,0,0.147479,0.097218,0.217465
2b7afda0-1860-599f-2e45-9fa00e04dd06,1,0.049849,0.037275,0.066372
185f983c-bd75-874e-9129-fffa6dae17bf,1,0.044401,0.029922,0.065415
6b41c492-3c2a-3773-59e0-5fdf5a6e568d,0,0.106037,0.076037,0.146003
7a083bd5-d799-01f3-7fa2-3bd601f3608d,0,0.306771,0.241168,0.381254
eef577dd-a30f-a792-4c60-ae88944c7e1e,1,0.069257,0.052668,0.090573
19781522-212c-e250-67b5-a017e18e403a,0,0.247241,0.189365,0.315912
1c3e9de4-eab2-5b48-e7f7-a9146b6f5853,1,0.061937,0.04807,0.07947
490600c5-a3a1-c257-5685-5658f1f4fbb3,1,0.060111,0.045822,0.07849
74fca9a9-77d6-a9ad-c758-8632a88e7f38,0,0.427966,0.343988,0.516311
8bb5e0fb-e197-8fc2-d359-e02278a9c7e1,1,0.076848,0.056023,0.104555
38e4995f-b1d2-e4fc-ea0c-bff27e4461e2,0,0.208111,0.140037,0.297817
8240f38e-c4e0-b6b7-cca5-5a74e81e750e,0,0.175626,0.129218,0.234219
fc1c5558-d08c-0713-1c87-9c1f9a398018,0,0.2162,0.154433,0.294079
052b189e-d4f4-e8d3-331c-ab347276d255,0,0.114214,0.08203,0.156866
c0da39a5-5d81-573d-8a30-da0e8592f73c,0,0.40808,0.334072,0.486506
9bbed26d-d4fe-25a7-1768-9f1231c4e33d,0,0.313038,0.230075,0.409986
e6fd6743-6990-eee3-5c02-239877f4b4b7,0,0.246459,0.179557,0.328313
9a96a9a1-21d8-4719-a42a-e124967782ba,1,0.081009,0.056641,0.114588
7f0b9f29-f05c-ce22-5f92-d2150dd8ba9a,0,0.26868,0.188076,0.368165
6cba9fa1-fb6a-02d0-8de0-7a16f695f171,0,0.421595,0.348943,0.497808
a60a709d-0ff5-2ca7-49c4-bea7cb92908b,0,0.312334,0.244317,0.389528
1db8b218-4bb3-e8b0-48db-203ce20c8be6,0,0.415319,0.310031,0.528953
f00f0f3b-5303-8b3d-1948-c546d5f44e23,1,0.062663,0.04409,0.088336
322abd32-28c9-2dd9-76b3-28fa4614760b,0,0.093654,0.072037,0.120912
fac64b38-4d39-5a98-1e5b-1dd98af1f148,0,0.506533,0.388867,0.62348
00c29bfe-cfa1-0b86-ffa7-eb350c0338d2,0,0.662201,0.549945,0.75874
68c9b368-abd2-ee8b-9a49-44d9013d091b,0,0.10189,0.068801,0.148357
b8cedc29-1a90-f56a-a969-110855de49e5,1,0.062663,0.048111,0.081241
8c3e2132-8a2a-d2ab-c207-0a4d7e90d459,0,0.333639,0.242443,0.43925
243ae854-661a-14e9-d584-6e28f2729481,1,0.033814,0.026254,0.043455
1ccbc7d7-a0ca-ec03-02c9-769182c5136e,0,0.40808,0.33973,0.480181
82ee7c0c-5c19-40a8-22ba-15997f824b6c,0,0.089452,0.068051,0.116742
3ccd8696-5b77-0588-f3e6-de34ed019a8b,0,0.110195,0.080243,0.149508
f9af7d32-223b-4eb3-2491-f08fc64d4fec,0,0.241763,0.187375,0.305993
d9f54f0a-d32a-2455-b82b-071495848607,0,0.534544,0.430877,0.635311
ae8cb6ac-007d-d5ca-fddb-7b7533ee9da7,1,0.058275,0.03884,0.086557
d9c78679-9609-6973-5cc0-ca8877f67d43,0,0.134528,0.084781,0.206867
0c48f7dd-87f5-6d6b-140f-ee047a88611d,0,0.704386,0.599885,0.791098
c154dfdd-a77f-6d31-37be-7652f593f1dd,0,0.529884,0.421205,0.635801
5716889d-c160-76a6-c067-1648bec4b1c9,0,0.687217,0.601598,0.761723
312abe6e-4089-6d29-cacb-4d0c343b9f9e,0,0.857611,0.788127,0.906996
91a84471-1a3b-34bc-eb7d-a8bce35c9c68,0,0.181444,0.125613,0.254859
61ef20da-e225-e39a-359b-e78d6778b9c3,0,0.509997,0.395871,0.623089
eba84b51-24a9-9f4d-082b-68322e5cc112,0,0.109856,0.081302,0.146836
92a74048-67b2-5b9f-104c-f93aa4389067,1,0.070633,0.05286,0.09379
930b9893-d5c6-f060-2211-3ce592427d27,0,0.655843,0.552005,0.746659
f8330b31-a5fe-6c4a-143e-474f6d4bf529,0,0.40808,0.311348,0.512501
936606e5-3aed-53ea-89b8-8cd9f9e1f79a,0,0.418217,0.337662,0.503383
3816201a-77d7-602f-589b-f26b50081a72,0,0.093715,0.072579,0.120208
cf4beafd-3724-aa7d-6917-3779d9b7c161,0,0.599664,0.518143,0.676018
d61d580f-4234-7d67-0a40-300ed721f5bd,0,0.215655,0.159094,0.285497
2057de84-142b-8ff1-23c9-0f159fdc6a50,0,0.320924,0.240119,0.414103
9f5f027b-d072-1c93-63e2-193fe5a54728,1,0.049849,0.036437,0.06785
6928532a-e263-4675-8604-b79c24a70118,0,0.599664,0.515509,0.678323
a9ed2e8b-c727-ef2d-2d94-3be7a8f3eb95,0,0.251155,0.194837,0.317336
a3a130ec-c2fb-3af9-dc35-3077d7f922ab,0,0.880319,0.821955,0.921381
05bb7652-2452-8974-ba2c-533a6a8d1ca8,0,0.225678,0.152573,0.32056
2a54e389-a1ce-f813-0727-b9a9741317ec,0,0.089665,0.064947,0.122557
8ba54bc3-b77a-208b-470d-05344deb7805,0,0.089258,0.058362,0.13418
7f5f3735-0a0e-6992-d3a5-f5cc0a5020e1,0,0.599664,0.492415,0.698143
67cb1d62-15d3-717d-2d28-f6fc4ef70889,0,0.252721,0.196784,0.318259
c888690c-b780-07c1-0464-2c8f582ea229,0,0.117748,0.082217,0.16586
c10b824a-793e-218d-daa3-2ba1f73f7c04,0,0.251155,0.183027,0.334266
0a3f91d9-c4a4-3625-85f3-1c3692e05768,0,0.10178,0.067325,0.151013
4a4dd532-fc6e-2d8f-626d-75a20d179e97,0,0.435687,0.329617,0.547989
c65007da-3c10-7a95-6a16-544d4fb4a804,0,0.164368,0.119785,0.221372
bb4f1bcb-e8fd-8312-7065-64ebf29e3268,0,0.698044,0.616591,0.768684
16c8dc0c-94fa-ccee-a11b-ff0f02d2fa95,0,0.11479,0.088829,0.147113
980084b5-750a-c137-91ee-aec59f7507b1,0,0.159448,0.111916,0.222118
40201363-4c1f-09d1-3fe4-d89798b76baf,0,0.659907,0.553113,0.752596
bf476975-5a58-cb67-e5d3-feb9e04639cd,0,0.093925,0.06699,0.130177
acfa2b67-4461-0644-de0f-69f5c903bf2b,0,0.534544,0.451483,0.615733
7065be1c-8cfe-490e-c10a-8caa5992bab3,0,0.26868,0.188777,0.367099
00730db3-faea-51f8-3c26-3c6f02664cb9,1,0.065273,0.049623,0.085414
4b3320b4-892f-7d81-e9a2-4b999ae09cdd,0,0.202293,0.145509,0.274127
9614d4b9-a09c-2287-e1e7-4b65765f7667,0,0.089588,0.066902,0.118985
19536041-c4a1-6783-8fcb-3f33839eb66e,0,0.265549,0.18406,0.366894
ba653f5c-e53d-167b-384b-80ee71cc51d4,1,0.06328,0.049011,0.081348
01a8b4e4-cc17-6f97-e723-cf4a78c0abb2,0,0.339997,0.261822,0.427981
68e8a81e-4d15-d234-6d99-e18e69caaf2c,1,0.083033,0.054196,0.125184
f19d842e-36f8-aa46-6fda-38a47af6aa28,1,0.049849,0.038258,0.064716
e362171a-ff03-cda7-b7b8-735d220e9049,0,0.411459,0.33449,0.493019
c9c3fb6a-d1a6-d734-2bfb-b95935dc94c5,0,0.441272,0.35599,0.530167
469523a2-37c1-6b4a-6090-c64e8d326a30,0,0.439735,0.343221,0.541032
80d695f7-f24c-c314-6fbe-c4c0569251db,1,0.062663,0.048725,0.080253
af87d044-2074-7759-214c-e95c20a4a437,0,0.145306,0.103586,0.200079
cb10c51d-a1dc-2ba5-e60f-1ae4ae05ece2,0,0.439735,0.349376,0.534273
ac47e94b-aac1-d853-4eae-a9731f05cc80,1,0.057195,0.043681,0.074565
425049f2-b073-0ef4-aa76-96ef78f62b06,0,0.227291,0.170536,0.296189
22406626-dcda-6633-eef9-845a03ac8afe,0,0.093752,0.070332,0.123932
a9893308-b7e4-dd2b-6134-b7b8f170990a,0,0.247241,0.178333,0.332017
d885cc25-c396-0527-0204-98f4c1b42f16,0,0.40808,0.31374,0.509718
d100f1ca-3d79-a8a3-c4bc-4eea7093aca1,1,0.061211,0.042989,0.086458
38b1a99e-97c5-a6fb-0648-0ca5d70c2190,0,0.227752,0.163493,0.30797
6708ec67-d742-7e88-afed-79d8ff2513b5,0,0.093925,0.072261,0.121235
12024459-82fb-28a6-eeed-f1cbfd2cdc80,0,0.110195,0.081271,0.147756
073c245f-7976-6543-7a26-a3e82780879f,0,0.192323,0.12714,0.280196
51fa6608-67ef-ced3-96a3-e210b8c1b30c,0,0.294696,0.222069,0.379488
d3c39d05-7ef1-6810-392a-c1699630914b,0,0.162855,0.127648,0.205485
23f62994-2c08-8bb8-1ac1-3cc1e6f9f7ee,0,0.251155,0.180993,0.337314
e54f7d8d-9945-0e20-8742-d7b92170195e,0,0.097843,0.071452,0.132589
976f1883-62d7-4447-7507-69a9557a148f,0,0.40808,0.314112,0.509287
404912df-73c6-5dca-cb57-63ce01c6c391,0,0.397007,0.2836,0.522677
9d03d654-a079-ef29-63ca-905d189176f7,1,0.060484,0.047304,0.077041
87c0cc1a-49a1-2c62-026e-7ba12c6d3c42,0,0.101724,0.067682,0.150131
77cde318-6037-2ba3-fbbe-f3cc228e588e,1,0.057537,0.04219,0.078013
c97f3efe-3a99-20ab-42e7-2b7dca193fe7,0,0.217184,0.137129,0.326301
57294ff0-9751-95ce-8d16-f436889be001,0,0.612644,0.50576,0.709682
1083f9c7-b7fd-a85e-81a3-ab40e5bf562b,0,0.320924,0.25244,0.398093
277138db-dcfd-be8e-a6ae-540642d2ad7d,0,0.424587,0.336588,0.517643
88a78d69-4e2d-d8b7-ffa8-d612ad1d64aa,0,0.691105,0.590316,0.776487
9577c01b-618b-69e5-3477-7193d71c4bca,0,0.351071,0.260481,0.453831
8712a114-3656-1ce4-27a5-ba853023d671,0,0.239123,0.185251,0.302838
56113aaa-ca29-b8a2-9d6f-5410dc57c647,0,0.411459,0.333096,0.494586
441f6d27-de94-3426-3827-c848f8be88c4,0,0.144324,0.094878,0.213462
b8fc49de-5a6a-0cf6-bd24-3fb08a058821,0,0.097843,0.071262,0.132919
8953651a-608e-bf91-d3d0-e73fba356f97,0,0.093925,0.067697,0.128909
aba9a270-7afe-c008-4411-45ed02149c93,0,0.857611,0.790913,0.905573
bc1fc999-2c0e-8332-c7aa-ce3798b88d34,0,0.222018,0.152096,0.312247
be40ac58-d3d4-3506-5f70-7043b1686e23,0,0.682941,0.579453,0.771027
8e8702d7-4763-1e99-854c-172dfeaa166a,0,0.162845,0.124733,0.209809
a29e453f-785f-e602-2b65-44acbcb2cffd,0,0.257417,0.191535,0.336528
ba46ac7e-54ab-864e-699a-9800756aa252,1,0.081176,0.050582,0.127785
6a767b65-66cc-6e8a-5cb0-a65692c104ad,0,0.785325,0.643847,0.88099
74dbfa8d-099a-aabb-d58a-d4351551a812,0,0.121428,0.083963,0.172463
48bf0ffc-1f08-804c-b011-d50680c29050,0,0.131883,0.087236,0.194511
b1fbc316-9e7d-0823-4f75-177915b052ae,0,0.09983,0.075506,0.13088
2c62ceb5-fe0a-c193-a72f-0813f60e14c3,0,0.397007,0.307849,0.493572
c0cfe244-a8c7-95df-8dd3-cd9ccb879d4e,0,0.288887,0.213812,0.377661
2c970b62-c82c-adc7-e602-0c182240a3a7,1,0.085328,0.061969,0.1164
03447735-0259-37c5-f075-a419688b6056,0,0.333639,0.260564,0.415688
de23fd71-9d61-f6f6-1fe0-80d7ed3132aa,0,0.093925,0.067496,0.129267
a5bf9d1e-ed7b-d0d8-6301-60a486c474a7,1,0.075374,0.054967,0.102535
6d98e1e2-c1e4-9021-4b0e-a6b63a437471,0,0.278432,0.204454,0.366835
0738e5dd-d11c-693c-4d15-d5d9e8a03730,0,0.58664,0.464279,0.699163
2b815e8c-ed65-ec02-59f0-2576424c632a,0,0.265549,0.185929,0.364019
1fae3a20-d233-6da8-148f-f26586143bee,0,0.320924,0.242181,0.411373
65dd2d4c-4236-bfaa-8b9c-f53afed9866c,0,0.838267,0.769033,0.889723
e437acc0-8764-f54b-b51d-2d18f7e3929f,0,0.211847,0.152899,0.285852
72389362-8a5b-b9df-b373-63a59e4424c9,1,0.062663,0.047395,0.082424
5b1df052-b265-b05a-974a-ccc380f2c65c,1,0.059012,0.040636,0.084961
a881b1c5-09f8-b19b-0949-5df90367dd48,1,0.061211,0.043061,0.08632
5e33e121-15bc-284d-642e-b81c2e35a3b4,1,0.056811,0.040594,0.078973
60386b68-dc2e-7c06-19db-8dea4a930df2,0,0.333639,0.25835,0.418489
74fddb41-4919-c563-e5b9-dd6da29c3b91,0,0.495378,0.400127,0.590966
e1984d97-eaff-c75c-1cad-308c57c234c3,0,0.157012,0.114504,0.211531
09d19aca-7f87-ac72-5323-3465394cfd93,0,0.411459,0.333956,0.493619
1672bf1c-67c8-cb54-9ddc-a81a4a2f70a5,0,0.121115,0.079575,0.180098
9777346f-50bd-c173-7c4c-68bdd814ce52,1,0.049849,0.03759,0.065833
12f2aa49-4325-4f2e-62cd-5c1b12f25752,0,0.534544,0.445746,0.621206
8dbc8aeb-fd78-615c-2f52-aa6dbeb37d49,0,0.11868,0.088411,0.157521
74236852-2330-44b8-92a6-8a10b2a68505,0,0.243328,0.188856,0.307554
324e6a18-2db1-7f32-5242-4193490edbaf,0,0.091824,0.06856,0.121949
7112d0c1-9ad5-a9d6-81cd-600466b53277,1,0.054975,0.039608,0.075832
6addc2a3-d30b-0500-d80b-89cb2f3861ce,0,0.844715,0.775013,0.895728
15bda18c-b790-b01a-2202-6620598a581e,1,0.065273,0.050003,0.084789
a82145a1-3f6c-6de4-17a9-74c0f55d5fb2,0,0.110114,0.080424,0.148989
a272b35e-0448-efa0-8626-7a6a1d9072f2,0,0.72646,0.587879,0.831776
aa060422-38fa-1392-eea0-64e06c788a83,0,0.40808,0.315437,0.507752
85476398-d9eb-1667-8794-d2286bf5cf9e,0,0.300963,0.207891,0.413927
df6588db-6d4e-7b6c-7771-01f758b7a4e0,0,0.099701,0.072531,0.13556
9074ffdb-baf9-30d3-67f5-9c726c081e69,0,0.138219,0.097791,0.191806
9896cbfc-d35b-d4a2-f270-7a245c7413a8,0,0.844715,0.779281,0.893404
944fe3ff-c365-1745-e0b4-1a93eca6b03d,0,0.655843,0.518545,0.771259
34088888-786b-3f54-1409-b5af771b650a,0,0.141406,0.094734,0.205843
181880a0-fad8-2793-812a-2a244a47e366,0,0.103619,0.069726,0.151307
52a73f2b-1b85-1a0c-29dd-e714ee894293,0,0.141626,0.094659,0.206579
638dd0ab-275b-72be-3124-b2290d23f918,0,0.276812,0.189839,0.384711
d713695b-a993-c024-74ee-24f52900aa63,0,0.318601,0.235911,0.41455
42b47fcd-44ff-10ce-f486-9b0bd053d4d3,1,0.085269,0.059567,0.120639
a912a14d-5df9-814c-ef2f-15e063567b5b,0,0.125005,0.08843,0.173823
4a33a070-43c9-d2e9-686b-b91c0eec481c,0,0.145306,0.100368,0.205763
1bf6e958-96b1-1c32-bf2f-61a47b831ee6,0,0.685797,0.604828,0.756846
1b471a2a-be0a-060d-c714-25db03db783f,0,0.261636,0.194077,0.342711
93b35ef8-f044-8a1c-9618-3c72f7051114,0,0.45893,0.355935,0.565559
395e1699-035e-2848-e8fc-16f60a0e1e1a,0,0.109727,0.076301,0.155333
072905ff-41e0-0150-0391-14473100b8f3,0,0.175074,0.123498,0.242237
db88f3de-5fdd-bd68-4961-7942451879dc,0,0.11479,0.086008,0.151607
b44611b3-12f0-fa31-78c1-051767176561,0,0.144334,0.097641,0.208205
f0ac7254-c07e-476f-f591-1c8f120255af,0,0.21374,0.164719,0.272588
c67fdca2-c268-a61f-3633-cc39a69f245d,0,0.162865,0.124367,0.210417
08d93c76-edc7-d7ea-f355-256fb3e8ea3d,0,0.52805,0.437242,0.617039
c80c684d-db7b-ae38-c40f-a250038aad24,0,0.097843,0.066277,0.142154
012550f9-3c63-cc09-0d97-657fafb3fd60,0,0.234681,0.168891,0.316344
c3d39792-62cf-99a8-ad06-5a32c47b3a58,0,0.363786,0.279343,0.457548
cbc30a1f-bb69-3d5f-acec-fc9d599e701a,0,0.234136,0.170476,0.312609
830fb594-6137-060c-a070-6b9332c8c79e,0,0.40808,0.332983,0.487731
dbacd045-4ca5-c31d-2c94-092c5f407dbe,0,0.58664,0.456222,0.70594
a3a8e29e-3dfd-24e2-34ee-e37bb2720c98,0,0.116781,0.086739,0.155457
2e72a12f-0f04-c2ac-32f0-bd9d55d8d68a,0,0.242254,0.188081,0.306147
eb593e38-95da-44a6-16f9-fc5fe242d81f,1,0.061937,0.048496,0.078795
5c7d2a12-8c63-62a9-14b2-243d3eaebd69,1,0.076158,0.053553,0.107226
481bfcaf-6b42-3642-2c8d-9e80dc4b346d,0,0.458534,0.36531,0.554754
bc6bb7d6-ac33-3128-5cd7-3c24e1e689fe,0,0.247241,0.182242,0.326176
812f6abc-c231-e481-308d-e17e05d6d875,1,0.070659,0.050696,0.097674
f80dee6e-33b7-7b70-48f0-041ca331e4a1,0,0.243328,0.178819,0.321982
95e349ea-ff77-99af-d3b3-1484bcbfd543,0,0.40808,0.317036,0.505903
0953ce6e-2dcf-814b-62aa-47d81b079726,0,0.645248,0.485972,0.777741
f1a6eca1-89f7-8856-5ed7-6c9bd5d2458a,0,0.11479,0.087597,0.149046
fa36d8e1-12ff-5974-9994-34adb6f714a6,0,0.327282,0.241541,0.42635
c6b06d76-ec80-9df5-1ad8-4a2d2a08a035,0,0.187835,0.118084,0.285453
a61aef77-46dc-1171-0612-1a1dd1a01ffa,0,0.237558,0.172945,0.317057
451bfa18-38f5-e5b6-e3ca-274944efb36d,0,0.165125,0.12881,0.209219
7551bdf8-f0ae-f8f1-5856-cef9fe6400a1,0,0.169246,0.127084,0.22184
c7db9af9-dd3f-2b35-da4e-515b38358058,0,0.23834,0.188961,0.295916
84d32c4f-e87e-593a-28c8-dfe218b6c31c,0,0.507551,0.409853,0.604675
451a26b4-11bf-dd26-c2d9-c876ae0463aa,0,0.110533,0.080942,0.149186
41e6eaa6-8995-8caa-ad44-c3c8f2c8dd68,0,0.109727,0.080956,0.147086
4b9d7e73-fb2b-3726-e60a-c85b1ec4f76c,0,0.397007,0.288524,0.516659
972287e5-9604-30d8-ef16-00d156bb6006,0,0.118889,0.081588,0.170085
881c489b-74d6-a43c-ba2e-5b8e83fa20af,0,0.344713,0.255595,0.446276
8562f8a9-1f7b-5151-3a0e-abb4440f212a,0,0.238886,0.185349,0.30215
cae52354-4bd1-7c4f-54f5-d122ec049de5,0,0.809673,0.694776,0.888274
092a9e70-4fe2-0b44-276e-6aa5aa34cc7a,1,0.073409,0.053463,0.10001
26791f87-8f66-5ea1-f048-359924698c6d,0,0.40808,0.327419,0.494018
a3ec5c15-bb10-ec4f-d418-46524fccf1cb,0,0.560592,0.451739,0.663913
1874e88a-abf7-0d08-dfed-4700c13bb428,1,0.033814,0.026381,0.043248
ac29714b-68c3-1fb6-ba73-88143ce33b67,0,0.162876,0.115751,0.224318
d29ba2e5-869b-5428-2b72-5a2d3abde164,0,0.534544,0.432444,0.63383
b04399c7-7fdc-a03f-6a27-55de0fb40dff,0,0.280756,0.188964,0.395397
4c388ec6-f1fa-09c7-9741-18fa8ad2b696,0,0.141899,0.097445,0.202092
617fe1a1-652b-780d-d507-39cdfc3b8691,0,0.10189,0.074233,0.138312
3ad20332-2f2c-4a0e-ef51-bd7fd23b97cc,0,0.397007,0.283931,0.52227
233da151-af18-c541-098d-a0a077aa8b3e,1,0.074784,0.055744,0.099642
40500146-7126-1ef1-2c5e-97e303e28778,0,0.11868,0.088543,0.157303
4ccaa505-ba4e-70e4-138f-488011ce7ac5,0,0.316981,0.236699,0.409871
046faa6d-dbe0-eed3-941d-3a69d502daf0,0,0.320924,0.239556,0.414852
b42a8508-9a6b-ee3b-3101-8ce6dc3c5dd6,0,0.49396,0.381825,0.606706
bfa8ae3c-195b-3e55-ea8e-efc5022b5110,0,0.089686,0.064006,0.124301
b2e5bb0f-19ed-fcc1-347a-dd287d8bc5d0,0,0.093654,0.065369,0.132443
f4b9ccb7-08a3-c9da-bb18-c7c7378f5233,0,0.58664,0.453715,0.708035
b18d1539-aeb4-351d-c177-514c5f40ce70,0,0.093888,0.071534,0.122307
17dcf0aa-5460-e001-f28e-0079ba6dab47,0,0.52339,0.408572,0.635787
87083a41-f313-d1b2-d515-1641219ce99d,0,0.999999,0.999998,0.999999
0d78a07e-8120-2822-b952-c520c6d5506d,0,0.458534,0.359167,0.561311
cb23ee68-3f70-0829-fcea-0a167781d234,0,0.171516,0.119991,0.239152
a2c4f4f1-a6de-bd6f-62ac-b5e0efff8d85,0,0.167363,0.113704,0.239502
ef2aae30-031a-5adf-7823-ca112353fa5d,0,0.910378,0.852759,0.946855
d8b1746f-8120-63a8-0ef6-36a8669ac0cf,1,0.079044,0.052304,0.117757
0d1b42d4-1451-eb54-b83e-f6b289d6e8c2,1,0.060111,0.045676,0.078732
d6e1c7ef-194e-514d-5e93-3891717f9e19,1,0.069875,0.052364,0.092669
0e084b14-a4ff-5068-1e51-7fb07d2da7e3,1,0.076943,0.057357,0.102492
28ac9efa-dacc-a1e0-5fd6-4d460125820d,0,0.626831,0.437242,0.784088
45ec14e7-1fa6-dc4d-064c-be7c47a0c1e2,0,0.11868,0.081338,0.169993
d7415963-3ecc-1d7b-48b9-acda4e059998,0,0.439066,0.330693,0.553579
fc573664-2a0a-53d3-8bab-9a2402264265,0,0.320924,0.255884,0.393748
66c6f3b2-c37e-a07b-3b1f-655759458859,0,0.368502,0.267757,0.482191
24907aee-2522-3bbc-16db-c33abc23b8a3,1,0.057548,0.043182,0.076313
d1e6f23d-0e61-f77d-cb1a-3bc2d525a4ff,0,0.414838,0.333311,0.501311
c9d64177-9d0f-ece7-aff0-7818192f3974,1,0.072625,0.055611,0.094325
0137f929-8d49-e5d8-8cef-461a76d11395,0,0.327282,0.259538,0.403082
72b609e2-7c5e-1c51-eb03-b0564df80b30,0,0.296955,0.231639,0.371777
61862a99-432a-b77f-cf5f-bb0208ed7bde,0,0.155581,0.103022,0.228135
9cb8c58a-a2c3-5e0d-4cdc-4871c1131ee0,1,0.057548,0.042456,0.077571
9075e204-d040-b6c0-a372-47143b68d531,0,0.24959,0.183741,0.329511
ee73eb55-1586-073e-5694-c3891223d144,0,0.411459,0.312092,0.518613
3b5b3567-9397-207d-d02a-d4148d34d6fa,1,0.083894,0.055736,0.124403
19e432aa-abb6-7139-b876-a640c2bb4600,0,0.242799,0.185509,0.311026
31bc0ee5-7b36-b5c5-2cd2-1de5ebd2530f,0,0.150177,0.101417,0.216725
9fe67fe1-81b0-634d-9b5a-53fe6e3f66b1,0,0.374859,0.283288,0.476357
3d985862-f6db-d279-9518-4308666ec7f8,0,0.093789,0.071928,0.121426
994e8991-cb9d-6a5c-9e78-e6f4fa5d6f91,1,0.065273,0.049759,0.08519
ff954f58-e233-fa88-98c9-db0162e1e256,0,0.662201,0.550917,0.758021
6f9281e4-a754-2adc-cae8-2bf27e023c02,0,0.685797,0.612627,0.750769
dcee92cb-ae76-82c7-7f94-cf45ca3262fb,0,0.875413,0.819665,0.9157
a34f2973-6452-6530-0bf1-400864277e10,1,0.064655,0.049199,0.084536
864b4c9c-5562-554f-e433-c2341128040c,0,0.190851,0.119609,0.290524
52984dfe-b96f-fc2e-dd44-75a3948b17a4,0,0.344713,0.254637,0.447522
b48dae36-0e02-9a21-df7b-5ca5648e8506,0,0.246459,0.179266,0.328749
4b7f7bdc-f247-8bcc-6d06-1eac420e1022,1,0.083033,0.053357,0.127
64be5c6f-aeec-4458-dc59-f5a22ac3e7a3,0,0.11868,0.081566,0.169563
211d8b80-c5d2-eee2-98cc-29d72b8ed5f4,0,0.093617,0.072454,0.120159
a3c38201-6041-841e-b9bf-6f7f44419ac9,0,0.344713,0.246681,0.458016
b942e784-ce12-77f6-0ab3-55ee8f68225c,1,0.065273,0.045055,0.093673
2ff712d9-d33f-1cf8-f629-7d2b61c00ae7,0,0.40808,0.330065,0.49102
2d6ced79-e7c1-3391-487e-feb9496ee7f3,0,0.118889,0.082954,0.167548
1fb60997-d851-f3d6-5cfb-065f2c39204a,0,0.339997,0.262044,0.427699
16430c05-5ef1-7c7f-382d-80c5530e005b,1,0.065273,0.049372,0.085832
cf5f28cd-4b59-1127-72bb-c0ba9667373c,0,0.187835,0.129026,0.265284
5be1bfbe-fbd8-edb9-6806-ea45c083ab47,0,0.114371,0.082013,0.157309
b0386ed8-0a73-dc59-48d3-285ca5ec3338,1,0.067882,0.05135,0.089236
dc7c5315-728d-e3a0-5037-da8f3a11abb8,0,0.298639,0.208816,0.407214
8cd14d68-a92e-eab5-6a9c-a35eb100b9cd,1,0.074784,0.056467,0.098424
f8fc2295-37dd-52be-3665-077974707d32,0,0.159458,0.119318,0.209884
a74c32b3-ea17-4f97-4b39-941dc90bb8ae,0,0.9426,0.000519,0.999998
1a91ef76-8f0c-210a-1c5d-3e25f28cdedb,0,0.999999,0.999998,0.999999
68de2343-9385-8c29-79ef-7e4c6a381ea2,0,0.185015,0.129499,0.257295
16256f3a-d282-f250-e70c-985377c5e856,0,0.305151,0.242702,0.375697
28a4f824-07e2-d0ad-8bd7-80c06a041c14,0,0.128213,0.084253,0.190342
24c6fc9d-2276-aab6-a6a9-8b306a1ed88d,0,0.2703,0.202611,0.35066
96acf5e8-edba-899f-cec2-005d02cb7b25,1,0.065273,0.04873,0.086918
2c41a49b-5d4b-2b0f-9eca-bfb0622f17c6,0,0.258504,0.179154,0.357686
4e7ab3aa-1175-a838-9c2b-c30fe0ae08ac,1,0.087354,0.064637,0.117056
17e96e47-2a2c-3550-c704-f47cdffeae6c,0,0.436555,0.355909,0.520702
1cec2987-b52a-7179-c84d-242bc70e142a,0,0.451995,0.362598,0.5446
b9044c16-bcb2-9ab5-ed71-cba7ae2c33f9,0,0.235463,0.171234,0.314637
727cdcb4-c1aa-fb7e-4169-96ce808679b1,0,0.547568,0.442198,0.648841
68626215-0eac-9875-b187-806f1a906fa1,0,0.093789,0.072257,0.120902
5d974898-55d0-e2fc-0bf6-de80e63ab175,0,0.251155,0.183393,0.333722
4e10ce55-1adf-0d29-1419-7caf9ec6f29a,0,0.091516,0.06492,0.127521
7d2eb998-b84b-382e-915b-8affaf25220b,0,0.11487,0.088266,0.14819
82c60f85-33fe-4a9c-e68d-97aa685bbe0f,0,0.11479,0.089338,0.146329
8c4f794d-4d78-96b3-8dcb-19574f23ade2,0,0.114999,0.0838,0.15584
36f0db0f-389b-6360-cef2-b16e58242ccd,0,0.101761,0.068435,0.148725
750bec66-4ba6-2917-3ae7-7acd22a72a4b,0,0.097843,0.071667,0.132218
256e4b1c-b730-e03f-e340-04dad81a4c14,0,0.106276,0.077202,0.144584
43361990-86ff-ad99-dd33-8d6ff34547e3,1,0.055723,0.040948,0.075409
3fae6de3-d2dc-2381-1f13-11fa76d746f6,0,0.297019,0.214226,0.395696
0d22a29d-81d1-5fef-ed25-8432b588ff99,0,0.40808,0.328496,0.492796
355128ae-31ad-3abd-8905-d5c176b95370,0,0.691105,0.621439,0.753046
ccc0ee4e-08f2-960f-86b3-2a5b0b708677,0,0.24411,0.177966,0.325114
8bcc8f24-9fe2-6393-f005-381d204f4765,0,0.16151,0.114295,0.223312
e4712651-d94e-f37c-c6c4-019c447ef3ea,0,0.999999,0.999998,0.999999
39034a98-d2dd-92fb-08f7-927c0b86a0e8,0,0.320924,0.241661,0.412058
79615226-5d22-0b6c-9efb-26ebb78cce58,0,0.243053,0.184493,0.313065
7257e2b4-483e-5769-3c9b-02828f5e31b6,0,0.473464,0.347035,0.60339
e3d2d91b-1286-2cd5-0552-d8162f95d8d3,0,0.58664,0.485231,0.681198
bfa8edc4-972b-ec03-ef32-e9bd39ec225e,0,0.265549,0.200907,0.342087
0c745864-2899-348f-dca4-c56aa2ba0a47,0,0.091689,0.070295,0.118761
ff8d8ef8-907e-0710-a0c1-0426b6aa98bd,0,0.089723,0.068071,0.117395
50723f9c-284b-5a69-a2ab-7a04e0b20046,0,0.284944,0.194137,0.397287
106569b3-2d6c-df78-7af7-af7d54b54664,0,0.11479,0.084376,0.154319
0d0d85f4-6f08-bc25-cf84-5f9fbf73890b,0,0.193653,0.132795,0.273602
9f989dae-5ad4-8c9e-fec9-cf1220d31ddb,0,0.414838,0.320223,0.516181
f69acd1a-9a65-e9dd-977b-22c0426f728e,0,0.90294,0.833708,0.945242
cbd092ae-17e0-a622-5ea1-ab293f433b22,0,0.093925,0.067895,0.128557
f2816135-7bff-be10-25bd-9f22f741e94a,0,0.691105,0.61407,0.758803
38aeed9f-160f-96f9-42bf-a86419f71176,0,0.681824,0.607067,0.748256
5dd8cb69-f1ca-c9fe-2e6d-9c3bc65eadb4,1,0.072625,0.055627,0.094299
ed786262-2965-55f4-885e-9bbc9aa9d16d,0,0.2543,0.16481,0.370807
4d51e90b-2511-862e-7ac0-8e516be9be09,1,0.087391,0.062696,0.120564
cd4a19e4-4b2b-7f89-661d-e4aaa353db67,1,0.043435,0.028592,0.065464
2691ccd0-f9fa-78a5-e4e5-e11ce5ed4046,0,0.40808,0.332614,0.488146
c533b4f1-e221-565d-227e-762f79af584b,0,0.316981,0.248997,0.393793
f86592dc-b6ed-4e80-e763-fb5095cd6a05,0,0.368502,0.264738,0.48605
99e60e3b-a6e4-8ce8-386d-3ef355e05244,1,0.052412,0.038778,0.070488
cdab033c-393d-bb33-f78a-12e2c261788f,1,0.049849,0.03862,0.064126
a820f3d1-5e52-125b-2d3b-c3c636a0afa8,0,0.414838,0.318937,0.517657
b9eb953a-3e9f-5c64-63eb-81e086c739e2,0,0.294696,0.22691,0.372963
8012b70a-482f-1a26-0ec2-0d2ae84d44c2,0,0.091651,0.070056,0.119051
dc9218c0-e01c-b7b3-028e-2638bc4430e3,0,0.265549,0.183996,0.366992
f766d52c-1498-5822-602c-9438c245ade5,0,0.429504,0.321992,0.544106
f88d5176-6db3-74d3-75ab-22e6bae10090,0,0.125005,0.090707,0.169849
c041a674-2cbf-0853-2fa6-27bc11c17b01,0,0.187564,0.130364,0.262293
5eb7bc3f-d04c-1900-890d-d80f9071048f,0,0.246459,0.184693,0.320754
20dd1495-4aac-245c-5bb4-7fe136b0a878,0,0.534544,0.428311,0.637734
b324b23e-3c86-3a90-ba5d-5d30346dc3b9,0,0.105808,0.075721,0.145964
7842e85c-ee75-a82a-08f8-40cb8e96c06c,0,0.506533,0.3652,0.64683
ae740bdc-232a-1164-f16b-50191929715e,0,0.711921,0.619818,0.789297
4fbf44c4-ffd8-d117-6938-a18aae29e67b,1,0.087564,0.062,0.122295
c2034eaf-54ab-2ee0-52e7-493d431e8422,0,0.11479,0.088907,0.146993
0fd5ff2d-5574-22cf-39be-6672f2458532,0,0.838267,0.787938,0.878493
5b6774e6-ccab-ae5b-0b8c-575fc9727f76,0,0.114532,0.086886,0.149532
63f5ebf0-5a7b-fdfc-0399-5ad997ef36cd,0,0.429504,0.342631,0.520947
51e1bc1e-6864-fed3-ae72-65a13e30c28a,0,0.397007,0.309037,0.492181
e5559dac-967c-7127-4ea7-3eadf4fddf79,0,0.288887,0.212797,0.379084
32dd1f4a-455d-f793-3d89-313e89784862,0,0.177144,0.129224,0.237977
0c9cf441-40e1-b8f4-bf88-3cc4f89a898d,0,0.093888,0.072282,0.121108
b128f4bd-0d5d-4dfa-e61b-4b99ee30129b,0,0.127062,0.088692,0.178775
9386523b-8609-6831-2b8a-c72dc1552a7f,0,0.288887,0.194056,0.406676
b82c50fc-048e-192e-c04b-e00d21a93468,1,0.072625,0.0522,0.100197
20752459-77de-dba6-ace0-a57277ad5ba8,0,0.58664,0.460003,0.702768
8b54db3d-4ff0-a5ea-cc2b-93531d3219b1,0,0.426607,0.307914,0.554401
9623b130-c70c-342b-0140-4b9b4def0fce,0,0.101651,0.07463,0.137006
ab86db76-0c7a-99ed-3792-ffb0614003e9,0,0.109856,0.079915,0.149195
bba44a2e-a9a2-6572-f620-78484613384a,0,0.730948,0.585731,0.839233
8ddd2348-a06a-f48c-36a8-048af83140b2,0,0.118889,0.082705,0.168006
295b0eee-1170-bbc1-e2ad-4e9c10a3e937,0,0.414838,0.323687,0.512217
bb140006-2dfa-d77d-993a-c3e8115296e0,0,0.097843,0.071632,0.132279
f8a9720f-448d-cc12-6e2e-5c9c8c3688c0,0,0.200596,0.140847,0.277505
245f5b5f-f143-b643-e340-2d34c929a3a6,1,0.054985,0.040417,0.074399
b836eefd-0343-6bff-1174-7d93bf7d51c1,0,0.124795,0.088829,0.172566
acf99e44-3ba7-ffe1-121b-3bd405edc686,0,0.318601,0.236127,0.414259
200807ca-1eb7-99b5-72d7-c09a1894aa04,1,0.049849,0.038845,0.063764
3b9b7475-0633-a5ee-4c34-2f9f6732e3a9,1,0.060837,0.046502,0.079225
31177091-3be8-62d5-aa4c-a99012ba87d5,0,0.254286,0.183075,0.341613
7986e03f-88e4-14f1-cc47-fff30cd46a57,1,0.062663,0.048201,0.081094
5235a190-7b07-1a39-4151-245b37882f14,0,0.167363,0.117997,0.231952
d505aaa1-8e6e-47ec-a1c8-d8122eaef592,1,0.069875,0.049235,0.098272
f87aca3f-bbc4-e7a8-c261-f528f797731d,0,0.114661,0.087413,0.149015
dac7bd8a-9723-1a57-9751-bbb6ae8ce317,0,0.40808,0.318372,0.504362
44981a1f-386c-d115-36c9-c23123501e06,0,0.320924,0.236787,0.418561
8f000ad3-7132-f539-72a9-39986a5e3cbd,0,0.534544,0.425834,0.640069
29e44aa8-a9a1-1f18-0bc9-5fab3e862e9e,0,0.327282,0.240981,0.427098
3205d9e5-6305-1f70-290c-d1168e67e781,0,0.411459,0.331631,0.496236
e8ce3bb4-c739-e846-99ff-f72852eb58d0,0,0.262418,0.191346,0.348511
ee2b65ba-005f-0103-285a-363cfa26eacb,0,0.175637,0.11903,0.251478
600a7e95-b77f-bf5a-f094-407bee5cddf4,0,0.21805,0.155126,0.297511
0e4ae5f9-5cad-10cb-9285-5b0458974a58,0,0.093888,0.067222,0.12966
90437f0a-631b-04bf-53d5-584a189dff53,1,0.087293,0.064293,0.117489
48d29a94-31b6-5e3e-0398-54f837c6d3c2,0,0.452372,0.349236,0.559767
c4798160-5ce6-4a75-3445-51d16d4b80f3,1,0.076885,0.054441,0.10753
aad3c4eb-e565-7fa5-94b2-b1a382173604,0,0.089529,0.065638,0.12099
b21c12e1-5885-363e-7d72-79db01eadd2b,0,0.646542,0.481879,0.782494
c8b2c90a-771a-2073-6676-cbc645e695fb,0,0.130951,0.084097,0.19826
036be827-7b2a-f496-a7eb-c47947f08f87,0,0.346354,0.25792,0.446853
eb7fb9b2-efe9-8cab-4458-33e1b5d9ee65,0,0.304448,0.223704,0.399343
376ace0e-0538-90be-3de1-afc399f15c96,1,0.06589,0.050294,0.085885
14c0455f-9720-27a6-ae75-138b20b647a5,0,0.162834,0.125592,0.208487
2fdc51f5-fc9b-7729-601c-426d5f9fc8a3,0,0.162855,0.119512,0.218024
9e57731a-9791-8dce-04d0-87229e92a005,1,0.069257,0.052251,0.091267
8139fb66-c886-c467-17ad-6bc108bb316c,0,0.229468,0.169556,0.30283
61ceb23a-060c-a007-83dc-3f4ff0addd29,0,0.152612,0.108071,0.211164
c62e7ef0-38ce-5c8c-8ffc-db2949730bb6,0,0.138219,0.09843,0.190689
a4172d52-9b15-bc62-0414-9419d80e7245,1,0.06328,0.048746,0.081776
d9125e4b-45af-baf1-6c64-6676adc0b67a,0,0.147458,0.092528,0.226846
7c38e59b-1cf8-6b34-af91-96d9efb159cd,1,0.075374,0.053223,0.105715
196934e6-79ae-70de-39da-e3d1ae7eb9df,0,0.105808,0.06785,0.161328
d8d2413a-9d48-2b80-2bfc-9873521760d9,0,0.162865,0.125134,0.209252
a3a64763-34c5-0500-9644-3972c836cdbe,0,0.368502,0.275003,0.473048
8a1f4288-ce85-baac-b34b-3ecf37ead53a,0,0.547568,0.441774,0.649232
b2ad4e1a-b136-8ceb-bc6f-38b00ba698d0,0,0.316278,0.247936,0.393599
80d60f55-9c94-b5ef-a205-0cdd6366ff2a,0,0.111843,0.083773,0.147802
8fa8635a-cbd6-f083-de6c-10303686bebc,0,0.159448,0.115475,0.216075
0916923a-da12-7e25-7a21-13a292adc8b0,0,0.182017,0.133949,0.242504
d00bbeaa-64a7-d2b4-4f9b-e982ae4c2113,1,0.063898,0.048788,0.083277
70f88b28-a288-5e34-99ce-acd000099dbe,1,0.060741,0.044257,0.082832
141dafa5-f141-1596-f066-b7047aa90ffc,0,0.245676,0.188712,0.313198
f5a97327-c920-58e0-781f-cd7ca7368c7a,0,0.118132,0.088921,0.155303
57b44b9a-475e-96e3-12ca-6a9192f5306d,0,0.169211,0.097182,0.278176
79f6f800-35f1-d04c-1380-95d782a764ae,0,0.374859,0.288931,0.46947
24569032-f865-69ce-64ab-07605ece266d,1,0.064546,0.049348,0.084012
a40f8ccb-dbf9-42f3-2025-88a392f453d9,0,0.247241,0.191093,0.313494
c46d3bef-9aef-a059-804e-36bb641a2ad2,0,0.882888,0.793727,0.936588
b8c5ce30-b863-c809-643a-96d84adc3296,0,0.118551,0.083783,0.165145
cfab41a2-0a45-2855-1158-b378fa265ff5,0,0.242545,0.192376,0.300924
e75af64c-16d2-97da-bb2e-04aa49d046ba,0,0.169256,0.12502,0.225118
8414e3a4-8a14-cdde-7c06-095dd9897ea2,0,0.10189,0.067696,0.150568
f66db57a-9d38-3e6f-88d6-d554277db980,0,0.40808,0.334851,0.485632
158f85ba-d68c-5bca-3fd8-aa34f95e97bd,0,0.316278,0.231953,0.414706
0ad860ca-6304-fc58-ed4d-377faf9be6f6,1,0.049849,0.035564,0.069459
21d3b881-152a-7b9e-c3f7-b57084acf8ea,0,0.165838,0.122501,0.220652
e40961d5-e161-fb13-05ce-c57a5dec4658,0,0.385933,0.273986,0.511401
f25a6979-b256-2926-e4b5-3184e994b8e0,0,0.113983,0.080783,0.158476
f7e0d582-65e9-54d2-5820-b903a50445f8,0,0.411459,0.331302,0.496607
820a11c0-bcb5-040d-2f55-66492181193a,0,0.188536,0.121998,0.2798
e6e66b61-a45d-6630-ee71-7f4e39933fab,0,0.243582,0.171501,0.333754
0a1a8d2d-00a1-eac0-0f50-8c0546f20a2b,0,0.091689,0.064743,0.12831
d2476e66-b839-db43-3e22-c93b012455b6,0,0.506533,0.395962,0.616469
27d839a7-e707-3223-7aff-0f9712734c46,0,0.207922,0.144718,0.289389
0a9c66a1-ef8a-c009-e2bd-f3e32b56a7b8,0,0.283433,0.209995,0.370508
871f54a5-0732-a40e-e287-a4212d77c6bf,0,0.333639,0.245549,0.435107
6fb0eb33-7808-67b2-e13a-c3e0fe392b70,0,0.313038,0.246969,0.387682
455c899e-7d98-3958-33bb-a8aa59fdfecd,0,0.251155,0.181567,0.336449
789cf030-bb21-b209-23e8-119cb1e5fcbf,0,0.132093,0.082977,0.203819
ca8af60c-17d3-ae7e-33e2-a3c8cf499b50,0,0.318601,0.234924,0.415881
acb4072d-d6ff-6132-a608-4952fb15ec5a,0,0.093925,0.071837,0.121912
cc9781d2-3f60-9d1d-fbdf-f29d5ae26b40,1,0.083033,0.060683,0.112628
df32fdd2-c4aa-eb26-de57-5b78d4b3af51,1,0.088296,0.064622,0.119534
9bced393-30c7-2284-e7a2-02b5adfe472a,0,0.333639,0.241518,0.440492
4c9c596c-bdc1-af54-b3f6-b823981810f9,0,0.097843,0.074093,0.128152
1926e498-2fac-7220-a2c8-479ceb322d4e,0,0.113774,0.081835,0.15606
7d047aef-f819-2a56-4839-bb31dfd3d086,0,0.169246,0.115353,0.241445
24c3a6a6-e34c-1ef8-57c7-6c75e58e5717,1,0.083169,0.054791,0.124311
3596f078-09f7-fc44-5588-b422616f984e,0,0.257417,0.201111,0.323113
bb500ea7-e602-c99b-72e2-a523350acaf7,0,0.374859,0.263991,0.500619
bc3d6842-64e2-da5f-ca86-ed6b2ad44e69,0,0.234627,0.177021,0.304053
43cb784d-83e5-2f3a-f9c2-e8fa43eb528b,1,0.061937,0.043824,0.086855
390d9cfc-0f98-ce6f-be29-44f74707d25b,1,0.065273,0.045945,0.091947
e82eb7b9-f103-6c2f-d4b8-c3bd8d8881df,0,0.114581,0.08913,0.146133
1cfb031d-3dab-548a-50b0-ef01b3719b56,0,0.599664,0.517051,0.676975
ac449b34-d1f6-8024-8f27-32a6d9414a20,0,0.243328,0.191139,0.304403
b4592b57-f959-015f-ff7a-dc821b5a83bd,0,0.089665,0.065131,0.122232
d81e0efe-eb41-7d14-77f0-dd187d72465a,0,0.27055,0.195818,0.360999
b6f51ffe-3099-7dc0-f024-5b9c12d36dac,0,0.093789,0.0712,0.122599
09d7758b-4d11-673a-f3e3-821b89da43da,0,0.217492,0.153774,0.298304
4201e7f7-7881-22bf-5e49-2d256869c212,0,0.114999,0.082758,0.157644
ba3a25a1-2de3-f24f-338a-6998fc6319f1,0,0.093925,0.065816,0.132338
4bfd4a9a-3096-6615-2d1e-cad640ead482,0,0.914488,0.871832,0.943862
200ae20a-a1d8-1592-a1ee-967ffbef1d21,0,0.166143,0.118309,0.228308
aa7d5337-a8a8-756a-fe94-b1e598766d3e,1,0.058275,0.039142,0.085923
bf53d834-01d6-bf63-3a41-a3053431c063,1,0.059374,0.044185,0.07935
b3f4aa1d-66be-9952-87ac-d5412b5fb440,0,0.11847,0.08778,0.158031
efd8dbbd-5637-a412-e81b-ef0aa3477aa6,0,0.560592,0.42037,0.691766
556eb052-8f44-1b7b-459f-8cbca84ba513,0,0.108134,0.078516,0.147142
d16e58ed-941b-2a34-1464-b574695334a9,1,0.058648,0.04349,0.078653
c703dfab-53c7-5abd-a47b-4c451fa21ead,1,0.061937,0.048125,0.079382
b8a1fcdf-941a-3d09-650d-3ce7e0b9ec4d,0,0.091553,0.067698,0.122707
02185f67-7d4a-6544-4aa8-ad035f33eea2,0,0.418217,0.319385,0.524082
4b0b2e9c-6fd8-0763-263c-993cfb3f170b,0,0.11847,0.081495,0.169133
6989fd39-b613-5b05-b2aa-62bc0a6b929a,0,0.755946,0.635911,0.845992
9f3f7683-bccf-0d40-81f1-1187dbe99559,0,0.097972,0.072793,0.130634
45b80ff6-55fa-85a3-5ce9-a6a00365124c,0,0.128789,0.095763,0.17105
c332290d-99f6-f005-50be-a078eac7160b,0,0.573616,0.471009,0.670255
800aef15-d19c-cd39-139a-dd553eadcdfd,0,0.40808,0.331398,0.489516
f4a181c9-79e8-a25b-6f07-8fea26e489fa,0,0.333639,0.247027,0.43315
f4498bef-b6a1-19e8-39a7-aba52541dcea,0,0.149904,0.101905,0.215096
8f35f015-186a-1d29-e424-d913ee094497,0,0.183412,0.132693,0.247973
3f1ae27e-dfeb-c94e-7486-1a22d7f242c6,0,0.40808,0.332835,0.487896
5d5ee6ce-07f4-236a-a146-5334f28b0e8e,1,0.061937,0.043957,0.086605
830962bf-3b72-2a3d-0e7c-dc86b2bc55c6,0,0.110533,0.080395,0.150125
03f9df85-4ae5-b825-9610-dc8f38d1cc84,0,0.206397,0.143772,0.287152
06532ffc-43e8-6558-4aa6-05b071fffd71,0,0.277624,0.181569,0.39968
1b2a8f1c-b8f1-86cb-6b36-f7d5e19d0382,1,0.06328,0.047574,0.083717
61d03a08-f0b6-1a0e-1188-b8ec65a3a6d9,0,0.23834,0.176009,0.314324
f54b114b-30e5-cf06-f3b7-637c66b71872,0,0.649256,0.529277,0.752929
412fa02c-c5ae-d9d8-0948-808607b64d58,0,0.114214,0.078364,0.163554
171dad15-9dcd-3a62-2d9e-60913ee0fabf,0,0.385933,0.268449,0.518398
2defdf26-ed7d-e0db-75c0-f7da4d83fea3,0,0.110114,0.082523,0.145469
d270ab42-72b9-0f5b-58d2-eb9514fa8e9d,1,0.063898,0.050103,0.081166
9e68581a-9324-5433-fd6c-d0ff5b6937a0,0,0.124732,0.086975,0.175725
6fd1344f-11a3-da65-22da-b18fe8e5cdaf,0,0.180124,0.129776,0.244516
c62bda53-a7e5-ecee-d8a3-041797955d12,1,0.06328,0.048169,0.08272
226e8399-4b70-1ccf-3196-43d6d193fdc1,0,0.790884,0.653965,0.883295
61151414-90c0-8b32-a43c-541d5ace308c,0,0.547568,0.440112,0.650767
b0ba49cd-0a09-2c12-d208-a178c6a600cd,0,0.254286,0.19883,0.319051
8bbede98-e242-4d4c-5b99-653abb84a890,1,0.06328,0.04938,0.080762
6674808f-967f-b016-2fa4-49bee561ab9d,0,0.105808,0.069848,0.157156
264a3f05-4712-9ba9-75d7-253730522627,0,0.999999,0.999998,0.999999
a95446eb-47fe-57dd-24eb-8883c759afab,0,0.225986,0.168919,0.295477
0e580db0-189f-592d-3cef-aabd35f98a16,0,0.15603,0.108376,0.21948
55c6be8f-adfa-e2a1-df87-924decbed376,0,0.124522,0.08154,0.185584
e6f75521-7b52-7739-250c-5db309c0fdc8,0,0.163393,0.113532,0.229482
6245dcb2-23f6-adce-36c7-7178d7e842d1,0,0.40808,0.311545,0.512271
dd880180-0552-740f-0ea8-0320683e8088,0,0.82397,0.72703,0.891615
4b901f62-5674-1e0e-147a-39be1304cae7,0,0.097972,0.072003,0.131976
3384695e-7fb7-8b39-23c1-1ec4134d192e,0,0.463711,0.361017,0.569578
e17a73f5-f91e-afb6-33fb-05af4e4aaec4,0,0.207381,0.137786,0.299902
4be726c5-0113-44f9-6bd3-585af07f4712,1,0.083304,0.058431,0.117445
f0db1de2-5c18-23cc-8179-ede6c6a17b5f,0,0.373218,0.257399,0.505665
ec9d6d18-6601-4760-a1b0-3732c775fb16,0,0.397007,0.308651,0.492633
35eee0c1-fc50-e7ce-cb39-709db6610178,0,0.452163,0.325253,0.585614
6220f276-1d5a-a365-5978-e23afeeec454,0,0.779223,0.670345,0.859669
e77cb191-058e-9747-10d8-74fe68723863,0,0.097806,0.07379,0.128553
dd29590f-0448-c156-9477-b849ca707ac3,0,0.599664,0.517298,0.676758
7a110048-514f-eb25-5c14-b48c1a11356b,0,0.153584,0.11243,0.206301
efda3f68-96cb-c69c-0c3d-b5ee8622a43e,0,0.109727,0.081754,0.145751
71083ce0-eb9a-00b6-2c77-3e3bdae5a294,0,0.159458,0.122585,0.204832
4aee0fb7-d3e9-8836-c893-7944cd90f4d6,0,0.222018,0.16432,0.292875
6f91f576-315e-aa86-be43-6f266df5ee51,0,0.625455,0.480345,0.751046
62465132-445e-13e8-b7e6-0f055d53ef26,1,0.087293,0.06235,0.120928
8ed37503-4bed-621d-d523-90ec920bbb1b,0,0.109985,0.075391,0.157744
8e999182-fe8c-95aa-19c4-8ae7a69e69b1,0,0.11479,0.089146,0.146624
dbebd125-e6c3-8ab9-9289-7bac0ad083ab,0,0.159448,0.112969,0.220299
109f9318-a2be-2a64-8cd8-7decc1f8b298,1,0.054975,0.039982,0.075148
aab65c69-c508-3de8-b803-8e87873fb795,0,0.114033,0.084869,0.151558
28ebf559-d9ae-0114-7606-eac568c2597e,0,0.260549,0.195201,0.338569
af5b8ce1-b285-6a23-20ab-6fc365d15ce4,0,0.097843,0.072326,0.13109
6b2ace58-8ecd-da28-ca9f-fcdbf5544b15,0,0.114999,0.087163,0.150262
ca08f0f1-a571-d8c0-bd0e-2e1386e2786b,0,0.243328,0.190535,0.305232
011f06e1-840e-f015-e52d-c5a8c66093e8,0,0.111815,0.078472,0.156911
2d6a4efd-41f6-f31d-1276-183484bbb589,0,0.149904,0.093505,0.231629
458c3a8c-7553-37f3-69ff-e80240328025,0,0.226403,0.172858,0.290704
a7c2c742-4d39-9aad-5583-ae6c17539043,0,0.316278,0.249408,0.391719
c4592837-564f-8e2b-1bf9-49f9ba8d812f,0,0.093925,0.071008,0.123256
0f31c5e6-5299-d579-2112-5c117863c8ec,0,0.124293,0.086582,0.175278
8b03c6cc-e539-72b6-4786-734df075447a,0,0.316981,0.249884,0.392664
577add33-8989-ed1f-b44d-e0eed752fe74,0,0.507551,0.387899,0.626344
2ab92b98-4ccd-9ef7-b8cd-29a3a30281ac,0,0.12236,0.090853,0.162837
2a3a7e68-22cf-ed43-2be6-3abb6744980e,0,0.242545,0.175613,0.324933
48a21b2d-82b5-57bf-4ef3-6cca37c35bf9,0,0.320924,0.252182,0.398422
9040ef82-bea4-799d-ef72-bdafb949a1e1,0,0.318601,0.234224,0.416829
af1f68d6-f5b0-072c-e815-0ee45257ee70,0,0.124795,0.092534,0.166245
b4cf6b5c-6e4a-2fdc-bbe3-a79c62fb1ddc,0,0.411459,0.320999,0.508327
22d9503d-78a5-d50b-d3f3-c60e24b1ca06,0,0.971299,0.000305,1.0
daf9bd52-ae18-eb55-ee6e-64ec8dfdd337,0,0.093925,0.070822,0.123561
061d0f23-c0e5-3cef-ee7f-752e4590f452,0,0.093925,0.071096,0.123112
f9c41719-3a60-f588-5c2b-a71ea38fdc1f,0,0.838267,0.769723,0.889341
8ca3547a-39ce-ae07-3cb6-4905a8c9e017,0,0.446974,0.343476,0.555282
e5b3d891-030b-f1ab-07d9-79e7d368e579,0,0.159448,0.121793,0.206013
3e49959b-34b4-41b9-6945-c8c4d850a360,0,0.169256,0.115363,0.241454
ebb4a161-3272-c95c-e346-50d95f7ee6d1,0,0.221473,0.170901,0.281921
4120ba12-e642-d5c9-3013-8f7be66a6276,1,0.064655,0.044754,0.09255
87ac4400-08a6-a166-2744-deaabc5cc90f,0,0.890132,0.842166,0.924822
5ee07c21-6808-b492-785c-75b7a6753ec4,0,0.134318,0.084832,0.206169
4b145068-51c2-ca4f-06be-5d23ba8e8599,0,0.560592,0.418737,0.693194
2d9c8f81-41a0-2818-255d-9c00523053ec,0,0.373218,0.258179,0.504645
86eff33c-c3c5-ff5c-0bc9-8bb7a0766304,0,0.368502,0.27381,0.474541
c70f53eb-04df-aba1-b9e1-c55d19421bdf,0,0.26868,0.200099,0.350468
3f16789d-3561-dbbc-e432-67e871827588,0,0.093789,0.072737,0.120145
66272be0-a7e5-2464-3da3-3d216e3624b1,0,0.320924,0.242614,0.410801
b8689b42-228e-b0fc-2753-1bd07a751a6e,0,0.560592,0.463563,0.653201
9887b65f-c677-41e8-eb35-7cd31b01f716,0,0.144061,0.098795,0.205341
8051f62d-7c5e-e8ee-c7c6-11e340e038f3,0,0.320924,0.240628,0.413427
e685439d-7c70-fe08-0545-c275bfecc28b,0,0.11479,0.081876,0.158649
826b18eb-a22c-5cdd-24da-bd548f44df7b,0,0.273681,0.18721,0.381353
49347942-bc4d-4179-bfe9-9150bec4b5d7,0,0.22113,0.162563,0.293404
c687d62c-05db-79fe-6761-999ffa6788c4,0,0.110195,0.082591,0.14556
a584221a-b2f4-9665-d507-3d14715149f0,0,0.244892,0.190172,0.309344
db183fd6-ede3-c9f7-4a8f-d98501f0471c,0,0.110195,0.078489,0.152587
e908a5a1-84f7-99a2-f4a6-96c51d026998,0,0.52805,0.412935,0.640258
032f4229-c250-3776-8ffa-f4db0ba38810,1,0.013527,3e-06,0.98275
1fea0bd4-a75e-6213-cea6-1f05fac1e276,0,0.58664,0.479308,0.686327
3bc95b8f-be03-288b-fa23-5fb08d3b8f5e,0,0.192885,0.147057,0.248829
aa1be99a-993d-c510-fbaa-da2dff467b05,0,0.114371,0.087674,0.147879
da3c95b0-3f75-d902-248c-f7a6cabcbd0d,0,0.093789,0.072769,0.120095
3f6929b0-99b5-96c3-3f2e-bf3215f127a4,1,0.069257,0.052826,0.090312
bd7509f7-e0e0-3c8a-4ec3-20b8fe7d9b2f,0,0.114999,0.082834,0.157511
fc9aaa14-9fac-79a5-93e6-48b4ec623f14,0,0.333639,0.243947,0.437238
74ee4a39-39e9-726e-ffb3-9266926de80d,0,0.113774,0.081991,0.155787
395a8b62-5516-abea-3a48-96a341030018,0,0.114113,0.089481,0.144449
dfce7f31-d62b-15a7-4d07-39a3012e2ef4,0,0.40808,0.334941,0.485531
f422581d-dc5e-fefe-a368-556bc8288e5c,0,0.397007,0.307539,0.493937
fa5f0f1f-e8df-6bb4-4968-257cee8e7f0d,0,0.351071,0.258146,0.456846
05655ed4-67c8-c118-d454-15e04a2289b2,0,0.15603,0.115173,0.207975
ef74ac77-52fd-ea8b-ce2d-a96e60d2ead2,0,0.159437,0.121879,0.205856
6a570a71-22f6-6ebe-7b8b-3c7888491fc7,0,0.219077,0.158552,0.294616
c5ea39cb-ee55-b1ec-cecd-30d622b2ba0b,0,0.379575,0.246041,0.534232
076ef818-b2d7-b413-a58e-1dcef7b4434b,0,0.10202,0.072997,0.140827
14b4f7af-1280-a8a0-32c5-86f763101835,0,0.151149,0.107935,0.207637
e9cb77f1-d3a0-8461-77b6-b4adeeb5b53f,0,0.114113,0.079622,0.160932
5d272fa5-0b50-0d76-0d77-d5e012097810,0,0.11699,0.086868,0.155776
98074541-143f-d9c8-72c7-2986ac7a84b7,0,0.113903,0.082724,0.15485
430b6627-fb16-3242-21ba-e3c20bb0d2d2,0,0.560592,0.455048,0.660927
b65f1325-686a-248e-9dd6-12e2ba8bf0aa,0,0.313038,0.248907,0.385218
ce3b909f-7d7c-c036-e1c6-1ec0aaa8831f,0,0.286564,0.20221,0.388952
ac654f39-1ce3-71d5-24c4-87d884a18ee5,0,0.397007,0.28761,0.517771
3d431ac3-d533-9704-179e-bb17c9d24474,0,0.300963,0.22551,0.388981
d53f637f-1537-d6a1-3640-56aac69a1986,0,0.157012,0.106803,0.224883
897794db-eeeb-4bfb-28bc-07123f92b932,0,0.190095,0.124122,0.279926
b6600a75-0ce6-70ca-b295-f5b5fa602c55,0,0.113903,0.082514,0.155214
3e7a292b-12e0-0569-d98b-f43f04c1f595,0,0.091553,0.070653,0.117852
b9667daf-b5f0-a816-6484-401627864321,0,0.251713,0.192802,0.321456
4c3645c1-d129-5e6b-06bc-a409ab0065bc,0,0.234681,0.168478,0.316982
fd42b958-1ab0-6b7f-3841-8da3c1b2439b,0,0.523348,0.438686,0.606689
7cfcf758-e83f-c302-1cc2-a99429847418,0,0.091651,0.069485,0.119977
6ed4f800-3dc6-e93b-f8ea-ca9cbb6f6c73,0,0.445624,0.354812,0.540218
dbdb9dd1-85cb-54b6-2bdc-278b36d7a1ae,0,0.183525,0.135666,0.24351
ab917c9b-5d0a-2c89-6b95-8ab5bd39af2a,0,0.462582,0.361266,0.567084
c1e428c7-c9d9-02ce-8e6c-d339dfb541ab,0,0.604928,0.448064,0.742802
aaf4038f-92a1-2da7-ec0a-06e27334b672,0,0.204521,0.148908,0.274212
dc941769-bbe3-0b55-7271-288a33114615,0,0.127544,0.085448,0.186157
fec79026-89da-c215-5168-446bf16a6c62,0,0.327282,0.262883,0.398919
25932ec3-41bf-208f-3282-8be3c12823a5,0,0.429117,0.334049,0.52972
dfe68d70-ba96-1ab4-9a64-451a51291544,0,0.316981,0.249883,0.392665
0b7d2ec8-c9b2-40b7-9169-ed6de586497b,0,0.221319,0.142663,0.32681
05998d4e-fcb2-783b-1b66-fa928b43b0b7,0,0.250372,0.197298,0.312172
1a5b5205-820f-7070-e30f-886f141ff40e,0,0.318601,0.240161,0.408875
b9174c4c-13c9-d38a-63bc-1630b8eac03d,0,0.691105,0.591989,0.775283
4a184832-2a65-bef4-8583-ffd46a0c2bdc,0,0.61256,0.508096,0.707606
0d4a2159-58b7-4dec-c132-03b52ed00825,0,0.23834,0.183117,0.30402
d3da147a-b79f-a958-8c22-3e1d12468569,0,0.262418,0.198874,0.337707
18bab22c-abd5-7969-85e8-46081972a587,0,0.374859,0.264045,0.500549
d2685f52-09b8-34d6-716a-e05c82889e71,0,0.61256,0.510756,0.705399
aaa88645-818d-05c9-4d0c-2577df19bbee,0,0.131121,0.094948,0.178358
805e9118-31c9-1668-943f-4ae42509b4f8,1,0.083304,0.059516,0.115433
27ed32de-7d8c-0a45-f37c-2cb9722529cd,0,0.314658,0.233317,0.409221
b45d49a8-bd89-16b7-4bce-e7048ea43476,0,0.761452,0.594826,0.874062
57a1e087-41da-9b42-c924-eec7c0da25d9,0,0.124522,0.083141,0.182404
133d0f08-2ecf-a5f9-cdec-d08bce266d00,0,0.599664,0.491842,0.698627
94b71d8b-5dc6-6c50-e8da-221e2e1cc0b7,0,0.617952,0.468492,0.747992
ef5e5dd3-e67c-1b6d-cd96-84fd024655b7,0,0.397007,0.293639,0.510466
26f4c405-f0f8-2e79-bc3b-9ec75dbe3e80,0,0.672712,0.588066,0.747435
fac6daed-efe7-b9d1-156a-35cbf728468d,0,0.599664,0.51355,0.680032
21cc9ab2-be73-962c-f4ba-c997a81972cd,0,0.097843,0.067722,0.139358
fa54b7f2-66b2-fe52-5618-d58d71a48dec,1,0.075374,0.054129,0.10404
caf5b8aa-75d2-666a-26c3-c5593004c338,0,0.344713,0.256481,0.445126
8e6c56db-3289-b135-ff4b-f4eac1f8543b,0,0.428448,0.340165,0.521533
ba47bc25-1e5d-5e6e-4168-b23b2482c0f7,0,0.58664,0.487175,0.679505
ed803fce-d3b1-9a37-90fa-5140eb484334,0,0.639939,0.532395,0.735058
8f1f358b-75b7-179e-9b64-782f3ee6a616,0,0.153584,0.102593,0.223605
0d1290ab-cfcf-6cc4-fcee-a979a8f26c5f,0,0.239668,0.182149,0.308499
0747405f-a1e8-8a8f-aec5-3452dc58b8e7,0,0.476984,0.379067,0.576703
d8d1bb44-2ed6-01c9-4b84-a5e2be150ce4,0,0.52805,0.443142,0.611366
f81cdef6-3810-a434-7950-eac38d8177a7,0,0.144061,0.098083,0.206655
924e2f05-d807-b8bf-23e8-c0e5158fdb75,0,0.687217,0.604614,0.759428
472617ad-eb84-f2fd-73d1-0a662c7840fb,0,0.534544,0.454132,0.613201
eb60b86d-5bb5-d846-b8d0-b0c95ab71dee,0,0.189343,0.117271,0.291101
150a4b1b-e7a9-eef6-73bc-abe2635fe1e4,0,0.52805,0.418153,0.635295
49a5fc6d-10b5-2f4b-cc12-6905740cd42f,0,0.534544,0.448788,0.618307
b3cd9db9-8de4-62b9-8c72-6dd2538dca60,0,0.157012,0.115486,0.209927
9cbbb878-1773-93f1-036d-fcb92d76e740,0,0.206878,0.138026,0.298195
9747dcf8-65e4-0c1f-1eb7-9bdb912fe665,0,0.344713,0.227461,0.484501
d1d00c2b-32ee-f470-9f88-3a350f29f595,0,0.838267,0.791586,0.876128
d5727b8c-bfd2-b705-81e7-6e5b77e31647,0,0.599536,0.471844,0.715003
d24d7c86-54b5-92be-8590-b2f4c9975137,0,0.242254,0.185755,0.309408
4a59fca4-f7bf-61ec-2bc1-6d3975f09943,0,0.204521,0.138274,0.291762
6e84a6d2-3cd1-c368-c9c8-5c4e185f03b3,0,0.520539,0.391316,0.64707
daa5c8d6-46aa-cd91-6e96-ffdced4e3d0a,0,0.093925,0.0667,0.130705
d2c46b14-6a60-7674-c989-0c8a796552b0,0,0.691105,0.593082,0.774494
800ae204-4599-1fab-ba7a-3b384ab516d0,0,0.599664,0.51994,0.674438
f3047b87-59e7-1d06-129f-f95191e1dfdf,0,0.284944,0.216752,0.364604
7e1645f5-f89d-5c6e-e504-a02cdf617726,0,0.414838,0.325284,0.510396
eb7b4735-5f54-8d70-127a-74cf30fe2e80,1,0.050586,0.038799,0.065709
b24900ec-3b8d-1af3-6784-549e7a61e5b5,0,0.318601,0.243583,0.404372
d8a68367-1d5c-ed59-bda7-4b5fc01d2689,1,0.075374,0.05225,0.107571
01a5f514-d0ed-f4b0-4603-84953bdd1e74,0,0.418217,0.319806,0.523599
842ba82c-797e-b9d2-78b1-d6b0c761831f,0,0.418217,0.314224,0.530025
ba4fef84-b763-af96-e64f-8db71b4a718b,0,0.316981,0.246835,0.396565
ec287c5b-467e-80aa-cefd-4615cc705346,0,0.222499,0.154259,0.309868
7cc07b58-8fb7-7ddd-c248-f1e78f0b3c16,0,0.110324,0.080844,0.148812
1f138ec4-1045-d3d4-f0a9-574a78a2ee07,0,0.284944,0.201875,0.385677
39f308e9-c3d2-ac44-ca9f-673c7b5638a0,1,0.062663,0.045549,0.08563
715ebda6-f246-5abf-4d74-2e24a8bb6900,0,0.748954,0.563379,0.873382
14ffd020-a738-d55c-d443-6e6df03f5ce1,0,0.40808,0.328615,0.492661
22dbbd43-d17f-84b7-afcd-69d1c9abcc2a,1,0.06328,0.048205,0.082661
c40aaf5a-7906-fb89-3e83-8e3031cad1b7,0,0.234136,0.183037,0.29436
867e35e6-3ad1-53c2-a739-bd713c133e0a,1,0.069257,0.050965,0.093469
aaed558d-1900-018c-099e-66d868794eae,0,0.136251,0.092827,0.195609
c962cf14-b3f7-f769-3873-232967403bfb,1,0.070633,0.05172,0.095762
48aea63b-bfc9-b54e-1639-eca81ec8e1b0,0,0.169246,0.125978,0.223573
52c20589-0c98-9a2e-8fc3-5a29871056ea,1,0.049849,0.039026,0.063475
23a13488-200b-f190-39f3-62517ba84672,0,0.224895,0.165329,0.298253
531cfb08-827d-b628-89c0-2665714ad5bc,0,0.278432,0.192655,0.384225
ea2912ba-1620-8e76-7306-e4be1a33ebe0,0,0.106147,0.074958,0.148234
5216f9d8-2789-5a99-6497-1c5995b3ea43,0,0.105938,0.069368,0.158502
5e39f927-5501-e243-3b7a-0f78964a2f51,0,0.132366,0.08814,0.194059
2d773219-4b59-19e6-15cc-e751b3c9e079,0,0.118132,0.082017,0.167252
0923f86d-4cab-44b8-078e-bdfd56b046c1,0,0.114162,0.088024,0.146812
ebfc634d-ca32-bfdc-7d92-969bea451f50,0,0.153595,0.104297,0.220459
01eece44-c479-15fc-632b-7d54f4d608d9,0,0.097366,0.0659,0.141578
1f7e8f8c-8a6e-6c8b-4d9c-ec5002ea8058,0,0.649221,0.477778,0.789211
e531ec27-351b-d63f-d5b7-46f5385c3c6f,0,0.40808,0.310899,0.513023
dc369f39-5563-a7d0-0c2a-75b717ed7151,0,0.357428,0.25026,0.481044
d62fb219-3856-c84b-8a0c-1364fb8bc5ac,0,0.599536,0.438379,0.741697
12840aa0-93d3-39c3-90e4-afb55790c219,1,0.069875,0.052275,0.092819
fd796422-8798-c479-47c4-6b0632226472,0,0.105938,0.075238,0.147171
4ba7e452-7c89-e7c5-a3d5-244d421dfca8,0,0.12236,0.088046,0.16759
264676bf-5d5d-5e86-a320-c75c5a7b5dfb,1,0.057548,0.042813,0.076948
81bec33d-1c19-f906-1a75-67039c41393a,1,0.056085,0.041677,0.075083
448081ea-e83b-793b-bbd6-e5ef2d232467,0,0.117793,0.087568,0.15666
60cbb37b-907b-898f-9a41-2b13649b2272,0,0.429095,0.310767,0.556124
5f112cfd-399e-008a-15e5-6376693c5625,1,0.057548,0.042042,0.078306
66e83436-8d05-ac24-cfa7-f36bc97ec500,0,0.205852,0.142659,0.287644
a184b44f-4a62-ea28-e267-4cdc12ffa736,0,0.201465,0.140676,0.279964
3ec29fef-32ce-2f2c-a725-68f500985f1e,0,0.10189,0.075375,0.136357
0a2e530f-f1bc-95db-0373-31de55cc309b,0,0.547568,0.419282,0.669831
e1715cac-9f3a-6442-2691-2fa2fa72a8dd,0,0.857611,0.770356,0.915355
0f4c5a2a-49cf-629d-031d-01a96cc4353c,0,0.477325,0.361983,0.595136
33ddf1bb-0587-962a-5f25-97accb2ac2dd,1,0.069875,0.05346,0.090845
5b2635d3-a1f8-3bab-a47d-2a5f43af6569,0,0.612644,0.476629,0.733105
95c898aa-442c-f38f-0121-e63c49f25a7b,0,0.219558,0.16926,0.279768
d16a949a-72f1-af2e-04e0-0af6d9d343f2,0,0.18739,0.128318,0.265378
26d919db-da81-8a2d-3e33-aed7f7345b86,0,0.451669,0.356359,0.550662
bf977060-1c84-55e0-7dbc-ca4bc1efab1a,1,0.076749,0.055854,0.104595
fa97a8d6-9334-2f09-fc06-d60acae55475,0,0.194188,0.130663,0.278697
2156bb27-3196-747c-fc0a-9e6a98166857,0,0.691105,0.61685,0.756646
0ac5daba-f27b-a20e-406c-e24069327084,1,0.072625,0.051797,0.100937
61d617b8-644e-ff55-8a79-490fd897feec,1,0.074784,0.057179,0.097252
7ec79b95-aa66-a877-7241-abaa47607cff,0,0.698044,0.61362,0.770908
1ed2ef6c-7a5e-5522-fed2-a8958dd189b4,0,0.314658,0.249293,0.388296
3da85f98-4038-76e4-de1a-f62e57bc4dd4,0,0.445624,0.361992,0.532453
fa8949b8-3e15-ad0f-45ab-9337559dad82,0,0.247241,0.179181,0.330738
3557b797-6923-beef-f1c0-039096f2e357,0,0.40808,0.317417,0.505464
1964fd81-1de5-a8b0-3411-6fe06e7d3ad0,0,0.234136,0.180416,0.298033
55a2ae11-8881-6f93-6b32-43f392d93d6a,0,0.293076,0.209484,0.393424
dad84670-e78d-bddf-2ea5-1ccc1f768b3a,0,0.362144,0.260439,0.477902
308b10c9-171e-faf1-a598-efb3aeb01367,0,0.599664,0.513565,0.680019
d83e88f3-1231-de6d-22d4-a03ac9059383,0,0.40808,0.312831,0.510774
1b0cfcfc-1d87-fc81-9272-48028f6c29a9,0,0.421209,0.33387,0.513773
74453af5-1787-ab00-eacd-f8eab33bd65f,0,0.106276,0.074517,0.149388
30828a37-6598-ffe0-8794-b4638d526443,0,0.162845,0.126318,0.207425
c2b9ffc2-72f3-a6ad-58e0-6446a51006fa,0,0.320924,0.239734,0.414616
789a51c9-a453-e256-1817-7cb4124f4b3b,1,0.070633,0.052419,0.094543
e76fe986-83f7-2af7-279d-89173c6ab0b6,0,0.506533,0.394397,0.618016
b96537fc-b655-bff1-9aeb-e382d890ae26,1,0.087256,0.0623,0.12092
08a147ed-33dd-03b8-4e2c-f2b4404c4587,0,0.169256,0.128156,0.220208
a194ec6c-4777-0a8a-ce78-f144dcfdf76c,0,0.215092,0.135393,0.324119
ac8bccda-55ac-af2c-ba1f-5a77314be253,1,0.072625,0.056153,0.09345
b5e4e4b2-536c-b959-eecc-f83ab8b7a7b1,0,0.200034,0.1379,0.281036
2f4b161c-bb0c-7294-3291-54006420da95,0,0.6515,0.523021,0.761174
1ec42ae2-7c59-84a0-9981-a49b39678471,0,0.339997,0.260501,0.429657
78ff6c7c-2b2e-02ef-881b-603f26fd600f,0,0.17474,0.12931,0.231881
75b674fc-aa30-92e4-01b6-0eb1ed491853,0,0.373218,0.256345,0.507044
62251c98-a9ef-7baf-f8f4-f78e25765597,0,0.097843,0.074182,0.128007
df279490-9cb7-a29c-0082-50e8ba119c86,0,0.105808,0.079187,0.140019
34b57cd4-0fa6-4e54-dd7c-60458992c58f,0,0.515878,0.39231,0.637534
daeea37e-3002-22a0-a2f4-b28f8d1de3f6,0,0.128685,0.085213,0.189736
a3ea8b28-4c15-ea35-e927-09f8a91db206,0,0.40808,0.335006,0.485458
5b8b1b9d-c82a-b4b2-792d-0fa50faf9f88,0,0.446974,0.336354,0.563106
7e2f4609-70e0-f55b-a987-4d52154d27aa,0,0.320924,0.238434,0.416351
3a6b46e5-9076-9bfa-b554-c95c3cf43707,1,0.059374,0.043526,0.080507
64c7f313-f9b6-4e76-3a09-14f09ea5c438,0,0.110533,0.076962,0.15627
2a741a4a-d3db-53e0-bf49-67314a9141c5,1,0.06328,0.049457,0.080639
9e9ba9dd-5bbd-dc3b-8444-4bd166ba7817,0,0.150018,0.106538,0.20713
a626cfdc-fbc0-df77-756f-6e18921f8fb8,0,0.717667,0.565121,0.832558
406a0789-7f23-60e4-4f3b-55f327ca6650,1,0.062663,0.043884,0.088733
1b3c4415-a4dd-a699-d9db-2686b0554615,0,0.132093,0.083909,0.201849
d125b727-572e-4151-b273-b9224924c495,0,0.136963,0.09501,0.19348
da170ffe-79f4-62f9-6175-b49413cecc74,0,0.838267,0.787656,0.878672
5635a71d-2f87-acaa-0ae1-b718760799a8,1,0.073409,0.053972,0.099112
4ba51f2c-1efe-cf14-6b2d-71477af6adc5,0,0.105808,0.075315,0.14669
42fc2dbd-eb95-9314-a588-e884a7059274,0,0.134329,0.093733,0.188844
bbbf9d61-b994-1aa7-9bdb-684681d5b2c6,0,0.460468,0.361551,0.5626
6a87aee5-24ab-e0d2-dc3d-949a754ce206,0,0.12257,0.092146,0.161254
37de3a69-a72a-db9d-7948-62fc73dd2187,0,0.799081,0.683137,0.880049
1d1bf3fe-9200-9bb4-d90e-08ce084729b5,0,0.101761,0.073608,0.139066
df543a6d-f268-3451-d943-1213e1a6ace0,0,0.093888,0.073433,0.119306
a5a90e72-fb76-a330-1add-35aa9bf42d73,0,0.110533,0.082182,0.147097
ac399eec-1a08-b2a5-c9c4-e74c6b3e9acf,0,0.24098,0.178652,0.31667
3c6cf2f5-1d84-2977-2103-2973c555f16c,0,0.838267,0.783338,0.881378
4b3bdef1-746b-6e4d-4a68-6da569f2107c,1,0.059374,0.040965,0.08532
a9153669-f2b9-e4af-a615-a7909b3ea8fa,0,0.40808,0.312671,0.51096
e38a1ce0-ac89-eb1f-8ba4-f6de388e6dfd,0,0.123864,0.089097,0.169669
775f9d78-6fe8-c640-5a3b-6f60f67c61ac,0,0.239972,0.187702,0.301398
8f188002-dca6-ea36-e1d4-1ca60342058f,0,0.419367,0.327108,0.517631
700e5366-2ffd-be61-3ab0-ce87f0f89fa2,0,0.241763,0.177992,0.3195
849652d9-0ae9-f7e9-7d80-c29bb970fda2,0,0.58664,0.454148,0.707673
65dfa98e-6af4-9891-568b-915903fe8930,0,0.26868,0.190333,0.36475
84276c92-fef9-77d4-818c-6a6e451d6614,0,0.763071,0.695901,0.819258
da261e23-dd7b-8de0-da0d-9b7ba2c0ada6,0,0.344713,0.250806,0.452543
ed6932a4-37d7-2944-f245-16148dd12689,0,0.135773,0.09737,0.186198
2d3549b7-26c5-6f25-a77b-ba8e1c779a8d,1,0.062663,0.049163,0.079561
29085c02-1f54-1e0f-e43d-fa3f46a3957a,1,0.0685,0.051672,0.090286
5951044e-26c3-48f0-6fd1-d4f6f15a66a6,0,0.162876,0.123504,0.211766
56c164bd-f938-415d-5165-579865b4af4f,0,0.093925,0.07347,0.119341
ca87a77c-7a9a-a816-085e-6a8ec990a9b2,0,0.44532,0.329006,0.567949
fb477bf7-4b45-2636-28d8-28771f86f116,0,0.168423,0.127507,0.219169
ab5a68dc-cfcf-86c8-9e0f-0e3c5646f28a,0,0.153595,0.109663,0.210956
8e183fb5-8741-46f7-b62a-783de58cf058,0,0.309094,0.224084,0.409341
b90355f5-209b-dcee-84e3-df9e1451269e,0,0.239668,0.189567,0.298139
83fd468c-4701-4459-fd81-6949fa3aa2b3,0,0.314658,0.230032,0.413689
e57317bf-d188-4993-d568-1bd9e55d3543,0,0.114581,0.087736,0.148304
52bf8b72-c3b6-a3d8-9ed7-418a03cd7d4e,0,0.333639,0.259924,0.416495
04216264-66b6-9aeb-14a8-e11e2d4c7ce6,0,0.411459,0.332495,0.495262
7d5b855e-4ae9-9ea4-bd16-4ea13bd6013f,1,0.063898,0.045021,0.089943
bbcb0e06-7bd4-1c31-8367-43048cd3bb75,0,0.40808,0.311129,0.512755
5356c7f1-ff55-0a84-6c83-c4ba3d5b377b,0,0.135773,0.095252,0.189914
29c5c898-da5e-30d9-df7c-902abd73f740,1,0.033814,0.02611,0.04369
9c86fa50-04e7-db41-08e9-2b24e29602c0,0,0.114242,0.087137,0.148407
e5c490c8-9cd9-b746-76de-75754cf2063e,0,0.105938,0.076026,0.145761
a37eaad7-c00d-a30a-587c-e3572d4dcfeb,0,0.167363,0.116211,0.235043
e983a57a-47ce-62bd-68b1-3ac7a86c1a7b,0,0.089394,0.065307,0.121213
fcb54ad9-2ab2-08b8-b1dc-39dafe31e203,0,0.397007,0.293678,0.510419
5a37897d-8d38-c8d9-691c-c19997fdc4a9,0,0.114999,0.082115,0.158775
163653f2-944b-dfb0-2c7c-99e3f6a5a0ab,0,0.379575,0.260213,0.515535
57d272a6-65cd-cd32-76af-7bc6a00725ec,0,0.175054,0.123504,0.242174
848f4373-60f2-330d-8c79-763452a7991c,1,0.06328,0.049044,0.081296
8807e2ae-d769-5067-9415-41d2c1f0ebed,0,0.230013,0.177399,0.292679
efd9d44e-00b0-7b7a-e74e-984e2e361a2b,0,0.259287,0.190544,0.342342
15b5bc2b-cf1e-f681-b11d-193450db16fe,0,0.838267,0.787222,0.878949
dbd50744-b782-763d-aebd-6dc0c790956c,0,0.201731,0.123258,0.312363
5bb6320c-85b6-f64c-6c04-70e351931c9f,0,0.459326,0.33256,0.591584
42fdf80c-3b66-ff25-2151-8990b292143b,0,0.171851,0.119423,0.240995
2d8b07dd-338b-031f-2abf-a1c702f20e2e,0,0.089588,0.067557,0.117895
b2104990-ce05-6398-8aec-8eb93f349bec,0,0.128412,0.087624,0.18435
f73193f5-2197-102f-8328-9ba169882cc5,0,0.097972,0.07037,0.134831
09a7aae3-e736-7cfb-a088-79c04c57bfb2,0,0.333639,0.242534,0.439127
33c8ae23-8ef5-1438-6981-1a5d252863df,0,0.181434,0.125215,0.255521
f6fdc7f6-1785-78c2-a9f4-ae5b46f4a773,1,0.07125,0.050502,0.099627
776a5438-8764-44fc-92a1-1b12afc2932d,0,0.153595,0.104719,0.219684
bdcc533a-d82c-48ea-f088-fc08454eb590,0,0.213762,0.152028,0.291932
9287c72b-29f1-79b8-798b-3c9049eac6eb,0,0.92825,0.90057,0.948663
5a67788d-a338-c447-960a-196525e73b93,0,0.534544,0.447658,0.619384
7b7421cf-0c41-53b4-cceb-4a47a8090425,0,0.243886,0.18614,0.312664
36af3e8b-9903-83d5-4ea8-d0b4028e7a77,0,0.304203,0.227073,0.39417
68c04ff0-aefa-eb48-60b6-d1134a3eed0a,0,0.241763,0.188993,0.303749
b2df05ab-0dee-e1e8-275e-b64ff7de6355,1,0.056811,0.041589,0.077155
67dd7012-d565-e750-16be-c8fa31115a1c,1,0.062663,0.048167,0.081149
78c0e13f-f534-0150-0a1a-e04b160ffbfe,0,0.91702,0.864023,0.950544
3ec41c6f-2594-686c-307c-12b5882bbf67,0,0.257417,0.197031,0.328734
91030d82-fd55-3b54-27ec-fa7101841579,0,0.144051,0.091135,0.220246
ed143d5f-5e7a-c0bb-50d1-84a35e0f4df8,0,0.242545,0.189787,0.304458
6ccb3c6d-2f0c-b862-c823-04afdfcfbffc,1,0.066648,0.050339,0.087752
d1ef2a31-26bb-b2e8-0a53-c5cb33e020e2,0,0.093888,0.073224,0.119629
76900ce9-74f6-1914-8885-698ef86dc965,0,0.825822,0.738664,0.888308
9e61702a-7286-0dc7-0f0c-237f00109175,1,0.066648,0.05008,0.088187
cdd47884-27e6-9091-f8d1-be2120cd02c4,0,0.109597,0.074345,0.158699
b06531d0-e8fb-ba3c-9434-9689a2aeebb8,0,0.310714,0.244962,0.385114
ceff7813-ec52-674d-841d-53b50c8a7a8f,0,0.411459,0.336379,0.490901
827999f8-23b2-ecae-1d54-4fe3655a45a8,0,0.297019,0.2257,0.37982
a1697103-f495-bb38-003e-2adf51af0efb,0,0.184611,0.136767,0.244454
f4164992-50e9-db74-6a8c-554d960e8c64,0,0.105698,0.076696,0.143958
2251d068-8957-8947-89de-26285a295b2a,0,0.411459,0.342021,0.484612
3b497acf-2244-947b-6b91-9f66bc13e323,0,0.093518,0.072795,0.119382
5e0246db-cc96-251d-ec3e-7a43023b05a2,1,0.05646,0.042156,0.075235
edb0decd-28f1-cd73-a43d-760b41cc4efa,0,0.428834,0.33426,0.528909
9a1df60f-1eeb-8771-1562-57cf125e96f5,0,0.473064,0.341164,0.608833
ba2f8bca-36d9-79e7-b18e-bbba043cd6b5,0,0.809671,0.697243,0.887109
27f6e1d0-d38e-9554-b960-fdb65907b0e4,0,0.691105,0.588838,0.777545
0e4390c1-f181-c46c-38f2-dee72d1e8cd4,0,0.148549,0.099658,0.215678
1032d946-1e26-10e0-5c92-c742a969428f,0,0.40808,0.335046,0.485413
5d363296-6951-b3e8-064c-8948774702c7,0,0.109487,0.080418,0.147379
89b745a7-50f2-bc72-728d-07e74cce4cda,0,0.114451,0.082002,0.157539
acdecef5-7f5e-ab5f-c5be-f4b4bfc6ce8d,0,0.089394,0.064964,0.121814
9ec91601-845f-2350-402e-16c87511f440,0,0.40808,0.33417,0.486396
05381b78-9716-9e33-e232-65d082c9bb05,0,0.645248,0.519283,0.753851
ff51426d-a016-89e5-3a90-95a95b090461,0,0.097843,0.071658,0.132233
0fd9fe5e-7c0c-9107-cba0-ca4bc93ec6d2,0,0.246459,0.189731,0.313583
c916a3bc-9368-849a-4754-7b61ebbb61e7,0,0.162855,0.125681,0.208403
4bd801a7-c52f-a16d-8eb4-be9f2326ed9a,0,0.45893,0.380978,0.538946
de849f79-a316-c267-f21d-264b88360f8e,0,0.144334,0.109295,0.188233
55401fa9-4cfe-8276-d96c-89417122a81a,0,0.422077,0.336382,0.512736
de5a881e-14ae-9f1d-81e6-eeedc6e490ea,0,0.626959,0.477679,0.75542
9348bdcf-d202-2568-5868-81915f76e77d,0,0.313038,0.231599,0.407911
3c8458a9-2c7d-0037-c61e-872d34d7b18e,0,0.534544,0.42903,0.637055
6c15903f-e43a-c127-37f8-b3652d55b6f3,1,0.06328,0.049296,0.080894
cc44676e-c8f5-2d24-843d-1ba983164856,0,0.301208,0.224529,0.390874
0551b2f3-9385-f958-1cba-5ad55c293f2c,0,0.125831,0.092577,0.168807
f47df748-c8cc-b42b-83ab-5590ec09881d,0,0.157012,0.117546,0.206628
e1171c99-d1cb-2801-1ffc-864ac42712cb,0,0.093925,0.07224,0.121267
e192902d-8d1d-24a4-bc77-68c83b675ca8,0,0.312334,0.232248,0.405453
466fbc98-c22e-dfe5-69d3-1d40d1e18345,1,0.062663,0.046762,0.083498
cfeb3c22-f704-5d89-d515-ee72c3cf0196,1,0.085232,0.061366,0.117221
5848ffa5-5154-108a-24a2-3f9c00c1f319,0,0.640024,0.493076,0.764702
01f02468-79f4-d9e6-eafe-814a2b0213fd,0,0.379575,0.246351,0.533815
4a4f5d15-ed16-4bce-6369-5907c17a9717,1,0.056449,0.042006,0.075467
573b2c6b-0b84-029a-9895-ef005a9eae01,0,0.368502,0.249467,0.506039
0704401f-b37d-ace1-ca78-deee2afc6867,1,0.063898,0.048712,0.083402
39d78cc2-4ecd-d663-8c46-ec3492e4f20f,1,0.07125,0.050764,0.09914
79fcd24c-a01e-ec67-54c3-ecd4c889b20b,1,0.060837,0.046468,0.079281
a7a74f3f-e32b-02da-b3c8-f6f56094c0c8,0,0.534544,0.451218,0.615987
d1d66623-196c-cf5c-558e-7e6243eb883e,0,0.300963,0.205024,0.418179
c9837edd-e128-839f-a916-a7b09a8c86b5,0,0.472028,0.383373,0.562482
5bd7ee04-aca6-63e5-3c1d-edfa85ee31a0,0,0.40808,0.334018,0.486566
7e841270-05d3-62a8-d2ca-1e97c6933d5c,1,0.067124,0.051839,0.086506
6034fc01-2c2a-923c-87f6-824242491eb5,0,0.093789,0.071431,0.122224
0d1336dc-9f76-b19f-708a-edd523666ada,1,0.050586,0.038624,0.065998
049770d3-8593-9f7f-8c3d-c4ed648b33af,0,0.093925,0.071294,0.12279
b4f53593-338f-d942-b1e4-5b9d17d8129b,0,0.162865,0.127184,0.206192
98cd9ea5-e252-971f-3595-887a5b62a71e,0,0.235463,0.171826,0.313741
4693bc75-6ca4-479a-58d9-b401eff6b4b1,0,0.153574,0.112919,0.205475
e283fcf9-17c0-de3b-8108-a3db10ff1b3f,0,0.478165,0.348927,0.610394
2e22e1f2-4b47-0bde-28bd-e6da873af2d2,1,0.061937,0.047791,0.079919
f35799ce-fa48-a901-816b-b6b17abb0d44,0,0.12257,0.089806,0.165117
613077cd-c10a-b8ef-3bbb-562b8554b347,0,0.169256,0.124133,0.226539
3ff63693-e7d9-3808-85b1-14f0fd19667b,0,0.481985,0.370899,0.594881
56f9a3f1-60ee-db04-68d6-ae024802f1ae,1,0.087293,0.064576,0.117003
d0cc58c5-6c74-12b3-320f-d1733c2d219a,0,0.223868,0.175511,0.281009
c02f28b7-9a4a-850a-b46e-f18ee87a0756,0,0.253504,0.199001,0.317026
ec138ffe-82ba-a5cb-efe3-71a80760e946,0,0.209819,0.147654,0.289275
dd8de2d8-d440-e4f8-80ab-0e1a2d890c95,0,0.167363,0.115733,0.235882
7568feff-6efe-c695-4781-4830fa3e8867,0,0.144061,0.102369,0.198969
58bd51e3-c107-73e6-1344-b79084eaab8b,0,0.219077,0.142518,0.321349
30b0a5b8-d726-7061-67b5-b23b37b9b95d,0,0.091689,0.069726,0.11968
5dcbab3a-95d4-84d6-59a3-3eb66d8c86a7,0,0.40808,0.316171,0.506903
be566111-8150-29dc-ff0f-e09561818e31,0,0.339997,0.264768,0.424266
d7db2671-c9a4-7484-64c4-1d466c2fc9c1,0,0.273681,0.200906,0.360912
89281273-b41f-69d4-4f81-55975668125d,0,0.313038,0.244168,0.391277
090be8c2-6a97-b9af-cf14-e8946400b0f5,0,0.704982,0.595918,0.794749
cdb49308-58f3-5848-9987-7cfabb01026f,0,0.093925,0.067739,0.128834
b055c859-3897-67d4-6b20-d4371f9e4ee4,0,0.698044,0.622837,0.763938
955db3ec-468c-2ca3-8de5-80a37bfa20e4,0,0.520539,0.413925,0.625314
913f3b27-ad81-f960-fa59-1ee23511c6dc,0,0.162876,0.123941,0.211094
141887ae-d9be-d36e-2a22-7c7f3e0f77b2,0,0.141616,0.089616,0.21661
170b3f49-2ee1-d4fe-0869-21109136e26c,0,0.24098,0.191799,0.298121
be16e44a-8eab-d46c-f846-2627a22f1dbe,0,0.320924,0.240273,0.413898
c0202cb5-0e10-fb16-3506-eabf5b241395,0,0.518848,0.393508,0.64186
8b69521d-3f0a-6165-4b1f-46bac3121911,0,0.23834,0.176297,0.313898
c819a992-b1c9-03d0-beda-bb12042fab37,0,0.857611,0.790542,0.905764
e5ef7482-8e5e-240b-c7f7-16499b1c2973,1,0.046642,0.031664,0.068205
cd47c6bd-f587-e438-d32b-0c92f6654d4c,0,0.195102,0.140105,0.265032
af2e7b3c-7dbc-1edf-d9ea-b2eb0657114c,0,0.146497,0.101091,0.207587
aaffcfb6-10e4-3d6e-5937-ba75460877c8,0,0.737887,0.613951,0.832866
b6143d3d-3010-1e5e-be8d-ee33623f5249,1,0.085269,0.059908,0.119997
8f4c4237-da06-5568-a448-d08345203e55,0,0.159458,0.123044,0.20414
f8594a91-8376-9858-7c9f-36e1b406f1e3,0,0.40808,0.329772,0.491351
338b15b1-2207-3c6e-b339-6859f3db90a1,0,0.645332,0.523824,0.750596
1d800a73-5e7b-a788-55bf-b66d5974bf68,0,0.11847,0.080892,0.170273
b0ed2a07-df81-d138-17a6-1991f8b1d6ec,0,0.778386,0.597492,0.892597
7cad6fb0-e723-bff1-7a9c-4ffcacf35c5d,0,0.149904,0.101681,0.215511
d29889c0-16a2-d3a5-81de-db8a325247c9,0,0.118132,0.08595,0.160251
529887bc-c48c-ae9a-240c-e69e55c28182,0,0.288887,0.19534,0.404702
24345ddb-b7b1-9422-cbcb-bedb59605b10,0,0.825822,0.736015,0.889658
866b8088-7537-a91c-149a-2fdd2e5c110a,1,0.064655,0.049198,0.084537
60fff5ba-5cc4-659f-5178-f63c234eab9b,0,0.397007,0.306328,0.495359
5ae777f7-a61c-b534-3f62-1960ca4162f1,0,0.875413,0.819086,0.916001
f4722818-5fb9-8efd-d20d-cdaac0b1e976,0,0.711325,0.572389,0.819365
be9a6c67-a969-7e65-dea2-66e156a0e6f4,0,0.089665,0.064479,0.12339
5a908bf2-3c8e-2121-fe18-716f93f7d670,0,0.093789,0.072072,0.121196
8a40fe52-efbc-bd0b-f5ee-0619241b2a22,0,0.159427,0.114871,0.217027
e5378ed2-9166-d57b-4fe7-bcefabdb2126,0,0.190429,0.135138,0.261503
0d4571c8-d984-732d-9e52-34103283ef38,1,0.081166,0.058408,0.111739
8d459bc3-b353-f63f-e673-8bb507ef2167,0,0.241763,0.181061,0.314988
1523ff50-0077-0149-7c73-9ed0d16d47c0,0,0.418698,0.316088,0.528861
dd184066-665d-b722-8658-6f22cd7df4bc,0,0.153595,0.105762,0.217792
67297563-4547-4dfb-9e6d-961caab89070,0,0.456693,0.333338,0.585598
1a2dafc6-7ae9-9301-5862-398ba122ebed,1,0.051685,0.038431,0.069183
1415561f-2fc8-d209-988e-f9d8eee58f48,0,0.344713,0.228484,0.483048
e7207464-a936-0ea8-e5f0-3c51f9d94c90,0,0.09385,0.071374,0.12247
a3f321f5-09a3-ddc7-a947-6f59fbc1cfc0,0,0.305151,0.242524,0.375924
cdc9f034-9d80-ccc8-7f0d-fc6c91d0472e,0,0.691105,0.590625,0.776265
01dd8f54-6864-eae0-4f91-233a5df101d6,0,0.224414,0.177435,0.279603
71daa036-d4a5-26c6-8b60-b4b6d50935de,0,0.2291,0.169326,0.302296
89488e34-2344-ec38-14ce-c4b4bef2d492,1,0.053522,0.039961,0.071343
b3c91da3-2bce-813f-21bc-e995869f1574,0,0.097702,0.071056,0.13291
cdb31a08-6681-b1aa-7e8a-c3c481946c50,1,0.058275,0.043186,0.078204
5ac062a3-1739-b950-a330-7c46e6e02e84,1,0.057537,0.041904,0.078526
39543b22-9bd6-b741-9b0f-2c1002f95fd3,0,0.093789,0.067911,0.128173
8e3cd0b4-290a-e2bc-43cb-18508badb359,0,0.09138,0.069898,0.118624
2c12e88a-851e-5cfc-6309-dcbe4c8faa37,0,0.128412,0.080238,0.199245
f1a34646-5309-9a71-7a43-f796b967da21,0,0.139453,0.094612,0.200834
50a51733-09ef-ae6b-bda3-d95e9c5e8214,1,0.07125,0.054622,0.092445
5bdf8d05-de16-6014-0bf2-ec4319c014f5,0,0.142377,0.10327,0.193106
4ec456b1-798f-ad32-ca7b-63c4dcb1ee1f,0,0.397007,0.290701,0.514015
10ca4005-3b64-2557-89fb-b4b381002eed,0,0.363786,0.259232,0.483012
d612200f-3fb0-8926-a354-f2b8e163e493,0,0.851163,0.782595,0.900845
c54470b8-2844-5a70-b611-aa4afb079b1b,0,0.241763,0.18792,0.305234
c968c462-83fe-5818-aa66-747cc1dc5a27,1,0.053149,0.03625,0.077294
ce7abff8-f2b2-f144-317f-6c51b6471bb3,0,0.276812,0.203071,0.365065
df3fed69-3540-2e78-e7bf-f74d9c04cee5,0,0.134632,0.092026,0.192774
62dd321c-7fb3-a03e-82d4-6a4d88c5c935,1,0.07125,0.053595,0.094142
887895b2-63e3-d275-66c5-9be901f221af,0,0.169256,0.125355,0.224584
77190607-3930-d13b-cf58-572575dbe2f0,0,0.114581,0.087167,0.149207
528177ec-6eee-9169-46ab-d69e6be5d60b,0,0.114581,0.08308,0.155994
ec7c0c06-51ba-e6eb-5c9e-24149e376a11,0,0.473583,0.357109,0.593005
ccf070f1-2dfc-29b6-36c8-87117fc3bbff,0,0.118889,0.082022,0.169272
9b9a4bc6-8df6-ae95-ec85-89b0112fbab0,1,0.064515,0.049409,0.083831
f6122e08-d59f-3087-9c57-5267ee754122,0,0.512507,0.409687,0.614279
cf5ec12d-71b9-f9ee-95e7-1e8f251a4a9b,0,0.128476,0.091951,0.176686
77bdb436-b943-eeff-3bb7-f51952887357,0,0.313038,0.234155,0.40446
b99d6dc3-cc77-1d33-4d64-f872b91ff9e5,0,0.11479,0.089269,0.146434
e69badc6-6c28-85a5-2f39-a8fd840a15b6,1,0.083267,0.060382,0.113775
a2ca97b1-09fe-3d16-8346-430347d8b0e1,1,0.061937,0.045067,0.084561
3e4c5ac9-aaf4-ee40-6efb-555812fec7c5,0,0.627044,0.519307,0.723491
ea277082-eeea-35ac-f76f-a124df99b21f,0,0.091516,0.065274,0.126875
365c20a5-635c-1ba0-b77a-695b4ea7eda9,0,0.414838,0.314988,0.52221
e981e0c9-1238-26c8-84c6-f50b6997c410,0,0.114242,0.080712,0.159287
975f66ee-bdee-6813-0713-c04e3717e865,0,0.11868,0.08733,0.15932
610080be-6a3c-f1ca-78c4-86a9c68d7531,0,0.158092,0.111615,0.219149
b9517434-8ac6-1bd7-cada-c6a54452aaab,0,0.211847,0.155194,0.28227
72bc4ac1-b64d-0d0e-e3fd-a7b11611bfbe,0,0.327282,0.236929,0.432559
ceccf735-4220-f156-1bde-4e60e1b3299c,0,0.10171,0.073632,0.138889
1c352990-8af1-e928-964f-a06cdebac1d0,0,0.202628,0.137775,0.287819
44d3b49d-9ac7-007c-f292-412e65d2b36a,0,0.273681,0.183098,0.387803
3489ca42-10b3-d5d5-edae-944b33c3b15e,0,0.134255,0.088874,0.197777
223b2881-26b6-368e-e34a-a23a8d56c532,0,0.385933,0.286318,0.496114
af7cd19e-0673-09b2-f4c0-a0d664ee590d,0,0.169246,0.114537,0.242917
def373f8-3582-73d9-614b-294fc1dfd523,1,0.064655,0.048602,0.085535
f9e2b196-7e76-b3a6-0742-feb61d01113f,0,0.209837,0.141011,0.300503
b81c0c73-ce82-5ab8-dd1f-206a6865bef6,0,0.135773,0.097272,0.186367
00dae43b-9e18-4bc7-1261-c13aff4a9c9a,0,0.241763,0.187051,0.306445
104cfb94-df97-c5f9-9781-ecacbc2a8780,0,0.114581,0.081899,0.158059
f290ed9a-71e6-793a-b69a-81f2580fb4c5,0,0.093752,0.072814,0.119933
71168479-178f-00aa-9fd9-3d94b5a79a13,1,0.072625,0.056508,0.092887
2aeee644-c53c-0c6c-8681-113e99b957fe,1,0.051685,0.039494,0.067376
dec8192f-01a0-96da-37dc-0a1a0a8d6eae,1,0.076916,0.054231,0.108008
77a30f0a-4fcd-28b6-aaa6-0ffd963ea0f7,0,0.461441,0.379093,0.545948
cbd0cfe9-6bda-01ca-e4f8-cf3764f63122,0,0.135773,0.094507,0.191252
a717a86c-20f0-a570-93ee-c2433adfd919,0,0.134801,0.098688,0.181467
7f45a4a4-830a-7ab6-d8af-6f618f099a6b,0,0.415319,0.327507,0.508861
da044f5c-025e-a312-76dc-049ce76e9de3,1,0.069875,0.04898,0.098758
62d672d0-412f-7570-6d40-d53ac1bcd0ab,0,0.645332,0.49029,0.774869
396eb9ee-6b6e-8677-3537-fca45ed10245,0,0.097935,0.071816,0.132199
b273c8fa-04c3-d8f8-14ec-6228d12c783a,0,0.194216,0.135867,0.269799
20bbf7d6-380b-e793-0ad2-b3cd6c54a946,0,0.92825,0.900284,0.948818
aa9b51d2-ff78-f1aa-edbd-6f83c2bce087,0,0.316278,0.253332,0.386762
65817ad0-47f6-8058-cdd0-2652e66b93ed,0,0.153595,0.113296,0.204915
0cd9ecae-55c1-d0ab-3ba9-ab21c2c35c2a,0,0.40808,0.313459,0.510045
b1b38442-e696-3232-9e21-4f1bf0c8b9f6,0,0.25112,0.178709,0.340701
920e9c09-6cb8-0277-6b00-54fc6817c097,0,0.327282,0.261173,0.401041
6ac56a25-270f-7e41-cd4f-a32e3deb2e1e,0,0.316981,0.234361,0.413015
863101aa-4466-c890-83b4-2aa319145dbd,0,0.101761,0.0673,0.151011
f1d7f1be-abea-c48f-8d29-d6be1e51aff3,0,0.097843,0.07204,0.131577
ca4b7fc8-e745-334f-52e7-039d6018b5f3,0,0.698044,0.587824,0.789352
4a1269ec-8899-1b86-0f42-54a42db4b4a8,0,0.153584,0.109624,0.210995
0a842022-2fd2-1a2e-b513-7b0d967e4b9d,0,0.61256,0.51247,0.703971
213937a3-e60c-418f-ce05-b3df9ad89ced,0,0.500335,0.364757,0.635863
6eb02116-76d5-47d9-5453-d28afefff874,0,0.762325,0.69004,0.822099
b3532fca-429f-7606-c340-2ca01e0966e3,0,0.426125,0.336175,0.521244
93aa0d9f-12c0-bbcc-3eef-561435f2e963,0,0.467351,0.361024,0.576728
27f33090-bce1-677c-8c91-017009facc76,0,0.10189,0.073075,0.140348
dd32a198-dbf3-42fc-02eb-0b2c65e76075,0,0.443386,0.338691,0.553364
de987477-9cb1-6150-82f0-6960120f15df,0,0.093925,0.072267,0.121226
729b83a8-4e4c-e9c7-9d49-c2a57ad20870,0,0.422077,0.337017,0.512026
3092e87c-c53c-a523-79ab-248fb1556c9d,0,0.194216,0.129881,0.280156
7ffcdcbc-cc94-0bb8-91d7-20a7a4a2ef63,0,0.153605,0.111582,0.207753
cd5b23fa-0435-e917-8e58-e3d51941f8a2,1,0.081009,0.052376,0.123261
3935f082-509e-d364-a417-db2b08e737dc,0,0.630848,0.478323,0.761055
5656658c-b9c2-1ad3-f897-884b9a0e5fe7,0,0.225678,0.165769,0.299465
dfb4f347-10c6-0394-e59f-eb847ed4d3ba,0,0.385933,0.268422,0.518433
392deeda-7443-5002-de6c-6836e234d173,0,0.385933,0.27811,0.506243
098f3b53-2c41-2905-65b5-005765712081,0,0.153311,0.103343,0.221472
a7d5d34c-48ce-b279-3a19-a048bb7ced34,0,0.280756,0.184702,0.402124
0c718c8b-7d2e-5b3a-22f2-3825741e3081,0,0.257417,0.186058,0.34456
c90e480c-067c-5d9d-1245-07b8d8f784b1,0,0.127864,0.084994,0.187917
7c46dc2d-3406-013a-4940-e45fcc4b7188,1,0.076848,0.056473,0.103765
fd2283d6-15fb-748e-546c-8444890db038,0,0.131224,0.096468,0.176064
4c41c4e0-f4df-157c-6fb3-872f4cea82a7,0,0.234681,0.184377,0.293766
dcb2d041-899c-63e6-62df-42ff427a67fb,0,0.089723,0.066953,0.119249
f79c3a73-9c0d-e3aa-fd80-296d93b77c0a,0,0.54033,0.429318,0.647479
d3eef579-7c64-3dc2-e289-82bdd870543d,0,0.415319,0.334416,0.501061
56b08e36-e1da-ddbd-c587-d78512637f80,0,0.114242,0.087791,0.147374
2bed9e5c-242d-e6f4-84ab-7f5e6751ce26,1,0.081203,0.054996,0.118336
dc7428e6-ff11-884a-0e55-8f7e6acaf726,0,0.671292,0.562807,0.764139
1f570088-a7c6-df69-ecc9-ca760b5f1a50,0,0.212777,0.147775,0.296428
67218cf8-27c8-5d96-34be-e86bf3ca3fbf,0,0.857611,0.78987,0.906109
12dabc3a-12dc-2958-165f-5a1aff5eb8a7,0,0.238103,0.172144,0.31958
b6fbd6e2-6cb6-d43a-36c8-226166e74682,0,0.698044,0.610541,0.77319
549cb72e-3adb-ad24-3c0d-c7bb5f2d8f01,1,0.066507,0.050694,0.086802
2b820f09-663e-2eae-a337-420fd0eb6ad2,0,0.26868,0.207375,0.340328
abc286c7-9035-8fbb-a0b8-f467281ece6a,0,0.428448,0.343817,0.517482
08314dc2-345f-005b-5b30-4af00a295ab0,0,0.426125,0.334389,0.523244
49d8da7e-3190-f73d-d603-e1dcb510d422,0,0.101761,0.070695,0.144358
685396e6-2c59-14d5-4624-85d238757330,0,0.368502,0.268086,0.481772
47168bb4-3f01-44ec-e0b1-d07b1fc6f03c,0,0.093789,0.07137,0.122324
b2e31eaa-9d6d-1a66-6cfc-08ad0b3e76ce,1,0.046642,0.032403,0.066706
057d42ee-346b-8996-da08-bd16df977ea7,0,0.320924,0.237998,0.416935
cee47516-67c0-2d30-4c0d-9c1f5da13cc0,1,0.072034,0.053227,0.096806
061aeb93-eb46-0892-e09a-ab2f49b0471e,1,0.062663,0.048926,0.079932
3ada6dc8-e551-c515-3727-3982ee5430c9,0,0.435875,0.340691,0.536031
2cd66c74-949b-a73b-ed35-9890354b0952,0,0.162845,0.124363,0.210373
6b6432ca-aea9-0036-1746-c6961b4e23eb,0,0.190429,0.128965,0.272038
b5978d00-087b-de76-1bc5-14c31e4cf40e,0,0.089529,0.063918,0.124043
263c7184-1418-7bf8-0b92-34f62342f596,0,0.297019,0.206584,0.406749
03751a94-6cbb-6351-585f-5eecbcc3ce8a,0,0.691105,0.608555,0.763025
66e28877-6db0-af0a-2f39-3b79c0e203e0,0,0.230713,0.176525,0.295565
68b1607e-7247-478a-3de7-78eda02c1cc6,0,0.114193,0.086207,0.149775
ad873e46-726c-23bb-ce8a-25f73c71f3a2,0,0.209819,0.142367,0.298122
77df64d4-60b2-7192-9b6f-c61bbf5af097,0,0.547568,0.44099,0.649957
1beda7f2-22de-5802-5787-265e7c5b4689,1,0.072625,0.051228,0.101999
8d2c1feb-aafb-4315-7455-e5d70dd597e2,0,0.12236,0.090461,0.163486
50b48ea7-2d06-5814-7961-9291ca277f0e,0,0.162876,0.116639,0.222817
f9b4848f-8e31-063d-cb51-c82b7aa74a84,0,0.374859,0.260647,0.504939
dd851f06-2cc9-a1ab-9667-3abca6894621,0,0.12744,0.090594,0.176367
36d9331a-1aa5-c91a-7b81-a292eca4a3be,0,0.304906,0.227719,0.394878
2e0ec98b-e1ce-27fe-f305-a09093d67d4e,1,0.071417,0.052378,0.09667
7f0e3609-dc87-6d52-6069-0762bdde4d58,0,0.120329,0.08198,0.173232
aedb5ef9-9317-3f13-5044-bd7f263ab150,0,0.093925,0.072973,0.120113
947f0fbc-207b-a115-2022-ce1ca89bf7c1,0,0.573616,0.464804,0.67574
76bf508e-8c64-a11b-514e-92eeb24cd80b,0,0.857611,0.789638,0.906228
6441339f-f94d-155a-95a6-dcac5adafea6,0,0.118212,0.088808,0.155688
052c1a12-714d-097a-4f62-4fac81042c33,0,0.106067,0.075742,0.146607
8260d09a-e6b9-dec5-e221-c6a44cbeaf43,0,0.144324,0.09958,0.204605
6e553858-058a-12ad-6230-a2d88fce070e,1,0.072625,0.055732,0.094127
ed4c06ad-9467-d7cd-14f5-cb0f82c97d86,1,0.049849,0.038528,0.064274
910b545b-dfb6-5ffb-9c20-aa504a1e8b8c,0,0.390649,0.289248,0.502468
09f7320a-75d6-6203-fdfb-21c81a784754,0,0.318601,0.254789,0.39003
d02983b6-be6c-d796-68f0-1ac1a031872f,0,0.113983,0.08167,0.156898
74b3b02e-8cc8-01bc-4bc1-ccf3bc3bc82e,0,0.093925,0.072362,0.121074
74211341-7057-4d8a-9793-2b4616c1f84a,0,0.153574,0.103334,0.222187
f80ec6aa-7989-e4c9-b674-95aa77fde42f,0,0.262418,0.178457,0.368178
eeb20a66-3690-22b6-7fec-95b8a87b41b9,0,0.134538,0.09079,0.194849
b72a25fe-4c9e-af4d-305f-ac85eb61b871,0,0.131894,0.090096,0.189053
ff8ff2a8-aac9-064c-0ef2-a5757f79f1ac,0,0.40808,0.313209,0.510335
37763966-3c31-c35f-dd93-763d0654b68a,0,0.327282,0.262693,0.399154
0877c742-830e-1b89-fdd4-5ead3b853249,0,0.262418,0.199285,0.337131
18a0a495-8d39-4212-7466-217b546e7939,0,0.484496,0.381833,0.588483
d7513767-3ba5-231f-7367-a47cf18d7c6b,0,0.293076,0.225299,0.371466
2669799d-c66b-2029-3157-b83930a63b19,1,0.085192,0.056074,0.127391
b843aaca-0e62-be96-d0bc-ff59f45e6669,0,0.385933,0.298253,0.481696
67347f7a-9948-6503-eba2-2a193faf3cbf,0,0.691105,0.591599,0.775565
5b7c2ae8-c62b-f8cc-d8fa-be12c2950e27,0,0.40808,0.328391,0.492915
fcf13884-9530-b159-e5a0-b0711172beb9,1,0.069875,0.052167,0.093004
b338c3d4-ec66-8f64-59cf-c1315d6b4451,0,0.698044,0.595108,0.784295
d9388137-78d4-c03d-3ce7-7599a7e42a3c,1,0.073409,0.055128,0.097129
4586a7a4-99b8-48ce-dfd3-1e2b7faeff6a,0,0.166153,0.116773,0.230954
e2033f18-75fe-9023-a4d3-43f11287a5ab,0,0.134801,0.090388,0.196326
1a3f34ab-385b-47ac-74d4-f87e4cefcf2d,0,0.314658,0.252674,0.384033
6a61bed4-80d1-0388-76e4-73df67d56185,0,0.089529,0.060014,0.131529
089edfbd-912b-b238-0f6b-a7142a205dbc,0,0.10189,0.074472,0.137899
eac93127-8103-11ba-86b1-097939d44fee,0,0.215655,0.14246,0.312742
7de35115-5ced-e75d-70cd-4fd7d7e179d7,1,0.087293,0.064875,0.116493
feb3dff8-1515-88f3-adc5-64a061ef35c8,1,0.081108,0.056761,0.114629
b897186c-8102-331d-d9e0-264357dde2e8,0,0.089665,0.058978,0.134043
adffbc8c-5f8d-08bc-3f99-de557bbea5b8,0,0.273681,0.197453,0.36592
86d17524-7a18-bd53-82bd-c60b096fa991,0,0.58664,0.491354,0.675852
d1f3667f-c068-7145-8c43-923028600718,0,0.379575,0.277599,0.493426
31da6439-caf8-ebe2-589d-999baf50d890,0,0.093888,0.068726,0.127004
46518188-2109-10cb-018c-6168e8427d8d,0,0.397007,0.293617,0.510493
7c3c2c83-0784-a8d4-509d-70437c1a7c0c,0,0.411459,0.331492,0.496393
ecfb6c0e-02b7-c017-a916-8f20808f593f,1,0.077669,0.053477,0.111515
ab2651a4-2c83-48cc-e7f7-4325ee0c246b,0,0.093925,0.06758,0.129117
1a341ba9-13ce-7553-22c5-956244f9e1c9,1,0.067882,0.049838,0.091829
2aceea8f-8329-37a9-de6e-47780ea1e894,0,0.411459,0.334821,0.492648
43035dca-6fb3-6c03-d0e8-ae449bcac8d1,0,0.159437,0.110224,0.225065
c80c8f58-a771-b66e-9ac2-47b5cface61f,0,0.089628,0.065171,0.122063
85bd8ef2-0765-a6fc-91e6-39ffbcad55b3,0,0.194761,0.140322,0.263837
85ccce38-987f-40de-769f-30a6cc8c3646,0,0.113983,0.083237,0.154176
0a27bd02-9b56-20e4-ddcd-7834dce7e5b1,0,0.109856,0.073338,0.161391
0d677ce8-61ee-da45-f24c-193d9e5e1e80,0,0.40808,0.334012,0.486574
2bbcce82-b255-6595-8b41-a53b87f73716,0,0.109985,0.081593,0.146678
445be238-e3ee-af63-bfc3-d190e2dd9feb,0,0.143579,0.087757,0.226107
30ca6ce0-2581-1db6-c511-3faf3a05b3a7,0,0.091689,0.070555,0.118347
e797226c-0468-c258-594a-3e58731d855a,0,0.306068,0.227183,0.39823
84b2a6bd-9aab-c7d7-751b-0fbf5b86f569,0,0.903416,0.817052,0.951434
4c983635-1ee3-1999-e1b3-2fbf1fd6a3db,0,0.58664,0.478518,0.687008
6255022d-6dc9-2995-8075-31fb8ffc5e7c,0,0.221473,0.155707,0.304982
a9b98fc9-3414-7809-555b-9d676d14a78a,0,0.61256,0.475264,0.734035
5291d592-8d59-e08f-ae3a-194c7131d202,0,0.320924,0.237421,0.41771
99a9c157-a53a-38ce-80c6-803f5fc755e2,1,0.067882,0.050993,0.089837
a46129e3-4f77-ad30-1cad-8b9788c829ad,0,0.284944,0.215372,0.366493
35a8ae72-9b89-72a6-9d1f-416fec13d49d,0,0.293076,0.227882,0.368031
edcf32cc-4b2e-5441-4bcd-a0eb9bb6594a,0,0.534544,0.434043,0.632318
e0fd3852-a3ef-a9c6-b74f-fe0174f8feb4,0,0.128685,0.083739,0.192683
ccfb6559-e621-bf83-9d46-dba8a1327e75,0,0.147752,0.099328,0.214171
fa68406a-4913-77fe-c878-63b2754bafcc,0,0.137946,0.093685,0.198537
6324c6ff-d757-f9f5-17ca-1ee53bad9903,0,0.110195,0.07423,0.160562
dd9da80f-defc-dab6-e01d-d4475310c912,1,0.076943,0.05834,0.100845
d5442d82-6656-7947-6bb0-5e5eda6a6d74,0,0.227291,0.172529,0.293275
63c9480d-8c4c-ea60-e26b-ac200ff5b24a,0,0.40808,0.332469,0.488309
7ca20e6d-943e-d88e-890b-6f43558a1b11,0,0.873871,0.798085,0.923924
975c1f0d-36bd-25f4-b655-ea85cccdbd6c,0,0.547568,0.423008,0.666442
c277e7b8-3140-0cf7-0a8c-0eb2540f4af4,0,0.654339,0.544087,0.750171
e38debc2-9e6f-5902-53fc-85d1fd127f3c,0,0.101761,0.06754,0.150522
79b72506-f77e-68b2-6df4-119dffaa0c65,0,0.24411,0.178168,0.324812
1101f3cc-86b2-9921-2f4a-8ce7f21b48f8,0,0.229949,0.15654,0.324537
b2d8169d-d41a-8782-97cc-9d43d6c98744,0,0.24045,0.175756,0.319721
316f3b03-60bd-72af-6a99-36314587b3cf,0,0.132093,0.082818,0.204159
09871768-0ce4-6047-3cc0-87718e57f5aa,1,0.067882,0.047691,0.095762
fcbc34b5-9ecc-646c-f467-5464ff34a628,0,0.146317,0.090215,0.228543
74ffd727-39e7-e5c9-40d0-6a1ed6f2ac4f,0,0.698044,0.617799,0.767773
a92f02c5-5e3c-d363-147e-14045f644f70,0,0.206414,0.152871,0.272675
6d55bd56-7677-740d-0ea4-cda32bde1a02,0,0.11479,0.081773,0.158832
66e28225-e2df-bbd4-2b31-ac9bde3b3cfc,0,0.498348,0.373536,0.623367
4fb04a80-5603-cd7f-5821-b857368e8364,1,0.050586,0.039566,0.06447
74cdf1b9-b27f-10bd-e16a-00241691bfc4,0,0.147742,0.09797,0.216724
275015db-ede7-0559-ff46-b21e8f73df21,0,0.149914,0.103232,0.212699
0396e9a7-7721-c479-62aa-9638b589c3e2,0,0.210339,0.143264,0.297898
cd4c988f-e9b1-f4da-a209-dd0a2596383b,0,0.190095,0.125213,0.277914
1b124f06-d01c-e093-d612-829561eec5fe,1,0.060111,0.046092,0.078045
ebf86a62-92a6-4f22-19fa-3b83b1e190be,0,0.110065,0.079153,0.151069
c0e86e3c-8718-8e60-af12-9b7146ae3da9,1,0.072624,0.04568,0.113569
95f602bb-887d-58e3-1df6-543f95e66b54,1,0.087564,0.064278,0.11822
af1b1210-5ab4-36c1-a311-4a1f2a6bb985,0,0.247241,0.176353,0.335034
7fce8e45-d967-a2c7-b481-2b67e0a99c7e,0,0.258504,0.186022,0.347183
df7d1e77-d74c-63a3-32ef-114094f72fcb,1,0.062554,0.047998,0.081148
5a453bb6-7bf6-7a5f-fe64-3558cc4c7146,0,0.467089,0.346923,0.5912
4e2889d8-c47b-3a44-23f1-2ce5b19bd278,0,0.106018,0.076015,0.145991
a13ee222-4584-6b9a-f89e-ec51fcd69de1,0,0.174803,0.118573,0.250132
2f402372-2111-d1b6-724b-cef9f8c5f6e4,0,0.486942,0.337351,0.638909
37f6fba7-ba30-99f9-c148-c34e1eb07622,1,0.087293,0.057877,0.129603
a12da458-5ba7-c079-2943-617b9654083a,0,0.397007,0.30909,0.492119
df7db375-69d6-b6fd-8b43-3d7424076922,0,0.110065,0.079285,0.150838
92642536-cd8c-51ac-445d-e486f6f82081,1,0.087293,0.063276,0.119265
48644d88-0124-83ae-efee-5d39c5060d6d,0,0.92825,0.899074,0.949466
b1737116-ed85-7349-2f71-f069bee80f25,0,0.135773,0.095786,0.188964
90e61515-df90-576b-0198-2d7187cb76c4,0,0.114451,0.087141,0.148925
7eab86c5-d45c-ac57-268b-fc9081921cbe,0,0.971299,0.000109,1.0
4633caa6-6d17-9fff-25ea-7a7cbf058f11,1,0.06328,0.047742,0.083433
6ebd5200-91a7-9115-f40f-0aa83d352c9a,0,0.897093,0.847284,0.931961
907d3d66-ca10-4fa6-d1bd-d62a237a4119,0,0.128685,0.085738,0.188705
098f1673-49a1-a4db-0eeb-c0e078781677,0,0.385933,0.274063,0.511304
936bc08f-53c5-4382-addb-be9e8ef0776c,0,0.254286,0.182427,0.342589
33de8e76-ac0b-89fd-854f-93ca4a5c39df,0,0.346354,0.27486,0.425532
86f1c68c-6feb-ff39-ca01-511bdc2ffc3a,0,0.121115,0.088692,0.163268
ec72cae9-d913-325b-8283-60ddf34e72fc,0,0.76038,0.598786,0.870921
6bc52313-4092-f438-f527-d2eb569d60be,0,0.868965,0.803643,0.914859
88b10ca0-f9d8-cb1c-30b3-aaf2afef39c8,1,0.054248,0.036478,0.079956
59b05143-13a8-d999-f89c-c151dbabdd7c,0,0.14292,0.099443,0.201159
50bd695d-9103-cd2a-2f40-3e985ee26381,0,0.169256,0.126317,0.223065
a931f4c5-43e8-3eaa-8df2-37bcc5273401,0,0.163914,0.113539,0.23082
b4c6f090-0691-4879-4e97-2d174fbdf6f9,1,0.062663,0.048668,0.080343
db5be9b8-eae8-27ae-2e4a-466a61d38d3a,1,0.072625,0.056463,0.092958
2f9001b1-bca8-99be-4ac0-fd45557aeef7,0,0.276812,0.189984,0.384487
47f48e27-a950-42c0-6fad-8abdf2707ded,0,0.58664,0.452715,0.708868
5476c8d9-af2c-dad0-a7f8-27bdeaab2944,0,0.696609,0.585294,0.788825
d586f3b9-987d-344d-a7d6-b39527ee3152,0,0.182017,0.121201,0.264175
4f19677d-c169-8a57-8183-c792fad2fe73,0,0.091689,0.069426,0.120168
a7e453cb-2441-a73e-0b66-0d0202e1e68c,0,0.106067,0.071671,0.154227
1844531a-f49a-12b2-804a-49e22d18d98a,0,0.147742,0.109105,0.197035
dc9bdd00-1dce-4de6-adfb-d50d1803a7eb,0,0.199011,0.147284,0.263295
9ce3aa0e-fda3-1f3f-fd5a-09dfedcc7c1b,1,0.0601,0.044358,0.080957
ca3b3a58-2674-86b9-3492-3a3348f2f8c9,0,0.91702,0.868279,0.948789
edf69460-532e-1885-5acb-436053c11edb,0,0.999999,0.999998,0.999999
004fcc93-0c5c-d115-ad81-b60bbe6a5496,0,0.599664,0.492707,0.697898
e24b0a40-0397-a299-7365-cb12350e39f9,0,0.097843,0.07282,0.130256
c861b8b9-beab-b3d7-ac62-6e2245b5644f,0,0.838267,0.786161,0.87962
f01da0d0-1194-1f4f-a9b1-edd7fc9cd07d,1,0.064655,0.049003,0.084862
32802e44-601d-2d1d-0d52-1a8ae5b90ad2,0,0.288184,0.219777,0.367845
6c0b9324-26f6-057e-3fad-4e79b0a561ee,0,0.312334,0.246186,0.387128
10be1069-fba4-69ac-756d-1120a18ed730,0,0.206414,0.142026,0.290122
ff82cca9-cfa7-a1f0-693f-6f785d783671,0,0.838267,0.78359,0.881223
25c3d578-5e30-1583-984c-97e271279843,0,0.153332,0.106963,0.214963
b747994a-4f49-5578-da24-7fb83a9a388e,1,0.064655,0.0488,0.085201
e9fd7711-047f-1088-b729-3f7c7bcaa15d,0,0.327282,0.237945,0.431182
67f1fa17-c13f-52f7-5d24-0b7ba45512d5,0,0.599664,0.515201,0.678592
30827e22-dd57-b503-4bb6-0364bd5a3e8d,0,0.512218,0.409218,0.61419
ed676562-92f7-ebcb-6d11-4119fda7c416,0,0.400385,0.308506,0.499848
24df7eca-c9fd-fafb-4254-309f7f43ff61,0,0.619328,0.46738,0.75102
f7311a19-25ee-9e07-3cb4-d93e0d582fea,0,0.234136,0.167033,0.317907
bb6f491f-9388-9387-3b18-92a807323023,0,0.352712,0.287036,0.424469
bfb7d136-00f9-914d-af6a-9e199d653cd7,0,0.639939,0.491439,0.765747
204b6d6f-6fb8-5635-3e8f-a6b429fb0d43,0,0.503009,0.375262,0.630365
0572f7dc-59b9-0ee0-bfd3-bb6557de1226,0,0.923663,0.882763,0.951084
a9d1d82c-9dcc-f229-8ddb-94532245a9d3,0,0.200596,0.139096,0.280431
00e3abf8-e3e4-8edd-fd74-30af63b38ab3,0,0.242545,0.17744,0.322183
0a04ee8a-2204-2daf-fc44-9aea857b7aad,1,0.067265,0.051606,0.087238
00986698-f7a7-91e0-64b3-be3959aea62e,0,0.691105,0.593097,0.774483
20054852-3734-ff95-ad97-3de90d92f106,0,0.215984,0.134988,0.327198
2844fa90-5b5e-ad2e-1179-a2ce384419f4,1,0.061937,0.047804,0.079897
53c95a7c-c27f-34b0-baa9-5c0846216cd2,0,0.141616,0.095976,0.20406
61a8c12c-f57e-3981-9388-72d1f30c8b6f,0,0.442224,0.351408,0.537075
6989605f-2509-c99c-89bd-119570f96989,0,0.246459,0.192138,0.310239
9c24f3d6-aba1-9494-443a-b1521f63b0ea,0,0.10189,0.073414,0.139746
d5978d52-71f4-9348-897a-98b91bdd9c3a,0,0.429504,0.319362,0.547098
764a66d3-4afe-c1db-e6ec-cedb558e8552,0,0.185942,0.131909,0.255591
97dc0286-fe33-22f1-dc5b-70f297443e07,0,0.59962,0.434848,0.744571
ce7d4ae4-3733-c0c9-1450-bbd962a46eb5,0,0.40808,0.318765,0.50391
ea79ef53-0b71-8a1c-0293-829eb3353581,0,0.262418,0.179579,0.366403
958e799b-08e0-9c6a-7e5a-365cff5120ee,0,0.339997,0.244148,0.451021
f85e3d30-fb2e-dffa-c7c5-538321d44546,0,0.300963,0.227552,0.386215
5a7f0fb3-3cd3-7a0a-32a6-977aef49db97,0,0.107666,0.073657,0.154756
a21fc586-e5b5-627c-3476-154fafe58b83,0,0.379575,0.255399,0.521816
0096e99b-9b77-8a47-f587-8229b9a36a7b,1,0.050586,0.038994,0.065389
f058ceff-4893-a326-6bb5-a3a57c49f7c4,0,0.156981,0.107764,0.223056
11b8139d-6d6e-3764-00d0-7c6e8741877e,0,0.114371,0.082261,0.156873
9fb11dd2-2747-6365-8cc2-37742216ff55,0,0.385933,0.295485,0.485007
03733642-5db0-dddc-4989-c32614e3c934,1,0.085463,0.062088,0.116545
cd9c30af-4d1a-980d-947b-53aad93c7aa0,0,0.093518,0.065692,0.131473
47617f74-6629-a600-d0ae-cd4dfd8f3be7,0,0.385933,0.270728,0.515508
bb181e89-5415-ef20-d1dd-00d6e947ec6e,0,0.134538,0.093025,0.190682
8a523252-13c3-555c-022b-3f535fa0d749,0,0.159437,0.120153,0.208521
c8bdeac0-eee8-4fa6-40d3-90291af421de,0,0.265549,0.183484,0.367786
8bcee099-9519-fde9-977e-7136c030756c,0,0.13734,0.104009,0.179216
a45dc157-ba9d-54e2-4ba8-22894ec095a7,0,0.093617,0.07074,0.122913
3ae7e3f7-5fc2-ae85-97e4-145c2dfc8ef2,0,0.2228,0.156914,0.306301
7f3f9920-bc06-55d6-0c28-44de84ac558a,1,0.066507,0.050603,0.086953
75306fab-ddf1-ab92-2eff-e430edd7b7d9,0,0.162876,0.124884,0.209657
9c9564e0-5d0b-4123-676f-2efc3e081f7d,0,0.560592,0.452907,0.66286
c8dee26a-4557-9530-36fc-add39fa29dcb,0,0.140644,0.100515,0.193348
18bd0012-7992-c5f5-c1e1-61abd906150b,0,0.301208,0.240178,0.37019
840c4bff-9916-21a1-fe45-d7b563be33d8,0,0.26868,0.189835,0.365499
c98de3cc-22fe-6ee5-d602-9414a25a64b5,0,0.547568,0.445652,0.645646
b9cc7fac-603d-e585-28dd-fc1d1acda34e,0,0.999999,0.999998,0.999999
4255a5d2-def8-b720-c743-61548d27781d,0,0.093925,0.067375,0.129484
4634194f-09b8-34a7-4cb0-a50332b79ca6,0,0.414838,0.343853,0.489543
3e85ad6d-2597-08d2-73e7-347d59e2ea56,0,0.169246,0.127164,0.221716
91bfcca7-4650-ce8b-8950-2067b046b9af,0,0.093925,0.066793,0.130537
79f12f8f-b0b7-2cc2-e19d-bb37d208de64,0,0.12257,0.090092,0.164636
c1ee3d47-bbc7-081c-2190-ef33c4a7b529,0,0.318601,0.253036,0.392233
0f3de729-e018-6d64-414e-2f591b4007b3,0,0.635854,0.474532,0.771498
c8659c22-ee97-4f3c-175e-8ca032e1dbdd,0,0.234136,0.171277,0.311396
82e32728-588e-9a96-bd01-e209ddca5fab,0,0.221473,0.152941,0.309493
fff98e05-d576-feef-a3d3-4e2c5698adf7,0,0.153595,0.114383,0.203165
358c0ee4-118c-7ab3-fa54-d84d48fa203a,0,0.242799,0.18584,0.310557
c290a09c-8e3e-a173-e0a2-4c3afd0edc25,0,0.368502,0.249122,0.5065
70c0efe2-c70c-74fc-4544-414ed7e848cb,0,0.316981,0.247373,0.395873
e17e4301-9566-807a-de24-ddd13d3d74b8,0,0.239668,0.172708,0.32247
1d072199-4f75-b2e2-fdd5-9344d221ef41,0,0.691105,0.593647,0.774084
fbe2eea6-f2e8-5fc7-6183-5f4fc1d572d8,0,0.454673,0.332323,0.582753
ca703c88-109f-4d0d-36ef-ca20918ef5a6,1,0.079044,0.056376,0.109766
9fba9b64-811a-e9a2-38ff-5e4517fa387f,0,0.169221,0.093312,0.287314
99b3e852-ed10-f00c-71b2-93427310d4ec,0,0.238103,0.173187,0.317994
93000fbf-4032-6945-4273-5e79a4dfad1a,0,0.118261,0.086969,0.158854
b2989b66-5ebc-4545-15e2-f79a8180679e,1,0.076885,0.054656,0.107129
55ac650e-9c2e-1ad0-bbf2-f1ab109cbd06,0,0.411459,0.33115,0.496778
b9530a6f-4316-cec1-963f-644a3db5d7a9,0,0.306771,0.239714,0.383134
4dc6cbdb-a2a3-dcce-0969-9554e226f8ec,0,0.320924,0.244236,0.408671
acbbb47e-f337-a4ad-008c-a526346ed6d5,0,0.346354,0.25294,0.453333
435e1851-60db-0ed4-1057-95034404ce00,0,0.691105,0.61487,0.758185
3d31f21f-fffd-0be8-7c8a-36951aa63df1,0,0.113983,0.08756,0.147095
93056179-78f4-ffb1-2990-d58ba1f94540,1,0.060111,0.045361,0.079259
ecf5b1d5-44e6-d9be-673c-518744277cc5,0,0.374859,0.286197,0.472796
b3e03045-298d-6c56-eeac-9b78a28ed723,0,0.313038,0.245518,0.389538
9e85351a-1679-4c34-b4e2-1a7426692549,0,0.238103,0.186291,0.29903
60046507-1d89-9908-da6f-97603b126109,0,0.956949,4.1e-05,1.0
e86f4453-ced1-2038-4ec0-283ad97f448d,0,0.229468,0.18006,0.287677
8caef154-300f-681d-a1b9-29791d030f05,1,0.062663,0.048779,0.080166
c393a6ed-f54a-0b31-baf4-a5b8079049d8,0,0.573616,0.432234,0.703909
600c545c-66f5-d1a2-13f0-f7033e7722df,0,0.440382,0.32223,0.565699
911e860c-7ba6-fdab-bf08-08f9d63cc68d,0,0.276812,0.191761,0.381768
3e3ea678-7484-c6eb-762f-b8ae4b0e3dc6,0,0.429985,0.338234,0.526813
d633c989-ddfa-fb5e-c8ef-e2f1de4520c0,0,0.163403,0.116155,0.224978
93fca6d3-8ba4-4c6c-fd49-aed92e311acd,0,0.462582,0.376293,0.551172
47ce11b6-971a-5cf9-e8c6-2eb95e9b7624,0,0.165125,0.11802,0.226208
2235367c-a5ed-a308-ad2b-43662d9c98a5,0,0.52339,0.413854,0.630721
95bd1b18-2918-d5a6-0ee8-20fb74c5085b,1,0.07125,0.053966,0.093523
8b141c40-b25b-92f9-0360-9f4c71fd2570,0,0.227291,0.180413,0.282155
2b1a9617-5514-9d61-37d1-5a2d7c498647,0,0.429798,0.32095,0.545885
857b9c91-8bcc-7851-a4d7-635b922bce7d,0,0.173744,0.12588,0.234915
a7fdb9d8-c0ea-9d74-b27d-94afb5574624,0,0.093925,0.072988,0.120089
861c252a-bf27-e1c0-4813-da02220f4f9e,0,0.157012,0.105595,0.227109
31874bec-8288-88de-4e97-2894369ea858,0,0.302583,0.221831,0.397707
f1fe32f1-ec6f-5d31-3f15-b5294024c66d,0,0.687217,0.589737,0.770546
8b72f59a-db69-0140-d31c-bb4b7189ccf3,0,0.298639,0.211211,0.403734
dba746fc-05c7-53c6-8433-a900ec4e7359,0,0.316981,0.246016,0.397621
29cf1e20-3b72-c03a-e1a4-ab7a14707e99,0,0.257417,0.188037,0.341627
277c0ce6-c086-9492-32fe-edf42b2c7764,0,0.091824,0.070059,0.119482
554e4a88-1675-1472-1688-315225bcecfb,0,0.214372,0.148128,0.299815
b1296e89-95e6-c26e-00ba-618f5bbcb46c,0,0.40808,0.315732,0.50741
60279a6a-f537-fe78-532b-d652672dc39a,0,0.310714,0.233566,0.400045
8fd7e19f-9c9b-bf39-bc3b-8e2d4001345b,0,0.182383,0.137073,0.238532
70367c8e-63e8-695d-2547-44cba0506916,0,0.11847,0.089829,0.154692
cf3ecf2b-693c-c5cd-581e-058a8742f867,0,0.312334,0.247455,0.385511
02a44b43-7acd-1328-3d60-7d4760d6de95,0,0.093925,0.06757,0.129135
29b01539-ad34-17c6-b47d-6df4533dd7be,1,0.072625,0.056331,0.093167
9337b94d-7a3b-83aa-ad78-e8359f35fd9d,1,0.060111,0.0449,0.080043
eca510fd-2d6b-d185-d452-bd3c132b610e,0,0.711921,0.600384,0.802565
6763145e-7164-c183-5036-95f02cf6749d,0,0.923663,0.886016,0.949583
afce863f-bcd7-71f0-1720-6543bd4aca44,0,0.479539,0.369324,0.591783
e6224df2-9a8d-a0bf-280e-ae9e84830aa2,0,0.093925,0.073369,0.119497
1312a623-9e29-9263-7d61-5af3c9237fb4,0,0.541074,0.426238,0.651708
263295da-8ed6-44cc-dd14-7dd5a359d99c,0,0.428448,0.335133,0.527145
16e9bf01-c86b-0350-533d-d983ee1a0248,0,0.234681,0.170521,0.313847
b520dccb-55f1-6368-bc52-fedd6be419f0,0,0.320924,0.24484,0.407881
ed23a801-4c53-5af5-cb41-79493e6844b8,0,0.093925,0.072765,0.120438
dbbd6525-52f6-763e-f3a6-187c95796602,0,0.813378,0.672546,0.902428
13842089-4ef6-9cec-2a37-b217416a5a9c,0,0.168423,0.12703,0.219906
f575b946-be0e-5a6f-5a38-1d12775de248,0,0.251155,0.182811,0.334588
963db8ff-af8e-25a4-76a7-7b5df423580b,0,0.734657,0.611274,0.829783
3bc4a1dc-2a68-5c1f-f8d0-b8d0c3ec2b13,0,0.459663,0.363725,0.558686
7b1fcb0b-fe17-e376-a6b9-9393b06611aa,0,0.240688,0.187122,0.303855
8f937e8b-f558-24c8-1b7a-4fcb68ebaebd,0,0.247241,0.177301,0.333585
8f6bcfd2-4a9d-93c1-ef3e-9a2a88437c85,0,0.262418,0.184033,0.359481
369b70d1-f930-e45c-3461-cb4fdd0077d6,0,0.163945,0.123128,0.214977
101e0f24-5343-faa6-8ff5-eb7730bae996,0,0.40808,0.335428,0.484985
11a5f74c-8cf1-5c27-b030-548a32be7123,1,0.060837,0.043071,0.085279
2b859550-fc46-fecf-1ab3-36f0949bd7a0,0,0.304448,0.223669,0.399392
22d28472-f0ba-0897-cdf8-b7790f49ca66,0,0.147731,0.105835,0.202458
2bb3be76-a574-9b18-6a44-5d9ca9063b50,0,0.134528,0.090305,0.195747
a0ff3394-af7c-ea1b-01e2-5c74080d9e97,0,0.128423,0.085737,0.187991
18f29979-84e3-ba3f-851f-1a6a5e6bb3c3,0,0.691105,0.5918,0.775419
befd9ce8-dcdc-98e1-8793-7bb744848dbc,0,0.182383,0.125176,0.258024
de3452c2-0925-2cb1-bb11-7b6a65458d0a,0,0.133611,0.096458,0.182189
ea77ed75-1f43-bbf1-01d3-3c7cb58d7c82,0,0.231804,0.180659,0.292263
f927c96a-13da-8171-da61-4e79b50002b3,0,0.162855,0.127119,0.206264
673db9e6-6e08-9e36-e4cb-d34e1c002bbc,0,0.320924,0.238209,0.416652
8b8715cc-883a-45f5-bfb6-0638636ad5eb,0,0.999999,0.999998,0.999999
eeeda8f1-8fd8-b47a-cd6f-24e8570efba6,0,0.63852,0.496,0.760221
e5097a04-e5b2-51fd-ab53-3876a9c5317c,0,0.11868,0.082561,0.167712
6dfb8af8-f16e-4f2f-35af-7c3b2321b163,0,0.676516,0.593398,0.749806
520b05bb-051c-c8ba-05cc-a4c0ceadb779,0,0.097843,0.072627,0.130581
fab8fadd-f65e-7fa0-6020-d333684a689a,0,0.143809,0.093645,0.214486
b463cf7c-198c-a22a-1658-676025197c29,0,0.134528,0.090877,0.194656
18cc3c9d-cfb0-fa61-b9c7-6ba39d73995a,0,0.314658,0.233349,0.409177
939e26bf-a22c-8ab7-0674-107046ca136b,0,0.118341,0.086186,0.160388
21c5567f-48bc-ace2-d560-93c8c088d2c1,0,0.476984,0.382269,0.573384
d58245b1-17ce-e799-166f-73a3f45a6310,1,0.056449,0.038662,0.081723
1a768d0e-ffcd-0125-4543-66b433856bd8,0,0.114661,0.08856,0.147212
694c9f7c-fcc8-8995-89af-d55faa4da5a2,1,0.062663,0.048807,0.080122
39661718-f2e7-3966-0699-452c6235e2a3,0,0.421209,0.335241,0.512235
63ceb246-b201-3a95-1cea-885a7b6c99e3,0,0.183525,0.130708,0.251508
ca821563-afb4-5d24-d732-d723ed6a30ed,0,0.599664,0.520696,0.673773
a5a9d8df-84fb-a333-6cc4-06c5559282c9,0,0.691105,0.593063,0.774508
a2dbacef-f64c-321f-739c-cd75c1bc5089,0,0.599664,0.513362,0.680196
fa707bc5-0c74-21b5-9284-4a58faee2c4b,0,0.273681,0.202762,0.358259
526f0d72-c5f6-5639-4d10-bf5cab6ecedc,1,0.072625,0.051584,0.101332
cfd87ab6-b3b7-e69a-d2a6-86d6a24418fa,0,0.093789,0.069832,0.124863
15a08c02-cd31-6af4-eec9-a20e3ff3a78d,0,0.324958,0.236118,0.428476
2a838945-7384-40c9-e612-40e94006792d,0,0.40808,0.335027,0.485435
a136e1d3-be4a-8228-34f8-2a1951a26064,1,0.081203,0.057574,0.113364
706d25a0-f4d1-ed10-8e2c-db7c335872da,1,0.052412,0.039472,0.069288
fe8d8f3c-cb6e-6d36-8ed5-580a9736adf8,1,0.054259,0.041042,0.071416
0a40a188-7967-8bb1-1e04-aa70037e76e4,0,0.114033,0.087886,0.146707
4960fa84-2799-fb86-315c-e535e20a1c9d,0,0.130858,0.087374,0.191443
5af7a461-f595-df0d-1d38-467e2535baee,0,0.320924,0.239057,0.415518
dd442436-11d2-7e46-a1a6-afd618d41929,0,0.243328,0.193475,0.301229
56f83f4a-51f6-e3f8-4528-3972c804dd52,0,0.221473,0.166472,0.288358
88500662-5b88-6866-d017-e5113eeb4b3d,1,0.054985,0.041026,0.073332
bb43fa05-b4ad-06b7-bb7e-2edf34cd0002,1,0.0601,0.044197,0.081239
78b572b0-880e-18ed-0113-7edfa6c1c4b7,0,0.320924,0.253637,0.396577
397e9668-bda2-63b4-d730-fe3b704ad099,0,0.687217,0.606818,0.757739
417fb459-9a39-a81d-77cb-e3559b5675c9,0,0.379575,0.273685,0.498326
357b081c-b52b-7951-1a8c-addf1e71d46f,0,0.253504,0.194743,0.322885
88acad42-0fec-8b32-d1b1-7cb781b299c6,0,0.162725,0.123487,0.211423
2e3e1464-bfc1-cab7-592a-f3e709b8d49d,0,0.093925,0.066256,0.13152
cd0e1f85-6ce2-d47f-c863-5934ad628d0a,0,0.11479,0.089026,0.146808
7157ea9a-528a-5f26-96d4-8dc724dafb31,0,0.097843,0.071495,0.132515
1f340982-fa31-f17f-6d79-e5e3b365a202,0,0.301208,0.235492,0.376237
5266eaa2-b96e-b91e-8e92-0db3b7c6d190,0,0.318601,0.251243,0.394503
e5fdd3cd-632b-7421-ff3c-5338add30302,0,0.414838,0.334014,0.500521
443d8d17-6e36-bda0-d2d3-622e50f0a3c1,0,0.11868,0.087023,0.159836
08e46a00-38ff-ad0d-17fb-33aeac875e85,0,0.169246,0.123201,0.228024
371b93b3-bd3c-60ec-cb21-e663b8ca0a01,0,0.903736,0.844788,0.941837
0d28401b-9c6a-bcf1-24cd-67a34dab4ce0,1,0.062663,0.048512,0.080593
f2d56a98-dfa2-ffcf-4656-f0ec43a21031,1,0.072625,0.055849,0.093939
ad7ac95d-b443-21ff-ca2c-ea2e417ec79c,0,0.231258,0.166618,0.3116
ca8949cc-8fd1-ca36-237b-9b8b7dea40bf,0,0.307688,0.227299,0.401727
687f872a-f776-7a47-2236-16499fbb96eb,0,0.305151,0.237155,0.382859
7000bb51-a60e-33f1-0283-db6014eb716d,0,0.351071,0.255415,0.460399
b771b1ec-bed3-3320-3604-97658ba85784,0,0.698044,0.616317,0.76889
3225f0ff-d727-d619-6a65-3c6ac523580f,0,0.327282,0.239623,0.428919
5539d298-87e6-7180-6d99-d3ff702f0cc8,0,0.573616,0.472019,0.669358
6e224f11-9576-6604-07a6-c27172c281d9,0,0.448699,0.334172,0.568938
af7deb7c-858f-cdb3-7ba8-b5f5b3252e0c,0,0.24411,0.177815,0.325341
0fbdda97-c0ec-6141-6655-3a5b1163e304,1,0.081262,0.060849,0.107738
1fe91453-a879-d39e-a16d-b3c0ecf6651c,0,0.228381,0.164552,0.307846
48fdb659-603a-d918-c2c8-f77a746bb6db,0,0.288887,0.210957,0.38168
0068f5c3-e6d7-a81e-7aac-c14bc45d3a4b,1,0.062663,0.045238,0.086193
0e6e5cfb-2756-d327-0622-8753d767ccfb,1,0.033814,0.026,0.043871
2cef854d-506c-055e-d502-8e2fefb4f664,0,0.313038,0.226977,0.414243
d73643c9-f711-fda7-c2f2-ed71fe1b6789,0,0.224007,0.16298,0.299703
3363da5f-1e57-64cf-8386-45c88a802df6,0,0.250372,0.179767,0.337305
35f555b4-d412-3570-cd35-dde392159c99,1,0.083227,0.055699,0.122595
2931fb93-61f3-9ae8-308d-16ed0329f894,0,0.241763,0.190364,0.301866
7ad407df-281e-76a2-22ba-446268002352,0,0.171851,0.118824,0.242042
3c8ec969-aed9-fc79-54cd-5f3e0ab30cc6,0,0.411459,0.339764,0.487121
cadde3c8-049b-394a-5386-1a90f029c624,1,0.072625,0.052271,0.100068
6d2b3913-d5a6-96ef-5e9b-1e65ffb5628d,0,0.351071,0.261593,0.452403
a3c98125-eeee-42af-3053-93ec5e8ac7ec,0,0.223868,0.164514,0.297025
71fc3b28-5da9-34e9-21a5-237110bed4c3,0,0.433846,0.34192,0.530561
c3ce5025-682c-f977-c574-4a9aee2f5f4c,1,0.046642,0.032579,0.066359
6fdf2a5d-1d50-fe65-e5c3-d0de9b8ce38d,0,0.24959,0.193973,0.314924
ab730093-ca11-a7ce-9103-a24a5417b2b0,0,0.838267,0.784389,0.880728
1136de97-10ee-437f-87d0-255f01c1496d,0,0.089686,0.068376,0.116805
fd8ffe34-c049-6c1a-a445-bf8191ff522a,0,0.505455,0.396225,0.614167
fa0cf8b7-af22-531a-a7f2-2107c0ea4aa4,0,0.097972,0.072109,0.131795
d371be63-6ae8-2968-e514-b81bcdd51475,0,0.257417,0.201606,0.322439
f1bc5142-9488-f377-2909-7d13b1221638,0,0.314658,0.231843,0.411219
20a8576e-5376-2fb8-47a4-5924ff26adba,0,0.448039,0.315542,0.588348
0cd2b571-3700-703a-2c6b-d0168133f8e3,0,0.241763,0.188291,0.304719
d3189584-f41b-e9e4-eafd-98d1774d9693,0,0.114451,0.082319,0.156981
61f2eccf-77a5-4c7a-11e5-abebc0b22c77,0,0.320924,0.236634,0.418769
bbebfe10-9837-000d-cd5c-eb5579269e67,0,0.698044,0.610714,0.773062
b99f1ec0-87fc-47d9-5da0-c3d71a025999,0,0.308849,0.226714,0.40515
20a5482c-a54f-4350-180a-bc3c40e0bd5d,0,0.521556,0.428151,0.613478
047d2922-6506-cd55-7d8d-1c8fbb204d47,1,0.059374,0.044086,0.079522
ae61dba8-7c05-4574-c95d-59a5b28b593d,0,0.52805,0.446358,0.608268
c9a6404a-9de3-7d99-6aa6-09ed951a1f0d,0,0.093925,0.072453,0.12093
bc1853c8-99f6-6b9b-0c02-4e5885199351,0,0.250372,0.178614,0.339059
41f49b67-1b8c-f6bb-cc3f-e677bef968e9,0,0.320924,0.25683,0.392564
20e91b0f-883b-f78e-c4f2-29157eb66271,1,0.060837,0.045308,0.081237
2973f4a3-1589-d792-ec48-7281d134cdc5,0,0.10189,0.073618,0.139387
3b6b9ac6-855c-c2e1-e0d3-437e4159f065,0,0.259287,0.18996,0.343194
bc5fdfc4-824b-4f17-cfb0-6bc8debdb187,0,0.433846,0.343122,0.529231
74488786-88ca-8bfe-e18a-51e8be36ec35,0,0.141636,0.086317,0.223727
e4f935a5-0466-a59c-80a5-4bde66ec4484,0,0.099701,0.067451,0.144974
143ca101-fb6f-e6d4-e340-f0ec4f96566e,0,0.204521,0.150124,0.272314
7266e2bc-247c-cd98-830c-ae159f85685f,0,0.614064,0.50864,0.709775
cdcd3491-88f8-ffde-e899-46b34a526582,0,0.541074,0.403586,0.672581
3699ec3c-98bf-b06b-2d4e-c38d357521fa,0,0.238886,0.184015,0.304023
223fef23-f063-2bc4-8380-50dd090aa4cc,0,0.242545,0.179051,0.319785
52821e80-3959-117c-ac19-c93a9f5d82b5,0,0.167363,0.126646,0.217905
f0c3f02d-c662-9abe-c48a-c91d4b19229a,1,0.07125,0.055203,0.09151
c788961d-7c83-ae41-dafe-fd3746c9a4de,0,0.15604,0.108161,0.219889
d0ed11fd-3e1c-1898-a055-a8a927ad02bc,0,0.124586,0.088168,0.173189
974e3fff-28eb-cd55-d549-10e64821b979,1,0.06589,0.04864,0.088686
64a055b8-610a-4f59-9a03-1f5a35c7b3c2,0,0.422746,0.332644,0.518299
87bb266a-e564-b226-95f3-ffc16a3f384e,0,0.091553,0.068648,0.121106
77f59933-de85-c18f-16de-35c32179caff,0,0.093579,0.07125,0.121988
917fee19-df5b-653e-e5c5-6c3ca2d70aa8,0,0.203456,0.139002,0.287807
f34f2004-d60b-8a6e-aa25-b5953df91a9c,0,0.145317,0.107187,0.194063
5e6d9909-767f-5c35-a6fc-893915cf6383,0,0.599664,0.515963,0.677927
665812e0-d01c-6cb4-fe4f-e1ef3e6573d7,0,0.474369,0.36629,0.584904
f43976d6-d24b-67a5-a6e2-65a5f4a3d31e,0,0.262418,0.196952,0.34042
2186422d-f0b5-9339-4e1d-a7d5b1f2fca2,0,0.541074,0.4309,0.647374
ed3b4f8e-e526-4fca-935e-61fa2152e2f4,0,0.385933,0.276576,0.508157
4dc87030-b0d2-ece4-c345-607012726cea,0,0.153574,0.110312,0.209801
bbed8fa4-ae86-a89f-e2fb-d71de7fe6c04,0,0.257417,0.188003,0.341676
ef7304d3-1731-2618-73d4-94d5e996fbd6,0,0.704386,0.598254,0.792219
4a14acba-c70e-5d57-da35-d42fa450d241,0,0.242545,0.180524,0.317616
3b110096-c570-63a1-37a8-f8d2d939a469,0,0.560592,0.420459,0.691688
466a7a70-27c7-3c27-2fc8-7254e894359f,1,0.083304,0.059456,0.115543
840ad662-2e8b-da19-5700-20e3025724bb,0,0.218794,0.158576,0.293891
bf1f860e-9931-e5a5-a82f-06f43e9d65aa,1,0.070799,0.051046,0.097413
af70ff79-f6d1-b343-1b09-e715e0380724,0,0.144165,0.096027,0.210808
20132a7f-c4a0-353b-4f18-fd5a0ce742cb,1,0.076749,0.051867,0.112156
250df982-b440-ff8c-57db-dd2f441a77a5,0,0.097733,0.071843,0.131628
6405f175-1d68-a15f-a2b3-62246eb1f5f4,0,0.162876,0.127583,0.20563
269c52cb-3d8a-4779-169a-368b4c15650d,1,0.080874,0.056048,0.115353
fcb31728-c015-f6fe-b1ae-abafd725e88f,0,0.462296,0.345332,0.583564
2eaf2060-66af-e477-8091-0d1b378f498a,0,0.093789,0.068044,0.127939
00cce1a2-25de-7730-02a1-428ffd90c828,0,0.093925,0.067083,0.13001
27676bb0-3c9c-790e-bd63-7085f11c37e4,0,0.093789,0.072422,0.120641
4cafdbec-3e9c-c6b7-9ec2-c3b616bd83c5,0,0.308391,0.226344,0.404625
9d033a7c-a48e-e0ba-3e5f-9fe406723c75,0,0.091689,0.068002,0.12254
5ee5452d-eacb-a2a7-d12a-d03829f1bdc4,0,0.411459,0.328945,0.499272
b03b96a0-e4a0-6a70-3806-b87a64e252d1,0,0.244892,0.179402,0.324827
74d2f2c7-b379-1b28-43bb-c2c261c0c60a,0,0.547568,0.416438,0.672412
767ded53-1ea9-7105-b54a-0b7e516a4a86,0,0.093789,0.07273,0.120157
6e0629b0-1e4e-616a-f692-984508aec3d4,0,0.691105,0.609314,0.762449
d4273102-a51b-9ff8-601b-d1e1a2958172,0,0.691105,0.613101,0.75955
0b7da86d-b423-bc2e-37c8-f6e1340cfff3,1,0.083169,0.060034,0.114136
cc3f2f25-0891-0739-9b36-0192b395d129,1,0.06328,0.046,0.086463
dd5e14c8-6539-a65c-4dfa-6b7e73c666d8,0,0.150177,0.109013,0.203337
f20db686-2c31-036e-efae-63813112d816,0,0.875413,0.820783,0.915113
d7aa5397-0a4e-8e3a-c84c-5ac2bc0149a2,0,0.516491,0.374126,0.656228
1a2ea5a5-f414-f149-7fde-e319cd7aff43,1,0.062663,0.047573,0.082126
5d5bafd8-4d14-0f57-0adb-a7450ac3e156,0,0.448699,0.354128,0.547132
769b347a-ce8f-13b1-d4db-fde6d6a7136b,0,0.205066,0.136645,0.296001
081ea7e0-377d-0241-0027-c88d2d40bfb1,0,0.723228,0.591689,0.82493
8b98386e-a006-0953-37e5-2236bcf4ec34,0,0.338355,0.245981,0.44495
60487289-ca57-00ed-7e21-79e678200b9d,0,0.691105,0.618186,0.755604
e2f8ab7c-1d32-bb78-d5b4-77d67f898978,0,0.093925,0.068282,0.127876
52c9a895-52cd-6602-32a1-4233382b279f,0,0.40808,0.330322,0.49073
1036d58a-f713-d975-f38d-fe02cd3629a0,0,0.809671,0.689509,0.890701
5b1d5614-3782-c45a-ad5d-088f0b1066fd,1,0.087429,0.064605,0.117305
7addb7a9-6ed2-ffb5-7757-3d9c6a8898b8,0,0.313038,0.228315,0.412398
8031020e-398e-a8bc-3b57-dcc3fad9edba,0,0.257417,0.192708,0.334843
56547e5b-9698-2e2b-d366-98928292ff28,0,0.838267,0.782516,0.881883
8563144d-ab02-9072-eca9-d6bb64b4d76d,0,0.091651,0.064413,0.128822
835e73ee-a810-d439-f73c-36fa773123e9,0,0.488479,0.378131,0.599962
fc1997de-af61-5b4b-a1a5-0e62c15df1cc,0,0.179738,0.130192,0.242876
999491a7-6674-22d9-aeb3-b7f96640578c,0,0.093925,0.066648,0.130801
28821bee-e15c-7a01-a742-4e5310c238f8,0,0.267169,0.182788,0.372737
b8826ecd-dcb7-b6e5-c7a2-c8bf53fb6ee3,0,0.093888,0.071034,0.12312
00a571f8-a7ed-8e4a-c74e-47ed78405764,0,0.294696,0.224037,0.376819
37e388a9-de34-b66c-e098-2e48a5feb8b3,0,0.363786,0.256498,0.486581
f23e2266-e224-81c9-c19e-09594bb88b97,0,0.089492,0.058924,0.133665
f93442a0-42c2-b48f-20ef-c474cac832d2,0,0.40808,0.317938,0.504862
0776b83e-9dd4-1518-6350-d9e67dcf3914,0,0.162865,0.118183,0.220222
a7547178-3c80-8c36-aeb8-e895af2da6c2,0,0.089258,0.059179,0.132475
3d5ae397-6ac3-928e-c84c-b38398d98321,0,0.114371,0.088515,0.146567
8fe5332d-0a60-48a5-4c00-4834016704f8,1,0.054248,0.040368,0.07254
ee39da2a-e6fc-a797-3494-3338d8d251e7,0,0.614064,0.501271,0.71581
939ae36a-8b8f-3631-8ad9-6170dc01f4e6,0,0.724606,0.58484,0.830922
3761ce36-98d0-45d0-6b1b-7383d9e04801,1,0.061937,0.047904,0.079736
3d17b29e-a183-48da-8373-76460b468997,0,0.715032,0.589945,0.813992
7aa0628f-e295-2ed8-59c3-ca7e32bb2fef,0,0.17562,0.117072,0.254991
b2e3f78c-a503-9e63-c463-268f30d9c7a0,1,0.07125,0.054063,0.093362
40ed6638-9a89-1dac-fd0c-0d7b7acb907b,0,0.614064,0.502663,0.714675
0afcf450-129b-46d8-b0eb-0ad143e21f38,0,0.203456,0.137743,0.289977
133d814b-e346-8a62-367a-c9bd39f1b6be,0,0.397007,0.285231,0.520677
7aec8008-7cc7-7059-8602-3c39510a9555,1,0.083131,0.05952,0.114965
80834b7c-6eee-608b-a1bd-617dd6f6dbb3,0,0.152602,0.106707,0.213518
22ffff59-3e49-d961-8242-0ddd011870b7,0,0.49396,0.350274,0.638651
91845710-c905-4ba1-f50b-f5ce42e5c828,0,0.426125,0.321508,0.537801
4a9665f5-1041-9624-515b-fe13efb92b72,0,0.923663,0.882265,0.951307
5ee58343-a0a0-b3e6-e40d-7a0e3d2618ce,0,0.114999,0.084722,0.154273
d686a419-d82e-74e1-d4ed-5e339cf004c3,0,0.250372,0.193098,0.317941
78c83094-f42a-731f-3b52-f23d2090d594,0,0.121219,0.083475,0.172812
a96e6655-9618-5eb4-4ded-a45b616cda5b,0,0.300259,0.222439,0.391594
954c718c-5e21-5faa-c34f-7d9c00655df3,0,0.463187,0.342603,0.588235
1ac8be8b-8b14-c0a1-12d5-3aca572487d5,0,0.106357,0.07539,0.148007
0c901878-99b3-3cf0-6ff9-f025ce7464af,0,0.248024,0.179037,0.332816
afb0b5dd-152b-74a3-39ef-142ba9961d51,0,0.222563,0.165996,0.291665
b4be6250-ac93-6c66-aa55-82f1660f1cf3,0,0.26868,0.200563,0.349809
43059623-57b8-690a-65d5-56c13e7fd179,0,0.198703,0.149621,0.258983
e7306bd4-076c-2650-afca-350b790b4bbe,0,0.547568,0.453876,0.638007
9420d090-2ad9-4755-6508-7ea3340bad85,0,0.11868,0.082067,0.168627
712b5a85-ec72-bb75-a817-e3bb5e9a9ec7,0,0.838267,0.769515,0.889456
5ce4ac75-8e85-ce1e-0e9a-6f4e5ac830fc,0,0.293076,0.204817,0.400225
0f69e3e2-5759-b5da-96c6-33e7490485c6,0,0.451295,0.313293,0.597217
620d9562-8cf2-3dcb-2180-c326203d1548,0,0.318601,0.25122,0.394532
9ce58050-790f-4904-a977-aa0a8f6832c0,0,0.844715,0.775682,0.895369
7396b944-2c34-27bb-4f51-53be20ffd0c7,0,0.106018,0.075371,0.147143
8d4c7517-97dd-10be-9b5b-e851864c0f2d,0,0.414838,0.341625,0.492016
04becac4-874a-b78f-7d1a-336dfcd9c347,0,0.117748,0.088672,0.15474
de74e86a-ad9a-5f2b-e727-6afdd7aa1657,1,0.037021,0.025597,0.053266
94b31316-4dc6-c45e-0f54-d027217b0b6e,0,0.599664,0.519978,0.674405
4c295a17-4f25-cef0-de6c-7a0f33c0570e,0,0.153595,0.113516,0.204559
5bb72c06-f9e1-3453-01e9-396f57b0f77d,0,0.178907,0.109487,0.278575
72a64e4f-c9c0-bd82-c40c-c882786382b5,0,0.320924,0.239026,0.415559
33404194-1c60-02d1-f8e0-72d3d00c9956,0,0.318601,0.251294,0.394438
16655e48-09c2-bd96-819d-5fc5752a730e,0,0.170753,0.117327,0.241842
c6b39b8e-3490-23ba-3da2-ba95de018def,0,0.097843,0.069542,0.135978
b179818b-c859-333e-f2e4-4090f7eedc1a,0,0.144061,0.088921,0.224951
e56972a7-61ff-020a-b832-1a0c4d899826,0,0.310714,0.233344,0.400343
80565b15-e08d-1b2b-adca-29171310bb97,1,0.049849,0.037968,0.065196
15bbe092-e690-91ac-924e-21ecd4877c07,0,0.432496,0.315917,0.557063
02078872-22e5-015c-149e-6e0d95defe5e,0,0.147752,0.106784,0.200902
c7c05554-c088-66cd-0764-d79a85745608,0,0.505336,0.386518,0.623554
e6133f27-7225-5ed5-5800-17940b7b6d3f,0,0.232345,0.180209,0.294152
0f6ed7e2-a750-53c3-06c4-4248f0bc7f45,0,0.150177,0.101302,0.21694
385c6f4f-8b22-744b-6220-6185ed577f10,0,0.26868,0.203423,0.345785
1327cee6-0a9f-7b4d-a926-f9431f09157f,1,0.06328,0.048168,0.082722
de3372cd-00aa-e6ac-d7b6-403ffd9787bf,0,0.254286,0.18623,0.336916
e4ab9b44-8f2d-3b56-419d-d3b0280b2d11,0,0.250372,0.19322,0.317771
0e3b3813-d952-76b7-f5a9-bfa17762e625,0,0.320924,0.250791,0.400194
b7ad9813-eef2-183a-eb17-465a9c291555,0,0.110195,0.08157,0.147254
7b66f4ca-0b56-af98-c9bb-634ec82a8fc0,0,0.132103,0.090339,0.18916
a4006de1-f354-1ea7-46bc-5ad89bc42de3,0,0.105808,0.076613,0.14439
1810a727-71bd-11ad-794b-b895b0dfe9a6,1,0.062663,0.044702,0.087182
c337a2c3-e8e6-104e-f784-7fa3590a7b68,1,0.054985,0.040495,0.074259
3c66a2a1-1456-5b78-fc8b-0243cf4fd0e3,0,0.40808,0.311771,0.512007
77d6ab50-5774-a5bb-7560-d67498606c54,0,0.260549,0.202707,0.328102
8b675766-8933-07aa-c905-7cbfe22be158,0,0.228317,0.156866,0.319964
e73501c0-c2a6-900b-1a42-882959875f5b,0,0.162855,0.125722,0.208343
cd3d3b57-78c7-7d55-9215-e8b4284277c0,0,0.310714,0.232939,0.400886
e5f16f18-7a82-66e4-1b55-203e067250f8,0,0.297019,0.229534,0.374697
87dd5cfa-82fc-9e27-e195-f8ee54de18ef,0,0.411459,0.330719,0.497265
48dd2c8e-21d4-5e9e-2583-cfc4c42c9384,0,0.147752,0.099848,0.213196
dca6c72f-2c78-2bb3-cd4c-023a6f3e0094,0,0.115209,0.082368,0.158877
0f19b05c-d860-8a40-97ce-d01304c33782,0,0.227291,0.176798,0.287173
b74d6d52-e928-3486-cfc7-94fa95d96eb4,0,0.41783,0.332066,0.508869
4d843740-7ac7-557c-0123-bb311265d30e,0,0.118341,0.088121,0.15714
7776087d-747f-4c5c-96ad-dc5103039341,0,0.397007,0.287286,0.518167
c0579189-55d6-47b8-8c52-8ce52a343994,0,0.165838,0.117087,0.229609
443bf6f4-6e1a-0fd6-d43f-c7dbc13984b5,0,0.6515,0.519497,0.763732
d3417c66-e385-6480-7ade-143615453cb8,0,0.105808,0.07448,0.148204
d68cbd93-0c0f-f9cb-6582-5c71866ef70a,0,0.123654,0.08683,0.173134
58093ca9-56d8-c380-6a24-12e130e6e8b1,0,0.825822,0.743003,0.886046
b941c2e9-c98c-f0cc-1157-bf1217e9b7c6,0,0.838267,0.78826,0.878287
893aa12e-613e-af66-7d3b-37b8c650a21c,0,0.21374,0.149364,0.296199
af91e173-ccb1-05bf-3ab3-9168b2063b4f,0,0.201541,0.12804,0.302593
6a22edae-47ed-0e9b-59eb-0cdff95f728e,0,0.468888,0.354129,0.587035
c006259f-997c-4de0-582a-beaf2307878c,0,0.691105,0.614862,0.75819
938ed1b9-55e1-c901-7867-6c9fbe4ecb58,0,0.691105,0.613439,0.75929
40bbb6d0-dc66-97d5-f784-0d1984ccfe95,0,0.573616,0.439479,0.697731
a9f5863e-f4a4-6381-1c7e-5a0529593f03,0,0.198141,0.140326,0.272232
2a5a3ba8-315a-acb8-5e3d-10f6a1979b86,0,0.440791,0.345346,0.540822
4507ef7e-0dce-94da-2cee-d12f875a37c0,0,0.166163,0.118537,0.227976
1653a367-5a24-181a-43ae-982370f8ce17,0,0.207943,0.138938,0.299308
a895dd56-039b-be05-a970-fa974cb22fc9,0,0.199648,0.129788,0.294391
04d45a8b-147a-55a7-b5bf-2bdc9ec51fff,0,0.284944,0.19554,0.395147
e64bcb61-8088-9fe3-03bb-32019d3ad0e9,0,0.093337,0.063962,0.134268
7df4f4d9-4e14-a85b-7765-c183beb4bec7,0,0.293076,0.209893,0.392835
8d60fb48-ef2a-88a9-796c-da454cb7c2c1,0,0.150177,0.109924,0.201827
a9a3747e-eba7-8147-156f-0f9881bd1ddc,0,0.300963,0.222648,0.3929
aed4a50a-381a-49d2-2854-657d50e6b6f3,0,0.196475,0.134555,0.277745
afe42520-8b6b-37cf-d4a9-e3863047bbb1,0,0.260549,0.192644,0.342242
4a54bd55-a662-d87e-c300-e7557b61775c,0,0.40808,0.334843,0.485641
3537894e-c60d-1c4a-fd2a-3fef51462241,0,0.838267,0.785316,0.88015
926d86ef-0681-e7b9-291e-b174968002c8,0,0.183704,0.124143,0.263251
df8fab4b-d26b-ea8e-83b2-524e8b6343d0,0,0.357428,0.243691,0.489867
75225cff-5805-49d3-fdfd-638024935390,1,0.06328,0.048362,0.082402
ed68f72f-6a0f-2869-c2f8-f8207f959101,0,0.448512,0.35788,0.542697
5be41b0c-f83e-bdd7-48e9-1045a0160617,0,0.265549,0.195163,0.350273
7a606867-ae4b-1bad-40e7-7ac15057f35d,0,0.11479,0.088102,0.148248
f27f88e5-9219-f6c8-36c8-83d755f694af,0,0.093925,0.072701,0.120538
60ea4821-d24c-4419-c11b-43f79360d6ac,0,0.201541,0.131827,0.29557
bc2358de-12c8-e916-2040-4974d5d41173,0,0.190095,0.133446,0.263479
d9eea4a1-d6fa-2c1b-58f5-f47a19a43e86,0,0.351071,0.255199,0.460682
1148de06-f180-d201-80dc-f20b418cd732,0,0.296316,0.209696,0.400581
02f70edf-8fc0-3a7b-25fc-6b0dd5351cc3,0,0.809671,0.69769,0.886897
b3602f31-c0aa-1c70-f498-073913ed37fb,0,0.58664,0.457161,0.705154
7dcc1a81-d7b2-dc32-3f1f-2f0ceda7e71e,1,0.085134,0.061299,0.11708
44295f6c-117b-4d12-6c52-53cb8126caf9,0,0.110324,0.082732,0.145656
1636928f-f5f7-1db6-1364-c2cfc06d10ab,0,0.291565,0.219217,0.376282
a2cbd066-6598-0886-1897-349bc86fceb5,0,0.547568,0.445029,0.646223
afaa04df-3dd8-d252-5b71-01bd8a23f495,0,0.199772,0.134588,0.286091
124f852f-1f2c-1569-41ad-a32599a11108,0,0.204504,0.125902,0.314522
bb1ca702-502c-9ecc-6813-e080ce742d38,0,0.093789,0.071449,0.122196
4f25fc78-c658-2d9a-98fa-fdddfa0e72f7,0,0.257417,0.198635,0.326507
d9611abe-dc33-be1b-1484-58b2e8c82d01,0,0.520539,0.391616,0.646783
66c35545-d0a7-ac79-c583-ab3955cf59d5,0,0.599664,0.504539,0.687826
7cc5241e-e349-8768-fcef-8ed8d3c7f4c0,0,0.114242,0.086554,0.149339
64429213-30b8-6ea6-a7ad-ef7b4552d1c5,1,0.052412,0.038982,0.07013
2f225da8-7fc4-0216-46b2-d8b2ef11207d,0,0.397007,0.31706,0.482859
ceaed9c4-f253-b48b-02e7-c5ac8bd1451f,0,0.114581,0.089873,0.144998
e709e3a7-225b-2276-1477-063a031a5660,0,0.114322,0.08865,0.146236
2aac2ebf-aea6-61c9-8feb-85993adae734,1,0.057921,0.043396,0.076917
2667a7ad-21d7-fb66-993f-ef6ea9bc93c0,0,0.093925,0.067265,0.129682
6373bb4c-9699-67b4-1d3d-e8228699a41f,0,0.097972,0.067611,0.139922
19ac88bb-1539-d9c0-4a11-e10c1e73ff7b,1,0.078909,0.057653,0.107109
a23bc213-53d0-19cf-86f2-4302f4be0dc0,0,0.999999,0.999998,0.999999
0b96d9be-c359-9846-35af-123e7d030642,0,0.314658,0.252425,0.384345
88efd3a0-3023-7eef-2595-e77247367fc8,0,0.212777,0.145055,0.300986
a74bc0ae-2cbc-56e5-ce26-7975f7ee8bce,0,0.426125,0.319984,0.539539
8d1c4900-cfd1-3e3b-db60-8fc7fb9880d7,0,0.52805,0.439985,0.614404
16be7c94-9e99-c8a1-1c8c-398215c0a77c,1,0.063898,0.048703,0.083418
f73c7b4a-e2af-457d-2213-be031af21cc7,0,0.169256,0.127253,0.221603
043a1503-c7ae-de7a-7db7-a535c67b75c1,0,0.183525,0.124161,0.262756
c9eb7bcd-1be4-e266-661d-6af6481ed3ae,0,0.704386,0.567089,0.812534
c65c8fad-3ed8-c52e-e63a-03d90f57a15d,0,0.20559,0.136523,0.297558
f25ed61a-1cce-3008-28a8-ed3f04148018,0,0.209274,0.128853,0.321372
524b9a0c-74e2-34d6-2613-a984de887469,1,0.080874,0.052359,0.122903
f44a08ae-c0a3-1ce2-b866-cf9c553463ff,0,0.150008,0.108217,0.20424
4717773b-e528-6941-b6a2-b3f68b408756,0,0.668928,0.554559,0.766307
c4158480-f675-e551-1af9-5234de9421e5,0,0.320924,0.239415,0.41504
21c68753-aeb2-512b-b942-0bd97ad0d52e,0,0.316981,0.251725,0.390329
c425c121-93f5-dce2-fc4d-6852db345df9,0,0.110404,0.08122,0.148381
9b2005f4-c1e0-a197-988f-464c1761491d,0,0.250372,0.193355,0.317584
3e269c82-34c7-69de-b8f3-96b2bd07195d,0,0.9426,0.000426,0.999998
b3e67061-4fdb-8c76-e08a-b3f443a5380f,0,0.162855,0.119703,0.217716
df590ffa-c1d5-51db-834f-85e11d39db08,1,0.072625,0.056025,0.093656
91137e19-f5a6-c3ef-787a-cea6411bf42b,1,0.054975,0.039219,0.076556
0e2b19c4-c1e6-98d8-41bc-70c2a0efcb60,0,0.212232,0.157675,0.279404
d18430c9-586a-2b72-ca0b-d0ebb403d2a7,0,0.231258,0.16786,0.30969
1af149a4-cb19-72ac-d619-73744dd54f38,0,0.999999,0.999998,0.999999
e92eda87-7106-c320-1153-a4ed74d6576d,0,0.599664,0.49396,0.69684
959a611b-9d4d-10d2-3881-331a3994c381,1,0.049849,0.03888,0.063707
e9f831c6-6d30-f518-186d-8cff6ca706b0,0,0.26868,0.203459,0.345735
0d72e946-b0e6-2c84-3104-bfa12433f700,0,0.306771,0.223696,0.404618
39db0e3c-6faf-c8e8-1149-1c2b45d58ef9,1,0.087293,0.058213,0.128912
9e51ab00-2ba5-363d-09b4-eb258e2e5a5e,0,0.431345,0.346895,0.519985
9df1b707-490b-7f66-c36c-e950b5c2b74a,0,0.301208,0.240052,0.370351
8f76cc0e-cc78-a568-bce3-752b52b11c33,0,0.118889,0.088448,0.157991
64d20f74-80b3-f39c-ecb5-9e9ef45fbd69,0,0.40808,0.311708,0.512081
38ca38d4-330c-a328-1fc2-f5c109708dbb,1,0.069875,0.052781,0.091966
082b251c-8b33-6e5f-00bb-e99299829284,0,0.40808,0.331969,0.488872
4e6694ef-311d-37d4-84fa-04c80979a903,1,0.079044,0.056856,0.108891
4e8387f4-ca50-fd72-5c29-7cc9181e75c8,0,0.288887,0.215512,0.375293
882e0634-bc95-589a-c7c6-23187336fe6f,0,0.195913,0.122973,0.297442
f1ecce95-fa9d-c912-b074-c771eaa8a609,0,0.428448,0.314376,0.550667
a381ce69-e671-f151-c3ce-05caaeadfb7d,0,0.436356,0.342425,0.535087
9a25f9ea-6c6b-09e1-2bc1-00e96680fddf,0,0.314658,0.236662,0.40473
2030134f-417f-0da3-f3b0-7b8172406cfb,0,0.250372,0.196514,0.313237
4398aeb6-701b-49d7-8687-2a4f73853858,1,0.074784,0.057462,0.096792
95669cae-cdbc-f534-6b82-76882cd8ed64,0,0.40808,0.3102,0.513839
768a8083-2c80-0de4-2bdf-d5c151343aee,0,0.447851,0.321977,0.580784
a4beb81f-6686-20c3-1aa7-f74c22e306be,0,0.474474,0.367648,0.583688
cb9d647f-3215-869e-2bf8-f8cfa8c3c1cc,0,0.320924,0.254223,0.395837
2b5279c2-64c5-8bb3-bb8f-08d3a9dc4fc5,0,0.101651,0.074502,0.137226
13a2bcd4-5a5b-87ca-6564-a33f00294241,0,0.097843,0.066431,0.141852
a0b89c07-9805-53ab-2929-7a40b68375fa,1,0.067124,0.04765,0.093775
8b81f3b6-11c9-66dd-bfa3-94e3bd87ea9d,1,0.083033,0.05995,0.113928
5154d815-3f2c-626b-3f36-79c8cd2c0801,0,0.159458,0.110819,0.224065
1aa1ac6f-5cd2-99a4-576d-93daafa7a7ff,0,0.534544,0.45346,0.613843
7f1a4361-56b2-d386-32cb-fdc6b0172317,0,0.432956,0.332913,0.53878
f4901d7a-0b7a-5258-cf8c-cce703bc6020,0,0.711325,0.614313,0.79219
91c0f252-cf8c-3281-9098-48af0127913a,0,0.523509,0.398511,0.64563
493f42fb-a6d5-5a5a-8cfc-c3c9f9170b45,0,0.520539,0.390558,0.647797
222d064b-1492-8005-03a4-22a05e2e4068,0,0.451107,0.349196,0.557291
4d506e9d-1bcf-9d93-ff10-724d14d2fe4e,0,0.276812,0.195707,0.375824
2dea8fab-c095-fdf5-4328-c636496f13ec,1,0.087354,0.064423,0.117423
d9b9c279-3ce5-6f50-55b3-5e1c84becbfa,1,0.056822,0.043049,0.074658
116b5dfc-9f28-1232-e454-29c1b5f969da,0,0.165125,0.119093,0.224417
733d445a-0771-9397-ebcc-396e7b49c9de,0,0.40808,0.316847,0.506121
3ea6cade-96e9-864c-b932-31c31ec6ee89,0,0.463187,0.321479,0.611101
e39f9b4b-30a3-06d7-7dd8-acd6205151e4,0,0.58664,0.453822,0.707946
d223c49c-d31c-0329-9f87-47171909f572,0,0.157012,0.105743,0.226834
372ce3d7-bd1f-f169-1b40-3d80064e505e,0,0.227291,0.162044,0.309118
4ed31107-2187-1472-56b0-fb456696749e,0,0.097843,0.072578,0.130663
c3e81dcf-b9e8-7802-d3c8-9119e92a45bc,0,0.698044,0.588936,0.788587
291aaee3-a71c-7cf2-5ac0-fadd7fbc431f,0,0.118551,0.088905,0.156385
d31f7c18-99a8-ea2c-3322-75af51df8457,0,0.23834,0.170229,0.323093
6cc7741f-1443-874b-8c4d-76ff617ecbf2,0,0.40808,0.311939,0.511812
65955894-e7bb-d041-47c3-b530ce9288bd,0,0.61256,0.512641,0.703828
95b59fc9-24de-b398-538f-661348562add,0,0.414838,0.31953,0.516976
244e188a-c650-75e4-e235-7d2fc8aed26a,0,0.113903,0.087425,0.147108
0b9a680a-41bc-5dd2-cb7a-b41bbe6ad7a8,1,0.059374,0.043189,0.081111
b676f391-9247-5a8a-72a8-82069af2be64,0,0.397007,0.288276,0.516959
7b48dc33-a3e7-bcc9-84e6-499b23580020,0,0.162865,0.125019,0.209427
0291493b-41aa-cbc8-d7ee-01025ca46013,0,0.243328,0.176368,0.325658
771f2703-a652-1a2b-f828-36f497e5f5b2,0,0.390649,0.283418,0.509599
c830fbf4-2222-e04a-e907-8955e9d08e19,0,0.40808,0.315444,0.507743
e9fed9c2-b038-a3ad-74dc-0cb6ab86d580,0,0.316278,0.238357,0.406089
bfe73005-0b52-857e-3899-3ca632b96664,0,0.368502,0.272949,0.475623
6587eed0-13dc-2e57-9299-e1fd51e51caa,0,0.155864,0.110795,0.214838
5dc92c90-72a0-9f8e-ceeb-36c483602400,0,0.432695,0.331231,0.540137
471a3117-583f-7486-c3c3-03bbfa61e242,0,0.355787,0.21761,0.523047
0b281fba-3c27-3ff6-271c-68b8b20694d5,0,0.114999,0.088211,0.148598
009676a7-2600-aa92-5626-70cfa7c42442,0,0.114242,0.08095,0.158859
6f8952f1-6fa0-2b98-2879-3f14e392609b,0,0.227836,0.180485,0.283315
e3e6576c-e4d3-46de-f3f2-98b7e60bad65,0,0.165838,0.107769,0.246552
0cc181eb-9fcf-3347-55da-e7a1e430ddba,0,0.159448,0.113203,0.219898
078653bf-06d4-6952-c7db-419d959199e6,0,0.232239,0.159764,0.32488
b40de972-cc11-5309-9a38-b76732cd253d,0,0.147752,0.107055,0.200447
6d956593-07d5-7027-9b0a-a1436f7bdfd7,0,0.093518,0.067306,0.128533
a1bdb034-7869-8c88-9057-33db7609db84,0,0.231804,0.183445,0.288408
bfd67fa8-6551-52cd-e339-e261b92bde91,0,0.411459,0.335173,0.492252
5db8478b-b621-326f-bffa-4f148d676e4d,0,0.153595,0.110666,0.209258
90d707dd-12ea-3767-8959-ecf56c4df672,0,0.194778,0.143684,0.258556
385adebb-3548-93ac-fbbc-58272bdd2313,1,0.072625,0.056244,0.093305
a5972840-2e7e-26d2-8487-66bbb5d0d85f,0,0.167363,0.127009,0.217346
d37454ac-71a3-7e2d-bab6-48dac077abea,0,0.246459,0.190408,0.312638
8de8aaaf-0f32-aa52-4d7b-a6e307e9b751,0,0.091553,0.069331,0.119979
d71456c0-f5bd-4859-993a-c794f9de3ae6,0,0.194216,0.140764,0.26178
cc0a6ff9-b55b-d1f6-c91e-87f55984668c,0,0.320924,0.241303,0.412533
aad2f065-f198-c292-2ca8-2232303fc598,1,0.062663,0.047138,0.082856
39cff87e-dbe8-d0a5-d6f3-3aa0668a4e23,0,0.560592,0.451548,0.664085
5f54d1e0-b5cd-0281-3593-1803ef31ac9b,0,0.182881,0.117591,0.273198
5e2b1efa-66e5-4156-bce5-b898faa47a90,0,0.231258,0.163566,0.31637
5ff31652-bc41-5e4d-92a3-c6a5c93a986a,1,0.081068,0.055933,0.116109
f8f99f15-ddbd-1900-21ac-856d3a6b74ab,1,0.060837,0.046338,0.079496
b70b207f-e34a-55df-def0-4165a27be649,0,0.091689,0.06948,0.12008
c4f82bbc-d287-ba1e-988d-d4930ea1548e,0,0.822115,0.719256,0.8929
46456a72-4368-ef49-ebed-6c82aca7964b,0,0.147742,0.097946,0.216769
2650dd11-f6a2-1491-7c23-fde0b72df625,0,0.09385,0.072007,0.121453
ca9fbbd2-eb90-faaa-a2c3-21e2359e2853,0,0.691105,0.611602,0.760702
53fc1b01-e787-1085-17f1-e0fa99acfd79,0,0.838267,0.785534,0.880014
a78e1e50-17f4-792e-362f-4ef5f901fa27,1,0.083227,0.061249,0.112149
6bca187e-681a-16dd-3701-c7b1cb71ffdf,0,0.105569,0.071129,0.15392
f3b84b61-0ba0-420b-da68-9c977f240367,0,0.469412,0.377107,0.563859
6ea9acf9-0ab7-a7d5-942a-7ae2e4414a4d,0,0.226297,0.163759,0.304034
777bbd01-692f-c5c1-7a2b-49c8db440c3d,0,0.344713,0.233354,0.476205
d8020646-8d15-45ee-bf68-56c970146548,1,0.087293,0.063556,0.118771
9618dc6b-4588-c3ff-e0e6-1e4d8a4f8213,1,0.062663,0.044775,0.087047
5d69ec66-6ee4-275d-941c-448fa55bfc95,0,0.114322,0.087357,0.148258
9f1580e9-9417-b105-c484-62b5b6f9140c,0,0.683328,0.57957,0.771572
fe5b12bf-8c34-545d-4dff-4baaefc49d31,0,0.219686,0.168561,0.281076
c928663b-830e-3899-230e-925f376f64a1,0,0.547568,0.443392,0.647737
bf88e229-f3c0-93ef-1e65-5b621c7da6ba,0,0.599536,0.469425,0.716977
a68b000b-c056-f629-c0da-3271a85f4cf7,1,0.087527,0.061582,0.122971
b308223e-3789-8a1b-7bea-b17a9abb9b15,0,0.26868,0.204692,0.344019
3ed00d8b-b4b5-dd76-afe9-8bd62955b100,0,0.122151,0.082891,0.176428
e20dc170-0c68-f118-5689-24eab8b2b43c,1,0.052423,0.039424,0.069397
b24ce950-ce9a-fda9-7fe2-2d7d2b547aee,0,0.246459,0.189075,0.314504
94d50be7-0f83-3cb1-7781-3fde573e6088,0,0.301208,0.224515,0.390893
e95ecd71-86a4-0c04-a28b-6eb90c59a70b,0,0.117329,0.082943,0.163431
a151693b-e2e3-7bc8-4f88-1906cf98b060,0,0.534544,0.454592,0.612761
a9d0765b-baa6-c90a-fc6c-90abc5ad016d,1,0.064515,0.049574,0.083563
1d3a89f3-afc2-2462-2ace-d4a990f0e63d,0,0.385933,0.294615,0.486052
140b823c-c233-2152-8509-1efb5d9e44c9,0,0.300963,0.228649,0.384739
2c6fe99c-8d8f-7785-1a55-7eb6c1fe0dc8,0,0.397007,0.310684,0.490256
2407e416-e687-f62c-4435-4c34c0f8604b,0,0.435875,0.340894,0.535805
f230e19f-415d-9e2a-81ef-7385df9e0c52,0,0.449944,0.334853,0.570655
1004a0c0-06d4-1bae-4657-8c4ebcfbf0a4,0,0.093925,0.067244,0.129719
3071af27-13ed-9d21-f72b-0ebfa5088558,0,0.320924,0.240271,0.413901
58ae3cbb-b0b7-34e8-a517-d2b266edfcf2,0,0.23139,0.178671,0.294094
77a32c67-d695-cf75-e2ef-6976b7736d00,0,0.308391,0.242278,0.383416
8306dd1b-cccf-29cc-7d61-e20c0ed76175,0,0.226948,0.171134,0.294497
bcd8ba78-df01-19fd-f9bd-b0989f7d871e,0,0.547568,0.45035,0.641288
34662b0c-1c17-69eb-c730-44754503cfcb,0,0.195723,0.138711,0.268853
f6ec4199-bb8e-12d1-8970-7ca543a24a48,0,0.453102,0.359363,0.55029
70f1279b-3c62-7651-50bb-a39e7bb727e1,0,0.162868,0.106524,0.240977
767d98cb-b496-7911-7cd6-da00d885a375,0,0.093925,0.065468,0.13299
6006b7e6-6ac8-4345-40e1-61c6f30f4b23,0,0.691105,0.595302,0.772882
6afa1f11-9380-824d-65fa-ff53dca5cffd,1,0.067882,0.051525,0.088946
a0ce6bf5-19a9-0016-73e8-4d30357bdff7,0,0.23289,0.169256,0.311479
9387c5b1-b0c0-8318-9ce0-3ea8cd5dcce1,0,0.599664,0.49496,0.695993
3f79729f-513a-6472-3ee8-76563dcef564,0,0.875413,0.820716,0.915148
b98d4f6f-a55c-2398-3797-41aaa64c6e55,1,0.07551,0.053465,0.10563
33125e32-bc41-8438-b66e-108bd6b6c8e4,1,0.07125,0.051278,0.098195
1ab8d799-9515-c1ac-28fe-70f3e2c24ee0,0,0.200193,0.125557,0.303784
8010b30d-dbe4-219f-dd13-d0c8349deac3,1,0.072625,0.052027,0.100514
f4bbdbc6-8816-3c64-0a41-948346f5a354,0,0.114212,0.089598,0.144513
cd356f13-bb4e-117f-ed33-b255a406c33e,0,0.22365,0.166412,0.29364
6fcd659b-1f7f-9fc1-38d2-db418e173d94,0,0.097843,0.066166,0.142374
4bba3979-24b3-b9be-715b-2bcf15c6f6d7,0,0.281813,0.189708,0.39674
c4e8ef91-1e1b-ee1f-99d1-86f8d2ccf780,0,0.316981,0.236034,0.410762
c35ee91e-5aa8-a4e1-3dae-d25e9f27917c,0,0.344713,0.228497,0.483031
d69b4f00-19ed-ed3a-8d46-a72e71ae19a4,0,0.870507,0.828601,0.903362
4a65c83e-a098-eff4-606d-97f95716f57f,0,0.212777,0.14972,0.293234
15f1459a-5bd9-859e-6b20-17b579f54baa,0,0.253504,0.182473,0.340662
8eeec5af-84f8-4089-71f5-1ecf9eed830b,0,0.683961,0.603887,0.754431
c3067690-db34-3780-fdfe-518ffde9d167,0,0.919075,0.87484,0.948596
a32ab277-e9b9-64ea-2216-c86d78269018,0,0.206414,0.154854,0.269664
3b0b8854-e9c1-21d3-b3a7-80cfb4a191b8,0,0.560592,0.418772,0.693163
a1accce8-a95c-16ce-a6c5-38dc60efeaa9,0,0.109985,0.074445,0.159567
42ed9ceb-b30a-8ce5-332d-2afdbed29aba,0,0.327282,0.239878,0.428576
6aa61a81-548a-8597-8eec-83c004bc599e,0,0.097843,0.066145,0.142415
47f5fabc-dc3f-81d5-76dc-760d22745185,0,0.114322,0.082289,0.156696
0c76631c-88f5-98f9-29de-fc2c613f1458,1,0.066648,0.050949,0.086743
07beab4a-5422-40ac-c411-470c336924e0,1,0.061211,0.046202,0.080681
da0b5ca6-2fbd-a830-4c76-9481ff8540bd,0,0.275301,0.200862,0.364735
438ce76a-0c02-5430-c191-8cc8d550148b,0,0.314658,0.251385,0.385652
bbea47f0-a132-e509-8be7-985515bfa569,0,0.202628,0.139378,0.285073
c655fee0-4860-28b7-9719-1e10089bfd47,0,0.447162,0.355561,0.542495
8d5dcaaa-b2fb-5fc4-a846-387d3f81760b,0,0.363786,0.260241,0.481703
fd7ab7c5-ab7c-5347-320c-aef5caddceb6,0,0.097843,0.073331,0.129404
e354588e-95ce-662c-86d6-4b7312652d7a,0,0.560592,0.447681,0.667562
0b00a0ce-9523-2898-c81a-0bbeddba84b0,0,0.11868,0.0882,0.157869
f50c766b-d4ab-728a-829c-63fa21562447,0,0.095742,0.069085,0.131235
f88a2b88-b6c3-ed23-8f2c-706cc5c1b1c7,0,0.106067,0.069317,0.158972
587e2f10-a2fa-f09c-6d6a-0e7ef280b473,0,0.411459,0.31267,0.51794
beb7d5c4-03be-a0ef-22b6-1b79e6638227,0,0.573616,0.434133,0.702295
f3b8c777-40f7-184c-86f5-ceb511f637c9,0,0.301208,0.225248,0.389892
fb8b860a-0af7-c2be-d378-c61c1aa62109,0,0.205852,0.128751,0.31256
df0decad-9b19-de95-5e90-f4278f6d2ec7,1,0.064515,0.046524,0.088814
0fa70c7e-62a6-6969-e7b9-987720ee6119,0,0.110533,0.081306,0.148568
0227ae9f-9430-371b-d761-eea4a81f8105,0,0.241763,0.17841,0.318881
e55ef971-9912-273a-2609-bdc0676e7996,0,0.304203,0.208619,0.420321
114f83cc-ed78-b3bd-41df-1e3a55187aac,0,0.385933,0.292289,0.488855
0b34fdd5-a53e-55ed-8cc5-7f019f4a3780,0,0.346354,0.27351,0.427192
f0e79e6c-e3e1-c1c2-9e62-9aac0629ce5d,0,0.097843,0.066494,0.141727
9d0aa8e1-fe8d-1981-9f76-cbaa2d067cb4,0,0.560592,0.429462,0.683776
76da3762-edfb-39f1-dedb-32e3a2ffc413,0,0.226948,0.170515,0.295406
04fe00f2-3d36-4cd6-22e2-4919eb25827f,0,0.250372,0.181348,0.334921
f163cfdc-9b1f-f3ea-df72-d4ae28b1589b,0,0.187835,0.129609,0.264276
d68152df-2002-98a7-3b6a-3fccb8b3a910,0,0.245676,0.180147,0.325576
db2d16c0-e3ff-20f3-8815-40ec7c23bc71,0,0.809673,0.697532,0.886974
f4a93598-47b1-ef8e-5813-ef6a659cd478,0,0.216279,0.159011,0.287131
e8feb2b1-8729-e104-421b-4d6e92ca5ffb,0,0.138481,0.099319,0.189831
d9c47f89-0141-f5e9-c73b-cad3a26dc291,1,0.040228,0.026421,0.0608
55820814-2bc0-4536-9398-2d2784ecfd36,0,0.520539,0.413671,0.625559
6ba748f1-609a-ae33-ded4-0ab58ab188ff,0,0.238103,0.174683,0.31574
7561f5d2-3d1e-7218-e6d4-5bc538409bbf,1,0.06589,0.049127,0.087845
a15fbf41-cf57-d46c-0751-477d2f7f612f,0,0.327282,0.23942,0.429192
b541345a-75be-005c-1fcb-c9da3622d409,0,0.109985,0.076699,0.155287
33f9864f-a464-faff-45df-ec27c2248c46,0,0.109826,0.080466,0.148172
a1ba1517-9e27-858f-fdfc-e7097028d8e2,0,0.089394,0.06355,0.124352
861956a3-898d-9ec7-b3b8-40df5fb803ff,1,0.087391,0.057786,0.130071
4590d8ce-ca87-19b3-6c39-e6935278779a,1,0.064655,0.049322,0.084334
b8846285-fa92-89be-24b8-2808ec13bee2,0,0.314658,0.246959,0.391272
fd792a7e-bea6-3b5a-2ff6-ad4a810905de,0,0.10189,0.073498,0.139599
0dfcdd93-2681-a391-e33e-1a11a0311d44,0,0.097972,0.070951,0.133802
f0d578ab-347c-5576-df98-01ea283895f5,0,0.12625,0.084949,0.183602
84506389-bf56-7e32-9aec-ed9e4714ce25,1,0.072625,0.056171,0.093422
14edc54c-474a-3371-2b69-27f6817a9ecd,0,0.218596,0.157823,0.294584
dbae9c72-6504-6f39-5cd2-24773662eb9f,1,0.066648,0.049092,0.089888
2f247053-d5eb-1277-d842-e8141d86938d,1,0.049849,0.038977,0.063553
b1b53076-b1f1-7365-d8bc-bf5e12c4143b,1,0.081145,0.057684,0.113004
1cd36d7a-cfb1-1a78-a6a4-9b0b2de6de75,0,0.632387,0.52994,0.72413
96f7a666-1018-24d5-4603-86cd70393322,0,0.228317,0.168658,0.301428
89e45cad-29f2-8f34-5f19-17e04b5efd07,0,0.649221,0.520763,0.75917
8c55f630-dc96-e505-8574-7d0a6133d226,0,0.134329,0.091523,0.192905
4b5e6d14-0ea8-4915-afad-6f77cb83c832,0,0.10189,0.073029,0.14043
76f84367-4d53-dd91-c541-cdd23214017d,0,0.151159,0.107897,0.207729
9f336b32-4237-1afb-edb8-dcd0266b4edb,1,0.079103,0.054081,0.114302
bc208dbd-b58c-700d-8267-32d53bbce610,0,0.422746,0.328211,0.5233
4222ded1-2e53-aa9c-a528-21345746844e,0,0.134265,0.086705,0.202141
175b8edc-9790-0e46-ec5b-ad39675a35fb,1,0.061937,0.047669,0.080116
aa2447e0-85b6-e8ae-543b-e3328555c305,0,0.089492,0.064653,0.122622
5ed03bfa-d277-920c-b10a-284b43837c71,0,0.162845,0.125291,0.208966
32812a59-feec-8e5a-c5d5-7d749935911a,0,0.490593,0.366005,0.616361
786402f5-9e63-c2f0-6ad4-2899f3618048,0,0.655843,0.520657,0.769763
606cbed3-0c2c-c71f-913f-5d1272c8b9af,0,0.241763,0.187599,0.305681
ac4ca33d-5ba6-9d21-a1d3-6560612d5da9,0,0.26868,0.202203,0.347494
057cc697-76b5-b8eb-274c-6ce62092c87d,0,0.327282,0.255901,0.407665
bc23faac-d1c6-426a-1b06-19c070798cd4,0,0.385933,0.275064,0.510049
52bbb107-9aa5-846e-2b0c-23083099dd64,0,0.691105,0.611544,0.760746
00c3a414-c521-454b-fc8a-54ebf0a646ce,0,0.227185,0.157797,0.315649
9e086606-a3e0-ccfa-3302-2945cd972787,0,0.238103,0.175737,0.314167
81ee8203-cc27-f4e3-5d06-fafa606a0f72,0,0.40808,0.33121,0.489728
0236bf14-2c98-aa4d-4f7c-c1cfd57bd967,0,0.739741,0.640329,0.819425
c616f26c-67e8-c26f-444e-1f989a63b064,0,0.652835,0.520273,0.765291
e1af10e4-be7c-8c8a-f304-5c90cc46f7e1,0,0.228618,0.178901,0.287318
e8e3a0cd-53e0-136b-aa6f-532df4a6e214,0,0.339997,0.265917,0.422827
d2ddb13c-3302-479f-e6e7-2f2a0039b8e0,0,0.825822,0.744216,0.885402
818f1eea-25d9-2955-07d1-0baf35c3371a,1,0.049849,0.038196,0.064817
87ec52cf-96fe-f150-3546-c5e856ff153a,0,0.314658,0.231084,0.412251
11dbf68e-1813-8303-a835-76b1d1f9405d,0,0.19263,0.128644,0.278279
09008864-1dbf-8f30-f42f-a82f1d6cae27,0,0.523509,0.423466,0.6217
aa94d7c7-8432-3ff4-101f-227e9c428919,0,0.327282,0.240139,0.428227
7985d98d-af9c-b739-4fbd-3a8fc77efaad,0,0.58664,0.478132,0.68734
1586aebb-7259-b075-b205-142fbeb0e773,0,0.418217,0.31521,0.528887
4f2b2d53-f1f2-bff3-f477-8bcc8d2efc92,0,0.487051,0.374962,0.600458
96c664d5-ea73-2ee8-4c30-c2ca2a92329c,0,0.318601,0.250447,0.395515
5c8928ee-b3ba-bf81-8ad0-b048e2601f99,0,0.320924,0.240604,0.413458
63d16968-a8e0-3bdb-0860-4d6b1248379b,0,0.320924,0.240464,0.413645
8c62dac3-7c68-9cf0-5c91-8d49d22ee32d,0,0.333639,0.25738,0.419723
4d4b6dee-31cd-c211-23f1-8280fd2b33a5,0,0.499642,0.352713,0.646634
d16e8bec-ecad-6481-e577-8da41256f347,0,0.109597,0.081832,0.145292
16e351e7-5188-9b08-b79e-6c527effb27a,0,0.114661,0.082147,0.157831
305af082-dced-187e-4839-747c39b7b4d5,0,0.612644,0.507776,0.708017
c07a2fc3-debe-d514-8140-79b4727a64be,0,0.166908,0.115938,0.234347
0fee5079-9fe8-6d33-40d9-842fd2170345,0,0.238594,0.184045,0.303303
1d59849a-bf99-8f75-8299-279cec0fe625,1,0.06589,0.046173,0.093203
fd24963e-87bb-baeb-1641-2c460ed0503a,0,0.573616,0.457186,0.682421
0e264730-ffd4-5a5c-e738-667bb65bc255,1,0.062663,0.049128,0.079615
7914c187-ddbe-34b4-3cf7-bf06f674306d,0,0.106067,0.075918,0.146293
0038726f-5efd-16e5-2f30-f3e9572c1714,0,0.106067,0.077763,0.143074
a45f297e-70ba-7454-4ec1-016ff91e18b3,0,0.838267,0.786467,0.879427
9ee000be-f784-f060-cd35-3e9adc8d0f12,0,0.214766,0.152149,0.294212
953db37a-aa34-5e01-7f46-e9136ccc90c0,0,0.351071,0.265905,0.446907
39e460a1-9874-9670-60e0-504a512f06bd,0,0.093752,0.070961,0.122894
35fadd5d-5c6d-5a98-f368-3aeeae8b2def,0,0.126493,0.092058,0.171378
32e3ea86-3a72-6fac-253c-f32b15e1a7e5,0,0.166163,0.126235,0.215605
739b124e-b875-d4be-3436-45e87607bca4,1,0.067882,0.051295,0.089329
09a4cbbc-2ea1-879a-1cf9-3733e0325436,0,0.097935,0.073299,0.129693
2c96bbac-2388-d977-3ed1-9f9f73eaca20,0,0.40808,0.317633,0.505214
408d4598-a8b8-85dd-2140-d6584cd6ae63,0,0.114033,0.086617,0.148713
5fcb77b7-82c1-4f15-ed86-932bad3c17f9,0,0.512507,0.381437,0.64188
41f6e622-867d-aa7c-51ff-df9d06755fa4,0,0.547568,0.445601,0.645694
0111be37-e6df-9861-4510-c236b0c84604,0,0.155647,0.103804,0.226829
94842656-27cd-8ce1-3143-e596b3ce3690,0,0.188397,0.140081,0.248562
ee3e790b-8d7d-e739-1528-558bb6103147,0,0.093888,0.0716,0.1222
ea1a3854-6822-cc39-396d-bc86875c16a6,0,0.534544,0.453213,0.61408
0aa8ab60-208e-b289-4e7e-3a77e024f7cc,0,0.397007,0.307405,0.494094
86347392-3499-36a0-3197-c5e3e2c1e0cc,0,0.151149,0.107798,0.207872
b773c0c9-7d97-7743-1efe-a9bcc65b1808,0,0.219682,0.15737,0.297943
4cd8c970-bf4c-5a2d-01bc-bde95ae829e5,0,0.521556,0.41267,0.628432
a2bba93b-31bb-9807-5473-f71bf334237a,1,0.069875,0.053645,0.090545
c22a0054-e51b-c768-9451-01659198f339,0,0.167363,0.127627,0.216401
653126c5-b011-0441-639d-a2a1ea2747e7,0,0.200596,0.149303,0.264041
a407c8d7-79ca-b23b-31a2-d173b5c1f647,0,0.265549,0.202189,0.340296
268599f3-7eae-bfd8-b9a6-909624f13218,0,0.26868,0.20387,0.345162
e018bfdf-b64d-ff61-c687-f8f68582c28e,0,0.507551,0.384665,0.62953
df8d494b-07eb-286d-68c2-7792288987a3,1,0.062663,0.044783,0.087031
453b9212-833b-2313-c46e-da9506e4b73d,0,0.351071,0.261206,0.4529
40712401-6819-edd9-9f52-9f409a762396,0,0.245451,0.177918,0.328377
10716ec7-95d3-9680-5da3-e1c438b7c03c,0,0.246459,0.182449,0.324025
95552e62-c041-5bd3-a4d5-ff94cda537ac,0,0.11479,0.081438,0.15943
383afa40-94fc-3c42-1e20-da63273e937c,0,0.114581,0.086991,0.149489
099ea915-7ec1-90dc-a47d-19050c423d51,0,0.320924,0.255627,0.39407
298d31a7-4e9e-caba-2a24-7bb40e8beb12,0,0.128203,0.086591,0.185746
8f6b3b6c-94a9-b67d-13fa-78d1bcbe4566,1,0.071417,0.052196,0.096991
4a7be7d0-3070-a7d2-f384-8debde4e4367,1,0.065273,0.049238,0.086057
92ea3cc1-18c2-3589-4a89-8f8979fdb816,1,0.062663,0.046103,0.084644
f2077d87-bf9b-87bd-a10d-36ef6c7e2904,1,0.067882,0.051629,0.088773
0b239e90-e675-e79e-4078-2fb61c12403f,0,0.097843,0.067001,0.14074
21168f3b-52fc-cdcc-8e60-98210d1c2c4f,0,0.254286,0.182525,0.342441
0f432bd9-42d5-85f1-1271-72f8625c7d3a,0,0.493841,0.393091,0.595093
9aefb8be-46da-d613-7eb2-5852be1de4fd,0,0.923663,0.885244,0.949946
e29cf433-a067-5c05-14ec-913b5ab45321,0,0.313038,0.250019,0.383811
bd0750a6-e802-49d6-b6e2-93bddd868479,0,0.999999,0.999998,0.999999
2c356712-fbaf-93d7-0db6-c876793d29c8,0,0.115209,0.086989,0.151069
1cbca679-4b52-9e90-c12b-4fecc149f036,0,0.321015,0.25281,0.397824
fbc7d77b-9f3e-6b44-d01e-9f3ef92bbbbf,0,0.45507,0.34677,0.567794
13220ea0-77e3-7054-2ce0-a955d5bc13f9,0,0.838267,0.771588,0.888298
b51b814e-396d-fff9-6efe-11a52ba51fd2,0,0.254286,0.182631,0.342281
1d8b7c5e-7409-a85f-c53d-250364b9b810,0,0.599664,0.491972,0.698517
fa2302f0-9358-3d71-220f-96de2e80d87d,0,0.379575,0.280762,0.489497
87d3ea05-6b04-106f-395d-c830d8eaa03c,0,0.727476,0.551084,0.853042
187a0ac6-b6e7-2f7e-2f76-713bc7d20a9b,0,0.617988,0.516416,0.710198
2e2777e4-5b7e-8149-f20c-fc5cfa3f9a4a,0,0.316981,0.249271,0.393443
61fcac51-adb8-1304-e40e-cdd8b786bb71,0,0.117539,0.08641,0.157942
f1a84e62-1771-4af8-90fa-4696252aac6c,0,0.62554,0.477141,0.753573
fa0161b8-491d-f7e9-b5cd-9a167d253ee9,0,0.109727,0.081338,0.146444
edaea8fe-64e8-d2b5-2f44-b98682e354e7,0,0.368502,0.268743,0.480937
7fab45c7-b9e8-20ae-715e-84f2b82124b7,0,0.310714,0.248508,0.380606
bb08a3f6-ff08-d189-2359-fad3b4332747,0,0.097843,0.070934,0.133493
4ccfb5b0-6ef2-6e7f-eca2-c617627c5a10,0,0.92825,0.900027,0.948957
e50471c2-6e0a-7f72-b248-bb71e7ad5f6d,0,0.093752,0.071276,0.122382
4a8b7f48-b22d-2565-9a59-169fc8987e53,0,0.093925,0.067617,0.129051
71df079b-d65d-0541-3a0f-4204d4b94ff2,0,0.914774,0.862075,0.948539
4c66973b-c016-229f-e4ff-cb203bbb6290,0,0.112601,0.083937,0.149456
b92a3c32-0fb6-d326-1941-092462363e90,1,0.081108,0.056255,0.115595
e6382bab-a895-3eaf-ab72-135a0b0c41bf,0,0.374859,0.286745,0.472128
b12ceb91-e87f-b8e4-66c6-5eb5787e46f6,1,0.0685,0.052898,0.088274
8509af91-6048-cef2-f7c7-7b70ae642517,0,0.193382,0.143781,0.254999
d3bfbe01-0bc9-67a1-6e67-b87d3efedae7,0,0.276812,0.192319,0.38092
871acb37-80b7-6da7-4570-24a36f3cfde9,0,0.093789,0.072098,0.121154
0953f78f-2beb-b027-781b-589f15769af1,0,0.518019,0.374656,0.658477
424851e6-7245-62d5-6383-043183c48345,0,0.224308,0.172592,0.28616
bca9e4f9-d7eb-f569-8a76-f508134ab616,0,0.228863,0.166904,0.305391
a539c12f-70ad-49fc-e99c-7e78fbecf9ee,1,0.076749,0.055057,0.106031
692909aa-52fe-8520-4f0e-6822fcc5f3fd,0,0.667509,0.542198,0.772887
ee32d95a-95ad-4dce-ce3a-7088c68c2100,0,0.698044,0.616225,0.768959
232929bf-cc84-842a-9222-079e5fb6ad75,0,0.838267,0.78186,0.882284
a9b53140-7ae3-44f5-4fca-5e7e34c7f245,0,0.838267,0.781237,0.882662
ed31606a-b307-debd-30bc-037c7407dfef,0,0.327282,0.240741,0.427419
1ced8e01-2bc5-582e-705d-a3a29fcdf88f,0,0.235226,0.1826,0.297498
62972de6-9ad8-f619-1510-4450ddb1ad7b,0,0.113873,0.080846,0.158071
61487306-a521-3c65-29a5-dce402e5e951,1,0.083169,0.054497,0.124932
48814d42-ca16-8735-de98-7915150a60e1,0,0.097695,0.067047,0.140248
d76de913-2bef-353c-c702-b0c6c292d974,0,0.390649,0.28892,0.502866
eee3b4d3-9ba5-13fb-d2b6-a3882d0c3727,0,0.318601,0.244624,0.403013
21b85520-0730-6b3f-651f-b381db59d7cf,0,0.118261,0.087464,0.158024
fdff70c2-94c4-a567-f1bf-bddad4868ce5,0,0.40808,0.32741,0.494027
974c22e6-27ab-8fed-9923-775391c46c03,0,0.312334,0.231833,0.406014
5a8d6925-0add-7456-e542-c68e1739295c,0,0.534544,0.430089,0.636056
4d88b112-2ab6-a56a-06b0-01fb32ecf642,0,0.397007,0.291801,0.512684
a791f5f6-fcbf-dcbf-12ac-ad8db7411459,0,0.10189,0.072147,0.142019
1dbbb28d-3346-d96d-bf1e-3244c7c1af69,1,0.085291,0.063297,0.113997
3054177a-b096-7ac0-9b04-4164acc89cb0,0,0.253808,0.18792,0.333317
ca634cad-92bd-f914-562d-2de04623bcbd,0,0.58664,0.486935,0.679714
940e0888-8f02-061f-f966-775b757d64b0,1,0.06589,0.049682,0.086902
f8032497-c29c-bc56-2afa-6fd724a09460,0,0.231258,0.164992,0.314127
e8f2d8ea-d567-9143-4662-e1f7d5721286,0,0.317118,0.244206,0.40027
030d54bb-6fc9-9ab5-a76e-b5e7df99c84e,0,0.150177,0.10064,0.218182
0dae8ab3-ee03-4986-d5be-5e6323d08b01,0,0.226527,0.153557,0.32102
032625f2-caab-09a7-a675-aa47c70b0dae,0,0.27055,0.193613,0.36425
9425de68-e0fd-560c-3b71-e1b343ce32ed,1,0.074784,0.057559,0.096636
b95a865f-b295-b56e-550f-1d2486a53a2a,1,0.056085,0.037776,0.082507
b0c83ae9-52be-4e0b-9c5b-681619b133d7,0,0.11455,0.082189,0.157467
8a657ad5-f691-cf9b-e035-4128a11cf86d,1,0.049849,0.038844,0.063764
cf352c73-aa22-5a4a-3c58-2e23e62e5006,0,0.218596,0.154429,0.299965
e8823e99-d086-e4a2-707d-b6ae140ccd8e,1,0.060484,0.046329,0.078608
f23d4ffc-b188-ed75-2ed2-9937b7ed9fd4,0,0.240755,0.171615,0.326761
df9f21ad-919c-a2eb-6bed-9b149e5ba5a6,1,0.054985,0.040671,0.073949
e7e3941f-76ff-1058-d234-3973abc1ccb6,1,0.064655,0.04906,0.084767
4b7a06a5-9756-e075-b39e-08cc9582d5e9,0,0.414838,0.319254,0.517293
a808c685-c989-6fce-9213-076b59c81211,0,0.114581,0.080344,0.160855
ba741b04-7d8b-16c7-31bc-4b8e4897ec87,0,0.254286,0.184973,0.338777
e9f9420e-5204-832f-68c1-699387419a3d,0,0.138208,0.09703,0.193124
c9264f82-a1fa-5e42-8e67-6bf5f1c87244,0,0.320924,0.239934,0.41435
90db0065-3efc-0ec6-81ab-48f93e08a674,0,0.114581,0.083048,0.156048
b1828374-ab0f-5923-1842-85fd3e3ebda5,0,0.156992,0.115367,0.210068
4d812249-ae73-37df-5803-bfc90585bad2,0,0.200843,0.139427,0.280492
1bb5f58d-10d4-ceeb-90aa-0147833af293,0,0.265549,0.189936,0.357962
f98fb065-0354-a378-2565-c076b074c694,0,0.273681,0.186406,0.382603
2dc98cf4-7376-f311-d902-2267c61e0786,0,0.58664,0.484681,0.681675
2343d0f8-4baa-7c99-c9e3-80c77b0b750c,0,0.445133,0.352037,0.542246
23e32cd6-261a-1e43-758a-f451034cc701,0,0.221473,0.162494,0.294335
802795d1-f131-887b-ba70-6e5ad2931507,0,0.449484,0.36861,0.533121
952da9af-ab88-2bf1-a9b2-5c292ea209ca,1,0.063898,0.048582,0.083616
1510da8c-f9a4-8d67-ad12-e092011df3e8,1,0.065273,0.048344,0.087583
7af4fd3e-c83b-20e6-9986-7a576976d3b0,1,0.043435,0.029093,0.064378
38d37642-626b-b6c2-23da-4db0734a4c4a,0,0.129721,0.098892,0.168366
b8a1cdf2-cd46-7bd0-4a1f-f6c5422db8ba,0,0.72646,0.614339,0.815761
80ece892-9785-4d10-35b5-49f579d42b6e,1,0.085134,0.060409,0.118701
a46c3134-9f89-3fb4-8799-d13829818981,0,0.115209,0.082632,0.158411
0c01394c-2a8a-b329-874b-4613fac0e35c,1,0.056085,0.041509,0.075377
b9bafdd6-c925-126b-1933-3205b374326e,0,0.162845,0.12831,0.204493
5d5af352-f6b8-a20f-492b-573f971a6472,0,0.097806,0.070149,0.134785
220d5ea5-c40b-f152-d8b4-01858bb1369b,0,0.260549,0.195569,0.338046
198f889f-e8b1-15a6-c082-4ec20309bd8d,0,0.534544,0.432531,0.633747
1ee75bf8-e6a0-14d2-703b-9095bea6c4d1,0,0.200363,0.136002,0.285131
3e77edef-1fe9-cba3-46b4-3c13d65f8ce2,1,0.078909,0.055829,0.110414
f7cfd462-5040-d37b-e1fd-de6a1d62d03b,0,0.184643,0.130063,0.255402
fd706b1e-b190-5b98-d714-9dafa51cf19d,0,0.783946,0.623406,0.88831
9f7ef9ef-c464-82e6-9654-5c316cca781e,0,0.297019,0.220023,0.387572
d0b494ba-b83e-aab0-ba05-0047dcdaacdb,0,0.659732,0.546795,0.75703
d4f2dc82-2ddf-2d04-1e19-287ccbaee21b,0,0.138208,0.088228,0.209981
392baa71-e6c8-ff84-fe57-0bb14408fdb0,1,0.085134,0.053852,0.13205
123a7d5e-db52-a785-68f6-42306b00be9f,0,0.149025,0.101513,0.213492
9ea96035-31fc-5f90-bd3e-cefbff8ad997,0,0.374859,0.290466,0.467613
74a07142-31b6-7c3b-8a95-fedda931bfc8,0,0.089665,0.065899,0.120891
9712f6f7-e0c1-104b-bef2-65f70f2f913c,0,0.333639,0.260815,0.415371
bc4bc0ce-9fd6-0c3d-6391-aa548fd1abba,0,0.40808,0.310958,0.512955
f6fbb128-f592-6bfa-90c6-b49c188897a3,0,0.26868,0.18773,0.368693
d07a48e5-f0ea-5c36-1fe4-6da8ffada9d4,1,0.074784,0.051246,0.107903
90f3024d-98bd-2a9c-4a05-8093e0f7c75e,0,0.368502,0.263321,0.487873
a00ccf2b-f8fc-2025-aa49-6031dba19f32,0,0.415319,0.33023,0.505777
4b80d612-f669-e260-1092-794a3561eb59,0,0.368502,0.246335,0.510238
79803d2e-cfba-6c87-c05b-cdcddb9b15bf,0,0.23655,0.169585,0.319775
b2663943-b99f-97f8-32fa-5394ea2ff870,0,0.109985,0.074621,0.159224
14474783-6800-21d6-f147-867c8be33ec9,0,0.110195,0.080767,0.14861
ad1efd02-03b9-b600-b421-ff40ca757168,0,0.176003,0.131329,0.231818
ddc5dc5f-8be7-af86-4a10-ba3efcecadcb,0,0.089492,0.065169,0.121711
d550165d-ddae-da74-b1cb-9f38b4d92789,0,0.190429,0.123644,0.281692
5266c446-15e9-2fbb-2f39-74094e964f2e,0,0.357428,0.268736,0.457095
64974c5b-984a-b654-565b-cd58d45b0d81,1,0.062663,0.048478,0.080648
6b107e79-adbb-7ae2-6539-e6d097ae5c89,0,0.089628,0.065638,0.121248
6acbd5c8-dfb4-9374-4f4a-2b7df631d93f,0,0.327282,0.25715,0.406084
8fb732e5-cceb-f11a-612d-81bce817432b,0,0.248024,0.191713,0.31444
118a9588-8af2-4ef4-1157-850346974b60,1,0.057537,0.042298,0.077822
b1732fc7-6038-fcc5-7efa-a938b9d2293a,1,0.043435,0.027721,0.067439
2cd25c9a-717e-fe16-ab3f-40389cc3aee2,0,0.40808,0.315045,0.508205
e8cc8f69-bac1-81ae-e707-49041ce40db7,0,0.374859,0.266014,0.498022
11f10af9-afbd-b859-1aeb-d78bad67f7f5,0,0.118889,0.083151,0.167187
b4309823-3412-97ca-2212-dbf9c543960d,1,0.069875,0.049487,0.097798
aa8481ad-62ca-0a4d-0cfc-21bf05d74862,1,0.081068,0.054894,0.118162
186963a9-1201-7c4b-4f24-593e8a229632,0,0.40808,0.330413,0.490627
bd3b6a99-2180-49a8-5340-49b648ad6e03,0,0.169256,0.122757,0.228776
c0c123c6-b797-502c-bcc9-7300d78f7ec5,0,0.428448,0.321562,0.542455
2a5f5fdb-f13f-4950-8502-c01e1da6d8a6,0,0.262418,0.187039,0.354913
f4fc0748-243f-e827-9df8-023bf158d00f,0,0.11847,0.083149,0.166079
3e5eb5e2-5f99-db32-7322-c1e92df2c0b9,0,0.162865,0.125876,0.208136
213bb032-8c97-cadb-dbe3-6e0e54277f3d,0,0.691105,0.593698,0.774048
7194b8f5-9d73-6c82-e297-6e31842395ff,0,0.534544,0.454871,0.612493
a2cc0567-4936-c5a8-36d2-702f81309e07,1,0.060484,0.046413,0.078471
9c1a5fe0-e29b-dde0-f93f-9c21439efbad,0,0.251155,0.194408,0.317928
4a87184d-dcfb-5d94-78f9-9ddcc5151b56,0,0.470786,0.358461,0.586149
aa5126d3-55d8-8a76-b7f3-ce7efbe18427,0,0.175637,0.128936,0.234695
15701fee-a529-e171-0059-4aff7a76c56a,0,0.101761,0.073409,0.139416
54b80dcb-f11b-a9be-c4c2-db07710f53da,0,0.153584,0.103707,0.22152
f557e98f-9997-06f7-6514-32610dd1d224,0,0.333639,0.247728,0.432226
7db1111d-424e-7ef3-f06a-e3f12726fc28,1,0.058275,0.042934,0.078645
7ccd4c78-5a14-1982-286a-f14d85392422,0,0.093925,0.073064,0.119971
9a466395-693c-3726-ffed-5d1836fc51a0,0,0.114999,0.080835,0.161072
cf1d0a98-722d-6c72-18f0-ab1273a810ee,1,0.069257,0.049778,0.095592
87bb3bd0-ffe7-7777-da77-4b3f649dcc74,0,0.316981,0.25032,0.392109
9863c021-982b-ea7a-fbf0-2078adc47839,0,0.40808,0.311448,0.512384
6128c35c-2751-0e26-8bd8-1b671f7bf86c,0,0.093752,0.071201,0.122503
adb030fc-7a59-2938-d988-99357401e3b0,0,0.109985,0.075049,0.1584
b1032b59-5233-1084-4d26-1eec37acaa33,0,0.188397,0.126928,0.270416
df15670c-bd9f-cd7a-86ee-703bea4ca16a,0,0.327282,0.254562,0.409367
9ec216e3-57b9-d2c2-3c52-f67aeca4e21f,1,0.063898,0.049902,0.081482
bc2e2c31-0e66-a1ec-fa25-35f78bd79f5b,0,0.134318,0.088805,0.198087
d048e031-be80-a6fb-5ae4-28558a0c114e,0,0.114371,0.081344,0.158494
13bc4e6d-4277-b2fd-8e5c-221dce2a3d04,0,0.379575,0.271798,0.500705
3262fc2c-98c6-a760-9692-e6ef83d865c9,0,0.110195,0.081095,0.148054
fdbb57cf-d9fa-8c9b-323a-7577775ebc6a,0,0.262418,0.181376,0.363588
260121d7-40d7-b073-98f2-999ed1ff4a74,0,0.534544,0.45041,0.616758
52c05c14-0bb8-9bf7-fed5-4ab06868652e,0,0.132093,0.091225,0.18749
443c812e-07f4-d360-e82f-875a141b18ac,0,0.293076,0.226909,0.36932
26d70482-2fd6-6365-42a2-0b8a8529f6ac,0,0.362144,0.233212,0.514526
80f0e23a-8bde-4643-9f7c-e4191bccb6ae,0,0.385933,0.266991,0.520255
0162f6b3-4038-1181-4a95-ac6a0c64dce8,0,0.844715,0.780227,0.892878
4c6c31b6-dfaa-e06f-b363-9573d9e49b4b,0,0.905791,0.850331,0.942099
885e2f53-14a2-a05a-a7c5-d075b5d6faa3,0,0.097733,0.067593,0.139304
0b668a09-8504-62ab-f528-1216bf943ab3,0,0.838267,0.768679,0.889918
8e50bb24-e41f-64d2-d01d-ab3995f8dfa5,1,0.06328,0.047768,0.08339
0de32840-a998-9154-aa24-adb07cc69174,0,0.10189,0.074863,0.137228
96f49cd7-3930-1c1e-ef48-395b6e50a421,1,0.06589,0.049152,0.087802
86556992-0395-51b5-f466-90e3ce40200b,0,0.805964,0.682248,0.889326
df221a78-75c4-84ee-5ce9-b7b198dfd08e,0,0.091824,0.070471,0.11882
dfe5f174-b5ad-a951-2c23-6d8c535a5abd,0,0.089529,0.066184,0.12005
f8ab1aee-2224-fc80-2ecb-d043e555ce74,0,0.206029,0.151171,0.274359
5d5d5670-6985-8e7b-8f9f-ca0790e69a73,0,0.26868,0.190513,0.364478
43f1af72-c323-3104-9a47-2da7b5f2565a,0,0.234918,0.179874,0.300631
8daf3e84-709b-4be7-d2e5-327fedef02c8,0,0.66504,0.561227,0.755012
be1f62bf-14ee-1e0e-ba86-d6621cbd3187,0,0.089258,0.06615,0.119407
b989bbd8-0ff3-bd7c-1bfd-618ea9e679ca,0,0.093888,0.067107,0.129868
49581abd-833a-43f3-1e74-0910797048ea,0,0.093752,0.068114,0.127717
fc152b48-f984-db89-aa9e-7467c0f1cc01,0,0.429117,0.336776,0.526671
c4bee537-d175-528d-5ae6-174a02828a86,0,0.374859,0.260101,0.505648
cd9a36ab-ac18-74b6-82e2-fd209c4bbbb8,0,0.82397,0.724471,0.892852
3d465120-dbdb-b94f-c3f5-5027c44a59f2,1,0.066648,0.049831,0.088611
f5ecd0aa-8ddc-4d07-3fdd-cc882fab04df,0,0.16241,0.102924,0.246818
101ebc19-76e1-2933-c0b9-f59a7b5e2c20,0,0.639855,0.520751,0.743915
c2c7f6aa-7deb-d9ef-494a-330d55bdba3a,0,0.140654,0.09976,0.194686
e55fc84f-553a-3fb5-8dd3-f93e036b9fa4,0,0.284944,0.194274,0.397077
e12419d6-ece8-486a-468c-34d1c3f54c56,0,0.284944,0.203137,0.383828
bb2a7ac9-a5af-94aa-2f89-8cc375d963c4,1,0.037987,0.026583,0.054012
6fadc6ed-64a1-39c7-1af6-d61d86839cd7,0,0.11847,0.08679,0.159693
98897b0c-89d8-eb3b-5e1f-d8b90d26fc34,1,0.055226,0.037776,0.080067
2144272a-0a62-237a-6848-e095a4a97022,1,0.050586,0.039383,0.064761
cad2a33a-d7e4-6c6e-d44d-a4a0365469d3,0,0.355787,0.225039,0.512283
f5e8d50f-1a7e-f3d6-9726-8a5aa3a809b0,0,0.105808,0.069597,0.157669
1ab751ba-37ed-ccba-647e-7cf0aeee6673,0,0.306771,0.241894,0.38032
3a74df1d-1925-bd49-a41d-f7f542d35757,0,0.971299,0.000149,1.0
41023289-395f-fbc8-17f4-ce4cf91dfb1d,1,0.081108,0.056322,0.115465
533940ed-2b60-b1eb-97c8-156f77302a82,0,0.266361,0.192409,0.356201
3e6e2e19-af37-4c62-5cde-fc318b954ebd,0,0.105938,0.075491,0.146716
e07ac792-57d4-c018-4ba4-4e05848f4e90,1,0.073409,0.054298,0.098545
d321eabb-ff2d-e300-3756-0247075762e3,0,0.899148,0.858292,0.929197
d79a6ab4-b487-38ec-61f4-e7a6d383f417,0,0.327282,0.255738,0.407871
c265e421-a50d-e4c4-0b9f-6dc17301ec48,0,0.327282,0.240198,0.428147
7076f785-2c31-97e4-2828-5596dfffc614,0,0.254286,0.186006,0.337247
c5725662-dfe2-9855-04f2-92445431561e,0,0.320924,0.239757,0.414585
b10ae7e6-def7-1036-5417-34d2e2419052,0,0.093925,0.0721,0.12149
0b7eff24-52c4-31a5-f1e2-48c6bd127cba,0,0.599664,0.51981,0.674553
81c00a95-8e82-379a-164b-46d096e2a256,0,0.162865,0.124835,0.209705
b0487de9-8ffb-db57-b95a-be4e54bbe9d7,1,0.085328,0.05725,0.125346
4263350e-c9f4-0fdd-111a-0731efb1e208,0,0.425456,0.349787,0.504786
273928ae-ff4b-5dee-1d30-3e8e50aae124,1,0.062663,0.048789,0.08015
23ecfef5-b34e-1d38-057b-e2f44cd6b3a0,0,0.306771,0.228238,0.398378
5ce42dbd-f531-fa9c-7ce2-32af576bae0b,0,0.448512,0.362534,0.537681
27b1aada-a951-2085-c75a-812428737e39,0,0.41783,0.307309,0.537269
43b8de9e-60b8-656c-2c9e-672f78ff9b87,0,0.41783,0.332283,0.508624
bd70e0e6-6006-2424-ae15-1f15975cc411,0,0.306771,0.244146,0.377439
9dab0f88-fd74-9d19-2998-ce3a03283c28,0,0.397007,0.307695,0.493754
6ced1695-85fd-7715-74ad-74831859c64f,0,0.320924,0.257164,0.392148
4caa1f4f-34cb-9c60-b8e5-6b650460d22f,1,0.060837,0.043282,0.084881
dcec1c42-700a-6c07-f759-8ba3d511af52,0,0.40808,0.334345,0.4862
7a620782-06e3-0c08-16fd-6d39a0692caf,0,0.188721,0.121962,0.280355
fe1650f4-3a7c-605e-3602-22ea16bb096a,0,0.118889,0.082721,0.167976
f576f2a4-2e41-e388-c969-32fd06c4e05a,0,0.093925,0.068558,0.127394
58bc817b-7a52-2819-26f9-6d3722f5a02f,0,0.418698,0.33676,0.505381
7d83071a-f488-1512-1b0b-bc80dde2da81,1,0.075473,0.052759,0.106861
1b416fb1-0d57-49cf-1d0b-5a6c44da7a3d,0,0.498501,0.38769,0.60946
2126d635-5a9d-b17e-5b77-769c25886a6d,0,0.294696,0.209111,0.397696
b4c09345-5549-0967-1780-8b6b65fb85cb,0,0.451691,0.335626,0.573261
40cde096-c2fe-72d3-1d47-881455230237,0,0.114661,0.087526,0.148836
0e2f5e55-5a76-e7b9-76ca-475c064e7452,1,0.062663,0.04883,0.080084
65c34006-6a2c-e260-d584-5f880e92366c,1,0.051685,0.039541,0.067298
855d84eb-d9fa-86ac-a51b-c66876129138,0,0.316981,0.247939,0.395147
4f938076-ac05-a6ac-9fe0-27a70f261a19,0,0.168423,0.118054,0.234566
a7ca327a-276b-4c3b-1e64-3991c601558e,0,0.114162,0.082723,0.155524
14b86200-5857-f273-2fc2-9a5c9aa7890b,0,0.194565,0.131312,0.278518
db4c45cd-afdf-e9f0-153e-22357fe6462f,0,0.101761,0.073482,0.139286
e49d8d4d-e901-6a25-c11f-7ff77ef92806,0,0.093654,0.072971,0.119444
0396a6cf-73d5-a256-c01b-feb9e7c838e8,1,0.065273,0.050109,0.084616
221c7f90-5db4-736b-0f54-9e47b1dd6a28,1,0.072625,0.055405,0.094661
6102f506-e362-ec01-13d5-a2d637b28115,0,0.148946,0.1041,0.208613
30611e0b-bed1-777d-dc77-985eb479ad05,0,0.327282,0.264267,0.39721
5e20e6eb-12eb-860c-b8a1-ac62324c9999,0,0.302828,0.228091,0.38969
81ec15c8-2c35-6761-6471-34513a723580,0,0.547568,0.41273,0.675768
bca610a1-e6ee-7f9c-3e1b-59e1db32d834,0,0.92394,0.883716,0.951021
0c092762-6ed8-a7a2-1664-8aafdf82db1f,0,0.320924,0.243614,0.409486
f31ac43a-a825-ac5d-2522-f92f625a5971,1,0.071751,0.052,0.098226
d2102782-d14d-242c-a325-4a0d4c489842,0,0.258504,0.190019,0.341273
05f035fd-36d7-b80c-81bd-28633be7f16f,0,0.185942,0.127619,0.262887
7f73b703-b47c-6a46-b25e-30beab0d7ee7,0,0.105679,0.078635,0.140606
9dcc6d67-64ce-bc2e-3b10-c9ee9d6d279d,1,0.085269,0.055514,0.128798
c6f5351f-4948-a4e5-25b4-e0db640ccecf,0,0.121219,0.087952,0.164795
10bf8c26-a175-9a71-2852-ca5af16b0570,0,0.105938,0.075791,0.146179
22de6133-0c1f-63e1-1a73-6996f20fe8d7,0,0.222018,0.167591,0.288004
2a391fd1-1174-8cb8-51b7-72735ca59b7d,0,0.486033,0.355019,0.618996
15963832-414b-3c32-d867-8eb93bcaf4dd,1,0.080874,0.052383,0.122852
83802324-3291-f32e-ed0b-2fa97bb4e478,0,0.10189,0.069086,0.147798
3f5c13de-24e2-3203-1569-b37831d0c054,0,0.097843,0.071847,0.131908
37f1bef6-6e54-1862-8938-d61768b041e0,0,0.314658,0.233638,0.408787
e80ed839-432b-05e0-46bb-f99135070e13,0,0.159448,0.113827,0.218838
c158489d-c87d-f787-5265-317f279dde79,1,0.033814,0.026196,0.043549
879c7ddd-a3c1-a046-b35f-227fac5bdaaa,0,0.92825,0.900381,0.948766
844752c2-8a82-6d20-e349-6c745806e4d7,0,0.106357,0.077954,0.143497
fb3f3369-25b0-7727-b47c-ce6a183e2e1d,0,0.254286,0.200271,0.317094
3e60515e-28a4-e985-c414-8359eb9d8d86,0,0.385933,0.269459,0.517116
abf14714-0ae6-2160-9395-0267ff1d4b61,0,0.545049,0.40056,0.682331
72c56ba5-3363-f1dd-67a9-43ca08be3502,1,0.052412,0.038078,0.071738
6924afd5-9c58-f717-2eea-e587f00d6006,0,0.297019,0.20373,0.410978
2bf1558c-c33a-23e2-01f9-6bb301d82808,1,0.052412,0.037896,0.072071
e4a1c16d-f04d-303b-3d04-cdb1c359714a,0,0.294696,0.214304,0.390266
4fd8c0f0-1314-0145-1983-5dc95cb95718,0,0.23289,0.167951,0.313478
efa69e8f-d0b2-b18a-9d3c-8a188460cd14,0,0.327282,0.260319,0.402105
7d6d5ff2-5339-cfff-e93e-4fe366cb42d4,1,0.053886,0.036687,0.078491
14372ab5-064e-6c4c-45e9-8ce56d0074c0,0,0.187835,0.129245,0.264905
cb494fe6-565f-92ff-07c5-1f9a943a5d7d,0,0.093925,0.067373,0.129488
d353c5e8-9d5b-a233-5050-7ecc372630c6,0,0.547568,0.446679,0.644695
8e2dea8a-38c5-7ed1-b48f-752f68eba3bd,0,0.239123,0.184519,0.303864
fc4793da-80a6-f456-9f60-5574439d601a,0,0.411459,0.312112,0.518589
7419d93e-aef3-1956-f361-3b98d8eca480,0,0.669902,0.585814,0.744369
78bf98c2-6253-ec8f-1134-952c80f6a35d,0,0.281813,0.19004,0.396225
40540419-bc01-e522-c277-9e78d368e1f5,0,0.19714,0.127369,0.292325
34192797-c7e5-45ee-56e5-eea9cbf5bd78,1,0.0685,0.049087,0.094824
1b304af0-714f-867a-2d31-009ae443a167,0,0.167353,0.116018,0.235354
390fb332-e8a7-dd76-a8a9-63c6f46aaa54,0,0.093789,0.071285,0.122461
a1599afa-dffa-b2fc-b451-3dcee8ef5f71,0,0.58664,0.45949,0.7032
0f6e93ec-43e4-ea35-cba7-5e727da0b955,1,0.049849,0.038893,0.063686
57d2adb5-ed51-e6d1-b1bc-16daad256ff3,1,0.087527,0.063241,0.119944
e9ae50f8-357f-7a15-6c94-c535be6e43c2,0,0.255373,0.186892,0.338501
2d93fb27-fe04-c651-f456-27380b7de484,0,0.230713,0.168756,0.307016
f3d785f8-e33c-21c0-a452-25cf139bca0b,0,0.246459,0.195085,0.306214
44026d3a-6ec4-b618-7138-9d0185f63d5b,1,0.062663,0.047789,0.08177
4396a9be-4018-1db2-5056-91308c04b36d,0,0.658228,0.515896,0.776815
51a86e04-7fba-03e4-00a7-a41d0e58a6b6,0,0.11847,0.088259,0.157241
474c2ea4-e39b-7473-fbba-5111e720d941,0,0.261636,0.196182,0.339698
627dea1e-8c83-860a-edeb-8a13f92286f1,1,0.062663,0.048022,0.081387
5c0b3352-d42a-9504-a3ec-2d515ed93b61,0,0.097843,0.071763,0.132053
0b00c92d-2858-e72b-8704-56e9b2a3f379,0,0.131654,0.101395,0.169243
6a648ede-0557-68d6-98e5-8a330c439389,1,0.085328,0.062348,0.115733
54d5d504-c5db-f451-1bda-c5746feec8d9,0,0.114581,0.086343,0.150531
68953330-073b-9b10-5d29-3d6d7e6d65fe,0,0.093925,0.07211,0.121475
731826a1-1fdc-c05b-7cdf-e69cb398afc3,1,0.061211,0.047123,0.079159
23a1f74b-9deb-4a00-f47d-bcfc6f607922,0,0.58664,0.461156,0.701799
958dda4e-752e-f46d-08af-3fcc60c7fc96,0,0.135773,0.095801,0.188938
7e5a0b85-cc78-81df-5495-436b68fca09b,0,0.105808,0.076515,0.144562
8af1b72b-dc19-88f0-5bd5-a07adc51ea12,0,0.320924,0.242505,0.410945
f6e42cef-3100-4295-ced1-9cb39a4be2eb,0,0.23834,0.168911,0.325143
86c3b5e1-c212-fa3c-0d8c-f86640a85ba4,0,0.432308,0.345118,0.523904
127d8093-6abb-8f38-237a-d4f061c0dec5,0,0.320924,0.254673,0.39527
a58f00d5-a357-6f92-c60e-71c8d96ea541,0,0.529884,0.41944,0.637476
790eb7a1-ad47-9301-89ba-8b6cb3a6b92f,0,0.177144,0.115262,0.262396
18001e1b-e888-c38e-9fcc-9780012b7caa,0,0.24593,0.186081,0.31752
e4c74b4f-0971-4aef-7836-f245cdc96fd5,0,0.159328,0.11991,0.208632
7e19b30b-6b13-1565-c774-721803a96e42,0,0.121009,0.091207,0.158848
3bd5712e-f411-1103-9bee-5e78e405148e,0,0.093888,0.072897,0.12014
4e5bb153-e513-c23d-776c-131e4f6ead72,0,0.306771,0.242758,0.379211
85bd1d6c-a295-b920-ce72-b192ca8dfa95,0,0.691105,0.614094,0.758785
e4db99cb-a423-be3f-92a3-988fe90b9801,0,0.242545,0.180873,0.317105
cc732242-e6b7-0fae-9a9d-5f8d142d0ea4,0,0.374859,0.259575,0.506331
8b16627a-02ff-6fd2-9621-6d7e92646b28,0,0.132093,0.082067,0.205776
9fb644c9-fd4d-90d7-65dd-6fceadb08cef,0,0.773896,0.590992,0.890203
3a47b3d8-ba88-33df-98bc-9cedf00ab087,0,0.308391,0.226603,0.404268
3f9905b1-78bd-25a0-e5f1-372185e37826,1,0.060837,0.046402,0.079389
8acf3772-48dd-1a54-1248-c7e472e504af,1,0.074097,0.050489,0.107496
84acbd77-f547-13d5-2ad0-12852058c0f4,1,0.069257,0.052,0.091688
50b59718-4d18-3a9f-c973-8195f070d71a,0,0.10189,0.072678,0.141058
c56be2a8-d23b-070c-a957-6d3229ae6158,0,0.093925,0.07332,0.119573
f6c3309d-26ff-1c5f-af85-278a679a4129,1,0.075374,0.053343,0.10549
368fda31-8eae-d36d-acc5-9d6636208524,0,0.427966,0.343327,0.517042
37c1cccf-92fb-1b1c-9e80-d8094bdaad15,0,0.40808,0.311976,0.511768
821d9fb0-2993-8a12-fea6-6e4e0612b943,0,0.40808,0.32801,0.493347
3eb016e0-6acf-7e69-eb53-82386a30d20a,0,0.206414,0.1425,0.289323
0f3e3996-67c1-40fe-4fec-e521791d2466,0,0.12625,0.085969,0.181655
8158ac27-1d3a-9a5e-780b-ad27c8421db1,0,0.181455,0.112512,0.279345
d5a23eae-7bbc-a6fc-9d15-b670076de6cb,0,0.097733,0.072554,0.13042
0a49e4fe-2bc2-2960-802b-29cb2376104f,0,0.157002,0.115815,0.209367
e3968ad8-ceb0-7cf0-a678-8e374749a274,0,0.235463,0.178621,0.303705
d0c4fc15-fee0-29a7-5b22-a9fe8800b307,0,0.114581,0.083196,0.155793
a729afe3-ca3c-5fab-8dcf-20c08d219896,0,0.163382,0.115033,0.226845
97d9d30e-9e78-14bb-cda0-7f2061aaf8bc,0,0.162855,0.118167,0.220222
3064c0a8-07c5-d90f-c550-f5d39b90d81a,1,0.064515,0.049354,0.083922
e188f78c-a5f6-ce1e-4909-3904f132cb5d,0,0.333639,0.26063,0.415604
a9fea6b0-f7e8-93f3-77e2-d83b62f2d476,0,0.15604,0.117744,0.203913
1848e32c-626d-6b36-f93c-25e50a0af380,0,0.379575,0.274525,0.497271
ede96534-3ed5-a058-d9df-8c0f8ad0d456,0,0.251155,0.194088,0.318372
e9b8f835-81df-5552-c754-941bf54cd424,0,0.397007,0.292059,0.512372
f13666bc-9c49-038c-51d1-c28431af56c5,0,0.560592,0.453096,0.66269
eb7ae6ce-3be1-d6a3-c546-e069eacb1e9e,0,0.09175,0.064366,0.129174
f6aed827-ec4e-8214-234c-bd726c937919,0,0.321015,0.25169,0.399248
e422c5a5-ac9b-791e-c9ce-35a0eaab6b0c,0,0.313954,0.246587,0.390194
fe485e70-dfe4-2820-e06b-3ffcf66fb88c,0,0.139453,0.094681,0.200704
d645cea7-8460-b4ec-c882-ab50b75f36c1,0,0.118052,0.090661,0.152331
2d95b2a3-b613-e3fd-f474-64ceb815bd25,0,0.23174,0.169354,0.30857
be37b8b9-5f87-50b5-e225-fdcae7c73aa5,0,0.333639,0.241225,0.440886
0289efa7-0c47-6918-0274-9537af557f85,0,0.351071,0.239536,0.481646
bddeb903-c2f4-3e1c-3fbd-c7cccf4c65de,0,0.089492,0.060159,0.131132
ea150628-c4b0-0cc8-b9ff-ed95cf293dbd,0,0.753714,0.580584,0.871229
cd65f77a-af32-721a-4a02-76b2da394849,0,0.397007,0.295645,0.508054
4c515b46-409d-fb72-7fb1-e93a5545a840,0,0.238103,0.173468,0.317568
ff5f2b97-1a94-55c3-1d39-bb603da7fcfd,0,0.145306,0.1052,0.197332
f6f5bc01-d114-502c-ba10-263e84034d56,0,0.243036,0.184869,0.312489
c87e408d-5e4c-2f5e-b960-192ca33d16bd,0,0.10189,0.073966,0.138777
d641cd77-e976-ea30-7c0e-584803a21214,0,0.242545,0.191419,0.302223
56cda2c0-8416-e1a8-d020-2c84b8c5b272,0,0.114451,0.088674,0.146517
1ff98c05-7e21-5a77-5d22-97f73975a522,0,0.114423,0.081545,0.158273
243e6020-1a03-0be7-9095-0a42fd504cbc,0,0.091516,0.069086,0.120286
8ba08db2-c642-358a-cf01-1bc1c7f4de9a,0,0.259287,0.192562,0.339414
0f368215-12fc-4f21-646f-8e9862bb9e8c,0,0.34239,0.243948,0.456567
e43d4aeb-2a9d-bb32-7063-7f904a160e43,0,0.79352,0.664887,0.881572
d9c80a20-341f-fb3f-122f-36f5f6f2df4d,0,0.114999,0.088432,0.14825
35f160d1-bca3-e1af-9cfb-2664304dbb2f,0,0.40808,0.333207,0.487478
16459d77-a343-0e89-90fd-57302b8e7af2,1,0.076749,0.054859,0.106391
5663655b-d384-625b-af59-e64971471d53,0,0.136974,0.084437,0.214539
d7e6025d-0d3b-ec61-73b6-e631e2a4458a,0,0.246459,0.177702,0.331107
780881db-043c-81f6-251d-f9e240f5a676,0,0.169256,0.126252,0.223167
29e02d50-3881-5824-7c05-384fc7d4b2f5,0,0.173744,0.120053,0.244766
bdedea71-b645-73a9-12e0-e9d0ba5ba33b,0,0.17411,0.132728,0.225046
61a23ad6-010e-9821-cdd5-521fa815d627,0,0.109727,0.081809,0.145659
7218c1eb-a80b-1b29-aa2b-2fc983b89544,0,0.178231,0.121789,0.253287
0e80e5b7-a00b-2647-d20e-1fc23df22284,0,0.253808,0.168633,0.36321
83b326c9-199b-b87f-eb75-a56346b4fcc4,1,0.062663,0.048521,0.080578
4ccc50ce-4215-8847-6b2d-b17794b35c1f,0,0.114661,0.086974,0.149716
b20cd63f-879d-4dc3-11b1-634f173372d2,0,0.167353,0.125808,0.219177
3f97461b-ed78-b3b7-e16c-64644ba4b3f2,0,0.097843,0.071299,0.132856
42861d2b-b79b-6857-b1c6-ddbe07cfe480,0,0.357428,0.244749,0.488434
39eb3bce-ea01-5b2e-ea80-b0c63211e265,0,0.446974,0.343578,0.55517
4509810c-b4c1-dc0a-e180-d72a5a2e5c90,1,0.072625,0.055475,0.094546
e05ca6ea-2316-ce36-445b-9fe93524f51a,0,0.822115,0.718822,0.893106
ca9d3486-9887-e9d8-3735-980b8cf79c11,0,0.373218,0.238681,0.530724
287483f5-e3af-e7b7-6bd8-2a4dc8256d65,0,0.26868,0.206308,0.341789
74e8526d-a272-6a95-89d3-a67a0a47725c,0,0.614064,0.475538,0.736291
a7c75442-4b91-d346-1ee1-ff225126b6a0,1,0.081139,0.053224,0.121812
fd515353-c4ee-f120-68a5-145fda631500,0,0.089665,0.065382,0.121792
88a90c63-5492-d61a-e88b-cf24bb88ef25,1,0.046642,0.032528,0.066459
c48dc1d6-ce7c-48d9-d048-916c7d242d0d,1,0.064655,0.04975,0.083633
ebec04ad-875c-3aad-58a1-2205e3e516a5,0,0.157023,0.114148,0.212145
72d02ef3-a4ec-b509-ebcd-8624dfe86dc4,0,0.411459,0.332685,0.495048
ebb18458-d78d-d212-5302-829592924561,0,0.280756,0.201277,0.376812
0165a76a-839c-a409-3c2a-d8ee89c0f98b,1,0.06328,0.049332,0.080838
bbc250d8-a516-9027-a991-a76e9578c75b,0,0.599664,0.519473,0.674849
85f4e58f-2753-e789-49ef-17bb7a2fd045,0,0.40808,0.328861,0.492383
e89366f1-06ea-986c-17b1-858dd8f0ae74,0,0.114242,0.083364,0.154627
42bb8f39-f920-1baa-720f-c08b8a357b3a,0,0.229949,0.170398,0.302718
be8623cf-4375-6148-e999-22a5817aaaea,0,0.217248,0.162931,0.283538
199a6b6b-44ba-92f7-8c2e-46a7ba5b68c2,0,0.534544,0.453588,0.613721
fb2a01d7-4164-da54-2bbc-62938f7be955,0,0.691105,0.613642,0.759134
68397b53-ad0a-369d-1bdf-58ee5e5c4819,0,0.691105,0.615037,0.758055
e1c0b029-fe9b-3ff0-abef-557f06b0e946,1,0.066507,0.050123,0.087753
d292205e-b3cc-6e73-89c4-a7b8646aa8a6,0,0.284944,0.214692,0.367429
06d234cf-cc59-e4f0-3e74-4af5e195f8cc,0,0.137833,0.093726,0.19816
900e8590-8c03-4eba-a6be-f82b7cf5890f,0,0.414838,0.337382,0.496746
76b27ea5-ea81-e5f6-072d-f1b2bf4dc505,0,0.276812,0.207065,0.359404
bf476795-20fc-ce10-d177-c509b0b5459e,0,0.10189,0.073514,0.13957
fcc2fdbf-82ac-63bf-3ec4-b230e8028fed,1,0.083304,0.058095,0.118081
a7180c26-5b3b-884b-5529-ebb6534f3bca,0,0.110195,0.081494,0.147381
fa3afc9f-14b7-c2b9-04f5-d21905f9fa89,0,0.127648,0.09571,0.16826
97e79cf7-907b-e277-92b4-fa912d354402,0,0.234681,0.170686,0.313595
a390714a-18a3-eb28-cd26-f1546b25d474,0,0.186812,0.137796,0.248244
0b0b670e-6d0c-9d57-4387-e042b8837930,1,0.062663,0.048563,0.080511
68c05861-9a18-0ba7-7b30-6917a9cee986,1,0.063898,0.049692,0.081814
1ae2e4f5-d62b-c9ae-82f4-9c18b7bb25f7,0,0.247241,0.189525,0.315688
5e7514e5-e5e7-37ce-ec04-641df32ee990,0,0.159437,0.113617,0.219166
459afa84-b6e1-311d-c553-d6f552f27922,0,0.436743,0.326139,0.554017
d42183dc-e22c-bff8-c733-9fb3e53c21c9,0,0.512507,0.385613,0.63781
67cda6ff-444f-2615-868a-5d177fd1081c,1,0.057537,0.038397,0.085372
045f1f6a-7d95-cde9-cba7-d4192e37fed1,0,0.284944,0.198285,0.391006
19aa16fd-1224-8901-e292-e4d99be2ceb2,1,0.065273,0.04922,0.086086
4edf30db-7155-a29a-1998-fb92bfcdd82c,0,0.440382,0.346567,0.538658
e18cc642-3320-205d-abfb-8ceb1cfca155,0,0.157002,0.105782,0.226735
09578fba-1a85-8886-c1a1-999fdf3f33bc,0,0.114581,0.088767,0.146693
6c94f03d-e048-ef54-b19f-eef983312253,0,0.10189,0.074847,0.137255
a6294539-08af-4b52-77c3-25695d5f5a96,0,0.247241,0.195121,0.307957
188b2efb-f192-ef57-8574-1f8fe2737d07,0,0.093925,0.073084,0.119939
992a25f4-9be8-e324-09e6-50063268d232,0,0.089723,0.068909,0.116041
f06d77d8-833f-2842-94ae-ea29bc0bd321,0,0.167353,0.117808,0.232248
78b77c61-4e42-9538-da5d-31ab5480e396,0,0.305151,0.226483,0.397116
99041c48-f423-7c65-b359-1bfd8906fbac,0,0.851163,0.790318,0.89666
95c56c08-cbe0-d895-d828-881986e8811b,0,0.314658,0.232059,0.410925
63ba56f8-d9d6-cd73-d428-610f76871151,0,0.40808,0.313508,0.509987
00d0e8db-6162-61bf-6167-5b47c6b480b0,0,0.351071,0.240116,0.480852
d34d8f2a-32a6-1e95-2deb-76598ac12988,0,0.305151,0.229256,0.393349
cb70129f-23b0-e139-fb2a-8d2489562fe0,0,0.24411,0.178365,0.324517
4220f35b-742c-601e-9e75-76c44d4b5d7d,1,0.06864,0.051708,0.090587
14a18eb8-c803-33b2-5eed-0fb405e37e4f,0,0.414838,0.337045,0.497122
9fd3bc18-2fd6-36a4-3c05-730144521993,0,0.385933,0.297277,0.482861
7f3aaaf8-3c61-0acc-ad9b-e19762e088e8,0,0.40808,0.334756,0.485739
352f1d77-7b54-ff0c-112d-0e05010a47ad,0,0.093925,0.072146,0.121417
58128d09-b26c-5871-7fff-b0f8ab7e113e,0,0.175064,0.124541,0.240453
37abb4a0-8e5e-1b6c-83db-f96e3617e0f2,0,0.309094,0.240093,0.387806
8fb9fc9c-540d-2e8e-3ffc-10300314da0f,1,0.075374,0.054774,0.102879
4bf04e0d-30b9-4914-81b3-efd09c8f6358,0,0.255373,0.193719,0.328651
0c34dc44-f94a-5b35-6017-03a29129fbec,0,0.40808,0.336024,0.484317
e93aa534-27ac-5e9c-0407-45853dff62de,0,0.135773,0.089797,0.200113
43096d71-6642-e50b-3b88-e18c324dfc5b,0,0.169246,0.119124,0.234834
8c78e05a-fc03-247a-0bf6-deaec4b3e9f0,0,0.627044,0.507725,0.732669
ce24e622-c746-8650-1822-c5b424ae4ffe,0,0.151149,0.106956,0.209323
a7d1b47d-68f4-5805-d9d8-89b5eb061b5e,1,0.064655,0.04934,0.084303
e66b8a53-083b-6300-ca5c-1ca92e699513,1,0.073999,0.052873,0.102652
7c1ead4b-4807-85f0-efcb-206362336267,0,0.114113,0.089138,0.144972
87dcfc67-8f2f-4e3d-fe7c-da56da5d3b6e,0,0.276812,0.189361,0.385447
ecd4c758-0810-0a5b-7b67-804e3b85b20d,0,0.153595,0.103242,0.222414
64c69e25-bb09-e287-9d2e-110ad3478806,0,0.21167,0.14589,0.296803
13856425-6661-f0a3-64b9-82114a733364,0,0.117922,0.087497,0.157105
5a9f0831-4783-338c-31a6-5549c9951a86,0,0.362144,0.236691,0.509691
7986b690-437b-2b51-93fe-60a1e30c038a,0,0.362144,0.265228,0.471737
90fbc47a-5fec-d964-4e24-88391f71714f,0,0.896774,0.825015,0.941203
aed24426-22da-3faf-7f0b-a39b86de2639,0,0.162876,0.124082,0.210878
f9013b87-e966-5953-5e90-06a9ca401a69,0,0.24411,0.188229,0.31024
c2034942-1e30-c0c5-eef2-0b209b259305,0,0.495498,0.363722,0.627902
3ba58028-aac3-9d35-b5f7-c988f1bcf200,0,0.169246,0.12453,0.225875
ef074b25-ec21-2624-ef5a-23c31b892c0f,0,0.379575,0.251007,0.527609
d35fb7d9-d14b-2712-fa47-31c822e7d9d9,0,0.52805,0.437878,0.616429
52f689e1-1093-165d-4a87-a1aa447e8034,0,0.134045,0.086128,0.202709
366f4f33-a523-0a16-3417-00a89620b905,0,0.130858,0.080638,0.205368
58f3b003-5d1b-ace9-ccf8-2e8d241d8283,0,0.254286,0.182613,0.342309
a4743e04-dbff-46e7-64b4-8518455c2c18,0,0.131894,0.089928,0.189367
75b256f1-788a-6677-8552-1f6947ab7dd4,0,0.397007,0.311695,0.489077
60a3d481-a675-b89b-6704-ba7071aef172,0,0.344713,0.226163,0.486349
a9181d52-3f99-2c2f-a08b-04bb769ffac7,0,0.230713,0.167699,0.308626
c1826a5d-928e-95d7-107c-3a7481d02be3,0,0.339997,0.247273,0.44685
4d06905b-ce03-6b7e-daa1-e42423721249,0,0.232823,0.181905,0.292892
1f6c5e37-4db8-51f6-cd58-17ffad0c0290,0,0.310714,0.246788,0.382785
9de62da6-a49a-6881-6eec-56749fd63c8b,0,0.23834,0.182949,0.304257
4b8820cc-8469-7e0c-4ae8-bb84d669025c,0,0.114242,0.087611,0.147657
6eaed445-0545-606a-606a-54c8b5fbd691,0,0.418698,0.313176,0.532224
6ddbf4ad-f357-051c-f7e1-2c1827aed80a,0,0.211344,0.156891,0.278454
ec51aaad-028c-ada6-7231-1bdec1d2674a,0,0.45642,0.352876,0.563873
52e654c8-cf19-b0f7-9349-03a38f57eb56,0,0.24411,0.18996,0.30783
e7db3391-ef87-d99a-1374-5d030936a510,0,0.272899,0.200587,0.359553
d9e6ceed-4ab7-ea73-30c5-639ca0f2dc97,0,0.52805,0.443735,0.610796
6f9f668d-960e-2d20-2c91-42b97bd868ad,0,0.106067,0.077208,0.14403
69f0c2f9-aed5-25d9-dec0-3fe5ab18e202,0,0.181632,0.121796,0.26209
d89411b7-6a89-30cc-0397-31d92a197718,0,0.290507,0.21644,0.377704
65049c31-4bfc-fb04-b2b6-18a20b9a3cb4,0,0.097843,0.067612,0.139567
d9a2cac5-f735-8ab2-7272-0022700302e9,0,0.351071,0.256115,0.459486
cb6cffb4-6363-1d35-1609-e12c984a8af4,0,0.220585,0.157074,0.300616
733b536f-9225-6a05-d70a-b352e3d3dccf,1,0.064655,0.048518,0.085678
43b5a741-1776-e99a-05ff-60d86bf40ca9,0,0.368502,0.26949,0.479989
ebfbbfe7-1e15-b98b-31d7-6cdad55e221b,0,0.327282,0.262513,0.399376
49206a6a-3136-d2b6-7e91-c7094a99f60c,0,0.327282,0.242041,0.425682
0cf5f462-2827-36c1-b30e-377cb7a9d394,0,0.215655,0.157651,0.287709
b0a14d6c-fba2-de90-a182-6c369f021e2e,1,0.067124,0.048642,0.091952
20b96805-9274-ba8f-ec11-d66e7d931742,1,0.052412,0.038646,0.07072
2323ccc2-9ebb-dbf8-0c23-43253969986c,1,0.057548,0.043115,0.076428
3333be6f-815a-cd33-b8f4-b3fc77ade7e7,0,0.331316,0.252109,0.421387
7f6428a2-91d5-09b2-f719-e60e430f183a,0,0.114581,0.08879,0.146657
c7d83052-58ed-48e3-600b-8c833a2be029,0,0.153332,0.103905,0.220485
162606b9-d71b-9563-4e05-e216e407e2c0,0,0.14659,0.096358,0.216728
25ab0dae-6744-3de9-4567-ef21ed151cc6,1,0.085192,0.062538,0.115047
12d1a24d-73e2-5060-f4e6-a049321290cf,0,0.240688,0.188014,0.302618
06f31e5a-eec2-4bd7-3fcb-3656cd2abe16,0,0.162876,0.126154,0.207745
e84c0b95-e554-1935-2ecc-8789c9c66ec3,1,0.033814,0.026387,0.043239
971919af-1945-a411-b0e4-46f19d97df9c,0,0.224895,0.166628,0.296293
20177995-b73e-898c-7e73-2a218c137f38,0,0.425937,0.321571,0.537348
07227968-0935-886f-8cbe-f37aab7082bf,0,0.109727,0.081618,0.145977
4ba09ec9-67df-b4f8-bee0-72a9e47fa289,1,0.069875,0.049795,0.097223
f53e2e10-c681-dc75-0585-31815495c108,1,0.069875,0.049384,0.097991
b01a8da7-42cb-0465-147d-cf2d002fae32,1,0.087293,0.062489,0.120676
c2669945-f460-69b3-234f-6b15c33b4abf,0,0.200229,0.148147,0.264925
64ebb082-1806-f4d0-a7e6-6d9e45a325f7,0,0.10154,0.071772,0.141769
0decd743-16cc-adf3-2f77-78306c8f0ca5,0,0.227836,0.177442,0.287539
61cefda6-d699-5a8a-29e6-378ddb656bfc,0,0.251155,0.200537,0.309601
2388464f-b44e-2260-d6a5-afd65482d2ec,0,0.243582,0.176363,0.326271
03317c48-243d-13b2-f403-fd78d6823775,0,0.095783,0.067409,0.134378
9aef6928-5713-847c-2ea5-3130eda5ffc9,0,0.314658,0.234293,0.407903
6dfea103-bcc9-a9ae-6359-57d69897dcc1,0,0.318601,0.251582,0.394072
46de898b-af64-1009-9808-91dc8f353e9d,1,0.06328,0.049265,0.080944
c147df30-f4db-6a6a-e9f3-3a8bddbe0a65,0,0.241472,0.184564,0.309271
a5a5f4b0-cef6-f9f8-e0e4-c88cfd3faa32,0,0.40808,0.312637,0.511
db0e4014-7e04-6718-4f66-126ef9cc7ad6,1,0.069875,0.04973,0.097344
69e950e0-3e0a-95aa-cccf-be97d03a4f16,0,0.339997,0.252822,0.439547
06623ace-1a13-e8c1-60b7-278e0704e51d,0,0.227836,0.173077,0.293766
9afbf2ac-9c1d-a79f-e5c6-bc3492dae26b,0,0.58664,0.452312,0.709203
576fe210-1fed-0d9f-3794-6e6feceb0c53,0,0.921607,0.876266,0.951258
7a72cca7-f7c7-a11d-d4d7-2f5971711dfd,0,0.11868,0.081352,0.169966
dfcaf329-4720-8340-6d15-625f488c2e53,0,0.234136,0.170244,0.312961
e331a1de-6fc0-a2a0-4eeb-e9254c1cf1a5,0,0.560592,0.422658,0.689761
c0a95505-9e0b-e937-1efd-ad4d96a2c049,0,0.468919,0.389992,0.549432
4dba8215-8afb-e175-b8c4-d8c73b4103e0,0,0.121115,0.077743,0.183861
2ace752e-1770-1535-ab6d-0da44f393bbc,0,0.114132,0.081066,0.158361
993ca239-6ee9-384c-a072-d6a44f166423,1,0.070659,0.052035,0.095278
3e2eb84e-a2a9-7f5a-369d-ec7d38a1aec8,0,0.691105,0.614917,0.758148
eb57449f-459b-f1e1-59c5-d26f583aaafa,1,0.06864,0.051853,0.090345
fef06ca6-c9f5-9be6-4609-7f8b28e6e07b,0,0.446786,0.367687,0.528675
4f883239-9182-2f16-3328-273b3c204cce,0,0.106018,0.07714,0.14402
d569ec2f-6b6a-caa5-1908-f11999cb224b,0,0.254286,0.182425,0.342593
8361d829-6ec3-a7aa-043e-b238cf79cdc9,0,0.687217,0.616357,0.750291
83f7e3b7-32f4-7456-4bc9-63e1d0c3f082,0,0.097843,0.066372,0.141968
570b69e2-3e5a-ed14-ae97-1bfa700d7a2a,0,0.320924,0.256361,0.393151
c7bc4601-31f4-0f28-2443-9e5b50c7abd8,0,0.411459,0.334984,0.492464
718e0546-4f83-c873-9445-46efee2aebd2,0,0.089394,0.065887,0.120208
9fad2dc7-22b3-d1ed-5380-979cb25f89af,1,0.062663,0.048142,0.081191
7d47dd85-ed2d-ed0e-dbbb-38a4425dbde8,0,0.114162,0.089413,0.144673
aee5b063-fefd-b994-4fae-8fefd644ad2f,0,0.118889,0.084524,0.164713
6d91d57f-d795-8b60-da88-c8d7893262f4,1,0.052412,0.039002,0.070095
f303602f-dc22-4ff1-48da-9cf100915e4b,1,0.085328,0.061591,0.117071
e0ffab15-8c14-a4a1-840e-d18b36685c78,1,0.087391,0.062933,0.120136
d23f0f35-fd26-961f-11a9-09f28ed45d0d,1,0.054248,0.036744,0.079403
565ada5f-9d5e-c8c0-b558-60f00b0ab30b,0,0.316981,0.234982,0.412177
02a2f68e-bd64-b1b5-8943-383588698279,0,0.40808,0.314364,0.508995
4ad8ad4d-afdc-60cf-e57d-6b735a2fff87,0,0.10189,0.073728,0.139194
49277ea7-6da2-eff0-ae16-ecea8cc01b23,0,0.176144,0.115001,0.260236
46d3ebb9-a5f0-4905-2012-b625f641744c,0,0.728313,0.573552,0.842348
8f50878c-df9f-332c-265b-3a2fde61ed16,0,0.534544,0.453405,0.613896
15712d18-fbbe-2ece-83da-52413d75d3ab,0,0.691105,0.609726,0.762135
1b21d82f-e54c-bf0e-8908-60a7e063e3ef,0,0.253026,0.181592,0.340857
52c9b971-87d9-7c84-20a0-1a631f8cd3e4,0,0.242545,0.176214,0.324023
d47eac8b-9f27-ece5-81e3-b00b5ba8cec9,0,0.912433,0.855584,0.948257
46669111-0e7d-3bc6-153e-7accdfe681fb,1,0.083267,0.059073,0.116146
5183caf1-48bd-b27f-d91f-ff3bef8f62b8,0,0.162865,0.114915,0.225721
4f838bb7-9a74-5fb3-4f77-47057eb9ccae,0,0.089665,0.063794,0.124631
b596a8fe-e5de-ab44-1dae-d2c6858f2cfe,1,0.069875,0.053309,0.091093
f2ce7b05-5733-b175-1f72-5486855b4b5d,1,0.064655,0.049553,0.083954
dfd8f259-3ba9-9bc4-3c7c-1037ebeb7886,0,0.15602,0.111551,0.213946
99006c1a-a863-dc9a-afaa-62aebca468a8,0,0.168423,0.126124,0.221315
65c30c1a-0c9d-350a-1001-744cca68ce31,0,0.547568,0.438304,0.652433
3946539b-aa3b-7154-7d14-196113eb06c3,1,0.060837,0.045902,0.080224
908b72b2-be01-f786-e070-2681915f0f9e,1,0.049849,0.03884,0.06377
c8a567e1-1980-f462-9dad-40b5a2a566cc,1,0.067265,0.051009,0.08822
a12076c8-ecc0-e5c6-4359-4baa56c7fcc5,0,0.117539,0.087953,0.155381
fd89d48b-3a4b-9ac4-85f2-fd0b4e21d1bf,0,0.124586,0.089607,0.17066
113cd7c2-d0d3-93f0-5703-7e59693445f4,1,0.087564,0.058349,0.129398
ac67255e-c029-6b21-1f24-5f9247b759db,0,0.231258,0.18019,0.291651
231e2cba-192a-add8-d42d-f67a0bff76e2,0,0.114451,0.088819,0.146294
d345ccb1-c290-021a-1f46-913db10ea9ff,0,0.110065,0.082414,0.145523
730cf3a6-b1ea-0d65-0196-6c53449b9ee6,0,0.313038,0.243061,0.392708
125c90de-9349-29e5-f127-a6dfe26df36e,0,0.097843,0.072304,0.131128
b8941b10-cf5b-7453-fdc3-d957159a3a80,0,0.238886,0.184621,0.30317
70211d56-316b-61d5-b35f-02b3f63e8be6,0,0.144061,0.088593,0.225659
664a8a07-74ab-3020-9b34-05c437c39aac,1,0.0601,0.044462,0.080774
8f420f95-6dc5-e331-c6a7-919eb4d990c0,0,0.118889,0.088343,0.158165
4febf52a-6bbc-75e9-ed1d-f8b4656c1a9e,1,0.067265,0.050114,0.089732
f995b9a4-cb30-6289-7d63-2cbf20979b43,0,0.232345,0.1664,0.314563
a41fa6e2-0b52-a7e5-9e2f-ae720264f576,0,0.234136,0.18135,0.296717
ac858922-8f39-0227-446d-9f7ccdb1876d,0,0.453345,0.372603,0.536619
73224253-b169-7405-339b-e142eb3afe49,0,0.649221,0.51827,0.760991
6f9d74f3-6ad2-2457-8cd8-7a41b3cdb91e,0,0.276812,0.191128,0.382733
d76ef39d-e512-9642-fe82-87fd34499cd8,0,0.165828,0.109484,0.243248
dea7770f-c9f3-360d-1a9f-fc52279a9b82,0,0.297019,0.206748,0.406507
6361e57e-2462-148a-21b1-70bfe5dd5560,0,0.284944,0.21649,0.364961
d0c1384f-de2b-710b-137f-6220afc7ca64,0,0.641443,0.488256,0.770344
78a9e383-8a47-8275-6195-0c1cac7d4211,0,0.316981,0.239729,0.405838
f43dfc14-50df-8d1c-6c84-7fd5085b522c,0,0.178914,0.129015,0.242733
1881f19b-629b-5882-cb7f-d01ff6f00678,0,0.151139,0.0991,0.223717
9945d2d6-6cdd-1757-7cae-2b8c8ce1f61c,1,0.060837,0.045899,0.080229
f52789f8-91d7-af4f-7d5d-7d5849354cda,0,0.40808,0.333434,0.487223
672c31b4-e9e1-d079-b705-422e3d9c66ac,0,0.141899,0.103792,0.191014
313da399-fceb-a34c-b99e-252ffc1f5e2a,0,0.698044,0.615266,0.769679
c9ab551d-14e0-8094-0898-1a939f18b8d1,0,0.287376,0.18398,0.419042
06ea1d94-b03a-a651-a8af-4496f2834e2a,0,0.163759,0.112768,0.231783
5a9f1b99-1e44-5e43-4433-f28cb956c4f3,0,0.114322,0.082716,0.155952
3a8636e0-a1a4-a036-90cc-3aa5974d50a8,0,0.23834,0.183841,0.302998
f0111a96-b44e-a9b1-872f-d77ab5f7a668,1,0.07125,0.054129,0.093252
dfe709cf-6dbb-222f-2ebc-42ea87867c51,0,0.101651,0.075208,0.136023
f5d5f348-fb20-abb5-97c5-1de3b8747aa5,0,0.162876,0.119828,0.217566
f57dd161-b326-4388-5440-d1124f337382,0,0.115209,0.088083,0.149321
54394646-f87a-f8c5-abcd-e50717ab2256,1,0.062663,0.045117,0.086416
5943ac8f-fe97-b29d-429d-97ee21b01a2a,0,0.195913,0.137443,0.271428
2fd8e00a-d5e4-a5ed-5655-51ef6c0359b8,0,0.167353,0.116518,0.234479
65d53878-6ec2-1234-cac1-e84e4cf77f90,1,0.062663,0.044858,0.086892
8ad42baa-2b3f-edb9-2d2f-bb056e8f97b3,0,0.411459,0.335836,0.491509
300ba88e-8620-5a5a-426f-c4085d178c36,0,0.309094,0.242567,0.384603
e569350c-466d-e11b-3ef6-3ec13ee40c5a,0,0.626959,0.47631,0.756433
316077c2-468e-a9d7-07de-c8f7fbe1cb5e,0,0.627044,0.512219,0.729133
0af9c64d-32e0-70db-5ae7-7b8f9147ec8a,0,0.479954,0.349669,0.613024
978ee9ac-edad-e909-b81a-9ab401d77843,0,0.186487,0.124959,0.268998
1b4e4738-0008-d873-352c-dcfece8c0004,0,0.093583,0.059092,0.145101
f9bfbeaa-51bc-6f92-ea72-7d5151742950,0,0.124899,0.091641,0.167995
8f21d3f0-5d5c-97d9-fa55-d56189194907,0,0.109616,0.08195,0.145147
e0b6c71b-f7da-678e-3cc2-428e47734858,0,0.157023,0.116738,0.207936
e34fe69f-89d1-9f31-0a7d-e3bc771a00d0,0,0.109856,0.079501,0.149913
0c68988a-a027-32ff-fb3c-aa7e5ee0e5f9,0,0.239972,0.187862,0.301176
52f397b9-7bb8-34dd-9516-7a145fa9427b,0,0.92825,0.90248,0.947605
e5e14f06-2f74-cc86-d507-254569f1e7cd,1,0.059374,0.044372,0.079029
4861259a-370f-e3f2-0898-07e7e617091b,0,0.27055,0.195221,0.361876
36a1d137-bba7-281b-68b4-c04b4c8d5fa0,0,0.704386,0.59638,0.793498
a314968c-07e7-b26b-c7c0-33a89fc4dae0,0,0.118889,0.082652,0.168103
42fb6920-a01a-292a-feca-20b7bdd77468,0,0.157023,0.116563,0.208216
84003c35-c109-b54c-479e-2204c06ab5c0,0,0.150167,0.112521,0.197603
9a568950-c0fe-5705-2022-2edcdeb077ce,0,0.411459,0.311816,0.518933
89ffe6be-cae4-dde2-e213-f7fb8dc98954,1,0.066507,0.050677,0.086829
e27a9892-2556-7f4f-e9f0-49f948a18800,0,0.257417,0.18896,0.34027
733a6e20-92d4-5e88-8605-cee76c04c6ff,1,0.049849,0.039044,0.063447
c56b283c-26db-f4bf-1346-daa76b0d9c8b,1,0.049849,0.036225,0.068233
7912ec3a-33e7-6eb3-bc4d-e43589251210,0,0.663536,0.545877,0.763895
39fc6ec6-5766-2802-3d12-a67a5ef392c5,0,0.212232,0.144245,0.300992
f99d6b1f-5d70-7e70-f554-b7247400d7dc,0,0.48747,0.36282,0.613698
82286e15-93ca-d929-c840-bc53f1391207,1,0.06328,0.049381,0.08076
8a16284f-95de-c38e-4f0e-a56042ee455f,0,0.438197,0.32936,0.553327
0e51f8f6-462e-b7ca-a580-92325f3047c6,0,0.177334,0.120936,0.252479
550066f5-9167-6a02-cde8-2e57ab672d16,0,0.390649,0.285796,0.50668
26a4e521-d308-2255-4a9d-cc0da1b636d5,1,0.078909,0.057502,0.107377
94dd1ef1-d839-2c16-31a4-305a654d1849,0,0.130638,0.089293,0.187192
7bc1ccda-4900-f521-6996-9fa4d5753af6,0,0.294696,0.225403,0.374979
89b56c11-2872-00cf-a117-644bf7afda50,0,0.838267,0.783336,0.881379
424e5b92-b737-8a48-6705-615807f3cdf9,0,0.411459,0.308937,0.522291
8ed87c11-bac5-453e-eee6-da97c3903fb5,0,0.333639,0.256876,0.420366
8f283984-d207-d1f7-3a1f-c91634994e99,0,0.224414,0.164839,0.297841
85a22e8b-4aff-22fa-0a32-b460602dc90e,0,0.515062,0.403614,0.625033
47e0ad1a-7556-692b-3878-98d4d9e03360,0,0.214307,0.151765,0.293697
8a3ebc52-315d-b681-4654-d186c9ede099,1,0.062663,0.049067,0.07971
0119384e-42f3-525a-14e4-d21a5a1a183a,0,0.254286,0.182926,0.341837
4db79ed8-56c0-a87f-741a-6cf17150caa0,0,0.105679,0.078541,0.140762
a48d6554-0aea-e78d-cafc-720bda5fc036,0,0.309094,0.226516,0.405977
a4377887-12cc-78ef-39a5-856fe2f0f42a,0,0.165135,0.125091,0.214851
38458310-dc9f-7406-7013-20e9ddffeca5,0,0.106357,0.076754,0.145577
fa779dd6-4f20-b63c-79f3-4b0c4f3bdfce,0,0.093925,0.071505,0.122448
00aa7837-9c52-6bbc-6065-4f034a1e4b9c,0,0.288887,0.211195,0.381343
44371a4c-6d38-9320-f9af-8bccb396b6b6,0,0.327282,0.238759,0.430082
bd652848-9303-e7a4-49e0-205f8091e054,0,0.310714,0.244154,0.38615
47f65e48-65d9-458d-17c2-0c6a839f9a7c,1,0.074135,0.051626,0.105366
c6d38b22-ef37-4b71-6448-5659a0fc33b8,1,0.062663,0.045481,0.085753
0cae680d-2197-b678-ce86-0198ba8e206c,1,0.076943,0.052618,0.111194
c81d6727-8167-e999-02ef-437a12671599,0,0.113983,0.085693,0.150081
03b41eb1-4b0a-8cbf-c1a5-a6428156a9b2,0,0.209837,0.149462,0.286387
0510e9e0-52db-1c9f-fa3f-6c389025fbad,0,0.453532,0.344853,0.566829
f1dd0aca-11e5-1a60-3b48-0d586dc2dc29,0,0.305151,0.226181,0.397529
a51b5159-de99-7bd5-8af0-feacb86f180e,0,0.40808,0.313934,0.509493
d494a236-2d65-54a4-e7b1-4acb7da5b11d,1,0.085134,0.054726,0.130112
deb18cdc-82d9-6d24-b27f-0726e59ac374,0,0.093925,0.065335,0.133242
80c6db05-0ca9-d9c3-aed7-0c9a4cd7d5f0,0,0.40808,0.328537,0.492749
ccbf8aca-5a6d-b755-7303-7f3f1850e252,0,0.599536,0.471444,0.715329
a3804b51-d659-2d0d-83c0-3246865aac0c,0,0.131545,0.09276,0.183269
13842f8b-f38a-2086-5cb8-28b0a2fbbee9,0,0.169211,0.104283,0.262707
580f4c6c-1a81-5d63-5d20-448d6826f5d2,1,0.05206,0.040339,0.066951
01cb1a7f-ef37-9315-b52a-08d4cd53ff52,0,0.097707,0.073834,0.128232
519bcd45-2959-2420-38de-e7c45ead414a,0,0.242545,0.177811,0.321627
a2d9c525-0b85-9de5-9308-783a8f51b316,0,0.178914,0.132179,0.237648
bf0e6214-e480-9344-c0bb-3c1b2e85163f,0,0.411459,0.332883,0.494825
18646b03-4586-73fd-7fd9-0ebc1930cef1,1,0.043435,0.028749,0.065119
fa97dc1d-4201-9380-317f-be81364213fe,0,0.169246,0.115543,0.241105
90a28efb-c419-4bcd-b298-f6d23ea8f13c,0,0.704386,0.596264,0.793577
9d64f123-c312-7bf7-3092-2d9780983819,0,0.176003,0.122705,0.245961
5bc5d7a5-def1-8064-174f-592d8a0ffc73,0,0.250372,0.193853,0.316893
314f9f66-8fba-70d9-0dbe-023bf1af054b,0,0.173744,0.116345,0.251402
641069b8-bc2a-0eca-4a01-795333e7a40d,1,0.076749,0.055874,0.104561
7eda7022-ffcb-9e9e-e90c-d7b171adba9b,0,0.24959,0.197131,0.310608
e08549d7-93c4-5042-1477-c197f4f94cbe,0,0.233977,0.167733,0.316436
2227380c-7b5a-f071-0196-35ecc82357f9,0,0.245676,0.190736,0.310372
02671110-57b7-6225-6818-e9920378806f,0,0.288887,0.199563,0.398298
646bb8ef-03e6-6cb6-7a78-b37a4e0b7cbb,0,0.478522,0.348582,0.611434
e2705c53-4d78-73e0-ae1c-363ce32734c4,0,0.59962,0.435619,0.743974
b5ab1cbe-0d38-ab04-8235-ac1bf202a17d,0,0.547568,0.445038,0.646214
db77faf9-d066-08ff-8e5d-20e25c25d488,1,0.074784,0.056209,0.098855
4508c972-74e0-8ed7-a6af-f1ec1e788158,0,0.111972,0.087057,0.142901
c81d6e24-0251-ebf9-4f07-bb071d6fec6f,1,0.067882,0.049995,0.091553
215c09f4-b234-ab39-1179-530ff08414c2,0,0.269767,0.192177,0.364547
7e497deb-a3f3-caa6-3d4f-7186aef38d42,0,0.286564,0.199164,0.393473
d5d23970-df08-e7b2-9a3c-2f565ef77b92,1,0.069875,0.052939,0.091704
4f526629-91b0-ab1f-4efc-40a60b2edb9a,0,0.093789,0.066899,0.129982
9ed2ef2d-df2d-2999-939e-79ebc141836e,0,0.124522,0.076449,0.196397
5f913dbf-a3b3-f348-cf92-6c12f5b81e6f,0,0.248024,0.179119,0.332693
f13d7fca-9de0-16fd-3e6c-123b6a49e9fb,0,0.23655,0.174975,0.311609
ec4c5d2a-dcee-d7ca-4c1e-a84e7432a2c5,1,0.062663,0.048845,0.080062
ae3ccf64-3bd9-221a-ebb2-e64c62bbf78f,0,0.302828,0.23906,0.375219
bcc11d6d-1b78-0686-dd42-a5ade52635d8,0,0.147742,0.105398,0.203232
421e58f6-ab49-cc48-90b1-63659d46a0fe,0,0.486033,0.383369,0.58989
b7dc8327-8b11-4bfe-9daa-d6e935c77d87,0,0.66504,0.554152,0.760279
ed442551-4bc5-b728-957a-809f3b1d63e8,0,0.885226,0.829443,0.924426
d21bf2fe-07f5-f436-8630-ec12c2aa5f2a,0,0.09175,0.070143,0.119159
7a5b799c-aea1-a776-bca3-ed0eff63fb09,0,0.617988,0.514833,0.7115
b2a69373-d3e7-856f-b0c3-495695b506ff,1,0.069257,0.050635,0.094051
f9422226-0828-5a56-f0cd-3db1a4a660cf,0,0.242545,0.18006,0.318296
64279534-db9f-1c3c-3f92-2ce0b4ff7ea9,0,0.242545,0.180102,0.318235
6a0b59d8-bf49-77d3-1c5f-1709a47f75b3,0,0.171516,0.125783,0.22951
95cb12b0-02ea-badd-eef9-75d2a08d7943,0,0.171505,0.128627,0.224986
adabd778-4e41-3c9e-70b9-9d0c47db566e,1,0.069875,0.052711,0.092084
eca81096-96c6-68f3-8b3e-fb4c0c24876d,0,0.189878,0.12678,0.274506
63452515-446d-4f75-7c19-f5fa826a1998,0,0.698044,0.591942,0.786507
c040541b-122f-3b0c-6cc5-28f9b090187f,0,0.174803,0.118588,0.250104
7eb9d990-5c61-3a70-4f9b-78b1e7135fcf,0,0.327282,0.258328,0.4046
0cb3954b-24f0-bae5-f600-02ce0bb99c69,0,0.753497,0.646558,0.836274
0fd2d1d3-84ee-baf5-d1f0-56a7973abb2d,0,0.256635,0.200232,0.322518
83831e1a-c1f9-c781-96d2-967d2ce0d2b1,0,0.228317,0.171142,0.297733
39b123bd-016f-9e6f-6a92-e9df66df5e50,0,0.599664,0.497691,0.693678
3330e1f5-eadb-4997-6c8f-a79c41e37474,1,0.07551,0.052489,0.107481
86618c0a-7175-7256-b2ae-7711d1eb4600,0,0.454673,0.357425,0.555507
1bcf06bb-6d9a-435f-dce4-35b499b1844b,0,0.58664,0.456861,0.705406
8ce79a7f-4ec5-a583-6575-55e62ed9c18a,0,0.668928,0.552899,0.767508
26962cfd-7724-6da6-a70b-3b4dd4761695,0,0.999999,0.999998,0.999999
408101e9-851d-ff08-22f7-38c6aff51f73,0,0.134329,0.089953,0.195884
d7fdf3a0-0a80-9673-9d1d-b0a7c872ee19,0,0.141406,0.096072,0.20332
78941331-b79d-682d-fbef-9e1b149222ab,1,0.073409,0.053726,0.099544
f211fc78-b42f-cc8f-e907-6e6f60f36ca2,1,0.064655,0.048116,0.086364
251a8f88-54f7-846b-f8d8-ec759345608f,0,0.175616,0.129182,0.234251
6c496fa2-a7e7-3103-d3fa-bdd1650ae608,0,0.093925,0.071273,0.122824
2f829f55-d70e-538d-6e76-f4eb4621b4dd,0,0.547568,0.449472,0.642103
935f2968-bea0-dfb6-d06e-a2c02da1b567,1,0.077534,0.053313,0.111461
51561095-394a-b19a-6e77-952bff01d1bb,0,0.418698,0.33842,0.503527
ce8e8e6b-bf47-0fd3-5da1-1931ee00a6ac,0,0.113903,0.087492,0.147003
a0094da7-1889-3d8e-0787-93144c17814b,0,0.327282,0.239685,0.428836
45c6cdb6-6752-2f48-2d60-34ede21c8af6,0,0.329696,0.251565,0.418524
b5a6105b-0757-40d7-7bd9-5825c90a8c85,0,0.808911,0.688824,0.890052
67e3295d-c15d-92ce-cbeb-4a64a2f1efe0,1,0.062663,0.048591,0.080465
f54ce5b1-fb96-df00-cdc9-1675f067cf6d,0,0.385933,0.274279,0.511034
27d63865-fe6c-9160-a2ce-2ac165b63f50,1,0.087293,0.062443,0.120758
369ed1e6-fb2a-3ef9-851b-e287a5de15e5,0,0.110195,0.074216,0.160589
a726db0f-cf59-19ae-5342-7117e922918a,0,0.159427,0.121759,0.206014
ff1daff9-7123-4acb-b102-3801ae517535,0,0.220648,0.167904,0.284301
b2d8069c-3d49-352d-75c6-fe5e1d184844,0,0.534544,0.450311,0.616852
2af644fd-057c-087e-c4b8-517bdf867b93,0,0.157002,0.108947,0.220996
39d8d53e-f576-240e-2db6-bea287bf12ca,0,0.23834,0.174808,0.316118
f696e287-2010-4a56-9c86-d99c92f5f30e,0,0.351071,0.261351,0.452713
373708d1-0b5f-d69a-9355-eb0d315d13f0,1,0.074784,0.056574,0.098246
f680b0d5-b866-f266-0d5b-1bbc54afa39b,0,0.681908,0.57687,0.771213
ce3fb550-b5cc-e92c-9964-519501205c68,0,0.251155,0.180057,0.338729
222efad3-73b9-6ffb-12f6-3166ec4e2934,0,0.599664,0.518509,0.675696
6b838160-60a5-e5a2-925e-62a51bb4305b,0,0.110195,0.081483,0.1474
9872d314-bad1-4e0f-82ab-bed289179c10,0,0.244892,0.191736,0.307185
b9c28b2d-4d1b-c152-6f41-cade9705cc6c,0,0.115209,0.088134,0.14924
4f57a612-6a55-8a25-872e-74f23a1bdd30,0,0.599664,0.494836,0.696098
37758ee8-bc05-e208-34cd-09836faa981d,0,0.534544,0.454433,0.612912
42333994-c4aa-373d-2f6d-6363d6ee3477,0,0.24411,0.187211,0.311671
04be35f9-02de-3632-c93b-2debe69dba6e,1,0.052423,0.038725,0.07061
b51a8d6f-2a4b-3791-c343-f815cbf53c5d,0,0.462308,0.336107,0.593532
4e254d65-563d-d169-a8d1-d53b91a113cf,0,0.320924,0.244238,0.408668
a3e21f8d-9e0b-a10b-7de8-ce7cfeb89bdd,0,0.314658,0.247948,0.390008
7b0f2e39-3729-a8cc-f229-6537f9ff42eb,1,0.087429,0.064302,0.117825
937fbbdb-d005-cc0b-fb06-4170f439d677,1,0.063898,0.044831,0.090307
66c15321-02f8-0161-1195-d45c141920ca,0,0.223868,0.162569,0.300002
13092791-ba2e-9768-ffcf-64ad70108a40,0,0.314658,0.232719,0.410029
6e896b6a-37c3-27ce-35b6-5e324f727e79,1,0.064655,0.049214,0.084512
a32c8740-3245-da82-32f0-676998f7a085,0,0.110743,0.077513,0.155812
c1619617-c104-afed-b2ed-3267968e29b1,0,0.231258,0.178174,0.294491
25163681-1f2c-460e-3c18-3d58253d48b0,0,0.999999,0.999998,0.999999
ddbb341b-fd0e-7184-15df-fc2bf34fdd69,0,0.311631,0.232389,0.403684
3689bb92-bd40-9f26-64b3-d5e059687e74,0,0.691105,0.592384,0.774998
33249a96-93af-0d2f-b9e5-71e60bc4b39a,0,0.698943,0.587231,0.791173
f145d63e-cc42-5c97-2bc7-2a2fea0609a9,0,0.133611,0.103182,0.171299
50673020-2e06-83a0-d5f7-39a2991c342f,0,0.185973,0.133446,0.253137
bab430c6-5034-9495-14e1-f03c1f1ab4f0,0,0.646752,0.525057,0.751993
1870adfb-8eb0-5243-dcb5-0e7ee8f037a4,0,0.26868,0.206208,0.341927
52f78bf5-4d57-b7e4-ad41-dcd4cbc24cca,0,0.237558,0.175291,0.313534
031c36db-1c9b-6c19-179b-36e8cb06750c,1,0.072625,0.056379,0.093091
bc06a1c9-1fcc-fb2a-b489-e08500260b3c,0,0.106037,0.070547,0.156377
7b5a8245-2191-d6ab-c393-42abd558140f,0,0.15602,0.116057,0.206527
6ddcff4b-0419-1a61-03d6-d81df45a726c,0,0.246459,0.189407,0.314037
1de46458-19c5-ecc0-8b9e-f70403b88da0,0,0.151159,0.099102,0.223769
6a642931-0539-5781-b0f8-3d61942d7922,0,0.379575,0.272858,0.499368
5a18793d-d4a6-d498-c621-9dd9dc8225d4,1,0.056085,0.041252,0.075829
c38d4c71-ecae-bac5-1042-a35343af8b68,0,0.10189,0.067687,0.150585
b3c7fad8-0603-6446-e4d7-30792aeeaf19,0,0.12257,0.092675,0.160403
0948cc6c-89f3-905c-8bc2-0ab8c38de7c6,0,0.239123,0.18627,0.301417
eeb27b9a-f729-70a4-fd63-8691b5c35a6e,0,0.194216,0.126591,0.286131
a9ac87ef-0cc2-95ea-97e4-4bfdf77d9cfc,0,0.176523,0.126818,0.240345
fc954039-2323-ce28-d953-d7ecc5e02674,0,0.093789,0.073532,0.118911
6e5f07ac-5aeb-c46a-3b71-8a07146db0f8,0,0.114371,0.087384,0.148339
cdb69c26-0c1d-8979-5145-c32f4f33dcf3,0,0.875413,0.823894,0.913444
ebe9fc41-8558-c8ef-c90c-14b9ddd0b095,0,0.110114,0.073475,0.161834
4be4a9c7-b5ba-188d-1d96-f95ecdb0d43c,0,0.093925,0.067845,0.128647
e10f2240-c5fe-b07f-27d1-ccbd9065e7e9,0,0.193643,0.128854,0.280518
226714d2-3606-dc0b-4722-50db2689dc24,0,0.105679,0.070456,0.155565
2fda329d-430c-71c4-3f36-e811bb55a5d6,0,0.320924,0.254022,0.396091
13a6f347-1f85-0e3a-d303-420c21079e77,1,0.062663,0.045838,0.085114
0f351915-63ba-5c4c-a629-5d7dc07ee4ba,0,0.153301,0.096691,0.234452
60e4aa88-470d-d0a0-8d57-26c7d3ba221a,0,0.214285,0.148367,0.2992
bde2013b-ac59-8207-dd8c-00942a3aa7a1,0,0.169256,0.12824,0.220079
dddbad83-ee59-5dad-bf24-e88541cc22a5,0,0.237558,0.1853,0.299142
7fc2aacc-6109-d813-b371-d8dc9fd0f06b,0,0.125109,0.086674,0.177279
f56c0a87-7a55-f04c-9107-d2c5c0c0a73f,1,0.07125,0.055298,0.091359
3f4448ed-a996-f4dd-8fb6-8ebdba988217,0,0.923663,0.883706,0.950658
644eede7-9b75-9bb9-fb3e-c9caf2d0b4ca,0,0.244892,0.192516,0.306117
a8f3d9cf-411d-43b5-c6c4-41380f0e7c93,1,0.049849,0.039038,0.063456
5493f2f8-662d-30d4-b278-43b56442f4d8,0,0.40808,0.308964,0.515284
ba094b21-495d-3a61-4a5d-20b592841bf2,0,0.171851,0.129481,0.224509
581ed8cf-38ab-e2ae-08e9-492f735c218d,0,0.922966,0.883638,0.949758
70ed678e-4024-1820-4cf0-c01397e22fb7,0,0.58664,0.481223,0.684673
abebafe2-f6ac-1ee2-7e4e-18675cc2e232,0,0.169246,0.116566,0.239284
b7a80995-91d0-ba1a-83dc-cc78024c2b81,0,0.093925,0.068214,0.127995
2f3540ed-ef75-3edb-244c-bbb64b0ee507,0,0.101761,0.073413,0.139409
fecd0e43-4d9e-09f6-a338-ce00ae6805fa,0,0.091824,0.063616,0.130793
0185c10b-3ec4-4b43-ddd9-8878b242b6ed,0,0.179562,0.122386,0.255667
3386c90e-1456-4908-64c5-0802e6b91d88,0,0.243582,0.18723,0.310417
638be5b5-8713-4a33-b87e-5e8a27a28e54,0,0.320924,0.254325,0.395708
d15b3349-3ccd-498c-e1c9-82f2db0d8f5a,0,0.484619,0.357807,0.613443
72a6e467-c4b7-e84a-2131-71578887365a,0,0.196268,0.129449,0.286237
a04d74a0-d23e-40db-19d3-3cf6d3d939fc,0,0.093925,0.07338,0.11948
9b3354ba-fbd2-e203-2088-d9fe9269d41f,1,0.067265,0.051037,0.088173
8a6a86ce-b7b4-9a60-887f-b23f943676dd,0,0.40808,0.309613,0.514524
52daab91-0767-1340-2d5f-79ddfe6cf3c1,0,0.234918,0.178983,0.301906
5eeb0fcd-96ba-3925-83d5-08deea2423e4,0,0.40808,0.315149,0.508084
ee6e7c4c-fffd-6cd5-e385-7b447aaa9be8,1,0.050586,0.038799,0.06571
b632f7fb-82e0-ec13-1f7c-109486216a3a,1,0.074757,0.051569,0.107193
40becb6d-b421-3e6c-1519-78630e646906,0,0.179403,0.127731,0.246082
06788ed6-43bd-6cd1-951a-2ba2a48db62d,0,0.153584,0.114413,0.203091
45e3c4e5-8a75-e01b-51ae-eb26b4c5d817,0,0.093925,0.070647,0.12385
ec690cb6-21c6-702c-fb5c-f0f8723d79bf,1,0.058648,0.043295,0.078995
1733389b-c2f6-edfc-18bd-9fb38c1e9bc2,0,0.159448,0.123577,0.203314
fd718ee9-a6bd-c565-6591-f9558dc29a37,0,0.573616,0.462766,0.677532
1e77c535-1480-7595-63dc-939fe3ab13a8,0,0.312334,0.24685,0.386281
6f8f0721-51c3-4cc5-0b5f-ba1976ca0cd8,0,0.184411,0.12214,0.26871
e6d755ed-66a7-0e32-638d-5deedb220c94,1,0.081145,0.05789,0.112625
a9b5f332-6ee9-3c10-aacb-52b1d22f165c,0,0.093925,0.071457,0.122525
db8df81d-0c77-4a2f-0f17-423e5102135d,0,0.112675,0.080815,0.154979
8c245638-37d5-ebe7-9a2b-965ddc5164c7,0,0.093789,0.071206,0.12259
3890b463-7ce6-00c0-e91e-c3d1e151b7d1,0,0.297019,0.209116,0.403042
214fd003-83b3-ce5f-ddfc-bd42b6e16746,1,0.049849,0.038649,0.064077
a15dc4dd-d318-932d-1250-0f6f97ee267c,1,0.054248,0.039624,0.073855
6a35f1bc-381d-1193-3c0b-b985ec404f04,0,0.397007,0.314842,0.485422
ba943a86-d79b-7a2a-1fae-2b38ce6bfbc7,0,0.109985,0.079824,0.149689
780b288e-7235-61ee-dc8f-2babc3a445a5,0,0.093752,0.072023,0.12118
6bb49069-80ef-92e1-5204-4bcaae4453cb,0,0.385933,0.292042,0.489154
ba1f9039-6b98-bd55-cdb8-ca5740520805,0,0.318601,0.250106,0.39595
ef31cb8d-806c-4aa3-7683-8cce9a08e3ed,0,0.838267,0.784477,0.880673
4e0b91b5-36fe-a571-cd68-dfc4d9ee2bfd,0,0.573616,0.427667,0.707778
2ea9df12-7c12-1ee2-6039-b454880f460f,0,0.314658,0.242599,0.396904
1002f327-f6fe-08cb-6e6e-d3afd9e6c58d,0,0.306771,0.226656,0.400537
5cd4bcfc-2b30-5335-d17e-1d8e935ab56c,1,0.070633,0.053409,0.092865
ec2d50df-ef69-a6c0-a4fa-6c2ae4116889,0,0.097843,0.065755,0.14319
54d3d0cd-603d-32a1-7831-407039d210da,0,0.555932,0.409053,0.693644
c252e4ff-3d39-9bd2-2a73-f2e8e200a341,1,0.049849,0.036065,0.068527
3a0b1d14-c897-411c-9ede-dd61b14fb56e,0,0.105698,0.076365,0.144536
f5b1a1a2-62a6-9377-0cc8-aeb9095736cb,0,0.479771,0.370506,0.591005
0cb7bd85-8c03-ec9c-c23c-b08fa8789beb,1,0.083169,0.057584,0.118689
d06a71d9-d4bb-bb07-c4bc-55f196bab26b,0,0.162855,0.123851,0.211182
c653151b-65ab-ff31-21d9-b3e94d901d63,0,0.436743,0.331155,0.548393
f4e9a27b-26a5-1f9d-05c6-d4c56f8ad762,0,0.227836,0.175126,0.290818
7b85f1d9-0916-8059-23c7-363ef8ac3e3b,0,0.109616,0.08192,0.145195
4170d44e-1da0-4feb-06ba-54e43ea00e5d,0,0.093752,0.071753,0.121613
0a22631e-c605-1f88-6f5c-26b755014805,1,0.072034,0.052813,0.09753
b2efdb0b-5237-1b39-d3bc-cb32905d24ed,0,0.411459,0.319329,0.510245
3f9152c2-f9db-591f-3fda-fbce52299240,0,0.230713,0.17827,0.293081
79ff90a5-170a-3b96-2233-d6ac242b9900,0,0.320924,0.239162,0.415378
4164975c-0484-598a-7df9-2134af679d5f,0,0.114113,0.088746,0.145572
5925d7c1-c9b4-b03b-e60c-a5e2d2013adc,0,0.421209,0.320988,0.528372
aabfaee9-c98a-3c5a-18e3-c3a21411e651,0,0.999999,0.999998,0.999999
b183fc6e-9d7e-6c75-4c3e-4f0b009744d1,0,0.089665,0.058095,0.135914
d49fde9d-9db6-c40f-ffd5-51bcee2898c6,0,0.237332,0.188141,0.294715
1db6a5e3-6fcf-633f-3c8b-6778519cd77e,0,0.599664,0.511803,0.681552
c964f753-9a09-a0c2-ce5d-0bc89630321d,0,0.246459,0.178751,0.329523
bfd1a69b-3000-9021-3ca9-072d4a55bb26,0,0.242545,0.186987,0.30835
03279ef1-653b-058f-1bd5-8e4741bd7701,0,0.091689,0.067832,0.12283
6f869bf0-119a-bbec-10bb-64c303e3d08f,0,0.203959,0.126689,0.311545
caf691c1-20ba-3a61-1f64-0ca8d5a651bc,0,0.838267,0.782674,0.881787
8c69eae0-7b5c-a400-f665-364a3505a2a1,0,0.534544,0.447915,0.619139
d6d3d9ff-638f-6a96-8fe8-135a47716a4d,0,0.253504,0.197654,0.318862
22f9d633-bc70-64c3-46f0-5359d44051e6,0,0.175616,0.1275,0.236959
3395850e-e710-47db-15ca-960c0bd80de7,0,0.691105,0.589318,0.777202
214928f3-5995-18ff-b022-511a2156b5ea,1,0.083169,0.059992,0.114212
52b39fa6-8a18-b5c0-ca3c-894c7e4696fe,0,0.323338,0.249077,0.40772
8fa391b2-e437-fe12-db1c-c88c016f6a6f,0,0.125005,0.083513,0.182995
f3eeba03-ad52-89ef-0510-0331ff743c13,0,0.262418,0.179251,0.366922
1dfb3a2d-df58-864a-b386-687a3dda7271,0,0.109856,0.080656,0.147926
cd27ea57-bf1e-bbda-7692-86671ec6dcc6,0,0.212232,0.159914,0.276042
db673b23-896d-072b-8605-bde21f0a4ac4,0,0.109955,0.082548,0.145023
d2fdfc8b-50be-9b65-ec34-b7517b8386d3,0,0.468953,0.358619,0.582407
f991934c-2c01-7302-c0e9-7aae32813005,0,0.422559,0.342017,0.507439
543f83e9-fce9-f468-73b3-eaa5caa3c5cc,0,0.445133,0.335946,0.559886
073aad78-6c64-8cdb-6c5c-6e1ddc6a6c79,0,0.114581,0.088707,0.146786
e1f48204-f03b-d804-fa34-9c3bec42a5bd,0,0.130911,0.095052,0.177642
887a8e95-6079-a1cd-a18a-0a4b45bdd216,0,0.559611,0.41819,0.691975
68fad842-0c65-df2c-f0e2-248f3c1bdd54,0,0.175637,0.132416,0.229237
3468de17-45f2-5f18-740a-29cdc5425855,0,0.10202,0.074502,0.138183
87e4a680-411e-3298-d359-87db060c5c8c,0,0.204504,0.136731,0.294412
15de1d05-ca7a-369c-c2a4-2ce011eba1a9,0,0.40808,0.329291,0.491896
b5680cef-6f70-08be-1b51-0be67309752a,0,0.385933,0.297254,0.482889
70e7be76-f051-f457-f738-b01b132262b4,0,0.150177,0.103783,0.212395
d60f3c72-3cfc-f91b-dd52-70b612992968,0,0.320924,0.238775,0.415894
5bcf604a-6edf-49c3-a385-0ee81903a04a,0,0.186504,0.139583,0.244713
b3a8e0c4-3391-f574-50c9-b58c175b8ffd,0,0.320924,0.2435,0.409637
bdaeff6a-3281-a2a3-be66-a6dadda26d15,0,0.093888,0.072452,0.120839
d5a23b14-639c-6e72-2015-937e217994da,1,0.079634,0.054083,0.11578
cb791af9-e34e-c4e5-ed06-a5c305e28c8d,0,0.128412,0.07726,0.205876
52c86f72-6a54-86fb-bbaa-5acfd96bc91b,1,0.07125,0.054533,0.092589
106aedea-a9e0-58ac-3241-e2bcb0ea20e0,0,0.118132,0.080232,0.170613
5285da8b-6328-69a7-83a3-593fa17231a2,0,0.316981,0.236138,0.410622
8fee1c28-d470-c602-25b7-f658c7814a50,0,0.162876,0.11572,0.224372
1c914c74-140e-2ed1-8454-ab9114fcac39,0,0.24959,0.19322,0.315965
9b320754-5bb3-c725-faa3-9abcb8738dca,0,0.851163,0.783733,0.900245
c9aa2c7d-53df-71cb-e20a-82298e23cb1d,0,0.227291,0.165525,0.303717
48400848-453e-8883-1624-7b714ff8994f,0,0.265549,0.199974,0.343398
5ec1181f-5c5e-22ad-2f7c-d5d94d5f2fe3,1,0.046642,0.031827,0.06787
d2aaadeb-f27a-392f-9762-69deeea92fc8,0,0.162865,0.114397,0.226614
dae57116-ffed-cf2a-79b9-dd5d98a095fb,0,0.799622,0.647628,0.896529
e6faca45-3b60-a044-16a6-650d257e6de4,0,0.591984,0.453753,0.717047
7ec77d5e-e1f7-fb4c-813b-6f179032397a,0,0.228317,0.157636,0.318701
6084dc40-2055-b577-56f5-7ebc7ebab80b,0,0.534544,0.453748,0.613567
156e0e94-04d7-01ab-3042-e97c7e3f136b,0,0.460367,0.334575,0.591419
36ace80e-ba30-27c6-84b0-6a2b96b5f698,0,0.209274,0.13999,0.300852
4fca0c4d-4d42-e4ae-37cf-1cf45a9c3639,0,0.105569,0.076296,0.144318
2cccbfa1-b2e3-0dc0-216a-3a3294f49738,1,0.060837,0.045836,0.080335
16386cff-3653-bedd-76b6-d1f275a8528e,0,0.248024,0.191793,0.314328
179e1dbc-f315-69c7-5a34-bffbbdfc742e,0,0.209819,0.141808,0.299082
c03587ca-28ae-bcbb-79c4-2009a2c1bc61,0,0.293185,0.211713,0.390478
972be76a-393c-b145-0df3-e435cbc07f12,0,0.599664,0.488476,0.701455
28c0e882-69f6-1da2-ccf9-8ed536e7c6e4,0,0.155871,0.112711,0.211617
0e13e8fb-8348-9d37-0635-da5fd1dffc41,1,0.060837,0.042405,0.086558
5ab5bd92-dcaa-648f-7a45-8b76432eb447,0,0.251155,0.191184,0.322439
a81df531-78de-a879-e1e8-a8b342d3328a,0,0.303131,0.21365,0.410524
202dedcd-3e98-fe5a-95c4-cd885a7d0849,0,0.309094,0.23143,0.399281
30777875-f3ee-68bc-e581-b8c3783564f0,1,0.079597,0.051842,0.120326
2be1eea4-896c-948f-90fd-8701c94f7c1a,0,0.206397,0.142499,0.289282
81bc1d60-7715-e632-234c-22e282324683,0,0.15602,0.117428,0.204357
365385b9-f08f-5f0a-15ba-6f764670c4af,0,0.237558,0.171391,0.319421
c263ed9d-47a0-7d92-0a33-d483da6ff327,0,0.265549,0.199226,0.344455
929a0859-c6bc-73f4-e7e6-0475e6b9be6e,0,0.173716,0.119598,0.245495
d490dc09-073f-5ae3-4c54-1359a7832861,0,0.310714,0.236431,0.396225
80427b4c-8f62-4d97-c668-ba3fa6aae377,0,0.120906,0.086867,0.16586
f8ff03b7-d556-e761-976d-8d726802c866,1,0.063898,0.049642,0.081893
51488057-0b5a-da64-7dff-5da781fae40a,0,0.265549,0.180589,0.372318
82e019ee-54a9-c9e5-e8ff-e42a4b570ee1,0,0.169256,0.112524,0.246641
84bda2dc-05aa-8d78-a351-bfa24487380d,0,0.242545,0.176289,0.323912
1c2d946e-8c0f-b2cb-6392-4e79c007c85d,0,0.838267,0.785599,0.879973
e9a8a4a1-0e33-f832-b2ad-14ba90cb1b33,1,0.078909,0.056681,0.108847
fd07e7d3-3f7d-235e-da9f-3144df5cb5a5,0,0.105802,0.076134,0.145214
55ac099f-1b9c-4e5c-2338-d1a0ee51be3c,0,0.668928,0.550237,0.769423
388c6976-3e6a-20e5-5124-d5c3eb80a41c,0,0.547568,0.450651,0.641008
3e317744-01aa-8195-64ff-98ed4448eeaf,0,0.159458,0.120439,0.208127
ba30e844-b995-1194-d5dd-7e9201ea441f,1,0.049849,0.035872,0.068883
70e59f41-87a3-e77f-5fea-0078174bda4d,0,0.194216,0.125866,0.287475
724cc38c-1561-8ad4-12f0-183fb9377e2a,0,0.237028,0.181471,0.303292
5baf7ff0-4671-3def-be34-ad151187a354,0,0.111714,0.08656,0.143033
229244c7-7bed-0b5a-a429-c2f9a9aca3be,0,0.799081,0.690438,0.876419
d34c7e98-92cd-5b4d-28d4-582c512aa3af,0,0.320924,0.242405,0.411076
b97b4338-814f-4a97-6201-1335be59623b,0,0.089551,0.061033,0.129554
275bb2f5-338e-b6e1-33a5-228f4d4caeee,0,0.318601,0.238554,0.41101
fbf7f497-96d5-f3f5-5b6e-30e7dc78a478,0,0.105808,0.069332,0.158214
d8602813-dde2-37ed-af15-55979396ef06,0,0.308391,0.246142,0.378479
f4456cda-7aff-9751-f3e0-58d9ce492ab6,0,0.429985,0.31857,0.548975
4525a1e2-ab07-c53c-3f90-6ebc7fdde995,1,0.049849,0.03908,0.063389
800321b5-74c5-fe7d-34c2-65a7051cdc7f,0,0.612644,0.504301,0.710883
1a936d72-d3cc-18f6-a83d-1d09c3f6727f,0,0.245676,0.189525,0.312058
dee8fa5b-382f-cd9c-7256-91ac99aba200,0,0.118551,0.08772,0.158337
151089e5-f414-6271-a483-04027e4a6c93,1,0.051685,0.03652,0.072674
30de124f-d531-afc3-6bd3-3d3277f7a8b5,0,0.153301,0.103763,0.220666
bc900e0f-ba5b-085f-2495-c82abb9147e1,0,0.411459,0.340666,0.486117
60ae5e4d-3d0f-2c8c-ff20-563534912913,1,0.054259,0.041174,0.071195
61d5e1f4-97a7-deff-762f-9c68f2f19b1e,0,0.687217,0.6105,0.754889
ec225b2c-9d24-ba01-a80f-67a08349d902,0,0.116523,0.089926,0.149691
a06d7915-3ada-f453-594c-882a56f8e225,0,0.097707,0.072217,0.130926
362ebdf3-7a0f-c9d9-9bf5-81e617f3ea4d,0,0.159448,0.114513,0.21768
611edd64-eb5b-8e2e-95fa-3f4afa34877d,0,0.248024,0.181998,0.328386
84431067-22cd-7777-b168-07db5d9a2582,0,0.339997,0.249789,0.443523
f937a308-d54c-689d-b735-eef9908093ff,0,0.178914,0.130806,0.239833
311e8771-67b1-3a95-93a4-d6e574d35fd5,0,0.534544,0.43159,0.634638
d2049b2a-360a-534e-de4f-5d565ff640bf,0,0.143852,0.090849,0.220284
dddee138-7ef3-8c33-f9ee-fe85695a4744,0,0.301208,0.224702,0.390637
0ab0eff2-1bb4-4d6f-2330-ed300ef07294,0,0.114113,0.088598,0.1458
51081f7f-4e51-5d71-7394-1bdc071ab736,0,0.114322,0.087906,0.147394
cc07552f-719b-8eff-89bf-719e2178b17b,0,0.293076,0.221306,0.376857
92d1631e-c9e0-46f3-a3e2-a8c4ddb2daae,0,0.492527,0.381355,0.604444
b107d651-42b8-65ab-509d-ef616c49f9a0,0,0.320924,0.25254,0.397967
8f15973d-5b77-0681-0a53-cf5648f0a4d5,0,0.875413,0.823442,0.913689
7afd9250-ce59-1a2e-bd62-13ceedf10420,0,0.118889,0.081664,0.169944
1f0dcf2a-3f7d-3566-7d9f-26b9a94c0a2c,0,0.165828,0.119995,0.224698
96eaa4c2-2b94-2946-6e32-83275fbd024f,1,0.080874,0.053338,0.120811
faa15f89-2217-13cc-2e56-5d881840ab41,1,0.085426,0.060565,0.119198
42313737-d280-4ebf-3a97-719d2703eee7,0,0.514045,0.406542,0.620263
07d97ea8-a007-2de4-4012-dcf2c018c01a,0,0.923663,0.883755,0.950635
787366fd-0a5a-4a37-3b1b-e80eb9824afb,0,0.338355,0.22396,0.475388
b090bb2a-e96d-0beb-7e03-692f4cc10736,0,0.573616,0.441668,0.695855
4058f207-eeee-ddca-9d28-b570d3623065,0,0.534544,0.45103,0.616166
60e4a865-3368-dc6b-a59c-c6c13df02f33,1,0.084998,0.060208,0.118707
7ac90e55-213f-cde1-477e-7ce4abed150c,0,0.338355,0.219212,0.482258
ab345166-499b-3930-4bbf-0a6d36e8ef5f,0,0.658312,0.551018,0.751528
044b34e2-06d5-8042-1749-15dca862ee03,0,0.999999,0.999998,0.999999
4e9f7492-61cc-468d-abb0-041b374a9014,0,0.243328,0.175714,0.326648
4eff246e-896d-28f0-7bb0-30948ccce6e0,0,0.114661,0.087536,0.14882
0a5e35c2-f4c5-70f9-8787-cb002ed61953,1,0.062663,0.045818,0.085148
c463f740-07c8-df9e-2a69-9550d99dca7a,0,0.290507,0.210597,0.385916
603ff4c3-be20-ef77-6544-bcb729025035,0,0.157012,0.109279,0.220436
1406ef86-2907-9d31-dc2a-572fc9739bb2,1,0.059385,0.045376,0.077367
3623b7a1-1fcb-e771-3166-e427aed49cbc,0,0.247241,0.194724,0.308497
bcf98d3d-a1f6-8c53-f5f1-2835f85637ee,0,0.221473,0.168818,0.28492
3cbe3c4d-2618-4527-60da-28e0ff600df4,0,0.089492,0.065313,0.121459
83d077f9-fd4d-d9f1-aa22-3569f244d693,0,0.219859,0.15833,0.296866
ed2e9cf9-0532-5a1c-4afa-dc5239581e52,1,0.076943,0.05301,0.110423
101294a8-34db-2661-579d-94226155fb1a,0,0.114581,0.08122,0.159268
6fbb4dad-b550-64bf-ff13-c515540d5b23,0,0.131121,0.094069,0.179868
6541f9d2-e82a-e256-0563-4021562bc2d9,0,0.636241,0.453522,0.786611
459381ae-4dc7-9c51-f3ab-221e7cfe0744,0,0.687217,0.5842,0.774559
8d1339d9-d0e7-ea07-8b76-dfbbbe3a2747,0,0.239668,0.173772,0.320849
d9ee5a7d-9ad5-68ce-c352-1fdf146ea2e5,0,0.093518,0.068034,0.127246
f5b25c4c-af59-e7a6-b9bb-8fabd8b09178,0,0.231804,0.170467,0.307041
8effd4c5-ffde-f9d7-c641-f08f60ec708e,1,0.087564,0.06231,0.121724
7e8e8478-30d4-24b9-3f7e-1fdcc4e18f46,0,0.260549,0.187319,0.350074
4a75c18f-6046-6ad3-f88d-3397ad13ecca,1,0.083363,0.061396,0.112248
ab4cc797-4da9-724f-aae6-3f5d0a7ec1d8,0,0.109985,0.078941,0.151232
023a9c80-a293-2bed-29f9-1ecd7581e764,0,0.999999,0.999998,0.999999
9b9e09a6-9de7-c629-3495-e4cd4f7f7660,0,0.751403,0.590029,0.863907
da8696f1-526b-ea1a-ae36-fd3ef44afee3,0,0.351071,0.254994,0.46095
42e63523-9b1c-b4a6-a647-9f365af364d3,0,0.138219,0.087677,0.211153
00c5f6b8-284b-8f04-ba7f-8d25343b8000,0,0.638435,0.526837,0.736859
f383af1c-0dc9-9051-be73-7f246814306a,0,0.128412,0.085865,0.187714
4680a16d-1ba9-0fe1-27cb-f1a4ed89b9fb,0,0.448324,0.344849,0.556475
54862f66-6ac5-dd7e-eade-0c5ef242d9e4,0,0.309094,0.226499,0.406
53028d15-8f41-ef4e-f10b-c9dfc440acd8,0,0.243328,0.178975,0.32175
9b00be61-b101-7b39-e67b-d6b7ed402c4f,0,0.239668,0.171208,0.324776
9c1584ef-18c6-17d5-8b5b-5368985b8b78,1,0.062663,0.046054,0.08473
817d6026-3993-9a25-be49-a47b6f4ba1ad,0,0.12625,0.09314,0.168938
0153f416-6570-20ba-b135-05e3e6039581,1,0.053149,0.04,0.070304
2c8e6df6-a799-f62b-6571-a82010e60a4d,1,0.0601,0.044976,0.079886
95d3e4d9-ac04-fa5e-d39b-019e12246ef7,0,0.127544,0.091679,0.17474
c0d329ba-fa34-6473-c9a3-bc0852e10afc,1,0.049849,0.038716,0.06397
a3cd19a6-9530-0ece-ffff-31a09829fcdc,0,0.300963,0.229615,0.383445
51c8d79d-36b1-42ab-5e7f-65d4a7ba8001,0,0.52805,0.413175,0.64003
8e0732ca-8e08-1696-0ced-eba89660b7e8,0,0.10189,0.072888,0.140681
01459e61-d95f-7935-2c51-731a2b2281ae,0,0.320924,0.239029,0.415555
c2550eaf-cdf1-8303-c250-b611fd3f47f9,0,0.698044,0.608553,0.774651
49e66710-877e-8f2f-354c-80576dfbef53,0,0.206414,0.140853,0.292116
81aa7b5d-21c0-589b-8ea1-4daa88d403f6,1,0.06589,0.050386,0.085734
ed5bba7d-7d45-10c7-ffa0-3b108bf236ec,0,0.40808,0.329105,0.492106
e1abfe15-277d-6d2a-d8df-2fecb4a49d30,0,0.212232,0.149158,0.2928
29ef4b1a-c2bb-1ca4-57c4-673dde58db79,0,0.316981,0.254127,0.387308
072ec0e8-b966-3178-ee88-e3ded3aeee91,0,0.472028,0.365443,0.581225
563c901f-e89b-1008-4dfc-d12d187f5451,0,0.411459,0.332536,0.495216
a0d91a75-1c39-1044-7a88-71afc97b4912,0,0.114113,0.080744,0.158888
3eeb0075-1fc9-821f-0521-56ae91659df3,0,0.310714,0.228346,0.407118
e99d065c-7cf8-03d6-4384-f227e523c52e,0,0.411459,0.315591,0.514554
2b6f6666-66b4-bcd7-b343-192bf8ce6f88,0,0.145306,0.106471,0.195213
9d24a53b-34a7-196f-7f15-fab2ed0a9a35,0,0.12993,0.097224,0.171549
8b28bb4d-9dbc-80cb-ae04-732b51bba004,0,0.651584,0.515245,0.766924
099f3ec2-03a3-9f31-06d1-8c87e1a3173c,0,0.281813,0.208353,0.369097
5f3962d4-36ff-2b7f-6570-7e694198b3fc,0,0.234136,0.177919,0.301598
03db37e8-c7cb-a5d7-b9db-6a1ce00a735b,0,0.397007,0.312884,0.487694
24f97b75-d1e4-ebc7-dfa5-02a34b2b7768,0,0.203049,0.128947,0.304831
0498c22a-9f89-fd50-f9a6-39a204b7be80,0,0.40808,0.331289,0.489638
f590b9e3-db20-07f7-ea6e-11a9ecb876c9,0,0.095783,0.067155,0.13485
2c143cbc-c579-82e1-477e-5c5b7fc6d5bb,0,0.415319,0.336424,0.498809
d8541858-e334-619b-0536-deaea26b524f,0,0.357428,0.263528,0.46372
cc5ea6ed-0054-1327-70d4-a94a7c1d0ad1,0,0.519001,0.382515,0.65271
f20c41b6-8fb5-ab4e-987b-079516879291,0,0.091553,0.068276,0.12173
0c3118dd-034c-67a9-764a-7505c361e154,0,0.534544,0.454709,0.612648
9a544351-8680-da7f-da14-b351f92e4f9f,0,0.547568,0.415792,0.672997
cd04062d-2276-dc10-1929-6ca610608c93,0,0.11479,0.081922,0.158568
d7346cc1-346d-303e-324a-7b0e60b94d3e,0,0.08959,0.059992,0.131745
e5cbdd4d-fec2-ea9e-9b44-e9f16f2fbe9f,1,0.081793,0.054703,0.120589
9b706682-4ed8-a25d-df02-71c4d60afa1c,0,0.093752,0.067688,0.128469
185f5c7d-c706-409b-f870-00dcb100b22d,0,0.101761,0.071496,0.142867
b31efd9d-0c52-f730-8265-16caa1ad1ed1,0,0.320924,0.25707,0.392264
9fe8511a-8878-9eea-8648-8662e1465273,0,0.093925,0.067065,0.130043
d843cd17-daa4-88f2-401e-8059c6305340,0,0.089723,0.061558,0.129004
e033fde9-95c3-fe51-9cb4-a1c8c4e42403,0,0.251155,0.192329,0.320826
a970a8ed-e452-fb7b-9a03-38f8cf4eef72,0,0.313038,0.229451,0.410838
72b98ec9-ceb7-0a90-076d-67566ac02c0d,1,0.062663,0.044749,0.087095
8b0970a7-0ff7-7ffc-2719-100a267d5e8a,0,0.175626,0.129595,0.233619
ea587ed1-8920-d911-f30d-9af59d5fd49c,0,0.165828,0.115565,0.232213
de67e586-542c-69da-eab6-8ae8e0f432f4,0,0.12257,0.083721,0.175983
1aae65eb-3400-63f9-2157-e6a6a7992e59,1,0.054985,0.041311,0.072842
1cbbbd9d-9b15-0a81-338e-d20995c97f87,1,0.062663,0.048911,0.079957
bc6c9332-5102-da5d-ffc7-3baf146a295f,0,0.534544,0.450568,0.616607
87bb4d3d-cf02-7b34-4829-4596517d0cf4,0,0.362144,0.249698,0.492022
7c9a7437-d2dd-57d5-a4fa-f92ad2ad640b,1,0.06328,0.048521,0.082141
757acb04-8c1a-1436-8dd0-5b1c43e90f7c,0,0.093925,0.071749,0.122053
5f500cae-b08b-9485-2ccb-c9c86473a4d0,0,0.097843,0.072242,0.131234
50501d36-4162-36bd-9bdb-681a2e32d349,0,0.241763,0.188112,0.304968
4dd934e2-cc0e-033b-62e2-70b08dc5a6b3,0,0.188201,0.133743,0.258225
5982067a-1845-2b87-4371-87f02cdf76e8,0,0.102229,0.073403,0.140657
c682879f-66f6-655d-0716-873d10fc06c8,1,0.072625,0.054155,0.09675
4070b11d-5b62-9e70-b755-4c675e91867b,1,0.060837,0.046215,0.0797
73cd87a7-21a7-1e54-ee8d-d40d267ee569,0,0.10189,0.072394,0.14157
c84836c5-8bff-1d03-fdf4-6fcb5ca5ecd1,0,0.851163,0.782233,0.901035
de1ab800-a5d3-30d6-bfb3-2906d6678f02,0,0.302828,0.241578,0.371991
bfcb4be7-863c-4ce2-9a2e-08674a645308,1,0.049849,0.039159,0.063264
dc83b5c1-b68c-e700-3fe8-638f5e79010a,0,0.662201,0.548161,0.760056
91cb6f40-6e57-340e-bc47-d39fd12ef0ed,0,0.105808,0.076535,0.144527
b799e680-4b92-e7e3-b04f-c70e2f37238e,0,0.307549,0.243778,0.379627
d0aa56ba-220b-3be1-dad3-9d7155e28329,0,0.411459,0.333693,0.493915
dccaf340-c621-54ac-e68f-2c146542bc49,0,0.097843,0.072188,0.131326
95a169f1-082d-9da4-5070-04d5bf13c15e,0,0.298639,0.206956,0.409943
b5fa791f-5366-b7b7-e14e-99cb80837402,0,0.167363,0.117165,0.233383
1782e0ee-1ab4-9e6e-64a5-d00ab1c91a01,0,0.17751,0.130842,0.236299
0f6d1dd7-363e-a050-1c52-c70874b47094,1,0.066648,0.050254,0.087895
c6d13fd1-f3b7-e5ad-f5c0-2cd0ed11ee90,0,0.599664,0.49198,0.698511
57a3baad-ae59-b6b2-4008-2475b5feb792,0,0.318601,0.23674,0.413435
b98bd946-4df4-909c-85eb-9ca6f29c6e26,0,0.79639,0.624896,0.9018
e215a0fa-4677-7148-305b-ec0bc8e0501d,0,0.320924,0.247408,0.404542
aaa41c91-d880-e848-00ea-2384cfbabe7b,0,0.811525,0.710292,0.883201
baf17760-274f-7a39-10af-946767962a7b,0,0.281813,0.189971,0.396332
41cc84d5-bb91-c0f3-8036-a2ea90336ee3,0,0.40808,0.313087,0.510477
e732b878-e507-1bf6-4fe1-1f36afca1c88,0,0.242545,0.17613,0.324152
b10f3a21-8efc-10e9-1d4b-24c83c711ae6,0,0.241537,0.187615,0.305136
2aa072d6-d644-fbfd-f0dd-19a8c966c880,1,0.069875,0.054021,0.089939
6fde665d-a779-2a51-01bf-29bcffe637e1,0,0.091689,0.069711,0.119703
f42f6704-c60e-39fd-9ad8-c3d7bdd9c429,0,0.109727,0.073687,0.160342
06f197aa-774f-6680-ccf7-b3b0b5b82022,0,0.254286,0.186616,0.336348
fec536fc-6883-ff15-2923-96af433d81a8,0,0.215991,0.149578,0.30144
720a90d0-29fb-d994-3ad1-93450d8ee622,1,0.049849,0.038905,0.063667
dd5fb5d6-332d-a777-b8f2-d271ac2dde01,0,0.203321,0.132866,0.298285
58069181-d59a-5830-de19-f9de791179a7,0,0.687217,0.605891,0.758451
56eb1b0c-6c48-4f09-aa4c-4f510c9a0840,0,0.167363,0.118934,0.230356
fa95b11a-71bc-d9b2-bbaf-2e61f43da119,0,0.40808,0.31148,0.512346
f072d0b0-13fc-7281-0ca8-412fe1c19d6b,0,0.11847,0.089704,0.154893
13aee5e8-9716-9c82-9b6c-6dc5bb1cc1b3,0,0.110743,0.080698,0.150146
79719ead-005d-9292-ce8b-6447147630d6,0,0.251155,0.18244,0.335141
4b092aa2-48cd-d836-cb4c-c19d32c60f2f,0,0.339997,0.261954,0.427813
ca6bf2e3-83f5-05eb-5630-3888f3b0d598,0,0.363786,0.278863,0.45814
0cbbad10-5fe3-0bc7-d555-048c76647d00,1,0.072625,0.051239,0.101977
d77c0f14-b02a-ab9a-9081-bfb9f9c41d51,0,0.339997,0.245862,0.448729
240755dc-7ce7-688e-f731-45df5ddd7b77,1,0.069257,0.052665,0.090578
8c3fa7c6-64ac-5f9f-4ddc-34bd57a0079d,0,0.357428,0.270566,0.454789
7918bf2b-0a9d-56ca-0bc3-29f26cc42663,0,0.436743,0.35953,0.517149
23fa62f4-03ef-391f-dee8-6793bcc5d02a,0,0.245676,0.179165,0.327041
1ec2a446-f25d-916a-873d-0c2fb9b508f1,0,0.093925,0.073927,0.118638
a6f62bd1-2d4b-e8d8-5dc5-e466f7218f19,0,0.999999,0.999998,0.999999
e8e78954-cf78-7d4f-f5e9-4940d2bf97f1,0,0.23655,0.1692,0.320371
2b1d0a3a-591e-dfb6-458c-d4fdad32b92b,0,0.159437,0.111092,0.223531
e923ec3b-6837-aae3-5e10-d554691d24ae,1,0.079044,0.057635,0.1075
4526d3eb-d0aa-97a6-cdd4-8fa101d6fc1f,0,0.605007,0.490523,0.709027
90ea5253-7c16-9327-fd2b-a191cec63831,0,0.293076,0.2107,0.391677
7432061e-bcee-4143-2b3a-6664f1dafd79,0,0.273681,0.183832,0.38664
3642e191-fac0-bcf9-4114-741a4fc12bea,1,0.07551,0.047981,0.116894
60629473-eb72-a410-e6de-566e2ed09efc,0,0.534544,0.429854,0.636277
8ae05782-9fd8-3218-3bcc-30ce5cff0f4c,0,0.919075,0.871729,0.949949
0900eac8-a89c-0b84-db39-a75de6bbde33,0,0.534544,0.429591,0.636526
0e505e14-76b4-6c92-b5fd-286cecd6bc6e,0,0.097843,0.072403,0.130959
bfc4e5de-f48f-c3bd-4adc-817356e5c112,0,0.273681,0.189695,0.377527
7a737476-f497-d8e9-6ede-ab2689658ed7,0,0.178231,0.129364,0.240459
599452a4-2dcb-7448-a34a-f54fc97d28f5,1,0.079634,0.054542,0.114867
c6d4e66a-a471-5b8a-628b-b692b9a63027,1,0.073409,0.055175,0.09705
2b85efa0-77ed-1841-c980-98d8eefd0382,0,0.105808,0.072567,0.151786
66a3e833-ed2f-293d-b28c-41daa6cac597,0,0.40808,0.333288,0.487387
4dfec7fc-be8b-3b51-80d6-1440544ce3f8,0,0.093789,0.072113,0.121131
2e782df0-39d2-daca-ef83-d0b99245c036,0,0.40808,0.32823,0.493098
606a1e14-ac49-d229-eb14-67754d5f0e1b,0,0.481985,0.350984,0.615511
63e5f0c1-e6dd-e35f-13d8-d08ebc770815,0,0.327282,0.238768,0.43007
0d5cd40d-b63c-0802-616d-385aa40ca674,1,0.06328,0.047471,0.083891
2bbe6037-9a0a-ab0e-067c-ebb8f4642d90,1,0.081203,0.060396,0.108353
8de84268-81ba-4a39-0fa5-e9ac0ab55fe9,0,0.12257,0.083826,0.175785
5344ea99-8669-b3a0-4150-fe892f82c4fb,0,0.40808,0.336072,0.484263
45dd0829-84bc-1b48-df94-03ea676b92c2,0,0.153342,0.096875,0.234189
90519df5-b78e-7c13-3266-f3d3592491b3,0,0.15603,0.118874,0.202135
2409a1ba-a78c-f463-b2bb-12ec39e9c88d,0,0.196458,0.135478,0.276119
950b438a-f78f-0185-d069-a8402633625b,0,0.181184,0.121116,0.262156
0e69dcee-45d2-fec8-b0d5-319bca8fb1d5,0,0.26868,0.20674,0.341196
2296e58c-8c65-a4a2-48b8-34cba205412f,0,0.2162,0.15985,0.28566
f3070b00-a9c3-1653-1dde-6948bea4d7df,0,0.105808,0.068664,0.159603
697fe650-7830-9133-1b9d-14e922bac59e,0,0.534544,0.429167,0.636926
d18bcfa5-524f-0ca8-62e0-f9f70430b654,1,0.065132,0.050617,0.083444
8333362e-9915-7bf1-6312-63876c21e539,0,0.971299,6.8e-05,1.0
b2a72166-86e0-4a7f-b826-4297fab0d2df,0,0.333639,0.242911,0.438623
552bcdd0-382f-02a8-b72a-46adcdba6b46,0,0.109745,0.074966,0.157905
62d26109-0d3b-3be3-96b5-9436e5a86b9d,0,0.539925,0.447201,0.629965
e2110b07-3786-dc6d-faba-8877fbaf3536,0,0.089529,0.058836,0.133955
c53b7948-c33b-00a2-bf25-68f92b919fb8,0,0.198863,0.138119,0.277713
b6534abb-8931-25c6-d929-ba6855800653,0,0.314658,0.240511,0.399635
fd503f48-6745-2301-8e5e-fca89144bc10,0,0.126519,0.092536,0.170635
d038417a-061d-f64f-c380-760e35d74974,0,0.875413,0.819145,0.915971
88e8bae2-952d-4ded-a1d4-4d8713782005,0,0.093888,0.07195,0.121638
0b987ec6-3482-1809-d6a3-3194a09f42b6,0,0.560592,0.423628,0.688911
01057efd-6601-f2c8-7c1a-8ae8fe09a97f,1,0.054996,0.042305,0.071212
bd2387d9-cb1a-d549-9c25-1c94a01bbed3,0,0.52805,0.419958,0.633575
fa4b93e3-e1ce-1d98-1d64-83a9770aa8d1,0,0.091824,0.064958,0.128277
56b6cbb5-7834-e05b-930d-a09a60812f47,0,0.242254,0.175208,0.324851
b6293be0-1dbf-4ce4-59d8-fe50e05f9584,1,0.065273,0.049865,0.085015
2cdb926b-33f3-c3d1-9713-9ea409a64001,1,0.06328,0.044833,0.088615
8ac74d71-7a49-db9e-8c71-84a6c783817a,0,0.844715,0.78053,0.892709
3a082ecb-e7d9-c7af-62ea-098bb44a1c57,0,0.107666,0.080227,0.143031
eed6f2b4-559c-a9e9-20f4-66a677642513,0,0.259287,0.194414,0.336758
bed6db51-f566-94d0-3f85-bd22523149b8,0,0.105679,0.077287,0.142886
9c4067f3-11c2-82c8-160f-8fe289add080,0,0.284944,0.196511,0.393674
7f5f3be3-b264-5c2f-1c89-186a74a1a6dd,0,0.489452,0.378382,0.601574
40d5e7b1-3b28-c7f9-baba-dad4c7411514,0,0.439735,0.350335,0.533224
d3c45f7c-2a88-2d80-c380-c5807e5f3779,0,0.40808,0.310813,0.513124
d6bc2ba3-48ec-4af2-e2da-d8551b12b48f,0,0.245676,0.180863,0.324515
5d5a3552-ec5a-c27a-fae8-7d7efbd0681a,0,0.239123,0.179862,0.310517
444e2683-7483-c238-7d4a-eea0151f242a,1,0.062663,0.048272,0.080979
03488515-3372-e518-221e-e609ca50adb4,0,0.415319,0.331045,0.504857
d1346cae-b4c7-cc6b-1d0b-eb4d5c154207,0,0.306771,0.226965,0.400114
058d75f4-64a0-67a5-707e-3be38f48c297,0,0.320924,0.242019,0.411586
3db1ee87-0574-ad2a-0c0e-b9bf39033fa3,0,0.178231,0.131255,0.237424
f76d7aa4-99e0-cafd-d8a6-8070421aaf6b,0,0.114033,0.087406,0.147459
a5a3d869-f411-f9ed-1f72-4c61d1065cad,0,0.236008,0.174421,0.311147
7dcb8823-9e05-ab48-0288-441903f67830,0,0.138208,0.086592,0.213405
6132e7a9-ab0b-e8e9-8784-af86c93b125f,0,0.481492,0.353592,0.611864
d46b33d1-6673-852f-1a64-0a707b411a71,0,0.248024,0.194235,0.310959
77334668-9e4c-0b25-f64c-5ac4314bd282,1,0.074784,0.051284,0.107829
0ac881fc-b688-425a-c408-30c17e6fcc28,0,0.464227,0.376032,0.554719
22b90ff1-c740-ca25-3fa0-3b2d9baa26d8,1,0.065273,0.048095,0.088018
61a62123-a950-c59e-452a-5675f60319f8,0,0.105808,0.077243,0.143297
7bfc70c9-57f6-cdad-f1cc-ba8be80936dd,0,0.181444,0.127033,0.252423
c6771e0c-cd5e-5cf4-ecc4-26174b055fde,1,0.062663,0.045791,0.085197
4a971a0a-07e0-5a1b-6bfc-db77956fa14b,1,0.069875,0.052189,0.092966
3c672157-bc97-2e0d-ffd2-360ac38727b4,1,0.073409,0.053071,0.100713
d41b691f-934d-c49f-903d-359e77e61c69,0,0.691105,0.612807,0.759777
e09c09d1-a643-9913-3f0f-860776ed4bcb,0,0.442926,0.338329,0.552842
77f45e43-7ba4-cf06-476b-bedb1f97830e,0,0.691105,0.611009,0.761156
64b612e8-04bf-be14-78b8-e0b515b26810,1,0.06328,0.04849,0.082193
09096d71-030e-b087-e99b-ca81149a1a7b,0,0.197231,0.14032,0.269975
4581904b-33c3-a8ed-ad47-c6aedb288b29,0,0.599664,0.492441,0.698122
40b25d61-71ef-81e5-f53e-3c876c12d3a5,0,0.17411,0.131858,0.22637
573e10b5-ae78-f816-d5fb-6cf45091cbc4,0,0.687217,0.604023,0.75988
b1d601db-1450-0bfb-9713-28a9bc7b6357,0,0.089529,0.06459,0.122834
2b9f3137-2a21-8766-9124-ed100cf00692,0,0.327282,0.2577,0.405391
0c5e9ab2-4b79-fa48-b5da-7ea6499c7c02,0,0.894242,0.839899,0.931641
c000c5a1-9320-b210-1083-abfb3ed255d2,0,0.093925,0.071638,0.122232
e9263926-c086-590e-b0a4-15d5b73a0fed,0,0.12257,0.08971,0.165279
2df8fe03-37bd-73ae-1490-50d5e79ca6ba,0,0.985649,0.002358,0.999999
90627e48-be31-ab5f-c6fe-88a6bd57e1cd,0,0.875413,0.822908,0.913978
009d7ccf-f14e-5c28-60fb-31720b6dd66c,0,0.120403,0.091993,0.156079
18b8c40b-5b09-a3d4-67c2-d5fa5e2cda30,0,0.118889,0.08162,0.170027
b2ade5a4-9673-e340-7d3c-f59afb6ec4fb,1,0.069875,0.053508,0.090767
253558af-30e1-073e-1a1a-96955373bed9,0,0.175064,0.110897,0.265281
f56f328b-7d1c-17b7-755e-78513651304d,1,0.063898,0.049398,0.082284
0fe7253d-5e60-afb5-c8d1-e54a7ad89cf2,0,0.346354,0.257333,0.447611
0e213bcc-e764-719b-6d75-1f7079d262b0,0,0.605007,0.495925,0.704547
323ac1ff-9d77-5fab-f870-dfb43f19c2bf,0,0.599664,0.509889,0.683211
103de705-1c77-ffb5-aefa-b8a1ec08025a,0,0.175637,0.126393,0.238822
8c026e73-30d3-095d-a339-9b080c957f0c,0,0.251155,0.178383,0.341283
719da638-17c4-5ac4-df5e-4161836d54b0,0,0.320924,0.243297,0.409903
1ea228c1-05eb-16d9-eee9-5dde73445a17,0,0.327282,0.255114,0.408664
4cc51cec-8136-a7b3-8038-fdb95c6fb5e5,0,0.101651,0.074501,0.137227
fc49e998-fd8e-acf1-565f-eec233cbac8c,0,0.534544,0.450332,0.616833
6903c5f5-9864-9a89-8ac3-0351a1987115,0,0.397007,0.286159,0.519542
2311bc00-ff86-67ec-68f1-c1df486869cd,0,0.222018,0.151988,0.312428
ea14d808-11d0-ba63-ee55-679d4058ce5a,0,0.159417,0.11927,0.209856
9778cc3a-1b4b-c4d9-30de-3636b7e9707b,0,0.241763,0.189143,0.303541
62d18551-b0cb-c5c3-06f0-c07dbca657f8,0,0.245676,0.177496,0.329553
29fc50f4-8b04-e44a-507e-70765cf96762,0,0.327282,0.239287,0.42937
0632bad9-1bbc-0cd2-3ebd-0c1abdafd0ce,0,0.150187,0.108567,0.20411
7f6b9eec-9b54-fa74-f942-373f93b7ed35,1,0.062663,0.048142,0.081191
0c3ed855-0b69-f875-39dd-5550effe747c,0,0.093789,0.070594,0.123592
3349a48d-6f33-d185-2b3d-526e683907eb,0,0.306771,0.227823,0.398943
010c8437-94b8-4121-3aca-447bc9bb87ed,0,0.654479,0.534312,0.7577
7c61e7cd-3bcb-f3d9-2a51-4bfffc8f7e23,0,0.134632,0.096378,0.18496
d3a3e00a-655b-2d99-5afb-eee9d4718d3d,0,0.251155,0.185389,0.330777
a0ad320f-4d6b-6c03-8091-cb35c8551504,0,0.626317,0.517653,0.723574
ef6dfed6-6579-480b-1333-9f20c7906822,0,0.167363,0.118133,0.231718
81de3203-d2d0-11c6-d95c-3668b1f23409,1,0.043435,0.028927,0.064735
91301d15-23d0-51f9-b5af-f7391e3d51dc,0,0.309094,0.241872,0.385499
4bf625b3-83cd-bbfe-8c18-b90b258e490b,0,0.184049,0.116369,0.278679
668f950e-3f70-1050-d4c8-8a729cc8eec4,0,0.195664,0.144255,0.25983
bc2e5637-84a8-7b04-fb15-522306f76932,0,0.691105,0.611247,0.760973
625d1341-5b16-e3c1-fba6-051a1d10ba94,0,0.999999,0.999998,0.999999
b7faef11-fb71-57ff-c49b-b52289703b10,0,0.125005,0.083276,0.183459
f2984d8c-1fba-a7c3-8a7f-d4d9faea9e84,0,0.093789,0.066452,0.130797
ac5d0db5-3d4b-453b-cc83-d9d345bb5a99,0,0.2703,0.207204,0.344267
8b618440-0339-037d-07fe-845d5e23ce0e,0,0.999999,0.999998,0.999999
de8adbca-a7de-bacd-91e1-344b05063065,0,0.118889,0.082458,0.168462
c654b5f6-44f6-9f20-cfb7-3ea8eca38c8c,0,0.520539,0.420806,0.61866
2b815ab6-ccca-b9b7-6292-c548d0ab008a,0,0.385933,0.270112,0.516287
dd54491a-13db-0c6f-7175-da78fd08599b,0,0.507966,0.392044,0.623037
08b15241-bbb3-63dc-761f-72b9dafff0a9,0,0.628463,0.506327,0.73613
29ff4e95-af74-c401-92ed-7ad73935054c,1,0.073999,0.052015,0.104254
2a6506ae-a54c-43c3-ff44-7738ba46df20,0,0.188397,0.130995,0.263331
25d92af5-745d-7c34-2271-16e2025495ee,1,0.063898,0.049409,0.082266
be13ed49-fb28-5944-d36d-59761210bcf5,0,0.101761,0.073455,0.139335
efc474d0-2993-aab6-06cc-43b655f34c7b,0,0.379575,0.25318,0.524735
9aa287ff-07bb-29db-5b64-f9f8b03c207f,0,0.089665,0.059908,0.132125
e47d1a30-a6af-acb1-f513-c89fb58e6539,0,0.217162,0.148521,0.306121
fe9b3702-1cc5-b7aa-4f55-c725ff47f73e,0,0.284635,0.214955,0.36636
8f04f6cd-242e-4ada-4029-2537a5fe937a,0,0.169256,0.124109,0.226579
bd283cee-f0c6-2b4e-b9bd-c0f6850490f4,1,0.069875,0.04907,0.098585
f0d9d374-0205-22ba-92ce-f2d3fcbcbf6c,0,0.089665,0.060219,0.131493
81f12edf-65eb-c3d2-dcd0-484731565c19,0,0.097733,0.066015,0.142367
14d5d05b-2e4b-f964-f575-e78d804b18cd,0,0.118889,0.08862,0.157708
c9deba3b-75c6-a109-5145-af6524ea47f3,0,0.208656,0.132649,0.312523
2dc30ab7-1af0-a49f-f24b-1fa3f302f40a,0,0.379575,0.273156,0.498992
92815d43-9071-56d4-9905-88c17b53d9f7,0,0.114581,0.081212,0.159284
654c3c00-b5b9-4c15-0d86-7bf7644ae8f7,0,0.446974,0.343198,0.555585
b2df2be1-8547-dbb6-f05f-37ed88697b69,0,0.131883,0.090303,0.188639
3463870a-62c8-747b-4f70-24e0ed5c8edb,0,0.114322,0.088864,0.145906
f8936d6a-237a-1efb-65e5-8849a3467a4a,0,0.327282,0.246127,0.420277
f43f617e-0fde-720d-ab8e-b635f4a932a8,1,0.081068,0.059223,0.110029
2902a133-45a6-ab85-fd6b-ab3e9ba4cc2f,0,0.351071,0.261904,0.452004
8c24f7e4-253e-b18d-bece-26971b13bcea,0,0.227836,0.164813,0.306125
ff7c1014-bd75-31e8-3164-3af30a7490e4,0,0.230713,0.164329,0.313843
123b0ad9-694c-9e61-7d1a-710943b94fa3,1,0.062663,0.048364,0.08083
d6a540cf-cab9-8c99-b88c-c8e2d521ea97,0,0.309094,0.24371,0.383134
ef7d5f9c-030d-e442-215a-43030fa22530,0,0.251155,0.195678,0.316177
88ddec0b-b730-21b1-70f2-8e1f0a6c686b,1,0.065273,0.049866,0.085014
3dd09323-42a7-e7f6-8495-d31d28a2467d,0,0.560592,0.446712,0.668431
7194e443-8308-4061-2992-b1263aadbc88,1,0.06589,0.045346,0.094817
980eb86e-21ae-69f8-6f02-4557c5176326,1,0.067882,0.052133,0.087947
1e16d971-0bd0-93ec-1b97-110f6bfd450f,0,0.491974,0.39457,0.589991
30364669-fc4e-136b-c2a3-4a651747d9d0,0,0.278432,0.208147,0.361613
7b255c63-28c3-85db-9305-7c679808a4ef,1,0.085192,0.062892,0.114435
b030f7e3-06f1-10cf-c117-faa33b2acb52,0,0.320924,0.252916,0.39749
e2a60d58-dbee-a2c1-889a-01b3b1962eff,1,0.06328,0.048693,0.081862
17e632d0-20bf-9474-0b7b-de66df30d4d8,0,0.305151,0.229968,0.392389
f6d48c74-dd35-0527-caac-7e03dfbfcd37,1,0.046642,0.031489,0.068571
d36d173d-cd33-6d43-144e-916e15c60e93,1,0.013527,3e-06,0.984311
3cc217a9-858b-e2f4-8580-1ddabed4a716,0,0.093925,0.071831,0.121921
350a8410-b41b-e3fe-459e-daccd20b8b97,0,0.308391,0.224817,0.406732
9b81b18b-0cbf-576c-d116-56dc5c90e1aa,0,0.324958,0.255073,0.403617
9d47a3c6-2aeb-1bce-96b3-08561966bf9c,1,0.061211,0.047243,0.078965
4aac75b3-de63-81a4-dd43-c7997fdb180e,0,0.093789,0.070428,0.123867
f871b784-fd30-993a-bd9b-9b6c7f531816,0,0.150018,0.107327,0.205776
433a1fd5-f738-ec82-1391-0b0d929a9c66,0,0.248582,0.187865,0.321162
b577d438-9644-cd6d-2de8-18bf752b1bc5,0,0.786637,0.683309,0.86301
ce3a413d-f175-47aa-126d-83da20a4321a,0,0.485404,0.333651,0.639897
b5f05802-f9c5-88ea-a48e-e21549a1fef8,0,0.40808,0.333447,0.487208
f258ff63-d5fd-12eb-f7ec-dacc54174934,0,0.247241,0.189567,0.315629
24dbe034-1828-8d25-8791-56ae577e1688,0,0.101651,0.074813,0.136693
68622508-d1be-4a44-ce68-5447602a4fde,0,0.671208,0.587942,0.744947
c5d20324-70e5-4c39-ed6f-8a7b8c08e7ae,0,0.169235,0.125093,0.22495
62adb31a-8b41-df2e-2db9-791215e7d342,1,0.062663,0.048747,0.080218
953ddfff-e2bc-9c93-708a-d0f3c479056c,0,0.875413,0.821271,0.914854
cf9e9df3-c631-4530-eb58-e399095db9eb,0,0.999999,0.999998,0.999999
25c0c8d7-e66b-08ae-75d7-20221759ca7c,1,0.062663,0.045832,0.085124
507908be-f52d-c723-0ac7-793a17c4c156,1,0.067265,0.051029,0.088187
266e50e9-b21f-3cbd-b9bf-acbb6fb758ec,1,0.051685,0.038976,0.068245
17885c31-0891-927b-f375-e9858ef95f8d,0,0.134801,0.090148,0.196788
58672bcf-ea32-3113-6737-77ae44822a83,0,0.114322,0.089161,0.145449
4349a08d-7421-9b27-665f-8455b7cf2217,1,0.062663,0.048283,0.080962
b6bfe23b-5302-275b-bd41-3f5cafe22bc0,0,0.318601,0.249408,0.396841
9d63eebc-3809-8e57-a1dc-4743ffd4efd4,0,0.599664,0.500591,0.691207
53977b65-f915-5337-c7c0-ff0a55eb69b7,0,0.923663,0.884389,0.950344
f5581753-89bc-4f13-9a5e-717a12ecb265,0,0.190271,0.133961,0.263062
206a4879-1efb-6e54-82f2-d350aca5340b,0,0.58664,0.481471,0.684458
f95334f9-2606-7b80-3523-2872f4d61c68,0,0.243328,0.177181,0.324432
eba3052a-9a9a-a630-088f-67da7b8300ee,0,0.163393,0.113827,0.228965
c519e00d-a45c-7f3d-8325-f745487ac8ef,0,0.135773,0.092834,0.194319
07fa9cec-b2d4-7b45-e3f6-9cc6e32b5d15,0,0.612644,0.501752,0.712975
8e1bf3f5-e924-a60e-a525-ea4cea3ecf7b,0,0.687217,0.581063,0.776804
0ededf78-0b24-f3c2-07a4-8f457a8f7955,0,0.239123,0.185808,0.30206
133261fa-49a0-399f-9ae3-73309342aca8,1,0.053522,0.039807,0.07161
4a6819b4-632f-04c6-9a3b-5b1ed0f69cb3,0,0.206414,0.142111,0.289979
b610db0e-f53d-5ab4-fa7b-6120d5f194a6,1,0.060837,0.04629,0.079575
e4a1c82c-08f2-53f9-46a7-0e784bf22cd5,1,0.073409,0.055064,0.097237
baf3b017-083e-750c-6510-6f5cfba2f111,0,0.426125,0.334815,0.522766
d4b51761-9d36-f404-8445-291a6062df8f,0,0.113983,0.087118,0.147792
20b30c74-1756-e119-f4f6-c6ca5412e8fd,0,0.159427,0.114075,0.218365
0123e8e3-18db-dc34-0cd7-91271402ef03,1,0.079597,0.055485,0.112935
743688a5-202a-9c8e-aad7-ee5126789499,0,0.385933,0.27503,0.510091
1861fabb-79d8-c6f0-7f4a-4ef0d4ddad46,0,0.097972,0.072561,0.131025
2f5bbc07-2910-86e4-5b80-665434149e47,0,0.314658,0.246162,0.392294
dd3bd84e-9d75-882b-cccf-1f8b08754a6a,1,0.069257,0.052122,0.091482
99621202-9786-81e1-923c-79ec3bdf31a4,0,0.516491,0.398088,0.633071
855723ce-a938-316b-1e19-1a6bb2fb4032,0,0.114242,0.081797,0.15735
99772530-1356-fce7-92eb-cc8a9e86ee3e,0,0.109856,0.073886,0.160306
d2c5ff01-5dc5-b882-a8d5-b77036644310,0,0.278432,0.20524,0.365716
ea77a202-f2be-42a6-0a06-eb4a217ecf39,0,0.691105,0.590129,0.776621
e747dc37-f2d7-1bc1-60e2-1d9938477631,1,0.067265,0.049799,0.090274
da34e092-1215-59ab-cb94-ca42549390bc,0,0.194778,0.138351,0.267084
bdb3b23f-4c6a-2cfe-a7ed-0738e8f3b86e,0,0.227836,0.165475,0.305106
bab773a3-5d26-d930-2077-645a2099913f,0,0.242254,0.187995,0.306266
42c6caa2-5bac-afcd-44b5-2fba6f9104d7,0,0.15117,0.107147,0.209044
92813b11-a697-51d4-18e2-37dba2cc31f4,0,0.093925,0.071705,0.122124
6318b071-60a4-6227-af28-7272b6e6e486,0,0.280756,0.213483,0.359536
687a27eb-5b7d-240b-3a69-1d5414c9ac01,0,0.163945,0.118427,0.222543
cba1b4b4-cac3-55e3-44b2-e7e6756599a4,1,0.076749,0.050208,0.115614
5cef2cc2-8266-91d3-dd97-88d91af0e27b,0,0.162855,0.118774,0.219225
f5bc8dab-384b-d151-5f0f-dda46aa53e77,0,0.218596,0.155701,0.297931
046ef25d-ef13-4802-a0cf-d45d57ad4b3e,1,0.066648,0.05036,0.087717
5c8b9985-4ea9-534f-1047-7c39dfa66836,1,0.064655,0.048478,0.085745
30030ed0-f2a8-1a8f-4dc6-3a0d7a48a0af,0,0.411459,0.333117,0.494562
94b985cb-8baf-68a8-d67f-d9b9fff34e40,0,0.333639,0.259222,0.417384
843c0026-5f93-bb88-26ed-9bc4b2bb478b,1,0.068049,0.048577,0.094551
2dc081db-8201-67da-9783-ea44a6290d0c,0,0.30894,0.206621,0.434198
503efc7a-6d6f-0b35-8270-4fcfbabd2e08,0,0.327282,0.254473,0.40948
c3acc785-9fbc-e043-56e1-de4c67bfc80b,0,0.093579,0.07156,0.121488
a7aebd1c-062a-8529-57b4-13ecafff6e57,0,0.58664,0.454273,0.707569
10159821-7e8f-a0c4-d817-b780e91c032b,0,0.254286,0.183495,0.340982
7ab57788-205a-0b2f-d782-cf3130689abb,0,0.114162,0.082765,0.155451
46d9fa90-68c7-dad4-e14b-d2035d247a1b,0,0.109985,0.076447,0.155756
03b84478-4495-88b8-ac90-1167f8fab617,1,0.080874,0.056679,0.114148
3ed5d039-c00d-08fd-26a6-33cf4d641e0f,1,0.073409,0.054489,0.098217
0881d736-93ac-c932-5234-6124c090f15d,0,0.091689,0.06526,0.127361
fed51bae-3186-0902-bcb6-19bbe63f1677,0,0.109955,0.082116,0.145733
5374096b-385e-c28a-025c-397232accead,0,0.40808,0.314219,0.509163
ad27e211-d759-467c-51d4-db47668dc273,0,0.202293,0.134608,0.292508
f1daf14c-7dfb-0e1a-100a-2876fdc24175,0,0.093925,0.066863,0.130408
6caee277-d4dd-0bfa-3754-0fd163ee1e6f,0,0.141626,0.098076,0.200222
29feaeca-9aab-1677-46be-20cbdfd8c592,0,0.265549,0.181817,0.370386
72ad4d61-4d24-63a8-3d61-3f581e79594b,0,0.145306,0.097493,0.211084
7acbfc9c-3aed-2bcb-064f-e11e4fb381bf,0,0.141899,0.103033,0.192284
cc580787-c172-a003-7c18-ae2fa65e4a3d,0,0.534544,0.428021,0.638007
0c2886a7-f741-f045-2c35-f05f189ea54d,0,0.870507,0.811007,0.913278
aab1dd65-c319-23ee-77a4-cbb711d25906,0,0.128685,0.09081,0.179244
064a0a36-6582-154b-ee0c-967354bf4fba,0,0.097843,0.072434,0.130907
76641e36-0fb2-f4ea-5290-3354d2754851,0,0.11479,0.081438,0.15943
91a5edfb-4172-2465-364f-94f9659d4629,0,0.213864,0.156375,0.28534
e27422c5-6bc5-ff7e-e4f7-40a644015548,1,0.061937,0.044972,0.084733
01febae5-0238-92d0-c7d4-08ad6a072610,1,0.063898,0.049777,0.081679
a5a5fa33-54a5-a200-d1bc-0b67a0f14fb6,0,0.455278,0.330771,0.58564
9b1a03b5-6dd2-6581-fdab-947c08291f9c,0,0.286564,0.198063,0.395126
549ac8ef-5b71-606c-fab5-8c390d706c44,0,0.460344,0.329817,0.596546
200bb710-0ffb-b3e7-5013-f53218000475,1,0.072007,0.049926,0.102797
5a7aea10-01f5-4ec4-ea5d-ede9d08fc5f1,0,0.114661,0.087552,0.148794
ece62bbc-0c16-bc90-fb95-98d5a8a33999,0,0.093925,0.071316,0.122754
9694791c-e4cb-a7ff-45e1-fbca5143effd,0,0.414838,0.312691,0.524872
567a6253-90a9-4cfc-d515-30ab5b0f5770,0,0.362144,0.262245,0.475567
b3708d53-0b11-6ff8-eeaf-6de933caf255,0,0.547568,0.446584,0.644783
37dc30a7-eaa9-54d2-439e-544ece31ac73,0,0.190429,0.139175,0.254969
4138382a-514c-fc33-8467-ff577f6e43cf,0,0.105808,0.07171,0.153441
480a66ff-65f7-2178-7861-bc8df44d0a9d,0,0.284944,0.214046,0.368321
e7fc34d0-afdb-9adb-d5dc-8d72e8e6b886,0,0.711921,0.622459,0.787424
56319cf9-08c7-bcec-d78d-4b2f4381a524,0,0.617988,0.513988,0.712194
2b0c38c4-02c0-3752-827d-9e480018e635,1,0.055712,0.04071,0.075805
a19dc4c5-3c62-f79e-3856-ce25bb4146ec,0,0.205852,0.130624,0.309006
09a82b75-8820-e659-2bc8-00572eb63dd9,1,0.065273,0.045257,0.093277
0c4d5670-757a-3731-1859-29752b6c3fe4,0,0.306771,0.245786,0.375358
0d237f3e-00ce-a3af-df83-e57ab291654d,0,0.173733,0.126019,0.234662
4475ed5e-b406-4417-4744-a190d38421cb,0,0.113516,0.088519,0.144452
7ccc6f6c-cb01-9aed-b368-222d68c6f692,0,0.138208,0.099172,0.18938
ea584d54-dae1-70c5-dec4-4d61df624299,0,0.320924,0.239675,0.414694
b7609c0b-2da2-875a-bd9a-97faf62eaf89,0,0.26868,0.189116,0.366585
7af91ff2-e159-aacc-e79c-bdd12e299009,1,0.047608,0.034976,0.064497
e4487300-303c-21b2-b856-17dc49ca3007,0,0.300963,0.226157,0.388102
8cba6dfc-c1d3-60b3-4930-155ddb0176c2,0,0.235463,0.173792,0.310787
006647e3-16b1-58f6-6cf4-930c1adab022,0,0.414838,0.317492,0.51932
0004211d-f090-ea3f-8a48-81c8f5f12805,0,0.320924,0.240186,0.414014
13c34633-4bfe-998d-1ba3-8f0652f49f7a,0,0.173744,0.117112,0.250006
6af601d4-a16b-881d-04c2-34084784e58d,1,0.074784,0.052537,0.105405
701a51bd-c450-27a8-c4bd-b526d17f0d5a,0,0.10189,0.065677,0.154763
68893acb-f271-cf86-3e72-a87d8ec3d05c,1,0.075473,0.054132,0.104298
16444a65-e936-a91c-27f3-577059abf713,0,0.344713,0.226805,0.485434
7ed8d715-17dd-6955-eca3-fe7a626612c2,0,0.247241,0.190472,0.314361
124cc0c7-e395-f543-7409-648b82f4b61c,0,0.466838,0.335779,0.602639
78c1b65a-ada3-2fe4-2938-aa14c5650844,1,0.055723,0.041544,0.074364
d40c1265-12bb-ae57-add9-a42abaf1ae1d,0,0.411459,0.313088,0.517455
516efaae-2d97-af76-c887-9c7ba9640b84,0,0.169256,0.125108,0.224978
0d9aa9aa-f801-9fca-a2fd-61fb6339460c,0,0.11868,0.082823,0.16723
62152781-b0c1-afb6-548d-5e7c92103ddc,1,0.050586,0.038696,0.06588
5a36bcd4-cb90-51a5-13f7-834ed8864eb8,0,0.632352,0.506176,0.742678
2ac749cd-df7d-d1b4-d6cd-3da2f7770d82,1,0.085328,0.057588,0.124663
b35e3e42-6df8-02e3-6439-dcf08edeb3c5,0,0.157012,0.107774,0.223121
7ebaaec9-6612-2b67-2ef0-b50f1f680f80,0,0.093925,0.073288,0.119622
1dcdabeb-9b0b-e520-2495-dc47c1a33719,1,0.063898,0.045288,0.089438
73191c5b-4853-2c8d-1799-b2daacb8052b,0,0.324958,0.253637,0.405441
c95867d7-fb87-290b-78bb-ab0c532d73f2,0,0.374859,0.284847,0.474446
fb1dea47-3fd7-b656-52c4-8886b4863f92,0,0.288887,0.198442,0.399985
d70c537b-8b8f-7c33-ac8a-b820acb6d526,0,0.247241,0.191103,0.31348
5150bb25-91ac-23fa-bd0a-8b02594de232,0,0.231258,0.165462,0.313393
12e64e8b-eeac-0a77-16ed-101a08bd6888,0,0.320924,0.252181,0.398422
3179fea2-cc0d-6f65-c0ba-6d5f8a77fef2,1,0.062663,0.049086,0.079681
2026ae0d-5823-a942-cdf8-2e1ba094f87a,0,0.61256,0.479833,0.730445
f5f5562e-2f1d-fcc3-74fc-285c9a464821,0,0.238103,0.183105,0.303484
c6d131d6-feb1-1e71-5764-c443ad41c5f6,1,0.072625,0.052128,0.100329
238eb4e9-1eea-b492-1dcf-ff7818e38aab,0,0.20426,0.136486,0.294221
d628fb77-8bcd-bd7e-6414-7b88bccc6bac,0,0.191685,0.146979,0.246067
29822e11-7629-996d-d4d7-8b45cd664217,0,0.838267,0.768728,0.889892
46e74b55-50ad-614c-2abe-c2fbcb0e80ba,0,0.171851,0.130229,0.223358
0967e1ce-d015-1cb7-7973-6b7835bb80ac,1,0.049849,0.038445,0.064409
562680dd-0b68-7819-bd8f-a79ec348c2de,1,0.087391,0.062595,0.120745
cd57843d-cabd-f93b-666e-dde210f571ae,0,0.605007,0.521145,0.683113
ca65c856-18ce-c636-085a-51d73b58d2a1,0,0.764087,0.577462,0.884737
8843b171-16ab-1f69-9d59-f250a7ac148d,0,0.368502,0.2487,0.507064
a415e07e-8afa-869b-fffa-7d4e0d31c01d,0,0.19561,0.132859,0.278481
d5ed0514-26d2-2f8c-fb82-c54a10176684,0,0.324958,0.256334,0.402023
ce7aa0b2-711c-4c15-5db9-e89c37d519e9,0,0.314658,0.247346,0.390777
1bfde48f-98c4-7e70-3810-b83845f3a15c,0,0.614064,0.509032,0.709451
a7795377-3d0d-c44e-be86-d2d7f1f936ac,0,0.411459,0.317595,0.512241
5fded786-4610-e5aa-97d7-673f809a67b7,0,0.234681,0.178615,0.301877
cdd9541d-faf1-9416-ebeb-568a6f62e073,0,0.362144,0.238895,0.506652
3ea3ab83-64b5-5d9c-1070-378cd42c3008,0,0.320924,0.239178,0.415356
79d482a0-f6a1-7646-a502-7d424f8c569c,0,0.11479,0.088958,0.146913
f45bf3bc-3b1e-bff8-302c-66710467ef2d,0,0.327282,0.256854,0.406458
bb185ba0-0487-a751-b9b3-99f40142c82c,0,0.10189,0.072958,0.140557
555900e2-6650-8961-4df5-5afa424eaf4f,0,0.11847,0.087173,0.159047
9a4ece75-ecdc-98fa-7279-05f4b99aca7e,0,0.414838,0.314407,0.522882
7298455d-1d86-88ac-7ab5-a1944e12a510,0,0.327282,0.255184,0.408575
be4cbdc9-21e4-e6f1-f940-262d9ff6b6be,0,0.162865,0.126532,0.207157
45d1be78-e06a-b2ff-1c9d-5432a3a39a35,1,0.076848,0.054342,0.107614
1717c045-0808-debb-1458-df2c4441ccc6,0,0.288887,0.218036,0.371815
188454a5-142c-0ad4-97a3-5f7b66926cdf,0,0.26868,0.192233,0.361909
4b991b71-11fe-a579-0d08-c2fc2326b690,1,0.062663,0.048698,0.080295
a4de0d21-6f1d-8e0b-6d23-4572c248fafb,0,0.312334,0.24649,0.38674
58ee9fd6-6dd5-e875-b9ff-37bf1b683530,0,0.128203,0.083771,0.191281
cde8af2b-3c4d-74fb-baf7-4564855b0c26,0,0.554098,0.425102,0.676198
01570ec2-b3a6-bec1-a26f-33f508801ed1,0,0.093925,0.072899,0.120228
870dbb08-5547-9b9a-b48d-4a32b90b9bdb,0,0.52339,0.411562,0.63292
017ce448-e6be-4ed6-5d63-aaf23e7a7da0,0,0.248024,0.181577,0.329011
a085dd9a-c5c3-4f5d-af0b-220c4fef3f8b,0,0.093752,0.072962,0.119701
942a66e8-88a4-cd31-fe26-a1112ed8c890,0,0.250372,0.184997,0.32951
724cc9d9-e809-33bf-f77a-74ad91d7bcd7,0,0.212777,0.150393,0.292141
09118ba7-637d-6df4-9e9e-8c6931d935d6,0,0.368502,0.249125,0.506496
79f4c014-a128-c1b9-5b64-917861efa640,0,0.093888,0.072292,0.121092
05706b26-9eb6-cdd5-2d9c-db8500e203ee,0,0.318601,0.237389,0.412565
42c255b1-4e60-41c5-7206-72f93c1682b2,1,0.062663,0.048321,0.0809
10b7cbb1-d2a8-9a39-6d48-c587551ed359,0,0.114033,0.088971,0.14503
e19a3d9a-4257-af33-c8f9-33d9bde0132c,0,0.297019,0.224546,0.38138
7f08ae4a-7869-26e9-d3ae-3530920355eb,1,0.075374,0.053985,0.104304
435e996f-a4be-dffb-0fa7-8d38b725cbe4,0,0.626959,0.480022,0.753681
e4e7db02-6160-12e9-7f10-ca06183950de,0,0.320924,0.255105,0.394726
b48772e1-f0cd-1fd2-8cbb-2fcfe4afc9a0,0,0.40808,0.332465,0.488313
13531bcb-5693-f27e-235d-a43ed786054a,0,0.105938,0.078504,0.141486
1aef527b-caf5-f8a0-a9e3-6086155c7df4,0,0.114084,0.079477,0.161123
2dcd1fb6-45ca-3b0e-33c9-ec934d0fa62c,0,0.273681,0.198351,0.364608
3a5b3aec-ad95-9c6a-1dab-285117f6096a,0,0.276812,0.190224,0.384118
ff4d149a-f1bb-6a81-31fb-1251748e83b1,0,0.241763,0.192098,0.299507
3a47550c-fd59-3f41-ed32-9990b3295cdb,0,0.254286,0.185807,0.33754
cd232fdc-83ca-2d3c-f757-fa9ba7a284f9,0,0.40808,0.311766,0.512013
e8e39853-75be-ded1-ebc6-233ff183f91c,0,0.130848,0.079594,0.207659
38971904-a28d-b2c2-5705-9bda4d67d60d,1,0.056085,0.041282,0.075777
f7c02f35-aeda-9a2e-6a9c-12981be70211,0,0.11479,0.083603,0.155635
167ccafd-4347-4f1e-42f0-5c224d0885d7,0,0.101761,0.07172,0.142454
e948a3a2-1079-962c-36fd-a53b946fd534,0,0.316981,0.234821,0.412394
9334db0f-855b-76dd-d71e-0e98161666e0,1,0.062663,0.04911,0.079643
48908836-a0f4-89f4-24cf-cd2cefedf7b0,0,0.162876,0.118913,0.21905
d8db0ffe-1feb-d5cd-1e7e-1f355b70c8d4,0,0.253504,0.195633,0.321647
52278369-e36d-f9da-c1fa-0de7193c7350,0,0.12257,0.08017,0.182934
9c0d76e0-cd6c-afe9-086b-5614eb9c6b74,0,0.184742,0.120228,0.273127
376b9137-4c11-4944-a68e-f5bdfde59244,1,0.076749,0.05461,0.106851
e3d8c7de-085e-8abf-66f5-e4a2967a6304,0,0.333639,0.261909,0.413996
5503a193-0361-bd05-31fb-833b0943ed3a,0,0.373218,0.261468,0.500369
ce7b3e96-698c-cb87-bb88-1446ac28dcbd,0,0.50289,0.379303,0.626124
d50da403-5530-9ebd-c6a9-f75656e6453c,0,0.346354,0.253873,0.452111
ebcbff1c-2d4c-61ed-b312-e51429f460a0,0,0.114999,0.088677,0.147867
b9b374b0-887c-f1bb-d4c4-b72ff109bfb5,0,0.324958,0.255214,0.403439
57964fdd-d977-d288-3d76-f1e7e4f28f1a,0,0.229164,0.175666,0.29316
656ea528-eb73-039a-6555-2a98f7972a86,0,0.093925,0.067252,0.129705
3dfa499e-3fb8-27ae-4270-251b69de297a,0,0.242545,0.177864,0.321548
95b370b1-2b29-d5ab-b1a2-0be4c64a8210,1,0.062663,0.044459,0.087637
855c0619-83a3-61fe-acb3-ebdf7b7b78d9,0,0.224414,0.164643,0.298139
fcf02685-0c0b-86e1-a6fa-ea0b21c7b6d6,1,0.087293,0.06188,0.121788
66d11d67-fb4f-97bd-fcf2-02bba8fb0fc3,1,0.072625,0.055439,0.094606
2a8e37e6-2b4c-bce3-e2b2-892697d2f7cb,0,0.143349,0.101685,0.198316
97ccf801-cbf1-c04f-7ef9-e022a867a1a9,0,0.11493,0.083986,0.155343
21dc8c36-9dca-f555-5532-b256f10f08c8,0,0.106067,0.07432,0.149189
514fade5-6b7f-0482-c0c7-7012c57471e3,0,0.195664,0.143672,0.260742
732040df-e1a3-e0fc-69b4-6144bacc548e,1,0.057548,0.04323,0.07623
85961d90-a61a-14ed-e95f-d2e35d1cac82,0,0.27055,0.181756,0.382448
2d9aeb47-73ff-05bf-3204-54eb60d676e4,0,0.357428,0.256,0.473468
04632a7f-1c13-8f1f-f949-3c1eef2308c4,0,0.144061,0.096327,0.209953
4d2e3c89-0fd4-3f0f-2a01-ac903c8e6266,0,0.273681,0.187128,0.381481
74ca461b-b940-4660-be34-bb876ddf333e,0,0.296316,0.225748,0.378169
b59f05e2-a4c7-2631-30e0-69d74c676012,0,0.284944,0.217017,0.364242
99129b79-f719-2182-07f0-99f3d2aea096,0,0.641359,0.492602,0.767122
70eaf76b-e099-29e9-2748-25576f23a704,0,0.290507,0.21141,0.384759
e64d2ae8-66ba-084e-fd16-d54e017215d3,0,0.097972,0.074051,0.128548
8fc560c2-106a-9d93-c88a-4398c63a7c40,1,0.06589,0.049811,0.086686
aea9bc83-c9e9-6211-0b78-67e09a243ece,0,0.155602,0.106242,0.222193
3b128ddb-cf17-4f09-0526-0904b2bf9f4e,0,0.844715,0.781956,0.891907
2d25bacc-3155-c0fc-fd6b-e943000017f5,0,0.474077,0.35904,0.591933
dc0662ad-6ca1-f808-6736-4ffb7a4d22f0,0,0.424974,0.349626,0.503978
c5eda032-9507-be3f-4478-a980de280e3a,0,0.246459,0.180618,0.32673
2951a2e7-a8cb-0227-d7ac-7df6f0df1c0d,0,0.284944,0.2149,0.367142
64f44a00-02b8-600a-ab11-a5297c85a810,0,0.40808,0.311459,0.51237
eedade70-97d4-13d7-c75b-92b4d86fdaf4,0,0.089529,0.065403,0.121399
597764db-337c-66c4-1711-e974421c9c23,0,0.097972,0.072925,0.130412
7dc30035-06f4-445b-67b2-7c9776080f09,0,0.40808,0.314848,0.508433
8eb6efa6-ecbf-044f-0228-4df50e2417d0,1,0.061937,0.048085,0.079445
fac06840-87f8-41fc-53d3-2351c1d103b3,0,0.093925,0.068805,0.126965
ee0280d0-dc87-dabd-fd13-25d718fe95ed,1,0.081068,0.059661,0.109263
1a55da54-56b5-43fe-a09b-6ef89445898a,1,0.087293,0.063108,0.119564
587661ea-1169-4265-eba0-fd898bbfca5b,0,0.547568,0.44651,0.644851
73df61ee-5d96-6c3e-4cb6-dcdebb1c82b9,0,0.250372,0.191079,0.32077
8bf06da5-31e7-9546-ac55-17092ca3f55e,0,0.690719,0.591346,0.775116
535024d3-603e-d97f-fe29-e6a261688f40,0,0.385933,0.272047,0.513842
73105b1d-1901-a174-faf0-830028e4756a,0,0.40808,0.310485,0.513506
63bd82b1-40b7-b889-553d-65072a389064,0,0.234918,0.171206,0.313375
5a3bfaa1-f038-c986-40ac-24a3be746ff2,0,0.24959,0.181571,0.332731
bb900992-7985-7dbc-3017-e46e3c8a239c,0,0.113774,0.08319,0.153717
d94261be-6c8b-b6e5-4297-aaba715865a5,0,0.573616,0.439805,0.697452
14c654e9-46a8-0102-169b-090739d74db9,0,0.26868,0.195983,0.356391
426651b7-aa41-2d18-003f-e3e16535d830,0,0.40808,0.320079,0.502399
853b74a9-23a5-eda6-074b-17e2b2a7149d,0,0.091689,0.069076,0.120744
fed9191d-2975-4616-2e25-4a39e883bbbf,0,0.276812,0.203162,0.364934
014e7951-10dd-5879-5b74-fb1febda77b2,1,0.059374,0.042697,0.082006
275cdf7a-1ea8-f448-db37-df6bdf7b90ff,0,0.128412,0.076628,0.207334
f3574207-6e46-ee4d-df08-4b146d5fb581,0,0.751168,0.65164,0.829692
23214f70-aa96-dc10-e388-e4f748704bac,0,0.121325,0.085427,0.169512
bd6f2925-36b9-8a7f-b711-173552a20a8b,0,0.162845,0.126055,0.207818
6da9f187-349d-fc16-f3eb-ff8a6f4fa579,0,0.201541,0.140496,0.280456
ce62f4f2-cd4a-8212-a589-e291eadd0112,0,0.093925,0.071708,0.122119
63e227a1-6153-d5fc-4f06-dacb80e01c12,0,0.40808,0.330355,0.490692
5db12530-09d8-bc2f-0b13-3a74aa16a4ce,0,0.547568,0.421289,0.668007
e5f87c0a-ee7b-07aa-6621-488441c8e0cf,0,0.503503,0.36422,0.642244
956a0214-0f22-98db-9e02-428ceb95bb77,0,0.237558,0.171791,0.31881
3ce7fe1d-9b83-c9af-0d0a-19d2e51b9900,0,0.151159,0.109707,0.204674
5890f91a-68d2-e8cd-d7b1-0b97e46fe37c,0,0.40808,0.335582,0.484813
59c3f21f-1c19-eaa0-f8c2-eebce671a652,0,0.344713,0.245524,0.459566
9d5a536b-9d33-436c-20cd-e71ea7cafdce,0,0.169256,0.119144,0.234827
2361a2d2-ad9b-f3cd-62b5-7a6cd6380659,0,0.173744,0.127145,0.232864
7f9dac7f-e6dd-6ca7-874a-7e9b3b64e715,0,0.704982,0.589111,0.799309
40f9d10d-da39-4c0b-dc72-a3bcde6f1b80,0,0.306771,0.227571,0.399287
f750b891-c90b-e16d-42fb-cca7593e8f6a,0,0.11868,0.083006,0.166895
a2c5031f-c0f9-6ad9-8750-db96812fdae3,0,0.560592,0.414218,0.697134
e48a144e-1d4e-2d54-a2fc-87d8538deb2c,0,0.320924,0.251666,0.399078
002d8a68-7d11-9fa1-4834-5bf0efb91e84,0,0.323338,0.254754,0.400466
3ab30846-2cd0-b753-54f5-4ac37a1b1574,0,0.105808,0.069043,0.158813
434769d0-c70d-f2d3-dc00-89c0e3826ed8,0,0.109616,0.081903,0.145224
8c91a97c-95ae-b651-1b6a-056664178926,0,0.34239,0.248436,0.450573
24ba0b2f-5db2-b487-3ca2-5b89b48a7ea5,0,0.691105,0.614898,0.758163
1cb16ca2-4ea7-13c5-8314-535d46ac3f1e,1,0.076749,0.056901,0.102766
f14078d1-71bc-ba37-716c-c300e6a95767,0,0.202936,0.147897,0.271921
64dfeff5-4478-b63f-d545-9bc303592fb2,1,0.054248,0.03913,0.074754
f633ca67-b207-08d5-fb8b-521d4ea151a7,0,0.12257,0.089392,0.165818
6b4e3ec5-5608-6742-f38b-8fd37a0e87b0,0,0.704982,0.595428,0.79508
1f750e27-d0f8-dd52-6d01-89a11fa6df02,0,0.093925,0.067905,0.128539
4ae56ef9-2a08-52f8-477f-27b82e93c10e,0,0.156992,0.114185,0.212004
22981bcb-dbd1-e60c-1825-3791887fe4bb,1,0.069257,0.047691,0.099556
9bbb5cd3-4740-1380-9190-02c93055b743,0,0.135773,0.085738,0.208354
048370eb-20a7-fd72-1cf6-57a373afcd81,0,0.093925,0.067207,0.129787
aa078716-ab75-1cd8-7daf-4981cf011c1b,0,0.40808,0.336146,0.484181
8dbd50f7-e3f4-27e3-4467-5a21fb287fde,0,0.825822,0.736867,0.889226
13006681-3c23-d81e-66bf-d249eab5cb4e,0,0.411459,0.31547,0.514695
4470138f-3bea-f7c5-72b1-e7f204dbcbba,0,0.560592,0.447477,0.667745
031b9b9c-c18e-158c-9050-aec9f8eef090,0,0.324958,0.256988,0.401199
29961eea-09ed-7a3e-2245-94a8a510bfda,1,0.083304,0.059293,0.115841
1ee04220-ba44-f0a4-59a4-6d7a0668a8c3,0,0.11281,0.084819,0.148538
c14226e5-23de-30aa-f219-58eef3999f27,0,0.115209,0.08962,0.146925
37f0186d-73bc-1bd5-34ed-261f2cb379b5,0,0.237877,0.182172,0.30428
d76f4c4f-a560-48bb-5041-3b3951bb58b1,0,0.261636,0.201126,0.332766
12bce489-0b40-af84-7758-82821d9267c2,0,0.093925,0.067444,0.12936
cd5a3c0a-6c92-cf15-7387-7467c3011ee2,0,0.276812,0.202969,0.365211
2cb1a162-8d71-3417-c736-be7b17dc04eb,0,0.79639,0.647472,0.892815
9d358314-17ec-a26e-6edb-a593284d9fb7,0,0.320924,0.242885,0.410445
79b5eff1-8efc-6a60-0d10-53186bb3ef03,0,0.411459,0.313779,0.516653
5c312b3a-41fc-5851-c214-ce9d3434e86d,0,0.097843,0.072971,0.130003
35ebf97e-e72c-53e2-3ca7-96988396c6a0,0,0.40808,0.310423,0.513579
b5952fdf-6b0d-6123-475e-79bb2fb47dbb,0,0.40808,0.333824,0.486784
c8f736e0-1656-d393-68bf-2e0d477a9acc,0,0.169256,0.114721,0.24261
3323e58f-6dd4-8623-2da6-f0b89ba3cfc5,0,0.089665,0.057755,0.136649
749151a5-2820-0f25-0bbd-b0842051f8a0,0,0.687217,0.582482,0.775791
f6c9b541-4290-e57c-e762-cb0c09c4d6da,0,0.327282,0.241932,0.425828
de00d3ea-3217-a1c3-6a05-dd8ed4f4bc6c,0,0.181821,0.129138,0.249831
6fe5183e-5fdb-f74e-3cc1-f91f0aa95e6d,0,0.339997,0.263507,0.425852
cddc4cb6-744d-6837-6513-f31b3955ffb1,0,0.183714,0.119823,0.271176
394a835d-2591-549d-b329-6ad5d0807651,0,0.153605,0.115386,0.201598
0de4fcfa-2dcb-603a-95c3-d060a691de9b,1,0.062663,0.048783,0.080159
574f5cbb-f7cf-1291-acc1-eed3c234a55c,0,0.109955,0.081891,0.146106
05769956-d215-a87e-7448-c5e404098520,1,0.066507,0.050057,0.087863
6dfb8e70-d89a-ecd2-c1e9-90a1d70932bc,0,0.251155,0.194356,0.318001
dd87501d-533e-107f-c402-01e6b416889c,0,0.10189,0.073766,0.139127
37433e84-8eb0-853e-3b8f-c2d4ea6ff23f,0,0.239905,0.170735,0.326079
312ccd98-2107-de63-60bd-50dd270aed11,0,0.159261,0.118835,0.21016
8cffa2e6-9b62-3f88-8ce8-449500143e36,0,0.204521,0.138871,0.290729
60917295-61f4-7b68-3772-9d9b01984e17,0,0.230713,0.177551,0.294101
bb59a3c0-addb-2211-5600-4081331bc724,0,0.421209,0.334211,0.51339
03850a92-2383-e738-98e9-1999d3447dc1,0,0.239614,0.182614,0.307708
eabc70a6-9a1a-eb11-d2bf-cd55199d0064,0,0.52805,0.415943,0.637398
a6028392-1f4a-2523-b303-515e1133e28e,0,0.838267,0.784253,0.880813
5c406e02-93ac-8e65-9723-46db7c63dd55,0,0.110195,0.080926,0.148339
cd1f0700-4235-4eb3-0859-9e81162d29ab,0,0.281813,0.207724,0.369987
0779df06-49b7-973b-311c-565c999cac4d,0,0.999999,0.999998,0.999999
4af67336-34d8-ed54-11a6-98ecb960ed3b,0,0.169256,0.123579,0.227435
85d02e19-e4b0-a99f-e1ac-4211a04a01c0,1,0.083363,0.056178,0.122001
90d51d87-8883-7b45-bb53-f742ecfbfee5,0,0.128685,0.091353,0.178281
00b644e2-b78e-0b13-54f4-3024240c04cb,0,0.300963,0.226556,0.387561
0a72e2aa-97d8-2086-4884-774f79400b40,0,0.091787,0.070382,0.11887
51ce45bf-3a12-f8a4-bdf7-c37584b29312,0,0.105808,0.077724,0.142474
3d4b0185-c42a-4d95-e703-2283e3acf123,0,0.316981,0.229108,0.420187
4ace8020-5b2e-a961-837d-dc80b6a02d9f,0,0.681908,0.599595,0.754236
bc053bf4-f71a-9748-cc1c-5182eff0f4b8,0,0.397007,0.295231,0.508551
048a2558-1fc7-52ba-3840-5a97bf452a03,0,0.110195,0.080269,0.149464
9c2cc49d-5398-8fcf-8c78-90b367e956e7,0,0.493545,0.380448,0.607307
100971cd-bd62-3021-e5bc-51b9850f8112,1,0.075374,0.054792,0.102847
fbf74ead-9fe6-47e8-6cbd-3e90e4af8261,0,0.40808,0.312336,0.51135
d1291673-0e1e-bfc2-574b-759fe6125a10,0,0.173744,0.126891,0.233273
edc9d262-cbe9-9adf-b9f5-80ef4ae07c84,0,0.114451,0.082537,0.156601
652c07fe-4b0d-fc15-41ec-37f8d47e24f2,0,0.40808,0.314398,0.508955
7c67673a-8c41-0a8c-e0fe-218fc0fcf3f5,0,0.546587,0.409235,0.677194
aa4315f0-a515-2baf-898f-8938e8fb3004,0,0.091824,0.069752,0.11998
19678eb5-7d78-07fb-2fd2-e905f411bd51,0,0.58664,0.459075,0.703548
a3e703b1-65ac-1ddd-4875-148c238a097f,0,0.110114,0.080172,0.149423
6f240036-7321-e790-7588-965d849bad5b,0,0.40808,0.310704,0.513251
371cdb75-b2f5-be54-2fa5-eda0864b4811,1,0.061937,0.047966,0.079636
8d2cf100-269f-f9cb-6cf9-17181a9449df,0,0.40808,0.340928,0.47885
54912a36-40f6-12a0-a9f7-e2ee12736924,0,0.093925,0.066378,0.131296
643b8eb7-7f04-1801-7af5-cb768b1a2247,0,0.130858,0.088818,0.188675
dacce519-802d-77ea-7530-b7ee93b9a82a,0,0.316278,0.238728,0.405597
014d027d-9cdd-1e45-a330-70b734ca40b1,1,0.037021,0.025778,0.052901
b78f68d0-600a-4183-0157-1c175a92941e,0,0.114661,0.082015,0.158063
1746386b-79f2-3e20-81a8-eb76b45d5c2b,1,0.085232,0.061025,0.117836
c7b5caf8-98c9-0cd4-dd50-b93ed7d789a8,0,0.103619,0.074852,0.141748
a8f272d8-0c88-6a29-d3b4-6fe36c0a9652,1,0.075473,0.053402,0.105647
e925c7c0-09c1-8b4a-91d8-75695cb0bec9,0,0.173744,0.1178,0.248763
4429b849-93ac-528c-1d47-d5dee23a8d36,1,0.062663,0.045791,0.085197
e4724055-9cac-6529-6eb5-a62c1fbcf35c,0,0.53458,0.418024,0.647479
f029e9cd-d433-bda6-6b6d-7fb727b75b2e,0,0.120906,0.08044,0.177792
8c52c1a5-87d0-3a10-01a6-d690b6dad62b,0,0.397007,0.308966,0.492263
50ce9b6a-70e0-1d41-9afe-b527a92b8fac,0,0.175074,0.11715,0.253418
5b560e8e-b9f0-5927-c49e-0b51f9496bee,0,0.67802,0.595797,0.750521
08ff388c-dcab-7f63-c93e-485f224d1787,0,0.093925,0.071541,0.122388
661e9500-e898-070b-4d2d-f413a44223b7,0,0.599664,0.488505,0.701431
804a5bbf-66a1-5ebb-c21d-a581dbc32d53,0,0.198703,0.149588,0.259033
1912ab96-0c5a-0a83-04ec-8dc9c7b08db6,0,0.411459,0.333353,0.494296
600da8f0-5afc-c7b9-3103-fe8c78dcd582,0,0.097843,0.068044,0.138749
689820f8-2803-56b5-e3d6-6cd5e750a317,0,0.58664,0.454874,0.707068
866e2c88-6025-e62e-ce02-9457e8753ca3,0,0.289945,0.217832,0.3745
e374f519-0641-ac50-2330-b4a959e47c17,0,0.441272,0.335096,0.553106
c4a9a440-819c-0c7c-0d13-9826df8c240b,0,0.247241,0.193392,0.310316
e575d8b9-7268-8002-0839-8482a8db3540,0,0.128423,0.089498,0.180914
6d566fc7-44c8-5f45-17a0-a171423bbeac,0,0.246168,0.18638,0.317647
66518914-fa5a-1e64-b391-a11290ca774a,0,0.687217,0.606083,0.758304
521c6184-0fca-1c49-5cd6-a3ab986acbe2,1,0.080972,0.056811,0.114165
74130a69-310b-cebd-53f8-2f0188605ac4,0,0.92825,0.899222,0.949387
378cfee0-208e-8b63-7bbe-72c06f26734c,0,0.250372,0.181782,0.334271
98c4e3ce-4689-c684-0c93-29a58de77926,0,0.089394,0.064081,0.123388
d9926f2c-b51e-cb32-f1de-47cab848447e,0,0.152612,0.106314,0.214238
dd2b7945-620b-1877-2461-37cc87ce2a0d,0,0.089551,0.062882,0.126008
da580e64-a5d4-d982-1482-eac4f4a78282,0,0.128423,0.08819,0.18332
5d57a6ee-3260-502e-61c0-0221c88d813e,0,0.138208,0.089048,0.208303
7ed0e41e-595d-4dd8-ae1c-c31b7236868e,0,0.333639,0.242039,0.439791
780ad670-69ca-e349-b34f-8a1899a02278,0,0.243103,0.191551,0.303324
10644f87-3cac-0301-73cd-c70310520dc5,0,0.397007,0.310022,0.491028
0a6f9569-80f0-47e4-ca8d-cb21b1f68ec6,0,0.411459,0.317658,0.512168
2f36bef2-c867-3481-b8cc-8b027fd6c900,0,0.813378,0.709056,0.886293
5341a214-3449-b1a1-ffc5-5a94352842bb,0,0.10202,0.072766,0.141242
fa58c571-84c9-4aa2-4aa0-97c5d3f8d4dc,1,0.074784,0.057337,0.096994
6b327b89-217c-85fc-30cc-ac63f98c82c1,0,0.999999,0.999998,0.999999
cacb1e0c-dbb2-1155-eb67-e1cb29937064,0,0.224895,0.15133,0.320707
ae599396-93db-9cb3-e209-fb6f4111124f,0,0.147742,0.100349,0.212237
671005a7-8d4a-b368-57a4-7a93e1fc6d50,1,0.083169,0.053954,0.126093
3cfcb807-a008-a24c-afc2-a1a0c437320e,0,0.492467,0.383948,0.601701
6dd34e56-ec2e-a80e-05a2-c46805674212,0,0.183412,0.138071,0.239505
17468224-2e5f-7967-8b39-98db03247352,0,0.310011,0.227095,0.407249
9420fc99-08da-dfcc-d1b3-11076fb46bd8,0,0.320924,0.242711,0.410673
3a2786b2-2700-1630-add1-fca28c8a5f86,0,0.169612,0.12832,0.220826
391e447f-d4e1-a258-4db1-3aae443d7a34,0,0.316981,0.232964,0.414908
45256a1a-f15a-e2b7-fcce-fc529e96b148,0,0.137236,0.099578,0.186191
05d9eeef-2b68-7aeb-7fba-55e73632c374,0,0.40808,0.334502,0.486024
8ff6c53a-05cd-e407-cfe5-dd3a0f6297e1,0,0.691105,0.616407,0.756992
711135ea-0dc8-24a6-c365-82ad7713c8f5,0,0.138208,0.088507,0.209408
83f969f0-3f1b-54a0-da3c-d930345862a0,0,0.691105,0.618516,0.755345
e45fef8c-8a91-6d93-b5eb-857244ae9f8d,0,0.698044,0.588716,0.788739
7504ff6b-140a-39e4-23bd-f03d63990909,0,0.153584,0.115829,0.200851
88f0515a-5d88-8bad-7ec8-94d3ec7eadd8,0,0.368502,0.248433,0.507421
e925bab1-bec8-f92d-3a3b-b233ec1c9baf,0,0.089529,0.064245,0.123452
f011ccc1-ed00-c8ea-cdf9-ebd87032941b,0,0.203959,0.128456,0.308149
4a87a8c3-caba-eb7e-bbab-a762b7ece398,0,0.15604,0.108689,0.218952
6fadb654-6930-01f1-f06f-1554ca4e3046,0,0.093654,0.070491,0.123418
5f8953a9-70ca-5359-8edf-cd6cacc84163,0,0.324958,0.258258,0.399605
2ce821c5-8da8-ff12-8c0b-1d750e3673b1,0,0.379575,0.256441,0.52045
0b414969-46ad-bce2-99ca-f713e2f6b72e,0,0.221735,0.169642,0.284346
f5276694-ff2a-6732-a0eb-4bcfb6b453d8,0,0.125109,0.085935,0.17865
9d2dc5cd-fe3b-908a-4cc0-fb1369760fca,0,0.109597,0.079909,0.148535
56b46e46-93a6-c225-6f37-8ea2d0819f1b,0,0.089588,0.069031,0.115506
e63391d6-b0ec-8a18-e9a7-54f712d16b48,0,0.186504,0.142604,0.240135
5a795eec-2e6a-6e2c-652b-14ead6961a88,0,0.134538,0.092975,0.190774
611a529d-799b-5bb3-c63f-ef50a47e7035,0,0.435875,0.3449,0.531381
986addb1-3a57-b20e-9a6d-309c6409c224,0,0.113903,0.083244,0.153958
71a8dc76-fc40-7145-a459-34453e48d35b,0,0.110195,0.082657,0.145452
ab485596-0a04-b626-262e-942a1cc10a81,0,0.230713,0.1802,0.290371
8ac36fb3-ece0-5284-4cd5-4d7d24fb7fb6,0,0.427966,0.346411,0.513633
91a3d87a-6028-4688-9fab-d8f613f49459,0,0.097935,0.073721,0.128994
46f284d8-44ba-6d8d-8fcc-e21419266d16,0,0.422077,0.320766,0.5304
c63f0b89-5b96-e85c-5162-a1821f65a465,0,0.235767,0.182704,0.298611
cc119b01-03ce-d7c6-989d-f8ffd5db7d21,0,0.691105,0.611584,0.760716
d1e21771-5b04-55de-a123-b268a0cb2143,0,0.162855,0.114347,0.226674
3f0335d1-49fc-9ece-68cd-72e38dca9146,0,0.257431,0.170212,0.369443
72e2fb1c-7937-ac19-4a95-f9b2324b7c33,0,0.157012,0.114705,0.211201
a7e5670c-8170-59e2-f985-e2455e487568,0,0.12625,0.08675,0.180187
8a666021-c52a-3c10-caea-8d0736167bf2,0,0.114371,0.087256,0.148541
6f3021ad-108c-570b-0e20-3818a30c55dd,0,0.144061,0.087634,0.227753
9d357649-689f-75ac-f674-451a158ee53d,0,0.316981,0.251644,0.390431
1bbed6f4-7b9c-9ca8-3afe-5cabec10152c,0,0.40808,0.336343,0.483961
565208c2-6029-37e4-45af-3ca16ba62146,0,0.284944,0.196887,0.393107
489126d0-8d4a-536f-cc31-97ebea6019fc,0,0.162865,0.127867,0.20519
f1bf8876-f5ba-faf5-e564-d316a921936a,1,0.061937,0.044655,0.085309
36354dd5-e51d-5b54-925d-4c123998e1a9,0,0.397007,0.290854,0.513831
f538efd5-481b-2be0-26db-b9e582ebc682,0,0.397007,0.308032,0.493358
4c4461a2-75cf-0d99-33cf-4ef16aece6e0,1,0.07348,0.045132,0.117443
80937096-4d30-bcd4-4e11-abaee6d59ea9,0,0.093789,0.066638,0.130457
9df4d851-c9d3-8310-d150-694c4c4e2cf9,0,0.212232,0.158881,0.277586
74ae714a-82ba-0b86-81ac-bd6591c3de68,0,0.089258,0.060146,0.130505
630a75a2-25a1-53de-e9a6-b017b4b91dbe,1,0.069875,0.049279,0.09819
af9e750c-2b6f-e616-b254-9a935f020620,1,0.062663,0.048675,0.080331
250e3113-7fce-027e-7197-45b7713f9363,0,0.144051,0.093509,0.215419
07add88f-8a79-7047-4e43-47d54c140a28,0,0.304448,0.245301,0.370848
8e67593c-56a5-7c55-ab58-4bd269aee256,0,0.999999,0.999998,0.999999
c23e4c0a-3543-6306-00dd-6f171c677932,0,0.368502,0.271752,0.47713
86d14be5-cbb9-8058-2919-0252d70bcda4,0,0.162876,0.116389,0.223239
61d1fa1f-b312-b9a9-ae2f-112c31460d0b,0,0.313038,0.25322,0.379799
72ac3782-8ff0-12e0-6478-24e36a516f22,0,0.169398,0.115735,0.241158
0d0498a1-0f4f-66ec-57eb-4fd18963296b,0,0.352712,0.280964,0.43178
d30231be-529e-aee9-35a4-2e566399ffce,0,0.293076,0.205912,0.398615
38fef0c3-2640-e524-6f5c-489fc1826fba,0,0.091516,0.065753,0.126012
42907a84-11da-6b42-1097-572024e33867,1,0.087564,0.063975,0.118748
995ea18c-d8ae-dbca-2509-63ef1ce0d13b,0,0.21052,0.144052,0.297015
0666e1fd-ed63-8727-b53c-89fd4673a1c8,0,0.105679,0.071168,0.154149
9de81430-b81f-f4e8-1dae-54e793a8711c,0,0.091824,0.07034,0.11903
a157c3ed-7dca-a66d-02c5-07e4842dbc40,0,0.309094,0.228678,0.403014
05b17814-ae99-649e-9096-82c6fc766fa9,0,0.234681,0.171886,0.311779
b14b210e-4c67-5b60-1a68-74616d9298a9,0,0.139453,0.103465,0.185372
e06fbdfb-656c-5a91-5ffa-c1bfd38e3493,1,0.087564,0.062085,0.122137
ea57bbf2-a668-9f00-b0bb-7939429e1d0a,1,0.050586,0.039478,0.06461
99401eea-c16c-3747-fbef-bbf9cc40edb3,0,0.226948,0.158616,0.313741
13923efa-75f7-dc58-8eb4-44cdee1481b0,0,0.149925,0.101349,0.216182
60694a36-35e8-c036-4081-dbddc2b0c063,0,0.157012,0.113717,0.212833
5d165a68-1a3b-1f40-ae5d-cce0226663f9,0,0.228317,0.152423,0.327404
2ebf2159-b524-34b7-dfd4-7eca527a5fce,0,0.344713,0.246992,0.457602
22ef627a-a850-d3ec-65c6-0276cee4f4cb,0,0.114341,0.088527,0.146473
151cbef5-5700-f256-6f80-fde733bd8c8b,0,0.176523,0.117044,0.257415
eca826bc-e18a-cf87-42a7-c5b99772affd,1,0.062663,0.045568,0.085596
e2e12237-cf43-08f6-b23e-e756dd0736a7,1,0.06589,0.047284,0.091117
3bd1e24d-fac9-d124-7839-136942041706,0,0.768631,0.698513,0.826492
6e57cd45-4fb6-71b6-f065-0a95cdf54d24,0,0.40808,0.309918,0.514168
c3925808-724a-b3d1-9965-c3a9b35b404c,1,0.062663,0.048856,0.080043
7ae24dc7-d904-302a-5978-e0662337afb1,1,0.078124,0.05156,0.11669
a2b0c596-f28b-02d0-358e-241e9d8d53a8,0,0.114294,0.080476,0.159851
1e8ca56f-c8ca-8630-258d-cca254f2c080,0,0.239123,0.171097,0.323635
4b9c3a77-8620-8e5a-fe71-b53d910e88a8,0,0.338355,0.237259,0.456734
d6de6cd1-c687-4ff8-e06d-4209f6d91960,1,0.059012,0.043636,0.079356
a6aa5dc7-21cd-25d4-268f-d0d54e06a26a,0,0.141889,0.096074,0.204606
3adc8b5d-8a4a-8bb7-bb4b-0f7068fd86ef,1,0.037021,0.025686,0.053086
c083bdb7-3dc8-10c4-019a-7e4fefed8bb2,0,0.390649,0.288218,0.503722
91681350-3ebf-a923-915b-fb2e6ad85f08,0,0.140644,0.100081,0.1941
41074ea3-e7c4-8fe4-da46-fcf156e5759f,0,0.109985,0.081602,0.146664
879fe286-fda3-acf0-bee7-b3044f79653f,0,0.217184,0.157701,0.291343
fd3ed128-eaa3-26ec-dee3-250376ac2a37,0,0.162845,0.125229,0.209058
9b525c38-10e1-4ad1-3adf-f09b5713049a,0,0.165104,0.12813,0.210175
eb0df30e-107f-4a05-6bc4-521895b9e539,0,0.12257,0.090454,0.164032
aadc443f-dc44-7a18-3e34-69b5c842c727,0,0.718263,0.590871,0.818194
50e3b680-2663-d639-9c2e-97cb218d7901,0,0.114113,0.088601,0.145795
b8027ac5-7ade-767a-3fd5-8fe5406f0768,0,0.956949,3.4e-05,1.0
4514a02b-88d8-7756-da22-c47e4d71fe46,0,0.288184,0.217684,0.370698
3f0e8845-0b6f-0bfe-aefc-7a09d20083ec,0,0.687217,0.605221,0.758964
d1072353-7f53-6f08-a369-bae1d5953713,0,0.474998,0.38928,0.562215
12e65b3b-95ce-43bc-c63f-746668d254fa,0,0.294696,0.211498,0.394257
1120808a-c943-0160-9090-a0753124326b,0,0.320924,0.243222,0.410001
82ab078f-7383-49fd-ce77-76c548d3581b,0,0.479434,0.3863,0.574021
9d8e6604-e697-37b6-6c1f-ebe29d821621,0,0.114451,0.086841,0.149404
b4d59fd2-280c-413e-a2ae-1110dd44a692,0,0.573616,0.465044,0.675528
c7487d28-3ef4-9199-a310-12b360a2236d,0,0.254286,0.185333,0.338242
f858d226-4f41-3f84-5c4b-46635ebe286e,0,0.88443,0.815478,0.929833
23867eb8-b60c-350a-2b7c-a7232fab091a,0,0.317072,0.247566,0.395826
7b97a271-515d-a995-776a-ab5d5e272fda,0,0.480448,0.369439,0.593421
157685ba-5aa5-f4da-4058-f8dc54cc8d97,0,0.276812,0.203274,0.364774
20ddc8fb-b8b0-e675-2e2f-bbdbf4e11d4a,0,0.113774,0.082835,0.154324
daea956c-4de9-53a3-cf61-4c1c5e34ccb4,1,0.064655,0.044856,0.09235
f534ea65-0e54-477f-9693-0e23b9cf367e,0,0.159437,0.122295,0.205223
76664ca4-d9e0-2f07-7792-9d20e8104d42,0,0.815773,0.634791,0.918573
d68eb34c-6a92-37c6-f65a-732acfaf6503,0,0.411459,0.318011,0.511761
ed13af66-5e48-0e24-d02b-a2282762a06e,0,0.478002,0.365321,0.592967
efc07180-5ec1-6882-600e-cb8a6964ad76,0,0.254286,0.182312,0.342764
321fc0bc-7c3d-0004-7ae3-689772c6f728,0,0.534544,0.425454,0.640428
57026d9f-42b9-2ed0-b244-f7f016b432cf,0,0.106018,0.068019,0.161564
87780cf4-3def-b464-86e4-cb46d338c7bd,0,0.180124,0.132816,0.239627
b43b43d2-992c-aaa8-f539-78e0a78846f2,0,0.374859,0.260347,0.505328
07bb79e7-e8c4-e856-000a-5b00d177fdcf,0,0.293076,0.22385,0.373411
4a390a99-164c-e4fc-0998-addead85eaf4,0,0.9426,0.000296,0.999999
6de537a7-59d6-9e16-d6fa-78b1af18e691,0,0.428448,0.32181,0.542172
55c070e8-d1ec-d6aa-ecec-ceabbc51b7af,1,0.064655,0.04583,0.09048
486768b8-558c-435d-c445-7f57545fb4a9,0,0.698044,0.612836,0.771491
25727a8e-d056-c909-4c85-edd956f99dcc,1,0.065273,0.049993,0.084805
5c70ff82-ea2f-30a2-d9ce-c74b0290d5bd,0,0.300259,0.214118,0.403272
5dcf0f99-cc9d-5b70-e9cd-51ccd8a996dd,0,0.179148,0.132016,0.238485
23336871-aea8-3eb7-6702-e309840a0a49,0,0.272899,0.202225,0.357212
bfd776ba-a6bb-1a23-9256-879ec203f00d,0,0.253504,0.193578,0.324515
75094b66-2892-18bc-1707-3d89e9a2ed19,0,0.194778,0.142893,0.259792
ef1f5112-e35b-a6cf-6d62-1d73b613684a,0,0.246459,0.179541,0.328337
cdf2149d-ddde-8424-7a44-835231c7bf86,0,0.363786,0.257349,0.485467
70f883a4-c86e-a985-0166-75e04aef286e,0,0.162865,0.117076,0.22206
ae198d5a-f7e3-e579-2e93-c7323bee62f1,0,0.573616,0.459324,0.680551
54edcb04-041f-55ff-b523-a2fc1edc4452,0,0.228381,0.177249,0.289081
01e20988-dc31-691b-ff89-b67dcc38dd97,0,0.316981,0.249413,0.393264
f0cf9b96-5206-04a1-ee79-012b25454f7f,0,0.284944,0.211142,0.372365
d5238bd6-87a6-917f-27c9-669b3de919dd,0,0.320924,0.24101,0.41292
6ddd2329-5788-2340-709b-461c254fcc4b,0,0.093888,0.072608,0.120593
e85ee185-2262-5646-a68e-6f1fd7507553,0,0.093518,0.066577,0.129845
ea506879-2f7b-df34-ca9d-76027df1537a,0,0.117922,0.086823,0.158231
4285ba0a-3489-a5e6-f807-9160bd08576c,0,0.514045,0.385161,0.641087
409b066d-e395-6a57-053d-d504657132b6,0,0.091553,0.068231,0.121805
f2940286-5931-47b1-eef5-beaa4e6780d7,1,0.064515,0.049994,0.082886
d6f4ed1e-4595-a5ae-38cb-ca775aed2ef7,0,0.254286,0.183941,0.340314
9e4e92ef-1266-b744-57b4-7392188edd87,0,0.230713,0.178123,0.293289
85fa60dc-f89b-5d0e-b1bf-963fa2642eaa,0,0.159458,0.11263,0.220909
23fa63a8-9bf5-8497-fe30-fc9b78fd58ac,1,0.062663,0.049152,0.079577
927a580c-a0e8-fd46-e294-a22f0c40e1c7,0,0.11868,0.090964,0.153415
53c75ae6-a9f8-4912-3fd9-97f48a910b3d,0,0.390649,0.282824,0.51033
e0f92e00-8630-d171-2973-380465e300b0,0,0.838267,0.784443,0.880695
622381f5-053d-b8ee-56b3-ac8b83e8457b,0,0.327282,0.255509,0.408162
beb65b5f-73b5-4d0f-d43a-4cb951dc9649,0,0.547568,0.417042,0.671864
50663939-d429-4e6c-e112-e2eb47498e29,0,0.131883,0.088682,0.191703
8bd3b319-af4d-1372-9989-d1bcf41c6757,0,0.097733,0.07131,0.132549
ecb9dba0-ab33-fcf5-caa0-83483af778da,0,0.374859,0.280577,0.479699
b926cabf-1a41-027e-f05b-aa081c212e86,0,0.093925,0.067506,0.12925
c35cdfa6-6c03-5232-c243-50138e48f61c,0,0.169246,0.1304,0.21678
08bb8ac2-2396-1393-61b0-8b56795cfc19,0,0.327282,0.245344,0.421307
894284ca-6eb3-5a6e-680f-efd8cfdec69a,1,0.065273,0.049183,0.086149
c353a35b-e019-fccf-bb22-4ff0b1b37ddc,0,0.838267,0.767532,0.890547
7f368d2d-7722-7ff9-b54a-edf6adc8985b,0,0.825822,0.739881,0.88768
2743aa6c-ba5e-11dc-92ca-a12215f8a2bf,0,0.223525,0.172114,0.285007
76100b28-c2b8-8671-8d14-b978f47d6fb6,0,0.219141,0.167495,0.281329
ff464584-c2ac-7705-f1ae-60b06b615d7d,0,0.116918,0.091076,0.148891
173672d9-b857-99a9-5d39-47c4f4e1b12f,0,0.323338,0.250351,0.406078
85b9ae36-0dc5-9589-fd46-a89cdfc2e3b8,0,0.109985,0.076121,0.156365
e4970a4d-0b95-abc6-be2a-d7d5b2b6e1ff,0,0.232041,0.175947,0.299518
e4a9d812-d1e6-1aee-bde1-1346202d7c3a,0,0.320924,0.237987,0.416949
fc84dc3a-416c-b676-fc70-6090deb803f2,0,0.687217,0.6064,0.75806
df0bc916-a709-1740-677c-5701190431d5,0,0.368502,0.268908,0.480727
70c4a39a-7866-68a5-2f34-3865b1cd7c53,0,0.219077,0.160544,0.291539
7e292998-ce4d-468d-0d64-3a7e61cfd7ab,0,0.190992,0.14989,0.24018
357cddbb-8962-ab36-ecc9-a1df56b448ed,0,0.105938,0.074674,0.148195
eb52e380-c939-f0e8-5815-86990cbfea80,0,0.169256,0.115516,0.241181
17f616b6-9e7b-a823-67fc-bad82c037763,0,0.101761,0.073148,0.139877
7d178f2b-44a7-8c11-29a5-58afd1749d42,0,0.212232,0.14695,0.296438
e81fe6e6-3889-8e8d-663c-2b40bf9fbf15,0,0.40808,0.328338,0.492975
dfb17a4f-06f7-9dba-c179-266a785b4fe8,1,0.049849,0.038676,0.064035
7f289d29-1506-bbee-f9b1-a164306d8466,1,0.067265,0.049928,0.090052
7c6331f1-3863-002d-473d-b8e8396ba0c6,0,0.114581,0.082687,0.156676
6515bce5-6342-6a9c-24eb-8820419f9d57,1,0.069875,0.051658,0.09388
673b5bde-356c-0258-c2b3-43c24dad0880,0,0.167912,0.124856,0.222049
e40c3ff5-0207-bff9-70e8-b97a225ec99e,0,0.093925,0.072701,0.12054
cd7039f6-dfc7-734a-bfeb-9aa6bd670270,1,0.065273,0.046256,0.091359
a88c19f0-7431-652e-8be4-08422274bca4,0,0.826169,0.741291,0.887429
13828d48-96eb-debd-413d-e8d1a290edf3,0,0.822115,0.716488,0.894201
9a6743d8-16dc-0c0d-8d0d-b6c5ac3ba6fb,0,0.168433,0.120092,0.23112
94f2c373-695e-5a98-469b-b3274666caa0,0,0.242545,0.176218,0.324018
93ea754d-995b-b9a3-8ff3-db1f9d06c25c,0,0.507551,0.407652,0.60685
022a7494-9a7c-2245-629a-7208141411fe,0,0.280756,0.188987,0.395361
f5b7eb80-39d7-5dce-d045-30a8baa8bf37,0,0.374859,0.284492,0.47488
58d55422-5ef4-2083-bd0c-ff6d44acd439,0,0.58664,0.457692,0.704709
ff3d1aca-895c-c46d-478f-6e8de0574be7,0,0.133387,0.079442,0.215391
b074c65e-7a26-bb56-1e72-b19232df8bbd,0,0.687217,0.601331,0.761925
84409969-24ea-66d2-91e5-211928a5fa63,0,0.163403,0.112276,0.231735
b676eb9c-a81b-f840-b34e-27a536092225,0,0.258504,0.174515,0.36504
dcf3b9de-c7ee-f6cd-9073-34c466d8481f,1,0.062663,0.045697,0.085365
5c587829-bd10-e0c0-4a98-f1ad1465a426,0,0.257417,0.198925,0.326107
1a830ba2-f6a3-6279-b1c4-d4d8889368ef,0,0.265549,0.187121,0.362202
abb3a78e-c04a-96c1-ac5e-ea1c7f764476,0,0.1021,0.073212,0.140657
69e70b7f-dc39-faad-3a41-c3835cc91872,0,0.093789,0.072467,0.12057
ac7975e0-808e-fa70-5eed-ace608af06df,0,0.506533,0.395617,0.61681
05b2b6ed-1e6f-23b1-1424-99c104835170,0,0.789032,0.661081,0.87762
9d6ab08b-2f7d-8aee-bf4e-90997b89bc14,0,0.301208,0.221647,0.394841
03089c93-f881-dea5-77ad-375365a74e0f,0,0.250372,0.192311,0.319039
93757203-49d9-7a9c-b8e2-938fca53fbf2,1,0.079017,0.053269,0.115691
b9e28a6b-6812-25ec-a56b-d78fcc4db2eb,0,0.101761,0.072303,0.141391
d2a5d028-5d16-9d37-b613-bbd998ee1ede,1,0.051685,0.039043,0.068132
d31593dd-e456-ff1f-e99b-afb1403c66ae,0,0.26868,0.206145,0.342013
d74d8545-97bd-3da5-141e-f597977c6b32,0,0.157023,0.116195,0.208807
0a8c3d65-a244-2efb-ea1f-6dc097e48a1e,0,0.318601,0.237104,0.412947
e8f06c91-7585-e02e-60b2-ce3aa4651f9b,0,0.265549,0.181713,0.37055
ddf04c49-fdfb-60f3-204c-0c7286ce3e76,1,0.062663,0.048095,0.081268
e9e7497b-8b89-13a6-33e0-37328fcf538b,0,0.677935,0.598817,0.748016
32875b46-4182-68ae-949b-31bc29a716ae,0,0.093752,0.070712,0.123304
5203ff2c-15cc-9da1-4bdf-bf9037ab4e3c,1,0.069875,0.053013,0.091581
8db3985b-f0fa-73ad-a2ef-0d5aeac2ba98,0,0.314658,0.230718,0.412751
41dc3140-b5b4-a3f8-ed95-8cba3032d65c,0,0.327282,0.239763,0.428731
76b2d3b8-3f90-75e1-4e09-8e9a0a30a801,0,0.162865,0.116111,0.223682
865f73b5-7593-a4fa-cb30-d849b647c5d0,0,0.260549,0.204614,0.325515
30796049-aa13-0835-f3b4-2a87b0026fb5,0,0.844715,0.777653,0.894299
8dcc3b0c-2886-49f9-b3b5-d480304719cd,0,0.12625,0.094204,0.167185
bbb4b67e-ddaf-d216-4bc9-089f2e5d2530,1,0.067882,0.051365,0.089212
d4f859b6-2af2-afc9-6c48-aa0c367816d4,0,0.40808,0.334854,0.485629
864c86bf-4b1d-81e4-fee3-dd9e69e27f3c,1,0.049849,0.035734,0.06914
09440ba9-3161-87ff-74b6-ee8523ee56d8,0,0.599664,0.497068,0.694207
3e3c926d-dc0d-d107-003c-1100d18bdd40,0,0.113903,0.081809,0.156444
08c4be65-03c8-e063-1319-bc78230b3dc5,1,0.076158,0.046886,0.12138
01f211bc-3913-ed26-b7a7-d984fe8ca981,0,0.097972,0.071856,0.132228
3a6016ad-6dc0-690a-63c9-7ad8e65d6516,0,0.109875,0.075766,0.156735
593c3a22-1ed1-52a6-6825-a872a4d14d06,0,0.510521,0.390793,0.629054
99e52234-6904-67ca-f7af-5c9635b3ca49,0,0.62554,0.515468,0.723996
491700f0-972b-a47a-808d-76b0addb9e25,0,0.262418,0.176836,0.370763
a44ca8f8-e457-ce4a-b148-1d016f891750,0,0.309094,0.231304,0.399451
c3b8b545-29b0-10ef-e1bf-3e2279f6d297,0,0.599664,0.515214,0.678581
33bd2a1e-2e23-8b5c-62f8-8eeb17f73635,1,0.06864,0.049959,0.093619
525c238e-9822-54e8-30d9-fff21e2715d8,1,0.037987,0.026143,0.054896
0391d84f-e0bb-9816-2dd3-ebacd6c3e733,0,0.302828,0.237553,0.377166
51a58f19-2946-1f8d-e62a-4b0f3ba6e8b7,0,0.223525,0.157006,0.307933
45aa18bf-c052-f161-5076-ef5ad6d1e2bd,0,0.097843,0.06583,0.143039
98e67962-ddce-62dc-c5e0-352949f08649,0,0.122022,0.090983,0.161765
156ba93c-0fd7-0e67-0cd3-f83f74e26fcb,0,0.124586,0.090948,0.168361
c5adff7f-4131-bca9-1965-c029cb251467,0,0.220907,0.1594,0.297741
1fededfb-bd1b-bcf2-5554-266ecb239134,0,0.159437,0.123259,0.203766
0cc5e47c-7944-47ed-81f5-97d49e1b54c6,0,0.200034,0.141883,0.274396
f3865215-a7c5-53d1-7599-0c3fc4dda804,0,0.397007,0.287609,0.517773
1a2fbfbc-0f0d-d4ba-e215-85c40aed6993,0,0.724606,0.611011,0.815068
8e11a1d3-3f6e-6408-46bd-c48b925a3aba,1,0.066648,0.049404,0.089345
a2abf596-6860-2d8a-c747-56f7e4aa790b,0,0.132366,0.097456,0.177323
23edd72e-bc7c-d55c-b875-9ab1f917b122,0,0.24411,0.177398,0.325968
4e7ba34f-f8ad-3687-14bd-4d13dc565862,0,0.599664,0.491509,0.698907
2807def5-2872-0bb4-123b-b717305c28ed,0,0.188201,0.137546,0.25206
d8b6c40e-c030-2f98-53c3-d956b518a5f7,0,0.128412,0.089575,0.180745
f69febc1-80f3-7fff-77d8-08d1032caf24,0,0.144061,0.090291,0.222036
76ed0522-7695-4c90-e2b6-bac17355e241,0,0.40808,0.314305,0.509063
f0b759e1-e8a7-6d30-3f6e-00f3f1d5511c,1,0.085134,0.060279,0.118939
ad2d76d9-93e6-bfb4-6e2b-c99784ba85d1,0,0.140381,0.091326,0.209704
63e9c8f7-5f1d-e242-8f87-2294f6b6e55a,0,0.093789,0.07319,0.11944
9ef33262-61a3-3197-cdf8-a1e84ebf80b2,0,0.105698,0.078221,0.141346
1bf76cd1-836d-6f1c-6532-7fc74092abde,0,0.114371,0.08199,0.157349
2773b1dd-acda-f6a2-a46a-874861eead41,0,0.12236,0.084887,0.173245
df91607d-1aa6-389d-dfba-c449db6cbb36,0,0.257417,0.192039,0.335802
811e01ad-9bc4-a6da-6ed8-98fcbf909ea0,0,0.132103,0.09232,0.185526
e9f46ce4-6f94-cb0e-8bc3-f1e5392c273f,0,0.153584,0.115009,0.202143
3b9c5fdc-3df7-b9eb-6c38-bc62139e89fb,0,0.414838,0.328378,0.506882
7a66b2a5-4085-0f66-d5b9-3d3766cee30e,0,0.838267,0.78308,0.881537
b7c39843-cd82-fbe7-e46b-68c20d9ded41,0,0.21805,0.154176,0.299031
9b92483a-e6da-07b7-18b0-8bdd6eeb65d1,0,0.089665,0.065087,0.12231
afaea7dd-cb02-a956-bd21-26550d95fcb9,0,0.169221,0.10967,0.251958
c225ae70-6ed9-3ae3-ebb2-5d8bc27034e2,1,0.063898,0.049043,0.08286
76f20db0-7dd6-2e4c-8a05-ac49770cfb49,0,0.294696,0.225876,0.374345
211166ea-8828-776f-1c5d-990916da6c9a,0,0.40808,0.334967,0.485501
d1d137a9-a4bb-e268-61e2-6a518e7b5f46,0,0.318601,0.253535,0.391604
7e3a973d-8bfa-c945-158f-d3dc91bb0ce7,0,0.687217,0.60595,0.758406
1f31e044-4900-4fc8-ccb2-8d86e97b2874,1,0.065132,0.050784,0.083178
883eb40e-b68a-337a-5be2-2237f549cf41,0,0.152453,0.11083,0.206086
dd5a40d1-3b9a-c951-e299-7ed5ad73e008,0,0.114371,0.085893,0.150735
20ca7aa7-2e24-0f67-9872-5dd656fccd35,0,0.318601,0.253438,0.391727
142ba7d0-a75d-ac5d-546e-a5bb2fbd20cf,0,0.114341,0.087443,0.14817
2d54f17d-561f-010e-a97b-143cde5e9667,0,0.560592,0.443488,0.671318
b5c95ce6-d7d7-655f-8486-875faba8d013,0,0.462517,0.357153,0.571339
56a17842-004a-469f-2c48-87d050fcb493,0,0.288184,0.214918,0.374513
bde3cb1f-6fdb-d1d0-16a4-0df951f11a3a,0,0.254286,0.198873,0.318992
5d0c4b4d-e820-19a7-5f53-e85f3101c699,0,0.130752,0.092582,0.181512
8abeb787-d645-c5f1-7c7b-917d680e0c80,0,0.110114,0.080082,0.149578
9c40ffa7-9d22-81a7-69ee-f6bed5365f63,0,0.547568,0.414807,0.67389
71ee4e0b-e0e0-fdde-25e2-2937e6c6d1a1,0,0.685616,0.603605,0.757478
9d7f83db-cb78-c338-6b1a-7db336fbdc03,0,0.097733,0.067576,0.139336
395001e1-4900-6b69-d471-417edc2d9c02,0,0.267169,0.19802,0.349929
ca0a48f0-7902-70ee-b69f-ed3967ba189b,1,0.061937,0.04725,0.080802
ba161ad4-a0f4-b906-ebbe-1cc4c3f43454,0,0.534544,0.425352,0.640524
95cff453-9103-524e-a3b9-812014ba9a33,0,0.147731,0.098093,0.216459
6bf1121e-7283-4173-e814-2b45da1e77d4,0,0.159985,0.112695,0.222152
51f1f020-07f2-4ed1-5db7-3a46087d3f80,0,0.223346,0.153607,0.313035
b78394da-3d6c-52d8-7168-c7bfa5bf0cd1,0,0.450749,0.331388,0.57606
a26f93dc-2710-6573-49f4-ccbec0345910,0,0.19742,0.135917,0.277806
59d1ee54-4816-c1b9-43d5-a78a7c5248b8,0,0.314658,0.238369,0.402461
24375a09-e2f2-49eb-aea8-5fe926a435f9,0,0.429316,0.329434,0.535307
574b79ed-17e3-cc46-6b6e-0ccc652f4b36,0,0.484496,0.349879,0.621401
9ace8d58-249a-0133-7267-f5fe826d3756,0,0.223525,0.15927,0.30432
1aa61b04-5e57-51ed-14d5-e2e50e974181,0,0.344713,0.251762,0.451284
df7290f2-ddb1-9772-c82a-063250cd7803,0,0.125005,0.087374,0.175722
0b053746-aab0-f8cc-29d8-e8c6eeb246af,0,0.097843,0.071921,0.131781
d8adff16-6bdb-cf1e-135f-a0132299b349,0,0.125109,0.092888,0.166456
e9833ffb-fea7-1d61-b1a3-307f47abc886,0,0.534544,0.455231,0.612149
39981d15-7232-69d1-2794-565e85a87d21,1,0.067432,0.045051,0.09977
980c7b33-0498-2c58-88fd-53b985135560,0,0.455155,0.324389,0.592413
96ab8df1-602f-a768-d97e-0b18d2dc6b65,0,0.149894,0.102076,0.214754
c3cc2fa4-1bbc-108f-87a1-b4ba06fd08db,0,0.718263,0.613184,0.803925
37444e0a-9d73-a71a-23c8-93b532e3d64a,0,0.221473,0.169725,0.283609
3581ee52-965b-2811-1fab-670fb4fe13e7,0,0.459903,0.376979,0.545108
d18bbbc9-40b8-5b4e-6786-de1d64c88031,0,0.209274,0.145038,0.292236
81596a2f-bb4b-4d48-0190-05960f004739,0,0.379575,0.282036,0.487923
00dfa941-a04b-b634-1680-859175b74b7b,0,0.308391,0.248193,0.37589
fefebf68-8e15-0ba8-83b6-8813de6c0aa1,1,0.050586,0.03942,0.064702
512877fc-9acd-059c-4601-fcf629bcd6aa,0,0.118103,0.084214,0.1632
d3ba9545-dd25-2966-b83f-e83715a10f87,1,0.078909,0.056545,0.109094
4c60e61a-b50a-4064-8a82-893b00460561,0,0.093925,0.071776,0.12201
18b0d36e-5e8a-1c22-46dc-0d13a2305072,0,0.327282,0.241215,0.426785
f3e67010-d959-600b-0840-45a67a0262a9,0,0.265549,0.185584,0.364547
5b179f2c-3c22-798f-915f-a70d639b5c8f,0,0.425456,0.345434,0.509583
9f4f2c82-92cc-16dd-7e8d-530ca1052ff0,0,0.21016,0.128707,0.323993
15369a5d-8bfe-6165-1d07-672f3a88b156,0,0.24411,0.180171,0.321832
e20da17b-d8d4-5c93-9f4e-58343999a5d9,0,0.246459,0.189985,0.313228
18aba709-6c99-5206-4cd6-fd213c9e12f7,0,0.276812,0.190183,0.384182
e4cc9d18-ef78-2759-7d76-0d767877f7ba,0,0.097843,0.066489,0.141736
481b1d4f-5536-d3b1-28f1-c4373937ff45,0,0.109856,0.075718,0.156774
55c8e0da-889c-a3e3-c1c3-c9cc327877d5,0,0.093925,0.067421,0.129402
c1df1760-5875-928e-8cab-a83cffa366ae,1,0.052412,0.038536,0.070915
04f1c0a4-8fdc-16b0-a8f7-d69285c7c4eb,0,0.134066,0.079041,0.218317
c7c6cb00-194a-cf0e-ae82-349011eb9ab2,0,0.547568,0.411802,0.676607
0b31d721-0bc3-1c37-d571-4eb2f86cd8db,0,0.534544,0.431065,0.635133
a4c47f32-e8ff-f71f-91b9-1253cc5e0a78,1,0.06328,0.048009,0.082986
20c2ed47-1546-9352-f3b5-af07fe8c4a0a,0,0.125109,0.084207,0.181931
b33b9901-c0ca-301c-07c5-9d1a2a00ec42,0,0.385933,0.293439,0.487467
5ac7cd98-44df-d145-efd9-f1f48e3e35f8,1,0.058648,0.043069,0.079394
a5a4105b-ec1f-bc17-d5d3-c4998c120345,0,0.339997,0.248134,0.445709
c43f6acb-c5de-3c3a-a1be-d0315356aac6,0,0.838267,0.785935,0.879762
d79034c6-e05d-e88d-dbce-c36d44232616,1,0.085232,0.060223,0.119309
d3de29a4-7fad-e50f-e7e3-8975a8e409c0,1,0.085463,0.060437,0.119534
7cdd2d87-a740-3755-707c-bd5e2def1b3a,0,0.250372,0.194534,0.315951
cb1fdb29-d9c4-1d3a-708f-6422ddd308be,1,0.0685,0.051718,0.090208
dfa5de00-b910-2b3f-c7bf-972ff8a2d551,0,0.40808,0.329872,0.491239
bd2e1ead-1b35-314e-43a7-c1e5b44d3f92,0,0.711325,0.606812,0.797335
8dba985c-546b-ba91-b5f4-1e774e633f20,0,0.114371,0.083139,0.155349
5febd483-0320-fc6c-174c-d210b8adb11f,0,0.105808,0.076363,0.144827
a887f733-b62f-d06d-6925-7747605fc98d,0,0.093925,0.072657,0.120608
1bd6d52e-53e0-cf98-e992-4df9a1b7cc05,0,0.132156,0.094946,0.181032
19fecff9-ad9a-4140-c0c9-aeea590c045b,1,0.072007,0.049292,0.104043
869450ba-7042-ee29-ecbd-5a8c431c7423,0,0.114661,0.081547,0.158895
89730255-003d-758c-1daf-4bc6b407a0ba,0,0.40808,0.314495,0.508843
785fc8c3-c299-0ea1-921a-e92c3dca5476,0,0.106067,0.075141,0.147689
a110c6b9-1e93-f9b5-cef5-34b1e062455c,1,0.079693,0.05598,0.112256
98f5283f-fd29-e195-7651-b0b4b4ac730c,0,0.632387,0.49689,0.74977
efc3fafa-d2fa-ffb3-de87-bff7121b97d3,0,0.22433,0.159942,0.305219
c4b5859c-6a91-0b3b-2bd4-405478cf0b0b,0,0.099701,0.073477,0.133932
4e2ba26f-4f12-fc09-96a3-b31fb19c6d6d,0,0.301137,0.220617,0.396107
854bc54a-ec91-e026-2abf-778625362d08,0,0.443991,0.284112,0.616376
4495f9d0-9cd3-09ff-c386-698ca1a45c1c,0,0.140381,0.094107,0.204277
41686baf-4ab0-9e68-10ea-3a6403142372,0,0.204521,0.148933,0.274173
5a93ef9c-c2c9-1e8b-bc24-831046ed00c0,1,0.061937,0.047875,0.079783
f4246899-f77b-9273-b60c-adf986312a22,0,0.724606,0.620315,0.809068
2c897c92-b9a8-3041-8e40-9cad7b8682e9,0,0.242799,0.173874,0.328192
7c557f65-bdf8-493f-3773-6396599ec275,0,0.363786,0.277603,0.459698
079d8643-0856-0708-73d7-ad59001ebf5f,0,0.534544,0.446994,0.620017
dc804047-bf70-ffa8-f1ad-877510e1ad35,0,0.093617,0.067205,0.128972
6cd5a4ba-6b69-1432-624f-f5bb8d761259,0,0.238103,0.185708,0.299838
4b978840-1e50-6e6f-de4c-4f124b440aa6,0,0.093925,0.070998,0.123272
5edef710-22e8-39f5-0da3-21805a7b7d52,1,0.067882,0.047526,0.096078
62d22278-39c2-3ab2-2126-efdc445c9ef9,1,0.049849,0.039146,0.063285
a0d50855-d9ea-cd45-b1e8-84e5d152d07f,1,0.037021,0.025734,0.05299
056b25c9-6818-b356-f881-cc97bd1762cf,0,0.241763,0.176362,0.321936
76dfcd09-26f7-8a2e-b5cf-4d656bd2600c,0,0.159458,0.121156,0.207017
9139eae6-c425-8916-f79d-0709f640b8b8,0,0.089529,0.063028,0.125678
c6e7d418-da84-a4a1-4f73-8cb34ca4d6b1,0,0.114999,0.087539,0.149661
02471b62-5101-73fa-a8e6-54ee8cc673c9,0,0.188012,0.128125,0.267308
4b47587f-351c-3218-01fd-dee388df5fc0,0,0.52805,0.422235,0.631404
772f025e-c7ae-049c-f38d-c090a9e90771,0,0.414838,0.336501,0.497731
f701a749-3279-71a8-624d-b4e4a0a7f488,0,0.40808,0.316329,0.50672
0c0f0aa3-2197-9d20-d2fc-a1506f799f4d,0,0.118261,0.082042,0.16755
fd1a4405-40bf-37f9-f1ac-1eeb63db8774,1,0.049849,0.038599,0.064159
ef0d54d8-88f8-9905-0fd4-854030d9d489,0,0.24411,0.176729,0.326977
56a971cb-7eae-0691-bf34-9d53724b8160,1,0.058285,0.043621,0.07748
a7d2397e-5b96-052f-c68d-3c9766eee91e,0,0.40808,0.332193,0.488619
0053898d-5daf-5dd7-fcc3-350994dcee15,0,0.428448,0.326144,0.537257
8a8f5494-4432-3ca4-769a-7435808d4c4d,0,0.24098,0.17908,0.31604
2201c9a8-37ca-7285-cffd-069974fd9692,0,0.309094,0.240102,0.387794
3535104d-df38-08fd-358d-2337ed46b484,0,0.521556,0.432517,0.609246
7c02fd98-9c26-1531-5504-491ecac7cade,1,0.073409,0.054174,0.098761
472e90c2-7609-1ef0-f0e2-f928b5d0d0e7,0,0.534544,0.428482,0.637572
58fea0fa-271e-1a5d-4ae8-7c96d95870ef,0,0.504995,0.364084,0.645118
9afa9267-1da6-c4d5-7fb9-c3f419cb8660,0,0.999999,0.999998,0.999999
37a3e34e-948a-b986-f748-e6f3e0c916ff,0,0.21958,0.148298,0.31255
c847ddb4-d5ed-c39a-64b9-02f420b72384,0,0.40808,0.333202,0.487484
efc4faad-e09c-3169-d627-b82f3da00e1c,0,0.137236,0.089661,0.204388
4490ce0e-bc3d-3671-67a8-240ae4fc7b22,0,0.467234,0.349668,0.588556
eaae43f8-f339-0110-d596-874a5cbad5f4,0,0.234681,0.169657,0.315166
1a29a25b-3cfe-8d37-1e7d-da35f6b61b30,1,0.079044,0.056729,0.109121
e5a6e556-88f1-9c64-4a73-77e97d7fdaec,0,0.097843,0.065902,0.142896
81d1e09c-81ca-dc09-cdc6-70faf9d088a1,0,0.175637,0.114566,0.259713
3fde0f3d-01b0-eab1-960a-0ec99ea028ae,0,0.113645,0.081669,0.156014
ab73e64e-7f49-e1ed-ba77-e14da6936e10,0,0.114322,0.088357,0.14669
3a44257c-dbcf-311c-5c4c-89d55dc930cd,0,0.661186,0.549925,0.757092
ccb272b4-b894-ed8b-21bc-0b17ade41775,1,0.081009,0.055767,0.116271
1a91ca3d-4767-7ffe-ad5a-1b44a50ff13e,1,0.062663,0.048543,0.080543
125b34c2-2d86-1278-5401-b2fbc7bfae4e,0,0.6515,0.524429,0.760147
8b5a67cf-2b0a-d777-1ea4-83707762ec14,0,0.093888,0.072647,0.120531
1d1f3e55-86de-0935-7197-7a326ba552a3,0,0.864059,0.803521,0.908078
2272d465-0ed7-8005-97cb-bc4f09f19707,0,0.114193,0.081415,0.157898
e0c6a43a-58f0-f23f-b93a-6512f7343614,0,0.248808,0.193425,0.313877
23c54196-0e24-3982-393a-0447494338fa,0,0.304203,0.224528,0.397652
1dc01e1e-9414-0418-f65e-be8806bda130,0,0.547568,0.414471,0.674194
93afa8b3-f0d0-12c2-bdca-db37e3fad63d,0,0.122231,0.091866,0.160855
1501c785-38b1-6be9-32de-6cbecdd0d87a,0,0.159448,0.114648,0.217454
a708ea0c-9a2c-1f91-f4ea-763bf04222fd,0,0.547568,0.42877,0.661183
44b4bc55-7e54-bf71-b23e-1fdff33d561d,0,0.487051,0.375342,0.600069
a3d512d6-9dea-f323-9447-68ff5cdd1710,0,0.691105,0.612928,0.759683
8c9fcbd0-4eb2-fece-8858-2bfe0dcd34fa,0,0.118261,0.08901,0.155484
c8b563cf-0dc2-ea52-f588-97ba8e2a689d,0,0.16717,0.116484,0.234068
1df48cc2-00d4-68e0-7884-215a9a00b6a9,0,0.114033,0.088229,0.146173
ee7ee463-1f3d-618e-e624-7f2377202543,0,0.093752,0.072138,0.120998
bae211c1-827b-4d39-5ec6-6062cbca57a9,0,0.390649,0.285838,0.506628
d9b6064c-4996-8209-9725-73101f645a07,0,0.093752,0.070909,0.12298
bffd0068-0088-217e-9aad-990bb9e8b9c0,0,0.138208,0.09683,0.193482
ff005dd1-c48b-9ffe-1994-5ef90922e152,0,0.429504,0.342147,0.521484
0edb60a1-5c6c-6085-dc5f-a491119008e6,0,0.093925,0.067009,0.130143
3db4f578-c5b7-ffca-94f0-b5d7dfd386ec,0,0.320924,0.2569,0.392477
2b086328-cfd9-125d-1144-cb94d8507688,0,0.698044,0.612796,0.771521
0102c2e6-29e0-7259-85be-75f5c954579e,0,0.125005,0.083345,0.183323
cdc0667d-31b8-b03a-4b54-c4b8850ab8b7,0,0.650616,0.514385,0.766013
64bd23ba-5ac5-0e0e-409a-31f4ba707b53,0,0.683328,0.597778,0.758047
7c2238c3-28e9-32d2-b798-38d96080b22a,0,0.320924,0.252507,0.398008
d908ec1d-87b1-4e8c-82a8-a8f81c1bcd62,0,0.294696,0.209847,0.396631
32dcbe73-a20b-3c40-6e39-dea56d2a3798,0,0.280976,0.197696,0.382608
1cc93aa2-b743-3923-b01d-ec8bf20cd37b,0,0.467133,0.344353,0.594029
5b813449-032d-50ca-02be-386a5d783aa2,0,0.113774,0.086715,0.147909
9a525436-2f8d-187f-419b-696188fd51fa,0,0.234681,0.167774,0.318071
e2a9841d-ed22-624d-646c-559e6cf67511,0,0.542908,0.43334,0.648476
458ebdf7-bff6-531c-89a3-7fdf5df55a15,0,0.912114,0.830195,0.95658
d5c58119-835c-0451-dbab-1b441750e4b9,0,0.153605,0.103401,0.222145
1c135485-64d0-c96e-0b49-6e487d64eda1,0,0.40808,0.309265,0.514932
6c2f5285-4220-e303-86f7-e7ab6ba29eed,0,0.447162,0.36,0.537697
ced36414-c953-deda-f379-c2440139f438,0,0.10189,0.075323,0.136445
64464ee7-7c7a-f26a-f8ed-7427b8ae58f3,0,0.40808,0.315065,0.508183
af41f67f-49d8-d52d-32ed-05f27fab7918,0,0.351071,0.256026,0.459601
c37eb05f-7bea-1960-f1ca-6c7e5a22be4c,1,0.033814,0.026485,0.043082
9849bbe9-a9b1-6703-be68-120d53e0056e,1,0.060484,0.046123,0.078947
1deeb80e-1100-7f3e-2933-78744fe60ff7,0,0.215269,0.15884,0.284954
0e7e4022-7436-6358-41e3-6356bad2c226,0,0.691105,0.612404,0.760086
8de2f552-ad1d-eea0-9681-f27a794c9e9e,0,0.425937,0.338464,0.518306
a7fee79d-5156-79c8-dc12-fbac835ef4cd,0,0.40808,0.317837,0.504979
925c9256-d0b6-a517-525e-7c724e7b552c,0,0.573616,0.433145,0.703136
0aecd6c3-55cb-c58e-1297-39d33674315c,0,0.351071,0.26467,0.448474
7925604b-2e4b-8fc0-3ca1-279b0beb0a40,1,0.062663,0.049006,0.079807
47683ead-b36d-7806-4454-4f1e1d3b1653,1,0.049849,0.038263,0.064708
26e70bf6-c262-1c81-9fe9-999332c555a2,0,0.327282,0.258732,0.404092
f4a068a5-005e-90d3-0b46-783fb892828a,1,0.056449,0.041797,0.07583
561789a8-b6e7-298d-f15c-c91b12cfa963,0,0.454797,0.340039,0.574565
5f23155c-4e70-68ad-aaf2-bdb1867f2d07,0,0.887281,0.826025,0.928827
7a7d4c17-a316-1762-3d73-4e2574723b76,0,0.362144,0.230048,0.518966
a263c5fc-2a5e-c32e-4c21-5d415f28238c,0,0.245676,0.191288,0.309609
66ea51ee-3111-cd69-ba14-2e990cc1dbf3,0,0.128476,0.092806,0.175208
955b54f4-c0a3-7d91-c809-a7f2f3a8afd2,0,0.10178,0.072052,0.141897
4d383764-262e-f803-6ce0-ecdfb411011d,0,0.40808,0.315427,0.507763
54f194fa-d3a9-439a-c42c-7d01faa54879,0,0.114581,0.084012,0.154396
f4764a8d-0ab2-a11c-bc21-96a5cdc494b6,0,0.251155,0.184498,0.332087
48d0118c-d7a2-0886-266e-b1926f0e95fc,0,0.105679,0.076504,0.144243
8801d9d1-b830-5bd5-ec7e-7fd968d5671e,0,0.105938,0.074862,0.147851
9e0a0d86-fbeb-0502-f378-c8feeda5d23f,0,0.195723,0.138591,0.26905
d435a652-8492-1fdf-6f98-f39c39f3fa86,0,0.687217,0.589554,0.77068
a5e24653-b1bd-e4a3-f664-49fc21aad9c5,0,0.106486,0.068042,0.162855
e32b7f2b-de5b-d563-9451-65ada11448ae,0,0.320924,0.255607,0.394096
b10fde10-de8c-2a10-2584-b45de5629b15,0,0.175637,0.129185,0.234297
b22a8d62-d84f-c7f5-a104-39cf619b5ce8,0,0.181455,0.113381,0.277604
3d304188-449d-7182-eed1-8b9af6d23334,0,0.790884,0.657634,0.881609
c068e0c1-6d2e-da15-fa20-c7bfe624436d,0,0.52805,0.415966,0.637377
92b3c932-303c-9c7d-2640-2d9caf5f7aa1,0,0.153342,0.101669,0.224709
d6a252fa-ac2e-c110-656b-6a81976f8adf,0,0.093789,0.071866,0.121524
a0e11d50-8b26-3c94-581c-61539acb6b12,0,0.101761,0.074393,0.1377
47800793-870d-4eb8-0c93-f8fd7bb8eb8a,1,0.061211,0.044468,0.083704
013a52e4-11fb-f60d-0ef9-ee109428fff6,0,0.26868,0.190927,0.363859
341fdcb7-3a09-1765-5c0e-cc9173381b1e,0,0.379575,0.272085,0.500342
c0b332a0-dc0d-21e0-28d8-a66843f5af7d,0,0.105938,0.07545,0.146788
5bfe6308-4cca-836e-8f99-2aa1f641f976,0,0.327282,0.254523,0.409417
b54fbdad-d4ff-c472-2866-faf248678987,0,0.241763,0.187806,0.305392
c8e18476-d057-d838-bdf3-0e92f1655b8b,0,0.58664,0.487904,0.678869
670a8d31-9c2e-4f52-062d-eb1e09be0cc2,0,0.414838,0.333469,0.501133
8305b4a2-89ce-98b8-1214-0f497ec49b79,0,0.185942,0.129947,0.258886
d0451d54-b138-a18e-f92c-3319d299e7ef,0,0.159458,0.122576,0.204846
9fbc0149-3069-e271-177b-4140f8fc4038,0,0.956949,4.7e-05,1.0
1e8fa3af-a0c0-0184-4ad2-50002114b560,1,0.065273,0.048277,0.0877
f303d56d-c899-7783-c1a5-a1bc9928f61d,0,0.40808,0.314779,0.508513
287f351b-d65e-dfd6-8378-922ded2bdbcf,0,0.238726,0.162324,0.336637
72359eac-5948-e464-77a7-99d3d722514e,0,0.231804,0.168115,0.310612
6c9eb744-ef6b-6854-8496-48ecb9a35dc9,0,0.34239,0.246923,0.452584
fab2848d-f875-d59c-8b24-2721dd1e0001,0,0.186487,0.118744,0.280574
9dd22f6b-2008-4e64-6fdc-06076e4d42eb,0,0.091689,0.070241,0.118849
decfa000-9381-7e01-46e4-93a97f609dd0,1,0.062663,0.045875,0.085048
ca859144-f3a9-9edb-5bc0-5977c18f9c80,0,0.153595,0.113215,0.205047
d390b1be-44ab-3e39-d176-63b200784604,1,0.059374,0.04271,0.081983
d73a0489-dfb9-abff-b5f7-77522d3c02c5,1,0.057537,0.041813,0.078689
4ec80f36-1112-754b-09cb-c4ed84a91276,1,0.059374,0.040833,0.085583
4ed77e76-efab-a453-e8e0-df48aa60cb93,0,0.298639,0.230534,0.377007
c9cfa4f9-a7b2-f3ab-30a9-2f5e51bc6b48,0,0.234681,0.178393,0.302197
996960c4-b11e-faca-c7af-c50cfe0b4468,1,0.085328,0.060434,0.119176
b1b331ea-82e0-086e-d7bd-767aae014f46,0,0.442705,0.342624,0.547665
88207521-1d32-f619-af90-63d9a93ea56a,0,0.165838,0.120295,0.224229
34765e63-1c37-0fdc-b4cc-e45bb1e6aec0,1,0.066507,0.049531,0.088759
94599b46-e1a1-a3f8-7561-28ab1c8594e4,0,0.200034,0.141321,0.275318
e7be8caa-7fe1-aec6-bd03-72ecde071443,1,0.06328,0.047927,0.083123
f88a867a-bb4d-bd01-5072-d09cf27de400,1,0.07711,0.055185,0.106763
439331ff-22ed-7563-fa8f-67e3ac6c56e2,0,0.310714,0.247969,0.381287
a26a4f15-867d-e58e-5d2e-baa1963a4e99,0,0.228863,0.153903,0.326254
ed381f84-5e2a-fc69-4cf4-3aa5c637c5e9,0,0.247241,0.183727,0.323997
0dacc30b-e4f5-449b-c215-bbe479e06a9c,0,0.318601,0.254542,0.390339
674e3005-c7c4-3d59-63b5-7cb1aa7ea5cf,1,0.053149,0.039189,0.07171
694c1609-be56-7653-6a5d-70730d597830,0,0.455802,0.34881,0.567036
4adb36dd-16d3-5c04-4ec9-743bb015f217,0,0.547568,0.447668,0.643778
9685efda-35ac-7525-e52b-cbce930d6c90,0,0.232231,0.166169,0.314646
8bf4122a-c116-b4f9-8321-f5e788d49561,1,0.069257,0.052778,0.090391
f8cf2fee-3ca1-44bf-e3f0-fbb146f4d255,0,0.10189,0.07407,0.138596
f4fe4223-c369-bdd4-bde9-fae65318cfa7,0,0.103748,0.073624,0.144279
143094d5-2477-0092-4150-5c38e2981f6e,0,0.118261,0.086726,0.159263
6f3b21b9-7d41-9310-06a4-937425302dbf,0,0.231258,0.178491,0.294042
da020406-d762-f37c-c885-b96653ccca29,0,0.109727,0.076495,0.154972
1e0fe2e8-9972-58f6-c932-b5c89dbc9d50,1,0.040228,0.025734,0.062364
e034db61-146b-48dc-df60-184e94545b7d,0,0.24411,0.18753,0.311222
2b253b96-f78f-13e2-b9d2-5dc5c7a8f7d7,0,0.880319,0.820895,0.921903
ff9c7d38-a317-59a2-fd2c-3b2d479e496f,0,0.502485,0.348058,0.656439
a9868788-f76e-c170-b268-e4f2869b9c29,0,0.560592,0.431619,0.68187
7e0c2283-c06b-d48b-57b9-0cf449185e4a,0,0.318601,0.235163,0.415558
4ac9e2df-a439-f629-04fe-e033ff1f7a3d,0,0.397007,0.315473,0.484692
6d36ef2e-6d31-2a11-e633-797f3bfd25a9,0,0.152602,0.106977,0.213043
d60e6cd5-df06-4514-48e8-6d61dc46c0b0,0,0.114113,0.080364,0.159576
2a539d56-1680-4bd1-defe-cdfe1f5ce9dd,0,0.300963,0.229437,0.383683
013873c7-2602-41aa-3b5f-037f2f9e0016,0,0.231258,0.168314,0.308996
b3ae12f7-56a7-289b-0e05-741ff3feaab0,0,0.189343,0.130362,0.266821
864adc4c-bc3c-f1d6-dd9c-fb0ac235e4ea,0,0.247241,0.178222,0.332185
4096d82b-5e58-b594-42f0-eaa97ccaad01,1,0.074757,0.05305,0.104367
1dd63b7f-7375-4f83-b627-15d59c5d98d3,0,0.153584,0.105952,0.217423
486c93ee-05d2-7f89-3034-dfbc70d594da,0,0.825822,0.741085,0.887053
099dec2c-08fb-9ffc-d8f0-8af1241707e7,0,0.868965,0.803223,0.915066
4fe8af8e-a6cd-0d9a-d3d3-67ba93365633,0,0.520539,0.417089,0.622257
af3b2d6f-37d0-cfb9-c70d-6c3123c5241e,0,0.091651,0.070172,0.118865
aa20d57b-d772-6afa-747a-5166e8b8357c,0,0.273681,0.20345,0.357282
758940a0-910e-71db-f6ce-5da5b4460011,0,0.783946,0.614959,0.891815
12de9627-2cea-52da-c466-bd003479472b,0,0.091689,0.068759,0.12127
9a05a99a-40b6-0f0c-fb33-e756f5b8c9d2,0,0.10189,0.074358,0.138096
c99a8e38-ee7a-3793-8184-e68e9981932f,0,0.199011,0.138312,0.27776
3727799d-cb25-9224-a2ee-143e95ca696a,0,0.156992,0.103541,0.230926
2a9c5206-cc1e-30db-64c2-7e21ed3caec2,0,0.838267,0.786118,0.879647
f1354e80-ea17-7f13-e4bb-412597b3f1bd,1,0.061211,0.047386,0.078734
58475ee9-e392-cb19-3585-d8127b9e908a,0,0.097843,0.072086,0.1315
07eaa04c-5311-f873-1c97-e4371c0e7d13,0,0.547568,0.420992,0.668278
537b816b-5a24-7e31-2d3d-157b80f5e15c,0,0.095783,0.072156,0.126094
e691723c-f8fa-c6fd-0525-53e2571b22c0,0,0.097843,0.072463,0.130858
2d295727-28c1-e634-86af-b6f0d79ac3d0,0,0.479835,0.360779,0.601226
0b23f582-02e3-24ca-582c-07e12920e1e6,0,0.097843,0.072758,0.13036
dc9f2a1e-de60-4fa6-18cf-550a787d3ea7,0,0.097972,0.07239,0.131315
278279e0-ab05-1de1-8897-7f8cbb9cd8be,0,0.118132,0.080479,0.170141
92539ef9-47e3-2c68-b64d-a7444588c075,0,0.162876,0.116515,0.223027
7b9ba8ce-d45c-2c0f-43a4-e234141edea5,0,0.498501,0.358065,0.639175
6423f55d-c610-94f7-6ae2-1ef28a33cd7c,0,0.284944,0.198209,0.39112
6f86c237-597c-7627-e682-ae48ede1bb37,0,0.390649,0.283727,0.509219
2edb750d-d8ce-fb9a-eb6c-fb3b44ad7fb9,0,0.162855,0.125694,0.208384
5f054d81-42f9-1e78-0a73-d4d6dda572ab,0,0.12625,0.094291,0.167044
f977f733-2f74-90a2-cdcf-0825bd31217e,0,0.105679,0.075188,0.146576
1ccdc570-f9e4-352b-3332-d17baec52512,0,0.534544,0.451083,0.616115
2e02bb08-5ec2-0de9-3642-cc65cbaeb5d0,0,0.24411,0.194493,0.301645
7a7f23fb-2538-56cd-122a-63a34fe8aef0,0,0.162824,0.118895,0.21895
44749e48-6932-1c00-9910-17a68d82327a,0,0.260853,0.192769,0.342773
7a75cd5e-4170-1efd-5408-84ba9d17f962,0,0.144061,0.100444,0.202358
7f0ee67e-4edb-f436-7d72-e57cc9e62134,1,0.063898,0.049295,0.08245
afd63e96-7352-05de-b128-9c003eaedf05,0,0.327282,0.258218,0.404739
22af2fa6-67fe-475f-c407-4a3503dd5052,0,0.323338,0.227702,0.436443
ed816d4a-8964-42d1-7294-f3f5f43269bf,0,0.239668,0.184967,0.304502
95ac2930-4e47-c073-8c36-00ed995975d2,0,0.147731,0.106872,0.200702
06e0c2ae-c756-bec2-8a27-ec7b031572b0,0,0.167363,0.119342,0.229667
31ecde41-c65f-8bbf-b1ac-7736e1af9ab4,0,0.162865,0.117413,0.221497
7d6627a4-d7c6-7801-c3e9-a1c061b50ea4,0,0.222018,0.155442,0.306751
740e1dad-0457-ae5e-b92e-7b4d394cb1f8,0,0.312334,0.231031,0.407102
d04f23fd-bb12-aaf8-5d29-47a2881ba7a7,0,0.456128,0.366032,0.549189
99fed791-e364-bc8b-d299-6dd37c12f61a,0,0.281813,0.202631,0.377296
153c2e85-6f44-8ad0-3f16-b38dd26bdc03,0,0.241763,0.176075,0.322368
564bb36b-4b92-5e13-5bdc-459ed1bf661f,1,0.062663,0.047648,0.082002
2408c3a0-a3bb-248b-7f49-9514e356cd7e,0,0.885739,0.808025,0.934542
7b0809ac-186b-b35b-b4be-a8d5e85fe082,0,0.351071,0.260501,0.453806
f6de90d9-f120-b9cc-28b9-ace2d4b96696,0,0.114451,0.082318,0.156982
556aaa68-df4b-00a1-c293-7b0b0d179314,0,0.093925,0.072097,0.121495
a26c6dc2-6d1a-5014-d57b-554279f416f1,0,0.985649,0.001833,1.0
61acb709-5745-a8d9-ea26-f21b0c27d08a,1,0.060837,0.046488,0.079248
3124ce61-fc89-549c-39a0-1084b1067241,0,0.276812,0.211691,0.352996
7b2077b1-b840-65a2-59b9-818b1777448a,0,0.534544,0.427347,0.638643
5457b180-6119-982e-c3de-f3dd45f7e396,0,0.40808,0.331011,0.489953
a38f5538-d2ab-4756-c381-4dc4f2ec67f3,0,0.215637,0.14704,0.304802
6ceb02a2-cea6-ca79-1db5-69b4b82b603c,1,0.061937,0.047728,0.080021
670a7697-941f-57b9-4cba-042cd8328f3f,0,0.40808,0.332076,0.488751
37f5c8da-2038-68b2-4b78-f05c159a3edd,0,0.362144,0.262166,0.475669
cc145cc5-1547-515d-6baa-0ada8a2ee354,0,0.668739,0.56491,0.758387
2ab89c5c-ee66-3414-61c3-6cdd69e9028f,1,0.072034,0.048674,0.105363
422ab5a7-6313-d838-1f9c-9fff5e405990,0,0.625624,0.48508,0.747755
fbf77922-50fb-ece4-15ab-6b87cf03c90b,0,0.320924,0.25573,0.393942
266b7dea-4386-d47b-4f9d-de675d6396ff,1,0.076749,0.056225,0.103942
cefccea9-01ae-07e4-9b1c-83c93fbfb596,0,0.24959,0.196717,0.31117
f3ae4855-03e5-6c6e-2e5e-8a64f68dbe9d,0,0.175637,0.114659,0.259537
0dc06c67-8c98-a27c-c553-6e9c56bdb2bd,0,0.411459,0.335974,0.491355
b90f96ea-1efe-427e-661c-153f7de5c683,1,0.076943,0.053845,0.108812
c168b233-6b9f-3dfc-3ad9-28c25ecaeace,0,0.560592,0.450665,0.66488
b8f37b2d-bd78-1674-d2ac-02bf31683467,0,0.397007,0.308687,0.49259
6cf56d8e-22c2-170a-0f34-a51749674194,0,0.547568,0.420343,0.668867
5f517b47-5b10-9a25-91d4-92f5522529ac,1,0.087623,0.065658,0.116022
27e751e2-29c6-b5f3-4fe1-ca0223861f1e,0,0.414838,0.320201,0.516205
cfaec7b9-2983-f2ed-7999-2872c83d46e1,0,0.344713,0.249653,0.454065
9bf49742-805d-cbef-2a91-ac369f20d535,0,0.40808,0.307766,0.516686
b3af7b11-65c5-3393-f4ef-0ca507aba3b2,0,0.10154,0.072984,0.139588
2421ad4e-7b06-fce1-f84e-f60f60bb8dd2,0,0.235226,0.180633,0.300272
f9a5d5d7-b6e5-7be7-6707-9151d8b0e542,0,0.105808,0.077566,0.142743
3e40d7c3-128e-d5b0-1e4f-348cd05b4924,0,0.192323,0.138093,0.261391
093c9841-ec76-d45b-d6cb-5b10f5624a72,0,0.166163,0.119707,0.22602
8b3bd1f6-3b8c-e93a-ca4a-f8850ac8f641,0,0.234681,0.174099,0.308469
3fc2ad91-4607-3559-ce38-fba42acc5cf7,0,0.45963,0.341529,0.582445
2a246f3d-80d5-6c45-8a14-ec1fd195fed1,0,0.101448,0.07518,0.13555
9fa66253-4839-c9ae-1c75-867b80e99693,1,0.07125,0.054975,0.091874
835354cc-6b10-6289-b5db-e41a7862623a,0,0.519001,0.387951,0.647488
d89041c0-215e-795f-e009-bc4ff87617ed,0,0.251155,0.179005,0.34033
0d1b2a43-d666-9e58-3f8f-1732424009bd,0,0.153322,0.10448,0.219401
40332d0a-7a49-8d4a-11c1-29c05eaad0eb,0,0.838267,0.785133,0.880265
631e779d-aeaf-88cd-3c68-25d75690a015,1,0.065273,0.04967,0.085337
ffeb15fd-e09a-fec2-4d73-739cf8687822,0,0.24959,0.185891,0.326367
98b94402-766f-f6eb-8285-7d2e03b1eb06,0,0.293076,0.229596,0.365774
f19dbccc-64c6-e630-941c-1af3ae4159fb,1,0.061937,0.048454,0.078861
6e15e328-37e8-43cd-461c-6a89ae34144b,0,0.121115,0.087805,0.16478
9f6e285a-7d2a-2741-84dd-66652b6284df,0,0.445624,0.337737,0.55889
da03a9a7-b89e-b090-32ec-149366d3c307,1,0.065273,0.049426,0.085742
d5b8c96c-00f5-3294-b1dd-296943e755f5,0,0.492527,0.385464,0.60028
9af33950-6171-653f-cd69-23226ed17139,0,0.320924,0.242947,0.410363
2e001200-eb42-0d3c-d2b4-0a39d2cf0a74,0,0.351071,0.256493,0.458993
0da30d34-a3ac-2f10-5a20-ba5a03099824,0,0.6766,0.567234,0.769557
c14cdfbe-647a-586b-fd79-b68b660836d0,0,0.260549,0.191173,0.34438
eb75698a-d532-025d-ab60-7ce004634b9a,0,0.327282,0.258103,0.404883
108dda4c-43f0-37c6-f717-e7e1f7c34ccf,0,0.137027,0.1014,0.182627
b3707eb9-9e09-ed5c-a933-e359711f36ad,0,0.093789,0.067669,0.128601
1d99a65c-a9d0-a24d-bdf2-bd2f5f3515d1,0,0.147469,0.099277,0.213509
48f33aaf-22bd-7af3-85f5-d5f42adc1d68,0,0.687217,0.609707,0.755506
f4fefc6c-3f21-7aa9-09e7-ea1f773eae05,0,0.254286,0.184319,0.33975
443ef545-65a0-30f2-71f2-9bf1a5358eb2,0,0.40808,0.316332,0.506717
ce79b832-3776-ff4b-94f1-623e3840b49e,0,0.144061,0.091627,0.219259
1e636560-91eb-d720-fc19-fd5d37e0e821,0,0.233673,0.177785,0.300704
16a87bb7-3512-5bdb-f35b-090979894290,0,0.468275,0.372397,0.566555
5c711934-6f31-ae0f-745a-2e10d58916ec,0,0.306068,0.232545,0.390993
17cab4d6-1bfc-644e-d0d1-2598b8ccbf5d,0,0.23834,0.173626,0.317896
78f30a0e-6457-a1e6-c4ce-8792a5aef7a4,0,0.114451,0.085896,0.150933
e99fad61-eabd-c043-bdd6-7361aec80505,1,0.051685,0.037959,0.070015
060d9be7-8b67-6038-6c81-c94bdc9adcc9,0,0.24098,0.186559,0.305318
348dee57-367e-de7a-a6f6-c5426c22d853,0,0.397007,0.285979,0.519762
500cea9a-94cd-0d53-c055-31c671bcb945,0,0.1615,0.112967,0.22558
97d47f95-9659-ea0f-1788-f7b62911e75a,1,0.083421,0.062794,0.110029
b18375c3-4aa2-e4c5-4f24-3ab954dfcf5f,0,0.257417,0.18887,0.340402
dddf99d8-4a96-e506-e538-98593b8f2f7c,0,0.306771,0.239782,0.383046
04cbb79e-b503-2418-f864-96876f6ffecf,0,0.114193,0.085169,0.15147
1e0bec4c-b329-b9ae-cfc8-d8c21f3c8f51,1,0.067882,0.051637,0.08876
2cc9e4f4-f01f-a9ab-3f4f-471bf3cd4fda,0,0.271387,0.192255,0.368242
85494e58-b4ba-6af4-fe58-fce615959338,0,0.40808,0.330449,0.490587
e484372b-82b7-1374-7514-e741cd86fa5e,0,0.111923,0.086408,0.143787
7ae80f52-7b3b-eeb7-6fd6-31c11ae37556,0,0.136754,0.092552,0.197471
b0da0a41-78ec-c3de-82e6-1f705d23ae80,0,0.324958,0.2514,0.408301
fdf4ca77-3c80-7855-98f8-e1813a36af0f,0,0.66362,0.550427,0.760704
966f7d06-73f1-38a6-7f82-ada8cdcb647a,0,0.956949,3.9e-05,1.0
7078eb68-1742-b181-36b7-e369c27b43f0,0,0.097843,0.072267,0.13119
6d6c420b-26e3-76b6-f5d1-a6762519e8ac,1,0.072625,0.052554,0.099556
5012248d-0d91-845f-5f11-ca8bbedf2bc4,1,0.065273,0.045763,0.092295
eb46d5a6-c219-7078-2da0-3e914a053a6b,0,0.147469,0.100243,0.211707
4a158a1c-ac5e-4b0b-4caf-ad43a5748593,1,0.050586,0.039055,0.06529
eae7cd9e-7af7-afa9-e73f-7af54d2218fa,0,0.999999,0.999998,0.999999
1c27abd1-5dae-b856-865d-875c8b919f6f,0,0.243036,0.187869,0.308255
78e205eb-368c-d89f-2ae0-33af9049060e,0,0.181455,0.111016,0.28239
c5bb03c4-f119-34f9-3826-cc0190b027b6,1,0.085368,0.058787,0.122404
732a5904-fbeb-2198-353c-f06cd14f8c6f,0,0.313038,0.243968,0.391535
5691af87-1129-2b29-fb53-3745710dd405,0,0.397007,0.285292,0.520602
6122526c-c572-5f40-efb4-676389ed7ec5,0,0.313038,0.249406,0.384586
11032480-cdd2-c9a3-9880-27374f4dccdd,0,0.864059,0.8047,0.907451
f44334a0-6d1e-84d6-170a-e9344c57ac9b,0,0.324958,0.236368,0.428136
c07d846c-7428-1431-debe-5990c4577028,0,0.173744,0.127891,0.231669
f1940c94-6267-d759-c98a-f60734795080,0,0.176328,0.120676,0.250337
45037e95-00ea-8feb-acc9-3391d658e277,1,0.06864,0.0483,0.096676
0d73274a-d6a9-8287-eb91-a3e968e3addf,0,0.121325,0.088087,0.164836
a73ee0ce-825d-8d2a-200b-b7fb41b3f234,0,0.114033,0.087904,0.146678
8b25b7fd-72af-d535-c1a5-a31659d6c285,0,0.089588,0.061529,0.128688
df34a084-8ca3-55a0-6764-f1dceffc44a1,0,0.178599,0.123628,0.251013
5188e216-8552-cdf5-6520-93562c4c1517,0,0.76038,0.612526,0.864314
39d4a18b-8ca5-99c4-e0f1-40f46a34676d,1,0.072625,0.056195,0.093384
fcec91f1-1d76-14c5-b7b0-ffae5e4fc96c,0,0.121428,0.090233,0.161495
bc5990b3-4a08-348a-00f7-0b2540920b43,0,0.118889,0.089899,0.155629
0a381773-573f-22a9-2e62-6c815deac71a,0,0.520539,0.416405,0.622918
6053d536-9f1e-51e9-d450-7a0da2c27e41,0,0.140644,0.091356,0.210365
21d75edf-aeb8-727b-91c8-ab944f87928d,0,0.239972,0.183516,0.307261
99ee6330-9eb7-2ea2-2973-eb6789b3bfb6,0,0.40808,0.31324,0.510299
2b080ba6-4862-bacc-f0e5-b8ad5a21e289,1,0.062663,0.045623,0.085498
51229006-7e1e-c018-02a1-68a693dec9fb,0,0.61256,0.511821,0.704512
522fe065-0bc2-d110-fd4f-20890ca0c16d,0,0.132103,0.090393,0.189059
84999e9b-d5ff-b27d-9260-b2849c155383,0,0.443114,0.360251,0.529267
a74fef06-1985-ede4-f303-7388d671a7fc,0,0.288887,0.198678,0.399629
ec4a614f-8c6e-a1b2-9ef4-4d565d3da083,0,0.101761,0.074771,0.137051
625ac5c1-dc23-9787-432e-18efabf2a3fd,0,0.189888,0.134244,0.261626
f0e86fc0-ad85-0324-3ff3-3511863ff953,1,0.081203,0.057749,0.113042
b17e064b-bac0-a4d6-29fe-ecb25a4b356f,1,0.069875,0.053043,0.091531
8698c51a-c917-b7c7-4b8a-3dfa5a1ab2bd,0,0.093789,0.071262,0.122499
d87f5195-314b-144a-97a3-3943ec8900d3,0,0.180124,0.134686,0.236698
9703854f-366a-d1da-7ded-7dbceb4960e6,0,0.231804,0.178285,0.295608
d9d48300-03ae-318e-5643-30aa990c9262,0,0.900884,0.82752,0.945113
a73babbd-1f6a-1129-5df4-a4e7edabd6a5,0,0.66504,0.549594,0.763622
945d8805-5c02-28e3-8336-89de40ac8149,0,0.305151,0.240863,0.378053
a3a1eca9-44f4-d4bf-f130-40d5cc12a73b,0,0.114322,0.086533,0.149574
472da55b-153d-6a7c-9938-eb9f631108e6,0,0.093678,0.072663,0.119983
1362e7a5-335d-ac16-8763-b4c602eb8884,0,0.089551,0.068248,0.116671
fb630894-ae4a-7b11-5aa7-4edcef863c67,1,0.073409,0.054087,0.098912
5cf163a0-8f30-98dc-3f6e-c43bf8e1e8da,0,0.363786,0.262708,0.478514
67853c87-a766-0619-2795-afa5fb448985,0,0.106276,0.07358,0.151133
36155a84-2426-44e9-1635-c0492d57a44d,0,0.691105,0.58906,0.777387
be55a5d5-b2e9-fa65-b948-f5b1d8db5e99,0,0.751643,0.640262,0.837302
58a759e1-b7a1-9889-3c95-5ec427ba139f,0,0.534544,0.448432,0.618646
54f07301-bbfa-28ee-34e9-cbd7a536160f,0,0.599664,0.525414,0.669603
9bb06281-ff86-55e4-5037-189217e5beb0,0,0.320924,0.255957,0.393657
10f15835-af31-436f-a486-a8f3feb3c406,0,0.310714,0.242121,0.388772
6986f052-46b1-462d-80b5-9c6c8fabed27,1,0.061937,0.048715,0.07845
5cfe61c8-f7d1-b073-7a12-2ca3c200282d,0,0.093925,0.072488,0.120876
6690a19e-56a4-0e2b-bd9d-448315d847e8,0,0.162855,0.126416,0.207306
98f0ba75-9865-e506-8f13-c3af5ef0caaa,0,0.169256,0.112687,0.246339
109d5cb2-60e8-4380-23a4-d6f54e266b11,0,0.234136,0.166411,0.318879
dfcb68e1-5946-f5d2-eef5-b2fc98aa1aa4,0,0.205066,0.13961,0.290838
b3116430-e0b9-e2f2-7089-30e248706c3f,0,0.999999,0.999998,0.999999
9edb1c8a-98a5-a43c-b35d-81aad81fc2e5,1,0.065273,0.049113,0.086268
f1a50a82-7136-1291-84fe-8be3a473d672,1,0.056085,0.041229,0.07587
a16769fe-7342-ac7d-398b-76fb2e557c55,0,0.308391,0.242656,0.38293
20b7e136-5fea-444c-9548-369e2bce4539,0,0.228317,0.155022,0.323019
3145112e-c1c4-3163-950e-725db7697c43,0,0.422077,0.321169,0.529938
df5a51cb-3c86-10be-b80e-bc803916105f,1,0.083304,0.058274,0.117741
640782c5-8f29-4361-0936-fb0dca45deeb,0,0.463711,0.358495,0.57226
9e3ad24b-7114-c46b-dd85-db4090008270,0,0.362144,0.235399,0.511481
8a735044-3fc4-9abb-b4e2-6e4c9a2eb252,0,0.313954,0.249807,0.386096
d8db484e-7326-8c14-ec08-d653b2e89824,0,0.114242,0.080789,0.159149
dfdcfe67-761a-e145-e6a1-c7e3b414a7ea,0,0.093789,0.071038,0.122863
5d15559b-9cd2-a48c-4da8-1725226f22f9,0,0.414838,0.317761,0.519011
913ff580-251d-f1d7-c823-5e9a7d35a8c2,1,0.062663,0.04925,0.079425
72e3a72c-71c4-97e0-3939-12db2dee7725,0,0.338355,0.230616,0.465946
7e3b2928-d869-837b-fe60-5cd798d84bc6,0,0.21167,0.148495,0.292489
885349f1-5b55-dceb-24d3-222c05a28f15,0,0.507551,0.410386,0.604149
b4f21202-6961-27b4-e749-e72bf046750b,0,0.134318,0.091285,0.193323
0cefa1a3-6150-98f2-053b-3bab1d32693d,0,0.093925,0.06671,0.130687
48045afe-1441-2a9e-60ef-2d3789571374,0,0.320924,0.254418,0.395592
8054cb8e-d2a6-66d0-594b-b556202e21cd,0,0.40808,0.328222,0.493106
213b28c3-165e-9d14-7470-520eecb8064e,0,0.113983,0.087511,0.147172
732302d7-a996-b21f-5961-91813ac32065,0,0.329696,0.253747,0.415713
39712a60-f387-18d0-351f-5726b06f37f1,0,0.209837,0.152329,0.281837
2656f2ba-cf1a-ff7f-06d1-22e2c4b11f7e,0,0.397007,0.289259,0.515765
543fe44e-1c73-d7ab-578f-f0cc537e6e70,0,0.320924,0.256227,0.393318
d0c30091-8a21-1dd3-73f8-2b5b35c945a5,0,0.259287,0.19391,0.337477
87aa3b5a-b1ef-fe4b-1b6d-dc9f5ceb7f00,0,0.61256,0.50859,0.707196
1c7658b8-2d4e-1478-147c-cc6137378c82,0,0.162876,0.123417,0.211901
5773dfb7-8c9d-d3d3-7677-0b9c3f07b982,0,0.480448,0.364228,0.598823
245d8d96-c9bd-8ade-a847-36b612c168c0,0,0.217966,0.154841,0.297759
f548b8c0-00fe-9dad-10f6-ce9f079792d5,1,0.057548,0.042355,0.077748
becc47c4-aa7c-9776-2a36-2f79014a45e4,1,0.053149,0.036449,0.07689
031a547d-15fb-32e1-2fdf-4622a7cd4c32,0,0.095632,0.065221,0.138126
d6f13cfd-8611-ea18-1b46-077330487af4,1,0.081068,0.054058,0.119863
feddd8e1-56b7-e398-2ac2-0886866e8313,0,0.12236,0.089178,0.165645
b98711b1-f0fe-be64-5c88-69d04a2b3ed1,0,0.351071,0.25916,0.455534
b40ce3a2-6692-f534-5258-7a4955e7e956,0,0.178924,0.131404,0.238903
6f3be5bf-0d62-e6d7-7bc2-62c751a1c1c8,0,0.316981,0.236903,0.409597
d2c741c1-2fbd-2ebc-bfc5-bab9fc5872fc,0,0.165114,0.117338,0.227333
b19da6b6-1bde-036e-2aa3-1bac1422322d,0,0.114242,0.080527,0.159622
3da64eab-8b19-c205-3723-032377473188,0,0.61256,0.511229,0.705005
b44ef513-bbe5-559c-9973-8a4014bade7d,0,0.101761,0.072338,0.141329
38af979d-12f1-9de3-057a-ccf4a09626b9,0,0.284944,0.21656,0.364866
600c1015-daea-414e-f01b-4e77e539eddf,0,0.144061,0.091672,0.219166
4e6e952c-2641-dae9-321b-a910f2ace8bc,0,0.234681,0.169299,0.315716
b58a0629-c584-ed02-cda7-288a497449ae,0,0.253504,0.181425,0.342246
fde29853-520d-53ff-d949-ea7798c2b682,1,0.061937,0.048438,0.078886
fa9d1856-2097-e654-fbf1-5b597e67b2e4,0,0.140371,0.093443,0.205522
5b571bba-58ce-e6a7-7211-e19c5e95b109,0,0.813378,0.712332,0.884677
1c116f5d-d40c-8e8b-5eae-46b6eb340fac,0,0.443114,0.334827,0.55709
21e62390-2ade-41ee-9bfb-957a0c7938ed,0,0.40808,0.313957,0.509467
68c2b292-1e4e-da7b-3a16-3f9d004daa9e,0,0.283433,0.210267,0.370126
dfe1f8e2-c199-fdfe-47b9-3af695d939ff,0,0.093617,0.072464,0.120143
5818e3b0-9a8e-8d45-2c19-dd4aa64db87f,0,0.293888,0.216254,0.385678
a9eac981-8c31-8888-bd1f-bc6059cd91dd,0,0.58664,0.490808,0.67633
76883aa3-46a4-eb8f-593c-85e09cff085f,0,0.313038,0.244799,0.390463
f8a55faf-4f90-2cc9-0f59-f0a96481b556,0,0.2228,0.163936,0.295334
136cf2e1-b7bc-0e4d-82c9-226304c4463e,0,0.186699,0.145995,0.235621
d7a09f08-8080-ed19-3f7e-7a5e5df33404,0,0.240688,0.185141,0.306628
f9e2611f-b2a6-fe16-91c7-f976341fd1c4,0,0.093925,0.072743,0.120473
be6804dd-3d88-4520-fdc6-dd47ebcb8676,1,0.067124,0.050815,0.088183
549cee00-202f-4a5a-cadb-3ad4c94bcaaa,0,0.663536,0.515337,0.785298
ae49cec1-866b-7991-d806-5d27ce5b070a,1,0.059385,0.04492,0.078127
a46be68e-db2e-3588-d576-e5741a9dbfa9,0,0.320924,0.241326,0.412502
44b26b8a-f758-94a2-e7c5-e970fe9895d9,0,0.093925,0.070262,0.124489
eb5c1f03-1f10-f880-33d1-3636236c313e,0,0.40808,0.33113,0.489818
a62dc53f-80ed-9d8e-6c4d-2e23e3fc422e,0,0.599664,0.514689,0.679039
5a993474-655d-766b-5945-107c95c925c4,0,0.554098,0.430271,0.671556
f483615a-3adf-3098-3268-67799c7c538a,0,0.838267,0.783287,0.88141
726a4b7c-769e-ab00-79e9-97f7afc1d2f0,0,0.162865,0.124141,0.210763
1257bda2-cd50-95af-9443-4359ae1aa832,0,0.40808,0.314434,0.508913
fcdbc773-986f-70e4-5e86-0154ab32ad4f,1,0.061937,0.048735,0.078419
93f7a5cb-2c04-f0df-b6f9-ae653fcf2391,0,0.093789,0.073678,0.118686
c2c775ec-43b4-50fb-a321-eb9c386417f3,0,0.424587,0.318193,0.538461
4f1a2933-b378-cf24-24f1-d90571bcee09,0,0.141616,0.097386,0.201449
cf29383b-4550-6606-ff0c-b5349e29a298,0,0.288184,0.214283,0.375395
39101213-8319-58c6-d69b-bc03ef627736,0,0.411459,0.31236,0.518301
40c27df2-cc77-f91e-2870-f5420d588a73,0,0.286255,0.197092,0.395866
7870433c-fa9b-3540-a249-fc9ad22ba376,0,0.093925,0.067116,0.129951
50366b34-5e3d-f766-6918-0bca81e8e011,0,0.465697,0.349399,0.585848
021c8fcf-3c40-af0b-c398-1325574f7002,0,0.825822,0.716144,0.899094
56e7accf-5c0b-a584-6a95-7c67510897f4,0,0.110533,0.082501,0.146568
f9464f53-5f3a-57a7-7f26-a11997e8e090,0,0.599664,0.515646,0.678204
7c932462-86fa-6a19-d3e2-f82f79b66f05,0,0.210937,0.15163,0.285631
1cbf5753-4ba7-7f52-533d-c9b035f0b7a2,0,0.197231,0.14322,0.265303
db313de8-9eca-4066-2271-7467b54e3646,0,0.362144,0.260599,0.477695
12ea6108-0ddd-e8f2-40f1-50322ad4cc3e,1,0.064655,0.045725,0.090678
3a904005-b8d5-b24a-385c-354c3e295a73,1,0.068049,0.049791,0.092352
53b5ee21-c004-a52e-c7b8-d4ad58f7b3e4,1,0.087564,0.061836,0.122599
56df947b-344b-75f4-d0db-01a7392b3170,0,0.093789,0.068432,0.127259
d9c6c717-7559-808b-7b6f-b56149e9de0a,0,0.157002,0.111904,0.215857
037ba083-9418-c079-a1f6-c8ffc4ea0484,0,0.272899,0.19625,0.365857
8914cd78-5987-9c9b-ec5c-d67dd0211352,0,0.11479,0.088227,0.148052
d5b6bfe3-7ec4-7a16-20d7-8411089994af,0,0.374859,0.286011,0.473022
d87f138e-1fb7-c826-6697-570dd0dba0a2,0,0.093752,0.0663,0.130976
81dde823-9940-cbd5-7a40-b7d1b89bc598,1,0.062663,0.048925,0.079935
69d8587a-5555-9fe6-c36c-71f05c53e716,0,0.253504,0.184388,0.337796
44109fd4-5874-020c-8fd5-e5b53eccf1e3,0,0.167363,0.116706,0.234179
7fe1aeca-1bbf-cf46-1877-b83d0ae7413b,0,0.903416,0.826553,0.948346
786f06bf-d1a8-9cec-3f8b-681cfd1e4765,0,0.921607,0.872605,0.952781
de5518d5-3ea0-ede3-a9ad-a9d0e985ad3a,0,0.12625,0.085717,0.182132
2a4893b8-1adf-cca8-a57d-36bf3a2f88d5,0,0.181821,0.124348,0.258031
fb1af6b2-47bc-db52-3762-83ca808a22d1,0,0.239905,0.188066,0.300741
10b5ec40-1063-f5d3-13d3-dd3c570a4f1a,0,0.327282,0.237046,0.4324
fd23007b-b842-0005-6c9b-63248a5d6242,0,0.873871,0.802153,0.922117
50bab27e-352c-ca10-8bdd-241f7f77a10c,0,0.114371,0.081802,0.157682
e1f3048f-42fa-3a3c-d266-6dd3dd1f9694,1,0.058275,0.043102,0.078352
ad1ae437-3618-f738-e88e-1835788a0e00,0,0.194198,0.132775,0.275025
5091afed-1aef-31c8-72ae-1ad16b98d5fb,0,0.411459,0.337473,0.489677
8a51044d-c29a-04c8-b85c-def02b35d9d3,0,0.661151,0.550123,0.756887
4b7f9508-0189-4b10-06d0-8ba0ba585f69,0,0.59962,0.477012,0.710905
7a8d31ca-16d5-95ec-7791-3d3eaa7f8f0f,0,0.242545,0.186018,0.309714
8d00805b-6f9a-2287-592f-9b2573837a29,0,0.251155,0.186444,0.329236
ff19a58e-e7fa-d5d8-9c29-a879942e15e8,0,0.097843,0.072879,0.130158
a7287673-3053-d884-aae5-a1e4ba2b6b32,0,0.159712,0.103506,0.238327
bc74c8ad-2902-43da-c3ae-f89b6bddaf75,0,0.599664,0.493107,0.69756
d39d04be-c81f-d306-f05f-f985893783b8,0,0.40808,0.318821,0.503845
3729b4c9-60e1-68ed-cbdc-ac738f956a79,0,0.222563,0.155447,0.308087
274948dd-acae-9965-fa6e-a2b9a338e8f4,0,0.691105,0.608175,0.763314
2bcad13a-55cd-9753-9dc5-c67d776083e3,1,0.077728,0.053107,0.112408
521f80d5-0412-a501-43f3-f58c0186b56f,1,0.070633,0.053735,0.092325
7efa4663-83f0-c482-403b-9af89a024f3d,0,0.217897,0.155049,0.297257
7de6a0c0-f798-39ab-599a-1dab5ca9a58c,0,0.288887,0.210132,0.382852
bde64af7-20c1-a5e0-895e-870354d0bb30,0,0.882374,0.815858,0.927013
0e1eaef7-1736-a444-f874-56a3401e6038,0,0.448512,0.342307,0.55963
ce98c752-cc1e-4002-ad22-ea59b463c333,0,0.318601,0.255923,0.388612
0037c178-ba81-2436-dbc9-e545711ab7c0,0,0.541074,0.431549,0.64677
bfc8d609-3e98-7bb9-1160-b1a6af58014a,0,0.097843,0.071535,0.132445
60e090c3-b320-9ea2-7efd-fa37d51248b8,0,0.199772,0.137446,0.28115
2f06135d-22f1-a885-4ce8-efbfb9f65873,0,0.58664,0.45979,0.702948
5384f3dc-3308-8073-8d94-c7fafc94bfd9,0,0.344713,0.230134,0.480718
d9d55f55-dc00-7334-40c5-60e9fb1f9f73,0,0.093925,0.072715,0.120517
3905ca6d-4920-c5c7-e990-16b486475b12,0,0.316981,0.238512,0.407452
3c083eb2-4dfb-91ee-c2b5-872308478b9c,0,0.477444,0.375717,0.581077
33eda6e7-60d9-746d-e0af-95e01c98dc47,0,0.493841,0.386621,0.60163
daccfc09-8892-7a87-e842-8830fe9a7268,0,0.45507,0.373212,0.539431
b5322c33-26ef-79af-74a6-f4f3b0e609bb,0,0.26868,0.19405,0.35922
5a8ac60d-2f82-d35f-e39f-a693fb0cb0eb,0,0.327282,0.258716,0.404113
cf4f9ae9-2650-6357-7c9c-2f9b3ad00a7c,0,0.147479,0.097319,0.217269
7228f415-22b7-bba4-6b64-480d0f95dc8f,0,0.110195,0.075282,0.158522
81c0b56b-676d-e918-fb06-1264a559f857,1,0.061937,0.047825,0.079863
d6d139af-448f-789d-c19a-79cf41b7cdb5,1,0.072625,0.051765,0.100996
b32dff07-a9c1-2d62-53b9-676f2beba9d9,1,0.059374,0.044095,0.079506
b91a33cb-9a78-db3e-2712-3be1a9c446cc,1,0.053149,0.039971,0.070353
ac33a773-4101-8e21-da22-d784d76957a9,0,0.668964,0.5668,0.757348
824cd301-f956-1a72-6eb8-a8d12b889f19,0,0.114661,0.081269,0.159392
36b41dc3-8660-4c1d-90d5-f04d510d3189,1,0.049849,0.038668,0.064048
4fd76ada-8c47-736d-0125-1593ac262c2a,0,0.162876,0.125584,0.208599
98a01587-32fd-a3e0-0fc0-14832d38067d,0,0.24959,0.196361,0.311653
ea8dc0a0-67e5-57ef-076e-369139bfe7cb,0,0.844715,0.78343,0.891069
8a5f430e-249a-4d83-e351-fe74871f4d87,0,0.691105,0.615822,0.757447
329fa360-70e3-1006-3660-7c76e277021d,0,0.232345,0.166279,0.314751
83da4c8c-4f85-5b8f-c956-1ebc4c807015,0,0.813378,0.677888,0.900262
98ec3f22-3db2-ab3d-970e-f1bed8257243,0,0.573616,0.465804,0.674858
86e1aa9b-ad80-3639-9f11-2d3a5a55280c,1,0.069875,0.051296,0.094511
db4bed52-64c9-6eb5-9cde-7d838e4c1838,0,0.19085,0.131836,0.268123
e1225a26-860d-825b-2870-b9487b6b00e2,1,0.06589,0.046357,0.092852
0fd7b0af-3a12-1974-fae4-78e9cadc2310,0,0.114242,0.085728,0.150677
b416cd2d-13a1-c289-ef73-243f79894a9f,0,0.114451,0.086777,0.149507
acda749b-738c-79ab-f23d-749b09d776fc,0,0.091689,0.065175,0.127516
c02b10bb-9c60-9234-7428-09126ad4cf4e,1,0.04372,0.028299,0.066966
78abd154-2388-bb6f-4450-ac4efc54a49e,0,0.114451,0.087208,0.148818
27b72a6b-a897-676a-8b8d-869dea285d5c,0,0.368502,0.245194,0.511776
36799f70-963e-e7d7-2f68-5dc8c8e50f2f,0,0.320924,0.255383,0.394377
adf2dac5-7119-9e41-8b60-6d816c10bd6d,0,0.288887,0.216317,0.374179
3d0a452f-d67a-dd8c-b4dd-61c11e7f2294,1,0.06589,0.046473,0.092631
de890111-fb4c-4d40-6627-948e0483f867,0,0.217162,0.151501,0.30118
ab8f26f2-f6f2-4caa-ed81-aaf8c904603d,0,0.220125,0.159702,0.295372
6975ef2c-c3f5-1f18-2823-00636470b854,0,0.471246,0.374415,0.570289
a8b04005-9cb3-be88-44d4-ad0dee26e903,0,0.097843,0.070336,0.134551
3044d6e6-85ab-64a3-0b31-9dcc46bd2fc1,1,0.080874,0.056984,0.113573
9a8dcb78-28fa-7f05-e070-afcd5e8c6aa7,0,0.11868,0.088558,0.15728
023d64ef-6795-d05e-9436-6588f07164cd,0,0.293076,0.212588,0.388984
d8dfde8a-47ce-e580-6af7-ef769e53365f,0,0.357428,0.254949,0.474846
7d10be82-e664-1bc9-af9f-515e85b557f8,1,0.072625,0.055591,0.094357
2e1d8ba3-ba32-59fe-8fad-96e3d536b3b9,0,0.534544,0.450236,0.616924
cb30b803-6b5a-2d8f-b367-e237a2dead66,0,0.113903,0.081758,0.156533
a2f5259a-325a-aeb2-d23b-9bdee5d84ea6,0,0.152623,0.114838,0.20003
2f1bc68a-8576-b86f-bdcd-8bb45c03b401,0,0.691105,0.593747,0.774012
bf782dc8-0b9c-87e6-cc06-22f6fa537d42,0,0.645332,0.534696,0.742339
88d7647c-688d-46e6-664e-0022f50bca23,1,0.085328,0.060664,0.118752
b86b2377-7e21-c97b-f98f-6840c69853c0,0,0.169126,0.111532,0.248154
f4bae859-c189-69dd-96c4-4f83fa35f204,1,0.07125,0.054715,0.092294
778f789a-d97e-5095-a84c-36092864ae08,0,0.141889,0.102606,0.192976
fcb7ec81-405e-c1cd-68dd-e20ba7698ec2,0,0.091787,0.069785,0.119832
360a9105-9a71-74f6-44ba-1a0b8f5353ef,0,0.247241,0.191472,0.312967
be22c745-1249-d32b-9e51-85d09b584a8d,0,0.599664,0.52047,0.673972
7b0308d4-03d3-1791-d637-b7cc8cd05bb5,0,0.22119,0.156853,0.302449
865aa8ba-6f14-d324-cfd8-9823ae38a98a,0,0.12236,0.091699,0.161452
b05f08a4-cb8d-279d-d708-4dd7a076d9c0,0,0.105938,0.076873,0.144274
f6a45c16-6363-c5c8-54c6-b19f6a8acac7,0,0.385933,0.291282,0.490072
eafac444-561a-fcc2-838e-de19597be141,0,0.268985,0.197898,0.354328
c01572d7-9677-9e85-0b6b-59f614757192,0,0.815773,0.688422,0.898729
a6213671-c48a-c2ff-ef9b-5ce711e356cc,0,0.573616,0.443951,0.693893
0b14f366-eb11-e27f-0eef-96c48da5eb18,0,0.397007,0.285519,0.520324
2dbb08f4-8d63-ffb6-f433-1f45037816d1,0,0.114999,0.082502,0.158092
85102a72-2755-dd24-5bba-89cda0d11e23,0,0.314658,0.246933,0.391305
8843b868-758d-5ab9-f0ce-18ced1a93326,1,0.056449,0.041458,0.076429
bfbdcf40-a265-0222-805e-7faae45634af,0,0.114033,0.087679,0.147031
e77f1d0e-c873-81f0-7b0f-b92030e041f5,0,0.170651,0.126669,0.225953
b368e186-a9ea-be3a-fbd0-1659684e882d,0,0.221084,0.149319,0.314585
14b95bbd-f456-1add-ee13-b36571947623,1,0.071417,0.051742,0.097801
4c9a6182-791d-38d2-6a89-55448922d8f9,0,0.2311,0.178838,0.293181
28c41f38-440b-0cae-aa41-624795b7deda,0,0.110533,0.0736,0.162744
016dda20-29e4-3357-6f1e-ef578312d7dd,0,0.357428,0.273275,0.451399
fe721b29-4eb0-73dc-c3d8-1ee84037b2e8,0,0.221473,0.165661,0.289562
fe50f4af-b846-32ee-6b47-8fefecc94562,0,0.298639,0.221765,0.388847
ef0b4713-1cbc-270f-27ee-a4d1b04cc125,0,0.425456,0.320444,0.537654
6c9c1a38-e225-4b80-6c33-6c44dc21de2e,1,0.057548,0.039287,0.08356
8485976b-5e0b-ded5-5556-4cbbd5679351,0,0.224959,0.162826,0.302242
ca685425-eba3-4e79-5bf5-db89494eade3,0,0.327282,0.254879,0.408963
71fa4cf0-5a22-a339-96ba-3de55aa0e7bb,0,0.103748,0.075911,0.140244
32205bc8-99d3-042a-3861-6a56fb43aa67,1,0.063898,0.045819,0.088448
7b1a27a0-2b09-0f34-3676-316e8915f379,0,0.425456,0.326139,0.531177
baaf00fd-6781-9447-321a-87c4d88b06df,0,0.187835,0.130946,0.261989
6a5d3f8e-9bf3-ec00-268d-71bba444496a,0,0.125827,0.086029,0.180402
9e648c90-29bb-af8b-1c9c-e715f5e65e9e,1,0.075374,0.052833,0.106452
b5317c63-229b-9911-7ca5-28e12e0243e4,0,0.118261,0.089185,0.155201
122ed457-d2fc-9925-3f63-4fa2bb9dc34f,0,0.302583,0.224695,0.393757
d385e53d-ba49-7460-4d65-0524b5f7fe8e,0,0.089529,0.064601,0.122815
663ce9a9-f73d-e898-cd3c-024b54e2ab4b,0,0.162865,0.116243,0.223459
3c1639ef-d351-bed1-8cc7-a0a4a099d241,0,0.435875,0.320486,0.558653
2d5a0f5c-f6de-d021-4459-a7cd813063ca,0,0.379575,0.280876,0.489356
40bc6c9d-2ca1-d477-c4f3-5e4b391dee79,0,0.186504,0.138672,0.246121
0bfdc227-ddde-e4bc-e247-521b9f5bcdc6,0,0.923663,0.883436,0.95078
d6ecff24-9464-a5f8-7d05-7a6cbfde4515,0,0.093789,0.068367,0.127372
44e148eb-53ae-307c-bce7-74801b9644d3,0,0.889017,0.801818,0.940687
8e960e31-a749-6c6b-cd1d-3b72abd98f4c,0,0.327282,0.241298,0.426674
41f4b65d-a2e5-dd4c-c540-a3edd843214e,0,0.162855,0.115645,0.224446
153354d0-1d6c-9b3e-fd91-174a66b78db0,0,0.141616,0.091121,0.213519
f8ce1038-87db-3fb0-ef27-b9cd036a4a0f,0,0.113645,0.089216,0.143707
e876b3d3-b7c0-cac6-8162-48c0e3b0e87b,0,0.58664,0.461851,0.701213
4578dae1-0f5d-466b-288e-1fe7fc3c48d0,0,0.109985,0.081259,0.147238
13670f22-374b-b458-8796-f31fb86df666,0,0.183525,0.131448,0.250287
b5228a8e-6917-ddd5-a8f7-a9a87fed438b,0,0.421209,0.314793,0.535485
4a66aeff-6c61-fa28-2eb3-bde6eebb54e7,0,0.281813,0.195091,0.38848
efad6b25-816e-a271-6664-2cd2c077a0d0,1,0.081793,0.054718,0.120557
5aa4f254-5acf-9952-c5f9-b9b50924d4ee,0,0.385933,0.275801,0.509126
1ef5eb5c-3cd0-94e4-6b36-b41fccb281e3,1,0.056822,0.042744,0.075172
48658f4d-f367-68e0-7cd3-46f17cbe75d1,0,0.254286,0.184483,0.339506
b930db37-0882-158b-8379-116ec15489e9,0,0.440612,0.31042,0.57952
2b31db88-25b9-4e87-8381-d6dbe9214212,0,0.153584,0.111402,0.208
1c2f76d2-9bf8-80eb-0640-3507578925b0,0,0.097707,0.072653,0.130189
a5dcdb96-5877-dca8-8e5e-b6b7a434e06b,0,0.237558,0.182322,0.303321
d45ba500-b750-1bd6-c77b-c87fe7dbd78e,0,0.097843,0.066592,0.141535
c8da8d4b-a324-c54a-8995-5f45dfa1e71d,0,0.421209,0.318853,0.530816
9f5ff8e2-3306-500e-ab6e-d813e192dfe6,0,0.127973,0.087319,0.183744
f210c362-ed71-3287-c1d6-96412168c735,0,0.097972,0.065432,0.144199
7b0c1824-579c-4dc3-c1e2-f82fb55da362,0,0.261636,0.179814,0.364157
e921e403-f599-01be-9888-e0b751a9bffa,0,0.114581,0.081784,0.158263
dd2be52e-8511-76a5-54d5-348179abdf01,0,0.21374,0.151682,0.292435
589b6b67-392b-d8a5-21bb-b0715141945b,0,0.105808,0.07631,0.144921
2fb68667-0696-a7ec-4cf4-e4d345fdd333,1,0.078909,0.057318,0.107703
6ea07263-774c-f118-5ae3-49ecb4f1f796,0,0.109856,0.082854,0.144273
39e56945-e1f4-4637-509c-beded3a79267,0,0.120906,0.088123,0.163695
60b95e98-bdcf-d30c-9667-1ab3ceef1e17,0,0.159448,0.112976,0.220287
14623937-f07b-905c-5344-78d723bfcb96,0,0.327282,0.256096,0.407417
bd9d4fca-1ecc-5680-966f-4a580d0d97f9,1,0.054985,0.041136,0.073141
72ec0d3b-041c-1030-ac2f-8ad78ae23858,0,0.534544,0.450515,0.616658
5f216c82-63b4-8141-7e0c-015b667bb355,0,0.273681,0.200939,0.360863
fc0b41e8-584f-7d06-a19d-111046a5e4a6,1,0.073999,0.051249,0.105723
40b1a307-80af-06fe-9db7-0f2c3999ab62,0,0.683328,0.602853,0.754147
a06196b0-94cd-4f70-85aa-3f7252817467,0,0.444255,0.341707,0.551782
6dd8b49b-333f-98f9-467d-5380c96ec406,0,0.11868,0.080996,0.170642
0f8ea6ab-41af-be1d-357e-d4864630aa87,0,0.573616,0.457549,0.682103
484159d4-8ad6-a31a-f724-2a0042234b3d,1,0.054248,0.04002,0.07315
84d6200d-ec09-1d5e-f7c1-00a6a9dbada9,0,0.153595,0.105335,0.218564
f8ede3bb-d75d-6515-06ef-c15d1fc7219f,1,0.073409,0.054072,0.098938
eeeaa4ef-e556-79a7-0f68-75cf9268fb1c,0,0.284944,0.211346,0.37208
463eef01-c013-3874-8abc-fe6aa81d27c3,1,0.072625,0.05523,0.094948
5a444d23-8b19-45ba-7daa-ea53979e383f,0,0.573616,0.43654,0.700244
b10aeff4-6142-08ca-ab6d-a69f1ed2219e,0,0.093925,0.071749,0.122053
c3a7382f-c6c2-7562-523f-b0cec7206130,1,0.077669,0.055748,0.107232
95ca72cd-f28a-6bac-4718-a42936157ee4,1,0.06328,0.049042,0.081299
d417f79b-22b9-d275-3cc9-7ee5dcb01e61,0,0.302828,0.225528,0.393172
d1f4894d-45b9-a9db-dcf0-9e6a7b1e8f12,0,0.173744,0.128537,0.230642
b047b102-ab51-2560-27f8-e16c2b2b1cc6,1,0.064515,0.046831,0.088258
d0ec9923-566f-efea-a394-50e74c3ce0fe,0,0.101651,0.073868,0.138323
8483f0d8-2461-8a4b-6dc7-b6fdd9ac6dbb,0,0.484099,0.343589,0.627169
51a42ea3-ef24-0b15-93e5-cb7619abdf5f,0,0.097843,0.070876,0.133595
95e616aa-fcaa-fc79-5047-3b0d7056bf94,0,0.110114,0.081627,0.146953
54d690ba-1f91-37fe-f77d-2f062de36fca,0,0.124313,0.084429,0.179348
fbb330dc-e290-9387-aa96-f049e7b77c97,1,0.069257,0.048516,0.097954
2896966d-71c9-41f7-e8b3-0cc0a3005855,0,0.443868,0.313572,0.582371
62b58a70-c527-7ab7-0e34-ec30422dfe05,0,0.243328,0.180293,0.319802
a2bcd15c-760a-28a8-c040-22822b86d482,0,0.485637,0.369911,0.602923
4549e34a-0923-c7cc-7b49-1b34a3a8fcd3,0,0.097972,0.070947,0.133809
1031dfb8-ff4b-1698-4194-30e9bfaeba23,0,0.418217,0.339287,0.501568
c1b1c76c-27a0-1b5d-cf56-b33ee0c445b2,0,0.40808,0.310051,0.514013
9c655ab2-60cd-0c4e-aaaf-5a8201a6c85e,0,0.228317,0.171823,0.296731
9ac9a937-10d9-ff75-518d-8fe4f40d1b6b,0,0.093888,0.073819,0.118713
41f00311-725d-6cc2-9fcb-4a6dd9a0aaf1,0,0.385933,0.297535,0.482552
6e2a2946-e37a-b43a-45b3-a2698f0a9a2c,0,0.128476,0.094008,0.173166
c2657b43-48ca-827a-9a1b-6a965d50ca04,0,0.318601,0.237994,0.411756
5b50a445-02fe-162c-2f7d-86c0cfa761cf,0,0.130848,0.080644,0.205325
700945a2-6d6f-904f-1073-02be783fca4b,0,0.200034,0.142058,0.27411
7cbf051b-d1dd-3e88-3592-531994b5e1cc,0,0.339997,0.251581,0.441169
c78f8b6a-8af4-ad1f-bf89-a368b5911a51,0,0.093925,0.073412,0.11943
c2ed5df1-e0e9-96fe-3e44-99acfca8083b,0,0.58664,0.496231,0.671563
69d58cb7-b758-eb84-f118-677ba485fc3e,1,0.051323,0.039304,0.066763
6527001e-c7b9-d078-9557-f96e59376266,0,0.206029,0.144534,0.284972
0a8e4941-4f99-c317-1fca-1c0a93b1054d,1,0.060837,0.045527,0.080861
d7f35d8f-2f16-5911-a78c-8978196e5c71,0,0.118212,0.087429,0.157957
83465464-6d33-edce-5ccf-53dab6d048a4,0,0.443114,0.351377,0.538902
0c4358c6-bf58-0f4d-870f-f42d63ebcc4d,0,0.58664,0.489071,0.67785
a031e981-93ad-4dee-9cf4-bb9be643f791,0,0.132093,0.084229,0.20118
8725f596-da0b-4fa0-768a-bb080f0f7b7b,0,0.162855,0.116612,0.222811
ab85dc41-ed77-1465-6c41-7703e8745791,1,0.0685,0.051586,0.090429
3db3ac88-4498-586b-9448-26382ef51c4a,0,0.280756,0.190761,0.392609
975e0502-3d86-de1c-c267-d679d60d0048,0,0.15602,0.109849,0.216867
ab51c22e-07c7-a03b-74eb-2aaefaba9076,1,0.087429,0.064424,0.117616
029954f4-a8fe-cba8-b632-59203dbd27bd,0,0.691105,0.594772,0.773268
4d84b2bc-a5a7-7d3f-f6dc-7f633734ccdb,0,0.385933,0.291027,0.490382
5f2888e5-1f2d-daa7-8223-25ec32d885fb,0,0.231258,0.167323,0.310514
9f415740-44d9-9570-60f9-7f651e74cf84,0,0.429577,0.328486,0.536905
6724412d-818e-3e63-19dd-8b29bdda24df,1,0.085134,0.055017,0.129479
df956ba0-e7c1-7f2c-b688-d6a9d8ac00e9,0,0.40808,0.328334,0.492979
4fa017b4-dbb1-f0fa-c474-7960bdb7d3e7,0,0.091689,0.068792,0.121215
75318388-5973-d169-0e71-e8fc5c3e751f,0,0.368502,0.273215,0.475289
f45c0205-31d4-6201-1f47-a5ec1d6c6d32,0,0.309094,0.224713,0.408468
057ebb0b-ac32-1d69-90a7-1ed4f082d44b,0,0.113854,0.080145,0.159286
5aa613ec-59e1-9149-fa1d-0a53e96414f3,0,0.560592,0.446353,0.668753
57822e45-b9e5-ea78-1097-5034f2cf8d56,0,0.450172,0.361248,0.542398
f57d08e6-fd69-651f-02d2-30a9b03d8a98,0,0.869159,0.741737,0.938893
dbf3b3a0-aaa0-141d-e5e8-747a26d36f0a,0,0.320924,0.254352,0.395675
65a9a6b0-e80f-35f1-176f-f264b4ebfddf,1,0.083169,0.060304,0.113653
2cc35514-ba98-f565-db3d-2dcc0baae1ad,0,0.121325,0.079598,0.180633
1c6ccff7-450d-a4c4-cef2-af4ef1270905,1,0.064655,0.045085,0.091903
6a0967e1-a557-2fb2-3efd-9f207ff4396b,1,0.074757,0.052084,0.106195
21746758-46fd-2101-7307-d0512b3913ab,0,0.506533,0.404505,0.60802
becc0c25-172a-dd43-20ea-b0dbc6935a88,0,0.230713,0.170218,0.30481
6eeac4ae-5f1f-6134-d64c-8d41b236cd35,0,0.40808,0.335076,0.485379
9c789fbe-24be-4590-fc9d-312e2f3abefd,0,0.851163,0.76189,0.91088
3c1e53df-a45c-e56b-2fac-a1c77eba57ff,0,0.379575,0.276189,0.495186
60a5809a-9115-d11b-8f99-77e6c16ae0fd,0,0.838267,0.784127,0.880891
20dbbac5-77cb-055b-b658-7674af3d5534,0,0.630848,0.474677,0.763703
f2d67b36-aea9-6a90-b257-82d3c73289e2,0,0.114371,0.081474,0.158263
be27251a-283d-ca20-b19b-f7e653a572e0,0,0.140371,0.090326,0.211689
b0b89b9b-1c2b-b4f0-7bc9-4dc713cc39f0,1,0.043435,0.028803,0.065002
6a960537-85bd-4951-8b03-dd30feb8d5d7,0,0.091824,0.069854,0.119814
7523644e-66b8-2f7e-ee1b-b0945d3ef602,0,0.093654,0.071496,0.121777
c4198a62-1ddb-070f-dcfa-ec71947ab40f,0,0.691105,0.593963,0.773856
3941b3be-5fec-4608-2770-0e8327ded386,0,0.464119,0.366406,0.564668
5bf90245-94d9-1504-6d8a-a9577122992d,0,0.137956,0.091586,0.202567
38c9b948-752c-ed8c-b49b-3300feddefbd,0,0.250372,0.183927,0.331084
b0206cb8-6e24-0b7f-61de-6c764fbba7df,0,0.681824,0.603024,0.751429
0b2247a3-e59a-e738-2244-f29aab8d605c,0,0.093789,0.072426,0.120634
720d7df9-183c-d820-48e1-a7e7aeb8d5ee,0,0.645248,0.481757,0.780645
0cabd8df-ddda-e171-99d4-0091f2e1e303,0,0.368502,0.247744,0.508345
51b37424-ac92-80cf-4532-5be63a308a23,0,0.10189,0.074098,0.138548
dbd8ecf5-01c2-5e9d-502c-037738627e05,0,0.838267,0.784233,0.880825
51a09692-37d8-605b-c9f9-df2d33b4fcdf,1,0.049849,0.038775,0.063875
e85c2b37-3caa-6236-de97-c651e3fd3c87,0,0.320924,0.256938,0.392429
00a451d1-defa-3f83-ae88-6087b009644b,1,0.087585,0.062253,0.121886
9ad31bba-9a06-5e39-8016-242a00a4381c,0,0.425937,0.342726,0.513566
938d9458-d907-3da7-6c31-87be08bbe3ba,0,0.200596,0.151272,0.261057
2dcd8085-9507-98ba-bed8-b66a812c7f9a,0,0.234087,0.174354,0.306683
3f618a4d-d5c0-a6ee-427f-d1c8dab81f7e,1,0.069875,0.049759,0.09729
c8a7939f-d9bf-5e70-80c5-6d1b4ee63250,0,0.870507,0.822702,0.906881
bd2dd5ca-403d-99f9-f4dd-0f8d1c9310af,1,0.059385,0.04174,0.083836
5969298c-5521-e651-c709-1c40106302cc,1,0.052412,0.035811,0.0761
898bf236-073a-6230-d9de-0545440083cd,1,0.083304,0.058112,0.118048
c778b17a-3e49-b528-76d1-e5d9cc2b59ef,1,0.064515,0.050681,0.081799
8883419a-db74-5f5f-9631-9cea3abfb1cd,0,0.45553,0.371712,0.541945
67bc1c75-3790-91e8-7481-c70a2e3c6c3d,0,0.288887,0.217964,0.371913
ba1832ad-317a-0bff-e220-c6adbb9d1e0f,0,0.23919,0.174613,0.318435
226cba72-5832-9c2b-c603-e0cc9e6695f0,0,0.242545,0.177593,0.321953
f46aa8a8-5d1f-4f09-e1a3-e5857775a36c,0,0.114033,0.089076,0.14487
3cab4662-0740-eaee-03ee-547102ed2937,0,0.162865,0.118022,0.220489
680366bc-0868-2457-bce3-c038c6b27bff,0,0.167363,0.12839,0.215246
746117e1-3385-7dfd-abfe-e13c8fc31856,0,0.109985,0.077773,0.15332
54fdde7b-e2f6-72a8-63ce-34307f544efa,0,0.135783,0.09417,0.19189
9fb34ce9-3d89-c71b-7a00-44b69a6bead2,1,0.07125,0.053378,0.094508
be826d03-410f-24b2-d693-3d83a169ac01,0,0.243328,0.177795,0.32351
de820b6d-ef12-02d0-2f5d-c6bf32ccaa5b,1,0.062663,0.044405,0.08774
2f3bb2f1-4d6f-146c-00ba-89072611b46a,0,0.612644,0.506586,0.709001
89866c9e-080a-3cd5-d6d8-f4916238b30e,0,0.225678,0.165642,0.299658
b3e21575-2dab-b12c-fadd-b85457afeb94,0,0.10189,0.072087,0.142128
9019236a-3773-9f25-d1bf-8858003cf369,0,0.175074,0.119619,0.248969
6acc168f-223d-8ae3-62d1-92179a8f3beb,0,0.23403,0.17649,0.303418
a0cfc972-0075-1d08-2005-2d9af2a870f9,1,0.060111,0.045676,0.078731
b6340ecc-230f-0abc-365e-7a15c31bd882,0,0.291565,0.215574,0.381321
138f01cc-d15e-d924-34f6-9040de38643e,0,0.691105,0.615679,0.757558
4236c36a-db95-ce0e-e251-fc5de2569de1,0,0.178221,0.132361,0.235654
682d8d74-8d2d-fcb5-bca2-c50439496109,1,0.084998,0.054548,0.130107
adf503bf-d808-26c2-1429-a9e0c0b09cae,0,0.599664,0.490612,0.699662
b568b32b-92bf-377e-4627-e225ed6cfefc,0,0.687217,0.603227,0.760487
f3e882e1-c797-1109-bede-22bef8707887,0,0.242545,0.192129,0.301257
88ee750f-2ed3-d25f-548d-cfcb5156b215,0,0.276812,0.191283,0.382498
3dd8f01f-7a04-fa5e-52f9-24053458f3f0,0,0.573616,0.442352,0.695268
417f0a24-6697-c883-2cd3-a0024ba05592,0,0.165838,0.120463,0.223953
40630b3c-5b67-331a-7262-ee01e46ccbe3,0,0.242545,0.179371,0.319312
5e41044e-b141-ee8d-f9ee-4f2491770e15,0,0.385933,0.26978,0.516708
98e97c20-fa58-5eb0-c462-287ba8805a90,0,0.10202,0.071414,0.143711
3a56d34e-4c1c-fbe4-a9ee-d984f1ca8686,0,0.327282,0.254554,0.409378
c81f6517-105b-e0b8-16e7-cd6ed30a7008,0,0.198141,0.139765,0.273156
5ac6207c-6dc0-4399-7c7b-d8435605fe54,0,0.159448,0.120868,0.207436
8a5000dc-8b99-95ed-166a-2a06953f7018,0,0.314658,0.248918,0.388773
4545bcf7-3424-fc2c-68ca-f5e9ec2b95f1,0,0.313038,0.244407,0.390968
3b222b32-a86f-a691-8831-ce38b4293e88,0,0.630932,0.468312,0.768411
96bb7f88-90dc-6d55-be9d-e68edd22222c,0,0.512507,0.404909,0.618959
2dfac223-d33a-fb59-1f52-1b2b4eff3ec7,0,0.554098,0.401636,0.697019
958d2600-f3fa-2607-626a-1bd0e12416eb,0,0.24098,0.177512,0.318358
1e06658a-dbf6-da60-0844-1003168b1575,0,0.247241,0.178091,0.332384
5f622424-b393-b65a-bf6f-dcca01806bd4,0,0.534544,0.43026,0.635894
d811e802-8ef2-56eb-e490-5d200ea7f0c4,1,0.056822,0.041613,0.077143
feeb9875-5a18-c9cf-6105-7992959029b9,1,0.051685,0.038467,0.06912
834148c5-c8e9-08ad-173a-b4db1d94c844,0,0.167363,0.116254,0.234967
84ac0bc7-8fbc-99cf-4da6-fdf6f17196b8,0,0.458534,0.339426,0.582577
090a5493-0a32-3f97-8b7a-250a9c2cfdfa,0,0.166143,0.11752,0.229647
5f17bb27-b4c4-6d49-d4e7-8105b1b4d551,0,0.262418,0.18025,0.365348
ff6ed9e7-b9ac-3a35-789b-3950227265ea,0,0.093925,0.073342,0.119539
ef590fea-adf4-4823-de76-fe51d1eaa280,0,0.239972,0.186718,0.302761
7fee30ad-0eb1-54ec-57ad-e6cb83f7b476,1,0.06589,0.049951,0.086451
98d4a3a1-3d9e-8792-86d9-d398c050263e,0,0.097843,0.070186,0.134818
7051dd39-e63c-1078-1025-524e0ca672d8,0,0.385933,0.290549,0.490961
56fd38f7-5f6c-dad2-48e2-9d1f291b6fcb,0,0.62554,0.517354,0.722483
81f7e0e9-a0cc-4408-b441-708dfb8708f1,0,0.153595,0.103941,0.221115
95217542-7414-d95a-df45-5c41c5aa5e8d,0,0.429316,0.344709,0.518266
3a336940-1fe5-6f1a-a328-79cdc72f66ad,0,0.134528,0.092276,0.192034
9890366f-8d05-f2fa-c13f-ab69180f5588,0,0.212852,0.154468,0.285843
2808d560-b10e-2956-194c-7b632f3c65e6,0,0.351071,0.257956,0.457092
9ce4e285-7861-7576-6cf8-f45079872039,0,0.413995,0.308347,0.528199
106716c6-ae87-cf45-0ed8-88245b266737,0,0.105679,0.070246,0.155987
8879bfee-97bb-615a-f037-146c59046591,0,0.459903,0.384607,0.537075
d046df45-2f2b-2f0d-8d51-cd63cc9d74fa,0,0.101651,0.066832,0.151661
c85a1215-1ab8-d593-d452-ba75301bb48a,0,0.811525,0.710819,0.882937
91a26e69-bae7-9f5f-66d0-47b738079439,0,0.220585,0.160104,0.295864
0763bf08-f368-7e31-d23c-611455e60bd5,0,0.222348,0.156778,0.305409
fb4ada77-7461-177a-83d4-0dbe1b9b2d61,0,0.278432,0.210621,0.35817
f290d912-2c5c-10ec-847f-6431b5fdf7ea,1,0.074784,0.052683,0.105128
fa2e0633-e1cf-04c0-8e3f-492a91222cd6,0,0.250372,0.181813,0.334225
a0de9e52-a031-7399-d6c8-b98206de8b1b,0,0.333639,0.256276,0.421133
dcd5b836-5d6f-2f7c-4fd2-6e5938255840,0,0.456128,0.353227,0.562915
478bf800-7cac-87d7-f7d1-4a41d17aca0a,0,0.40808,0.314328,0.509036
2216e935-ea26-af7a-6ffd-bf28a3d08589,0,0.114113,0.079162,0.161783
55ca7f62-2fa1-5bd0-2901-1a78b8ca689a,0,0.327282,0.23617,0.43359
1260d302-f419-9e0b-d58f-874312459eb2,0,0.227836,0.166801,0.303081
484ae16e-c6ea-a177-cd68-8d58ce8eacce,0,0.241763,0.190082,0.302251
9376bfe5-b1b9-34e3-9841-c328a9ebbe84,0,0.792683,0.615048,0.901479
5858ea16-8d87-b56c-6c5b-106e9f73666e,0,0.293076,0.207565,0.396202
974ab37f-805f-5e4d-40c3-beef953db88d,0,0.228927,0.169783,0.301198
9985e050-986d-0e5a-0968-17e9e0d71cde,0,0.573616,0.464074,0.676382
75e2edc3-cba5-7997-a3a7-882d0ba1a45e,1,0.062663,0.049001,0.079815
52235b9c-b062-4b55-549a-5850199f8e7e,0,0.147752,0.107444,0.199797
1efd2601-405e-2b33-c05b-c2a00cbd0740,0,0.109727,0.07997,0.148764
ee6a8827-a834-d6c6-d67a-be028315ef85,0,0.316981,0.237188,0.409216
096cd07a-cf29-0c78-aad9-8acdb474604d,0,0.534544,0.426793,0.639166
0e75aae6-6d44-85bc-7220-b0f56a3ebe9e,0,0.093925,0.071497,0.12246
1952b27a-0384-4dda-712c-12baa1f620bb,1,0.060837,0.045943,0.080155
e0b55ea8-3b26-e6fe-7512-b228359505b1,0,0.765105,0.570553,0.888711
9c9b9b73-cc42-8e1f-7f23-70ae92d2a801,0,0.456023,0.362338,0.552928
a84d6943-07a4-c187-7b1f-bad0cf294e07,0,0.320924,0.241363,0.412453
e7111265-300b-291b-964a-4b0c2d5c0e4a,1,0.085426,0.062666,0.115435
8d272e8e-dbce-14cc-d814-ba037bcfb68f,0,0.458534,0.334208,0.588247
4a45986f-cdd3-514b-9f17-cfce6912a2da,1,0.073409,0.054516,0.098171
b67624fe-e71f-d42d-6b4c-7e73a575e676,0,0.374859,0.285293,0.4739
6f6b44f4-0af6-9498-073c-e1478b94b9ee,0,0.310714,0.231254,0.403159
29b936ba-cd4d-2d30-c579-0e579d48cc85,0,0.181821,0.113849,0.27766
ab3f7136-2979-26df-f5f9-ad341c111cf3,0,0.320924,0.259109,0.389729
2ef388a0-6ec4-389d-45a6-2c3c03af9ce7,0,0.136794,0.082506,0.218304
bf519e6f-b304-a64e-3c58-da007cfdaa75,0,0.195048,0.131093,0.280145
78de57cc-8d71-f6a9-6267-f2b19ec5bb3c,0,0.091824,0.069497,0.120396
48c9ff3c-48b2-2324-9a70-6613f786d694,0,0.862517,0.777169,0.918599
7562876a-5af7-2e83-11d6-42e53717f093,1,0.069424,0.049938,0.095749
5d7c8938-7af1-7586-6e55-c789e7632caf,0,0.284944,0.200329,0.38796
70b64d4c-a0ae-5b54-4ef1-ae5796678641,0,0.40808,0.316479,0.506547
412e52de-d4c5-e88b-a4a1-3cf9a1f9a037,0,0.251155,0.183237,0.333953
c832f828-6193-13de-c730-244683fb9426,0,0.169235,0.113729,0.244363
4f86fe91-51b9-76c5-741b-b225f2f23c22,0,0.49442,0.355501,0.634206
32ebd60b-79cd-f2e3-eb7e-85140340873d,0,0.306771,0.230003,0.395985
d0c93c7c-2215-cb0f-87d8-5f08c3b54fd3,0,0.429985,0.314892,0.553179
eafe0126-954a-bd4a-23bf-1a33b39789cb,1,0.060111,0.045656,0.078766
5fea5bf6-6bc0-a4d8-86c9-2b72d34c2c35,0,0.896774,0.827509,0.940234
f14cc822-5b25-5b78-fc3e-422c34598fdd,0,0.237558,0.173661,0.315976
f1d24b49-d44f-26c3-f319-12f8a7c8b386,0,0.11479,0.08736,0.149424
4de43483-1b54-99c6-be19-b6f50119d864,0,0.316981,0.250035,0.392471
97a09e95-837d-8ab7-e7d4-ebf415a228fb,0,0.219963,0.161795,0.291765
4ce977e9-c3e0-8e81-0391-8caee0be1a81,0,0.284944,0.199412,0.389322
61a9e675-42f0-e4fd-9c1e-3f8d6848c2a4,0,0.12236,0.08801,0.167653
5db72df1-83f9-6c3a-3286-c2c9f3dcd0a1,0,0.333639,0.241667,0.440291
4e8ba3b0-8974-5d26-6584-cf3f6c678efe,0,0.40808,0.314918,0.508352
a2a94f77-b29e-c7ba-25e8-774c974ae8cd,0,0.118261,0.086417,0.159788
1f8cd3b7-9cf6-c3b7-5342-634acd8a2c80,0,0.612644,0.481047,0.729627
aa364ff5-4b37-e654-04fc-cf603b4873ba,1,0.078909,0.056451,0.109265
c65c88b8-5686-b9ff-c38c-8f7f61b2e3a6,0,0.10189,0.073622,0.13938
41fe9296-b7bb-a2c8-24ea-9fb5d85ba283,0,0.262418,0.194118,0.344477
516429d4-8b92-a42c-5583-6056b3c77614,0,0.224895,0.155339,0.314017
3519aa8d-af22-579d-6fd1-d344a9bcb8a4,0,0.438197,0.349696,0.530814
416193a8-a758-6a1c-c598-dbcf33d76588,0,0.320924,0.246833,0.405287
d1612370-43ab-8d76-e1ab-145ee9cd4183,0,0.368502,0.271325,0.477668
60892260-7873-be3c-dc86-147ee3e1ffb6,0,0.121115,0.08589,0.16813
f82debc2-7c2d-4893-4dc7-129963d8a5ea,0,0.293076,0.205353,0.399436
16959342-600e-31d9-9ba2-f16469122465,0,0.298639,0.231395,0.375869
5bb79872-b8e1-c1d3-2ecb-ee141921c411,0,0.486033,0.38385,0.589397
08cfff31-ef02-74f1-4967-52248be33a93,0,0.117329,0.088098,0.154615
f490b579-cc2f-35c5-5669-912b6a347c87,0,0.131121,0.094178,0.17968
108a3584-6c0a-f656-670d-6d445ce9cd3c,0,0.105569,0.0763,0.144312
946cd51d-8356-7bd9-ec35-ad6c033c890b,0,0.110324,0.08034,0.149677
270fd27f-b8a3-6bc7-1fc0-d61274f70051,1,0.065273,0.049687,0.085309
a3291368-221b-a0b8-f170-a9ae4a4cfbe9,0,0.357428,0.266404,0.460049
d93d0bba-675d-d8e1-bb8c-2bd9b4e0258e,0,0.9426,0.00034,0.999999
dcab4925-cd93-3dff-9966-b7ec29fad0d0,0,0.114451,0.087439,0.148451
2d4d8521-3529-a454-86bf-632bd81e764d,0,0.165125,0.12567,0.213936
7a580daf-7e1f-902c-9969-ffb2274995b1,0,0.466715,0.335364,0.602848
db4980c3-e8a3-e0a5-64c5-53953a8ea04c,1,0.083169,0.053148,0.127856
6ae5fc21-d02e-e6e5-b3b5-bac374e827a5,0,0.122022,0.090563,0.162456
964ed6fb-c9e6-4f56-ec4d-8093d80fd825,0,0.097707,0.066404,0.14153
52755571-b8bd-d9bf-4ecf-9548598af860,0,0.128412,0.086678,0.186146
0d5218fb-5cfe-e747-3893-bccca6e790ad,0,0.093925,0.072461,0.120917
c7951200-0195-7530-c924-28432460c8fa,1,0.064655,0.0494,0.084204
90dfe90c-2323-f28a-41a1-2344dac1139a,0,0.101761,0.067856,0.149883
be224c7a-5de9-de81-3b90-8b6030398664,1,0.077534,0.054492,0.109194
970adbe9-1c8c-d088-e4ce-53bec945f5cc,0,0.518848,0.419653,0.616579
2138dc66-7ccb-d922-4a54-55732fe6811c,0,0.175637,0.118039,0.253268
a114ff16-5494-85dd-ce00-c9ce8e722757,0,0.101761,0.072923,0.140278
02bf4063-89e8-4d5a-87f8-ad44830de7a3,0,0.121115,0.08516,0.16944
5c188b5a-62f1-ab50-b98a-5231de074b33,1,0.085463,0.058087,0.124042
db29bac8-3c9d-6dd1-7fd1-aeea7d71acd1,0,0.363786,0.28538,0.450163
fcced562-db81-997f-6d22-8c34f177cfd0,0,0.247241,0.189912,0.315144
e6988038-2cfd-c50e-66de-b37678ad922b,0,0.21167,0.144062,0.299889
119fcd37-49b2-9bdf-8e68-531ad949c712,0,0.261636,0.192501,0.344991
35a58518-9d88-967f-aaf6-d6262741ca6a,1,0.062663,0.045528,0.085669
20d70d05-a2bd-594a-a0d6-0e4f24ea6611,1,0.054248,0.038828,0.075313
41781608-764e-b6b4-e559-f01c76efa7de,1,0.049849,0.038715,0.063971
b5175a36-c704-392f-f982-8f9a59b77538,0,0.838267,0.782678,0.881784
24f68e0f-19b1-b131-7a16-82ddc5a7e1eb,0,0.507846,0.40947,0.605618
eaf95b1f-5add-88cd-a3bd-f596ac23e44f,0,0.250372,0.179688,0.337425
83856994-24ea-7abe-22b5-1d59f93602f9,0,0.844715,0.75808,0.904243
3e35563c-482a-b5ca-6cab-da94eb1e6740,0,0.58664,0.478995,0.686596
507d18c7-08f4-44b4-927b-7dfbca50253c,0,0.262418,0.194726,0.343601
f08bcb77-ea16-861f-5e12-7d23834599c6,0,0.691105,0.615643,0.757585
b11552b7-73a6-7dc5-5564-13216f98e825,0,0.306771,0.24156,0.380749
3be10c77-7ea6-a194-bb77-53f0c559af99,0,0.130199,0.097279,0.172136
9f1c6b47-8663-6767-c170-bc05e7379a9a,0,0.097843,0.065239,0.144226
484fbb26-091d-85f8-34c4-95c73ae9f925,0,0.097707,0.073759,0.128354
3a764c70-cbab-5569-3046-987c026f1b39,0,0.227291,0.165029,0.304476
db60c335-982f-5469-fbb5-2330cec04a06,0,0.573616,0.469824,0.671305
20add083-a442-d69b-b669-7417d47d12c3,0,0.411459,0.335729,0.491628
3e7cd69a-210f-45be-0e26-775e531049c4,0,0.385933,0.274916,0.510233
e0c2e605-bf71-4338-5251-40ab70c56a21,0,0.24411,0.178691,0.32403
258996e2-0f6c-a7e5-2dec-2bb8f85685ee,0,0.344713,0.249174,0.454699
b7cacc35-a7e7-8156-e166-df46cd56ec75,0,0.251155,0.17939,0.339743
35bf720e-575b-9321-ef23-1945b134e90e,0,0.113903,0.082238,0.155693
fae9ca2a-f5da-1dd5-18e3-dd4438f3f67b,0,0.265549,0.185013,0.365424
dc79ba1b-5a51-b830-4c8e-3770e3c87467,0,0.093925,0.071647,0.122218
f3cab08f-0c2d-aa9a-69f8-2e3d982b0980,0,0.101761,0.073332,0.139552
ee7d735b-a1f8-5dc1-90e5-cf58ad81855a,0,0.971299,7.2e-05,1.0
7d79c7d2-872e-9ece-7138-cf74c3ae6645,0,0.728313,0.607581,0.822737
90113041-509a-a5e5-400a-362f4ad5208e,0,0.24098,0.179043,0.316095
ae6bf358-0a70-9748-c705-cff0fcf5a174,1,0.083169,0.058421,0.117097
8935fd01-d05e-da9a-40b8-0d46daf6828f,0,0.190429,0.125458,0.27834
317e3c27-14b2-dab0-f492-8c6a418c502a,0,0.19681,0.138473,0.271965
81a20666-eee9-362e-f6e0-dc5795a2470b,0,0.857611,0.788649,0.906732
2b565610-51f0-828c-67aa-05731d746b32,1,0.037021,0.025872,0.052714
e39d1f6d-05f0-fc84-7d35-afd7a18983a4,0,0.162876,0.125867,0.208175
751ca0b3-e7ac-711e-b5bb-18c83a97d814,0,0.109826,0.082748,0.144369
f92c7a0b-cb6e-2953-d296-137a27af2910,0,0.162845,0.124248,0.210549
c6fa8779-c34b-9499-f9d5-be129894393c,0,0.093247,0.067006,0.128351
cf303c22-abe5-717b-f95a-a43c853e5088,0,0.248024,0.19254,0.313293
9d0a91f9-7131-07d0-5956-f74fd3271a7c,1,0.062663,0.048822,0.080098
5e38d2a4-33ff-05fb-75c0-4e6ed2e6d5dd,0,0.290507,0.197346,0.405434
42031846-7521-7c2a-da7f-081b31420b52,0,0.138481,0.096838,0.194182
c3f17532-8b3f-0a7e-229f-9ee70cd36eb9,0,0.23834,0.184649,0.301864
c38f4e11-6497-c78f-10dc-ea86c13624a6,0,0.444464,0.337186,0.557181
3d4290e5-6fa1-af8a-d73e-51455fa6e42d,0,0.109597,0.081224,0.146304
b30c9368-a117-7cfd-563d-54d264c17f86,0,0.089665,0.063946,0.124354
6edf9481-acd6-7e9c-1be7-5d596a242a61,0,0.198141,0.141136,0.270908
a0ff5c48-218a-a9e1-df09-da662b65a071,0,0.091553,0.068326,0.121645
eb62ac1f-7dcf-34c5-8a7d-b105673522ba,0,0.157023,0.108959,0.221029
8d0f7ef5-bcd5-3b9e-e80c-32f9e2076733,1,0.049849,0.038896,0.063681
357687aa-4ecb-3387-8704-a7064c6429c7,0,0.150167,0.099078,0.221132
a34a137a-b50e-1b98-f9b7-b0523de6b133,0,0.971299,0.000123,1.0
a24b9347-dfca-5bcb-9573-c1e0fe23ce07,0,0.169256,0.113952,0.24401
fa80c7bb-b131-97ab-b17a-fd9a925c400d,0,0.132093,0.081094,0.207907
93b82ce9-42d9-17dd-19aa-268fbac921d0,0,0.097843,0.067038,0.14067
38506eae-fad1-37aa-ec53-76ebaf6d5a7d,0,0.458657,0.342672,0.579301
20194cfc-f432-c067-81ba-c2dfd47410e3,0,0.093789,0.071195,0.122608
6b8def14-83f9-664a-f481-3eeaec0769d2,0,0.162855,0.124068,0.21085
2d03c119-4021-4574-8a5c-2b71544e31e8,0,0.439066,0.334569,0.549261
79f4b72f-5f8f-dee6-34ee-fe90897756b5,0,0.40808,0.331909,0.48894
b3371f1d-9254-0d93-bce6-4ed238372d5e,0,0.723228,0.587752,0.827268
394cb2ea-ee96-f4cc-4cf3-c99589a59fec,0,0.351071,0.257543,0.457628
ebbaf774-eb71-48b3-2b4d-f50d162d3283,1,0.085426,0.063202,0.114511
0206cd2a-b367-741a-7dbf-ff6a34b4c1ae,0,0.691105,0.589484,0.777083
f72e7b5f-45fa-da9a-d808-f8e26f351062,0,0.097843,0.072998,0.129958
eda8fc33-4015-5f79-2393-9926055edd3b,0,0.442245,0.354173,0.534106
472f7c87-54f8-0139-79f5-3abef0560e2e,0,0.206397,0.142982,0.288471
c540f98a-4926-bfdf-925a-4e943b19be7e,1,0.085368,0.059653,0.120744
f60eb240-4951-8032-f99c-f6c3bffff3cf,0,0.310714,0.23095,0.403571
99d4d48a-598d-55bc-ff10-641eb38af5d7,0,0.226948,0.159842,0.311772
9d57a0f2-c089-b2d4-9f70-1b2142ed6566,0,0.093617,0.071219,0.122132
e08b75ae-9d31-0854-1924-1d62a7c93b35,0,0.40808,0.331196,0.489743
20732cbd-3ac5-d57a-eb94-d29cdf919cbb,0,0.738362,0.613276,0.833944
bbb7eea5-9f08-3c5c-2575-857d9fc53511,0,0.864059,0.805916,0.906798
6333c7b9-c424-ad34-3d72-4f0372df50f9,0,0.187835,0.128181,0.266757
453ad2ba-e363-841d-c0ac-cf781880cbfe,0,0.124899,0.083104,0.183508
551450d7-0763-ab73-690a-59ce51b9b596,0,0.116649,0.079452,0.168081
c5fc1f98-bc0a-85dc-eb42-e295428117cd,0,0.201541,0.143741,0.275116
eb67ce8f-55f1-8c67-bac8-7b5816bb0738,0,0.110195,0.077469,0.15443
7bcd405b-a65d-5780-b6d2-582d6c3b5516,0,0.40808,0.30731,0.517222
4ffad0c9-ed8d-fcfb-e1eb-a2c26c051545,0,0.276812,0.208972,0.356743
1ac11d50-8be1-7887-460f-3a093c62f930,0,0.573616,0.43415,0.702281
e0c512c3-e0b5-04de-0f69-a7501a662a67,0,0.40808,0.310906,0.513016
9072e7e8-9793-3f76-4312-f630af1bc043,1,0.085269,0.058996,0.12173
e7896fbb-a1db-3262-cc28-2e8d7a507444,0,0.517015,0.389754,0.642106
390d678c-d1cb-3be3-ebf9-f013ab0114b3,0,0.093789,0.067727,0.128498
913b1fe0-4869-c930-9f2f-edfe25eb90be,0,0.560592,0.4437,0.671128
94f24a6c-9e89-462b-979d-dcf5ccbee15c,0,0.509997,0.39207,0.626821
450537d7-982b-13d6-a7da-109d4e752499,0,0.159437,0.123822,0.202924
8d105e1d-faac-1bf7-37d0-1b7accc0e27f,1,0.065273,0.048941,0.086558
41234b4c-edf8-9b6e-28dd-bbdcc0c4ca1a,0,0.091824,0.066569,0.125373
5cc78eae-4028-6136-8ca3-e2b66a0a07ba,0,0.153311,0.093661,0.240855
317d83e2-e0b9-45d8-dd4f-be6621d25e30,0,0.519001,0.410845,0.625406
25b264e6-eadb-3171-c3cf-759f8404d839,0,0.363786,0.284167,0.451638
e2d7b80d-f622-4ec2-8110-01b41c498b5a,0,0.617903,0.492693,0.729196
d7ee4c54-7973-e9b9-b818-9fadb8d8672c,0,0.237558,0.172627,0.317539
64d02672-3c44-0569-9503-d78ef9a6eb1a,0,0.316981,0.244665,0.39937
96d24efe-d3c3-191a-20b9-acaa82f84a59,0,0.181325,0.12204,0.260851
fbc51b73-3b93-035b-8a13-43aed06672f0,0,0.097733,0.073859,0.128254
05e85b04-7786-486a-3874-bae4e2429a27,0,0.205789,0.140136,0.291763
4d4bce5c-feb8-2ecb-5875-a7bc23866491,0,0.243819,0.184704,0.314554
b33259ae-f8b8-f2f6-f53e-923ce5fb3185,0,0.338355,0.252063,0.436932
c756889a-e288-b13e-226d-fa0ec43c0335,0,0.243328,0.176363,0.325665
ed649776-f3a4-9ada-a695-482d52dd7c87,0,0.121009,0.082251,0.174559
ae5f16d2-82e6-70a1-9101-16f0922eb318,0,0.200034,0.136754,0.282995
76ddfc1b-b95b-1617-7d3c-d38d2174dc7a,1,0.049849,0.038613,0.064136
c87eba3c-adcf-8df4-d368-8c3e8a6e7a1e,0,0.095783,0.068372,0.132618
82561907-6b15-5c0f-1678-507d05bc6a35,0,0.612644,0.505114,0.710214
f4494af6-90cc-146e-221f-09894ea508cc,0,0.093925,0.07149,0.122472
0df1e13d-b34c-1ea4-6f8a-ce6d09065641,1,0.072625,0.05285,0.099026
1959b864-b9ae-7678-8ee8-279348469e0d,0,0.114033,0.085334,0.150791
b2b3b436-ef04-8fc9-5241-eeb63ec71741,0,0.313038,0.233668,0.405115
aeecbbcb-85e3-14d7-4929-957be306a3b5,1,0.06328,0.045984,0.086493
ccd91a5b-67ae-9fc6-9179-6e9a26dbb80e,0,0.257417,0.187615,0.342249
415b5356-dc07-1829-1f30-dbb4bd884cf1,0,0.114113,0.085476,0.150761
a4fbc71b-7690-06a0-f22c-4c300514ae7e,0,0.178231,0.132562,0.235365
88873e25-92c4-9494-a69b-cc183955ee01,1,0.075374,0.048617,0.115076
35310bad-68f3-2159-90ef-9a6368df99d3,0,0.469348,0.359638,0.582103
23b19b29-6652-bb7b-4344-c9fe16ab5039,0,0.243328,0.194525,0.299817
0b31efad-e2ee-655a-aec1-79885620ceba,0,0.691105,0.615083,0.758019
7cb5ae84-2fa6-6f12-bf0e-f21f27aaa3c8,0,0.52805,0.420362,0.63319
da87ccba-0617-71d3-ee29-8ff080cf5759,0,0.302583,0.222257,0.397116
c498674f-a733-de6e-d355-b8e1234ca383,0,0.093925,0.07178,0.122003
589e2476-7c6a-0807-476c-b7aed4167220,0,0.808834,0.635688,0.911187
5ed61ac6-b86e-acae-e630-7fc2dcd396c5,0,0.520539,0.417832,0.621538
3902eed3-1bd0-82fd-c66f-1a8f31ff3fed,0,0.24959,0.194014,0.314866
3f9ff9fe-9948-bf9b-f851-91abad391afd,0,0.318601,0.237648,0.412218
b63add6f-d317-cd03-6fc1-914c5c812787,0,0.333639,0.258604,0.418166
1a4d6a65-6b69-98ec-9d8b-1eb2f1fe649f,0,0.313038,0.253337,0.379653
91017791-0398-b891-524b-71b2e249d51b,1,0.06328,0.047826,0.083291
74e40fbd-fa6a-8877-2c4c-0f96fffd6c55,0,0.11847,0.082163,0.167888
1e5a7a6e-9b82-a3af-52df-275391eaf052,1,0.033814,0.02621,0.043525
8e4d0497-e769-08b1-a33b-ba2c24aadba2,0,0.301208,0.23731,0.373877
76a48765-0094-03f3-4c3c-916049010cba,0,0.150177,0.110677,0.200594
7eaf821c-ea49-7f81-96c2-76d782ab6bec,0,0.547568,0.451624,0.640103
2d18e17d-e0ca-8da4-8eac-70956b2f854d,0,0.10189,0.074654,0.137585
f8288972-c340-a01e-deea-ac2a1a504807,1,0.064515,0.049905,0.083027
cafbe3bd-3167-d6cf-a8c1-60c6b221c6ff,0,0.251155,0.194425,0.317905
d96887c4-8276-d35c-3faa-1d9dbcb4005a,1,0.06328,0.048305,0.082495
1805b3de-4341-cc82-f27d-05563b95ef8e,0,0.40808,0.321216,0.501094
2aaf0fe7-bbfa-933b-7052-a28e580c6dba,0,0.344713,0.254643,0.447514
c0c8609c-5eb8-153c-489f-b0eafb36d589,0,0.507551,0.406309,0.608177
1c877791-83d2-c139-b35c-0ca4ce26d279,0,0.547568,0.418604,0.670447
afb3dfca-fee6-81bf-7009-5f56aa1048a1,0,0.432308,0.346582,0.52229
484b6c0e-297d-b104-d2a3-bd0c521d32bb,0,0.235226,0.185179,0.293919
9584d072-1c48-201d-4bd2-0a9cb5e333d6,0,0.514045,0.392015,0.634422
665e1cea-a010-0d42-628a-293bcdac5339,0,0.23919,0.185372,0.302824
bffda9eb-a489-3b5d-1647-36fbaa38d075,0,0.466442,0.354475,0.581895
343eb385-9ba8-58a8-41ce-47ddf2f026b7,0,0.093925,0.068058,0.12827
f1a61a40-5db0-6830-6f67-0de6803ddfdd,0,0.261636,0.183246,0.358826
8ea02a0c-5d36-5cb5-e32b-d0d6397ef5b3,0,0.397007,0.286594,0.51901
fdb68560-fe9a-ff61-2d2f-e8c4ede2c292,0,0.514045,0.414565,0.612424
84dafdeb-302b-368e-b773-cdfe3f172dd1,0,0.313954,0.235473,0.404745
383e86bf-0663-d0ff-35c4-472c34f4dd5e,1,0.076943,0.056514,0.103945
d8d31e11-3d1a-2d7e-52fc-3831399df6cb,0,0.144051,0.098806,0.205294
a11954ae-3bf8-9201-323c-c82eb78a433f,1,0.06589,0.050784,0.085086
a819ebae-4f9a-c0b9-3b5f-fcf5954d7db9,0,0.397007,0.304958,0.496974
f99998de-c1b0-5534-a0ed-b4114dcb5bc1,1,0.063898,0.048383,0.083948
3f70501d-ecd6-555a-5617-7eda97b7d289,0,0.297019,0.229021,0.375376
78840647-9b9e-0df4-c497-22fe5ffd58db,0,0.157023,0.116053,0.209036
db850736-050c-2d71-dd5a-f276c3a7fac4,0,0.216541,0.155912,0.292574
58139723-f352-71e3-1e92-4a2f398670f0,0,0.599664,0.490475,0.699777
60527e69-54c2-ae6d-e615-66e53408e5c9,0,0.52805,0.44157,0.61288
057a113f-36e9-f611-b2f6-df42c98e7ee1,0,0.114999,0.088402,0.148297
93a5d0d9-91fa-8bd6-6a4c-6d2893435541,1,0.072625,0.056336,0.093159
7669b333-7b62-31bd-df83-5e57eb55ff18,0,0.224895,0.167313,0.295268
36ecb94b-7441-e8cc-7e8a-31bd83755324,0,0.114033,0.086668,0.14863
a4d7f8be-22c4-3946-9bb7-8fc579fd8e20,0,0.256156,0.185394,0.342568
a950c9b1-86d0-b199-eeed-dedb35f6b793,0,0.11868,0.089272,0.156114
3c68ddfb-67b4-692d-29ec-3d9286a80245,0,0.10189,0.07159,0.143039
318b0c93-80f4-df90-8977-5666db716968,0,0.191123,0.13327,0.266371
f3b01a96-3885-beeb-37f5-91c0d7bbce64,0,0.097707,0.073276,0.12915
0b975e0c-08ed-36e2-02a9-7617f3fa0718,0,0.247241,0.195509,0.307431
323bf5f0-9f98-cca0-bf00-d7bd7b17c345,0,0.362144,0.259415,0.479229
07f08036-6ab6-52c1-77b8-97b625b8e18c,0,0.411459,0.311923,0.518809
a609f3b3-6e95-f555-67b3-b5413ac0e543,1,0.083363,0.062694,0.110046
f4dcc117-04ec-0f99-e941-a60352bb8cec,0,0.137736,0.082315,0.221465
7f3b71b6-91c5-90af-e5eb-7c25f1220d0d,1,0.079044,0.056011,0.110441
02f0e750-1e3b-69aa-ac9f-b8db93b36abf,0,0.137956,0.095206,0.195749
d43e9ebf-69ce-ea83-0a44-c969da702068,1,0.061211,0.046794,0.079697
569f5570-c5dd-426a-006b-ca5c88d66698,0,0.264767,0.181614,0.368833
c1142011-9690-3f11-37e0-358ac1d8f941,0,0.999999,0.999998,0.999999
779bd0a4-286f-ca42-3caa-daad140c5b89,0,0.113903,0.081044,0.157798
3872b847-2597-5dc1-deb5-bad029fe62fc,0,0.093925,0.072869,0.120276
e4abe516-a0ca-8c3a-3d8f-b2333c3c4047,0,0.542908,0.406937,0.672772
f054fbdf-16ce-3d83-d768-cedc579159b0,0,0.284944,0.214228,0.368069
416f4cca-b157-6b69-1e63-b3db56716388,0,0.344713,0.25076,0.452603
14b2d173-02c6-4971-4bf8-19ad8210f894,0,0.11479,0.088183,0.148122
63a308d1-4b4e-ddee-87f1-50666ceed428,0,0.640024,0.52733,0.739141
f3ee9d57-840a-12bc-51f8-289eededac8a,0,0.128685,0.085041,0.190075
75024ad9-4019-8210-3d84-7c3d9c60ed98,0,0.302583,0.226667,0.391067
99a24b6e-2218-0eed-5e56-8e1d37088aca,0,0.173723,0.127563,0.232142
4798c833-ffa1-8b36-3372-71ded85c950f,0,0.687217,0.604204,0.759742
1b656178-2dbe-2883-7d5d-b88373c65f13,0,0.286564,0.216921,0.368057
b713607e-595a-d6ab-605c-45919d7a2bfe,0,0.385933,0.299606,0.480084
d914eab8-5dbe-3747-15c5-682c68344e57,0,0.109856,0.076569,0.155181
1ad8e927-c5ea-b4c7-7008-6482c644fdac,1,0.085192,0.057437,0.124588
8e62efb9-e5ce-6aa3-28d8-2ef6afd7f727,0,0.173744,0.119603,0.245556
f86ef828-0520-76ee-9e5d-26d149b3cd0a,0,0.114581,0.087314,0.148972
f926b783-27f6-5761-648f-063831cc5b74,0,0.162865,0.123426,0.211861
b43bcca4-2488-b4bf-f93b-c576e289297b,0,0.093654,0.071047,0.122505
a371283d-599b-f784-44fc-26f7eaebba9a,0,0.385933,0.293944,0.486859
2fd3462a-3ff2-d607-4d2b-de2f92585e96,0,0.449297,0.354774,0.547629
2692b3f5-94c8-889c-ee58-2bc2e2a772af,0,0.091787,0.064922,0.128244
847b8031-608d-0133-f758-8f0359956a9d,0,0.573616,0.430412,0.705455
778bbb06-e7e5-2875-b528-5b84b53fe62c,0,0.15602,0.110313,0.216065
ef5e6547-91bd-041f-c262-ace51ffa38c9,0,0.144051,0.090251,0.222093
c81f8ba5-3be8-d9bf-b3d3-9495429e677f,0,0.58664,0.465166,0.698412
b63866e1-6e51-96d1-88c9-67485751d953,0,0.194778,0.15078,0.247867
ab914246-42ba-cb72-3c43-e26421ad9b28,0,0.167363,0.125988,0.218922
815871eb-17b5-31fa-413f-9db43775000f,0,0.300963,0.224453,0.390424
f51e96a0-9728-717f-9a0c-8d897cdf0fcf,0,0.273681,0.201025,0.360741
cbe96907-79a1-9572-cb64-77705ebdaadc,0,0.411459,0.316031,0.514046
498b536e-0d33-5c82-45bf-56dacbac63e2,0,0.114242,0.087033,0.148573
8ff886ae-2a22-f7a1-d49f-78efd9c5ef55,0,0.141899,0.103894,0.190845
26573971-e637-64a6-eff8-44acd5a53444,0,0.320924,0.239548,0.414863
84bf0700-55ac-b867-666e-6e8d29cf874e,0,0.114451,0.087609,0.148183
a099d966-c904-0b37-7e86-8610093a7105,0,0.397007,0.306967,0.494608
cebb27c4-d70f-11c8-8374-96c0d8173cfb,0,0.441272,0.331866,0.556695
f6a3d0c8-f1ff-25eb-9ffd-d58206a20cc2,0,0.312334,0.230827,0.40738
275f3654-d76b-794d-e32b-0aca3f651453,0,0.159448,0.114356,0.217944
facebfde-d047-94c7-da52-381db6ed9279,0,0.40808,0.333868,0.486736
4921807e-8b4d-8a13-1bdd-de0ce389c2bb,0,0.113983,0.088846,0.145101
bb1d58de-7eb1-428b-ace5-9a7c33c16bcf,0,0.547568,0.417284,0.671645
4b75fd02-d02a-a00f-c4f3-7875634e66c0,0,0.40808,0.333199,0.487488
a94fd743-7338-f075-6552-acfaf0f93a5e,1,0.069424,0.049473,0.096604
670fcfce-e50b-8c84-3624-b1b8ce6eb706,1,0.0685,0.052497,0.088922
132a8d7e-a6c3-075d-23aa-c0f759088341,0,0.105808,0.076842,0.143991
2e70bb8a-ddee-7376-45f3-54f1fcffb75c,0,0.128685,0.092765,0.175818
4db5b21f-75e6-55fc-51ac-f60454556000,0,0.851163,0.761722,0.910955
41abcf79-5e9a-9a51-29bd-e95752c298eb,0,0.461649,0.346693,0.580834
44f8fbd0-7ce2-5b36-2e8d-2c07907011e2,0,0.153301,0.101988,0.223992
67b66504-4363-8daa-92d7-c72a6543e5ff,0,0.153574,0.11479,0.202465
b02d5a17-665c-6ea3-785c-d98f372673ba,0,0.121115,0.086456,0.167127
351e7d83-b066-99fd-1328-cb69d2222c79,0,0.26868,0.185833,0.371604
97341c81-d686-d6fc-28ed-80100ceae813,0,0.429504,0.344113,0.519307
5869cba6-96f4-3b8c-4785-df3b5ebe189a,1,0.076749,0.055092,0.105966
020364f2-b525-32e6-2bd7-98b7ddcf2c63,0,0.10189,0.069483,0.147025
5aa40f95-0188-f791-3fa4-d61ffd433739,1,0.076749,0.054689,0.106704
9659e4bf-1455-c065-3a98-b819e5162a70,0,0.226403,0.168823,0.296612
8cdbe7b1-c7ce-8be0-f0a2-04f24df1398c,0,0.838267,0.785523,0.880021
34ba0143-ea8b-9e62-59fc-673de7659135,0,0.205066,0.148818,0.275688
f07b1d87-c3ed-93b8-ed0a-1bbaeec9f850,0,0.250372,0.182966,0.332506
5389f777-195a-bf2f-f9f9-d32c8d134cb0,0,0.245676,0.187573,0.314804
828b2a78-9d74-49b5-c5a9-bae78055edc9,1,0.07125,0.0551,0.091675
373cd58f-d2d3-e650-9b23-9b7dc064ac16,0,0.093888,0.071677,0.122075
f4b06265-3034-8f62-fd24-f06797b79398,1,0.043435,0.02846,0.065756
78861354-32b4-892d-efed-079dcfece059,0,0.165135,0.116801,0.228301
1d58f2ab-16b9-e628-755a-005539bcfb68,1,0.049849,0.038459,0.064386
d669810f-f731-0a24-0ec9-b81f91b87b1a,1,0.051685,0.03871,0.0687
c6a2c1fe-d82e-0d2e-29b4-16efa78f3762,0,0.24411,0.176699,0.327023
a02de63f-b7d1-6008-401b-be9228270b42,0,0.12858,0.096177,0.169847
4bb55d2d-9033-47f8-f21d-3ab5320a537c,0,0.781075,0.645199,0.874997
cf4427c4-a418-57f6-4e4f-6c115b798c28,0,0.169256,0.115104,0.24192
4303b485-92df-95ca-0058-79387302aada,0,0.225504,0.167606,0.296284
9dcd4553-26fa-1b4f-3a6f-568f2ee9fffb,0,0.097843,0.072898,0.130126
8a4d4b33-319a-b685-7ec2-e7340e5b132d,0,0.097843,0.068061,0.138717
eca50af8-f6f6-2b1f-dabd-ee2b37ffd57d,0,0.158092,0.108486,0.224665
a4a2a6fa-0907-a940-8286-77aca05745fd,0,0.838267,0.780896,0.882869
ca510400-9ad1-5df4-9f60-73282207f0b3,0,0.26868,0.207751,0.339814
e0434847-7f5f-ac6e-010c-93935fd55393,0,0.120647,0.087647,0.16384
6d6e1956-e868-91f9-4c90-c6e422ed590c,0,0.109856,0.082172,0.14539
48ea786b-f8b9-231b-f4d3-d7207ea50dad,0,0.091824,0.069994,0.119587
34961f05-1d59-9fde-2e8f-cd0cc3b82604,0,0.217707,0.158302,0.29168
0e99113d-8e21-5629-ca35-46c269e2d5a0,0,0.114162,0.088019,0.14682
fa91f549-e3cc-8c70-d275-27565cfd7023,0,0.40808,0.313323,0.510203
f23cf6d7-5b83-ba1a-0bba-25eba69aa940,0,0.212232,0.143968,0.301466
c33cbd58-ad5b-bd7e-38c8-e2a9ee879601,1,0.051685,0.036198,0.073294
3b8b4f98-af91-7af0-ffdc-b5b02a945f4f,0,0.385933,0.291356,0.489983
cf8cd057-a540-3ffe-783b-5172a7de878d,0,0.093925,0.066358,0.131333
3dc05eaa-2749-5aa4-d17d-267312584969,0,0.641443,0.500768,0.761369
22a2aafc-2a31-86a6-90df-968a858de257,0,0.138219,0.095003,0.196817
9564b52b-122c-7548-6b88-c7e1a0a15cea,0,0.235463,0.183832,0.29633
e5fe2763-b91d-5892-cac4-527a5b142d82,0,0.243328,0.175332,0.327229
70105680-0b0b-0a22-f2c1-3e7609ef8475,1,0.050586,0.036322,0.070045
4656bd98-252d-c0b3-507a-01ad6aa73ba6,0,0.187835,0.114513,0.292592
417fd942-d823-8c13-9993-76554c6cc70a,0,0.420536,0.335732,0.510305
218a13e4-1aa2-3d64-24d3-3e4a072d8cbf,0,0.40808,0.329672,0.491465
c7e983ed-b05e-1bbc-f178-df76c314fb3d,0,0.097843,0.066067,0.14257
48e68599-1f56-c7eb-317c-8ef381feb6bc,0,0.474369,0.367456,0.583685
830a18aa-fad5-533a-be6c-4f835099cccf,1,0.067265,0.046474,0.096417
bda213a5-b1d7-6c84-8465-e63972fa79b4,0,0.704982,0.62388,0.774906
3eb1008a-f3e5-ab0f-8b91-88b517afcb9a,0,0.093888,0.072396,0.120927
25e0c045-779f-5257-637b-c2accde5e70f,0,0.089394,0.064301,0.122992
b2bce3b1-cb0f-17e0-06e8-6c6b9dbfb2d5,0,0.241233,0.175319,0.322245
0e10e478-cd5b-e35c-cc67-1349fdce8435,0,0.547568,0.418082,0.670921
9cf01c86-0b0e-e4b5-555e-2dc17eb53db1,0,0.093925,0.071529,0.122408
0f9a0099-23fd-dacf-7e3a-de677442871a,0,0.144334,0.108134,0.19007
f6bae170-63c8-2e5d-f7a3-224e2a135822,0,0.397007,0.291096,0.513537
afdf5b7e-3e06-41db-4441-31a2021bb8af,0,0.414838,0.337035,0.497133
2f77bca1-ac4c-8f43-5d8b-27b6e78c3bbd,0,0.114451,0.089164,0.145762
136a9c25-7c0a-f69d-d053-045505f76a5d,0,0.318601,0.238255,0.411408
21bed954-9538-8253-5618-0376344915ae,0,0.122151,0.089847,0.163976
012202cc-f999-bc95-76ab-195adb4801eb,0,0.11479,0.083698,0.155473
c18af289-35ad-19f4-3d87-21c1d677f037,0,0.114322,0.088011,0.147229
4058791c-218b-502d-cae2-94053efb014d,0,0.24959,0.179007,0.336594
715d86d8-ae44-406e-6ea7-755d2b031efe,0,0.368502,0.26666,0.48359
5bd776b5-6991-ff0f-1dd1-124ebf95e37b,0,0.131121,0.093554,0.180764
0071b022-ed7a-724e-9584-cd4ae0b87e28,0,0.430958,0.340371,0.526415
9e1f4933-5ddc-f3c2-567c-65c9d94a7e5f,0,0.799081,0.686867,0.878212
631300c7-08ce-6af5-36c8-08d2bccd9aa1,0,0.200596,0.141992,0.275618
2e335cd7-8625-f4cf-58a5-57d827288163,0,0.114322,0.081661,0.157802
cc15aca7-c898-4bcd-72b0-db3429ac6b1c,1,0.085269,0.057838,0.123998
745f1a4b-091c-a5cd-0b4c-d1ed6bb7128b,0,0.40808,0.311701,0.512089
d3e7b613-1b91-160e-1a81-dae82f7eb9cd,0,0.251155,0.179942,0.338904
5f42e9f9-ccb9-a54d-501d-2eecd7a888ad,0,0.720118,0.610086,0.808829
666b9192-687f-8166-37c8-1d1c3600b388,0,0.630968,0.493084,0.750336
2fdad60a-1a80-ef80-5e17-7e61aa1fa4b8,0,0.097972,0.070929,0.133841
f1e85825-6db1-7681-c1c8-a4887d6baeb0,1,0.073409,0.05362,0.099732
b821c6a0-16b6-70c2-5361-b9651d6e33ed,1,0.054248,0.040311,0.07264
15e46e12-bf4d-2025-223e-628cd723ef17,1,0.067265,0.046643,0.096086
8b1c5c3f-9461-9a85-e4ac-eaf19836b969,0,0.787177,0.645316,0.88262
17832c3a-08f9-b695-984b-f59b48cb3b45,0,0.182017,0.130363,0.248294
a6613ec2-ffb2-f07b-df68-7f9ebfee5c04,0,0.302583,0.2105,0.413833
7e8cc864-773b-9404-2ab7-21af7c694693,0,0.411459,0.311264,0.519576
a36e3493-7f08-7d52-659a-048ea886e539,0,0.534544,0.45415,0.613184
e2aa5355-a29c-bd9f-dc90-2e693e178405,0,0.202838,0.134087,0.294837
86e30e19-0695-eb12-8a57-0c31e21b4490,0,0.093925,0.072385,0.121038
4d7a608e-3200-1acc-170f-07339038f724,0,0.089686,0.062853,0.12643
1fc37ecd-8f39-989a-b8fc-4cee3742a831,0,0.320924,0.251822,0.39888
ba5177f0-a758-4942-3d25-140fa1e3e553,0,0.128412,0.079026,0.201896
183a31d8-e09e-3a5c-d008-a11b15bd72e8,1,0.083033,0.058625,0.116347
66ab7339-81d8-e343-7928-01223d99ab8c,0,0.169246,0.114299,0.24335
a2cfe390-87f8-e710-16d0-010304d42cd1,0,0.227185,0.168756,0.298578
ac1284a4-c785-f9af-11eb-0903b606c368,0,0.189365,0.128113,0.270804
cb5dda5b-f2b8-88ce-e98e-dbc303d877aa,0,0.10189,0.073942,0.138819
d50d2714-6a4a-f512-2b6f-8642385311e1,0,0.101761,0.072912,0.140297
563494ed-d1ea-7759-1ab6-af4b1f1f0334,1,0.061455,0.046137,0.081424
8957dd9d-ea21-9047-90b4-331dcf88c7cc,0,0.093925,0.067126,0.129932
7ead2814-c2f0-ad52-2a5b-893b3a96bd45,0,0.691105,0.60983,0.762056
f7e37acd-59ba-ba13-2518-52d458bb2fc5,0,0.089665,0.064798,0.122821
098e5d89-347b-0464-2b8a-8046494b7a63,0,0.718263,0.628866,0.793208
0a2175db-ea71-e88a-75f4-bf8f5f8cdf73,0,0.109597,0.075798,0.155926
f64f5cbb-b962-085f-05b5-aebe87ca3fdb,0,0.114371,0.080633,0.159774
f29d3084-d7c0-c315-6caa-a526d8daeb97,0,0.414838,0.314229,0.523088
a26a1b13-c970-5d65-da7d-762308668e72,0,0.093925,0.067797,0.128732
e89d1c79-d0e4-9f79-0be4-2870e09eb108,1,0.079044,0.052374,0.117609
0cdbf8f9-ca03-fff0-6c35-501d2121326c,1,0.046642,0.032303,0.066905
098fa4c0-dd91-0285-b250-e7bae69aa8ed,0,0.459326,0.338927,0.584668
53ed0110-9475-b599-c84b-c084eacf19ea,0,0.314658,0.249496,0.388039
5d8ab3ba-191a-8c2b-17cb-9b190e9e4baa,1,0.062663,0.048336,0.080876
816f86dc-085e-3560-9fd4-7bff91200c97,0,0.851163,0.786525,0.898748
1c366e28-45ac-e24c-f2db-619fa659f1de,1,0.049849,0.038921,0.063642
ed40c514-5177-8931-f6cd-33e4f2b7df7d,0,0.838267,0.784686,0.880544
742a9d38-9038-3805-1678-317c614a3d3c,0,0.758582,0.652791,0.840038
143dfe8d-fb73-3c59-cf3f-60d4f4d058c7,0,0.118889,0.082864,0.167713
87439bb3-f5d6-0c1e-b217-aba5fe37bdfc,0,0.397007,0.296379,0.507173
0773073c-dbe6-87d9-1fab-092e362e418b,0,0.097733,0.067512,0.139458
a938649b-cf02-21e7-6a26-fa19d784416d,0,0.114242,0.086414,0.149564
c0f92dd1-9f9b-c159-f206-f35eaed1f9d7,0,0.314658,0.249231,0.388375
b32a254c-4601-aa4d-a49b-b3fa88e3f096,0,0.176003,0.131281,0.231893
029321d8-885c-4c1e-2ba5-4ca323f10cfe,0,0.362144,0.26316,0.47439
b4d3d705-c581-45a1-4e1c-729fbb559b36,0,0.114451,0.086532,0.149901
cba183f4-dce5-88ca-9f87-17c66f0f3d89,0,0.985649,0.001398,1.0
f6beb036-7530-bcde-49ee-28fe8a267c40,0,0.290507,0.209846,0.386989
c3fb4a22-49a8-01e3-1232-25c155dfc66e,0,0.478522,0.350696,0.609223
7ccb605f-18b4-510f-a030-39f91c8dbdc7,0,0.167353,0.123743,0.22243
251d13c9-fd48-c3df-4281-0db6e36e9587,0,0.231804,0.168041,0.310724
940d76d7-e603-4a22-1fe0-526662d5bb3e,0,0.246459,0.176232,0.333346
bf676d3d-a746-9fd9-1887-f10ea65b82e7,0,0.19847,0.117813,0.314651
0894ae7a-7741-02fa-986c-3027842c7674,0,0.397007,0.291283,0.513311
1dd2a309-0366-5023-ff5f-feeeba550aba,0,0.27756,0.209563,0.357637
b1c9366e-1bc3-477e-ff93-dd085181ce24,0,0.105698,0.075036,0.1469
e3b69355-3dae-51ce-4a32-1ed990501c84,0,0.093925,0.066608,0.130873
a719dfdd-abd1-5bf3-866c-d67670a224f1,0,0.243582,0.174384,0.329286
4fea68f5-4ca6-0ec9-a56e-59e3f3a3965a,0,0.397007,0.317397,0.482471
97f3c565-9043-644f-3065-86b82424904a,1,0.057537,0.042212,0.077974
b19fb9e8-1a0a-b45e-fa19-37c9e2d6ff01,1,0.062663,0.044829,0.086946
2fb2e93b-063e-b20f-e321-af7491e057c7,0,0.260549,0.205687,0.324073
8cd6783b-98b7-7aa8-a3c7-c626b40fd93f,0,0.157002,0.112662,0.214573
fdd6d22b-7b41-b82c-8cd7-21011fd4bba8,1,0.057559,0.043654,0.075543
915f9fc3-ee0a-624a-9031-9c0a5f6d137f,1,0.06328,0.048202,0.082666
1bf9fcdd-f6fe-e162-5807-bd8ae023d293,0,0.612644,0.479938,0.730502
546558c0-acc0-b299-60e5-daf89f55417a,0,0.320924,0.24554,0.406968
3a910656-fdaa-4976-d851-869ab4c16615,0,0.518848,0.421906,0.614392
265d5ed3-6dae-6651-1387-86394aa06c0e,0,0.101724,0.074522,0.137381
bd520540-ba28-65c2-9d49-8a14b877f826,0,0.599664,0.491622,0.698812
e51ab4f8-36d8-5088-800a-fa9160a01e06,0,0.162863,0.125864,0.208148
c2b911a0-76fb-3264-cb20-e7b6698e5df2,0,0.265549,0.198903,0.344912
5a2fc822-fa1e-cfba-de7e-ec6ae8407fb5,0,0.093752,0.073468,0.118917
2db5299a-05e6-3d7a-068e-90498decbbd1,0,0.091651,0.069679,0.119661
28ee730b-3201-217b-4105-a67a429fcf0f,0,0.47346,0.361492,0.588163
fb9da03d-9cc3-8038-df01-cdd6e8ff7b3b,0,0.534544,0.454019,0.613309
6e059d54-ee4b-9a07-21e2-3571dd9f8466,1,0.065273,0.048839,0.086731
33264784-05ac-c9b7-5004-f638e0ee8e6f,0,0.093752,0.06795,0.128006
c7a5f949-50ad-60e3-2d3d-4f5f5c45d1aa,0,0.105808,0.076596,0.14442
b2b992d3-ee1c-591e-e4ea-3d488f483478,0,0.318601,0.236284,0.414048
302b380a-398a-b40c-0d80-f7aada8c7467,0,0.397007,0.313243,0.487277
40dc6838-e209-4342-4d7b-7b00985c8eae,0,0.306771,0.239372,0.383577
b84d1137-4552-55a9-7395-82298593a408,1,0.067265,0.051161,0.087968
57bb3bd7-0fe9-39b1-1228-52d2012ee4c7,0,0.093789,0.073202,0.119421
4225b0af-3cae-29b3-f845-f87125006031,0,0.470613,0.36073,0.583421
676695c7-5e1a-5915-64f5-0bf2850631c7,0,0.520562,0.412689,0.626551
f4e8ad78-493d-83d3-deb4-ba6c5a7f4e5b,0,0.151149,0.108447,0.206766
26eb5856-5d79-1f63-43bb-cb4bd6b0b0ee,0,0.089529,0.065216,0.121727
6009ed0d-6f59-4f1b-99e1-aade19433a1d,0,0.132103,0.083346,0.203063
10c290f1-dd30-a572-df6e-862ccbb57818,0,0.514045,0.387555,0.63876
2837e747-f4db-7560-dbb5-2dbbb3fac50f,0,0.441272,0.332479,0.556012
864628af-5a7c-d08d-2212-b1c9065bf31b,0,0.194216,0.128049,0.283457
fbeeddb2-874e-a543-864a-88ea3658c463,0,0.114999,0.087328,0.149999
542411ef-0516-b320-3239-8232e93aadba,0,0.547568,0.415879,0.672918
a0e52a23-65dc-2a82-5681-5995d36d3a1f,0,0.113903,0.082622,0.155026
e51fbfe1-1942-b85d-a668-d19814cf8c3e,0,0.248024,0.180656,0.330383
ccbd784e-81da-8c50-0043-816b409e693d,0,0.298639,0.225911,0.383191
4fbac67a-1f4e-c2be-db50-f5baef9133a8,0,0.397007,0.292164,0.512246
9ee14b5e-09da-7888-429e-ea5192f7626a,0,0.339997,0.261375,0.428547
6108cbe6-59ca-7c30-6dc6-0ae69a34d3c4,0,0.169256,0.116337,0.239716
09f4f4bc-a1e9-ae04-4e16-44e2723bd6f2,0,0.141616,0.08718,0.221782
22b0658a-9669-2a5d-3053-75f41fa5663d,0,0.169256,0.124214,0.226409
bb5bd14c-e39c-0fd6-349e-2b0fd2aac59f,0,0.276812,0.191994,0.381413
d0f14230-5820-53ca-d6c5-ce980cd7544a,0,0.368502,0.269068,0.480525
96c56e7a-b02b-39e8-48fe-607bb28f57dd,0,0.320924,0.239462,0.414977
2a8a4d5e-9b8b-9918-b202-cd73e527167f,0,0.254286,0.185477,0.338029
d435c856-b2ae-13b9-4194-a25652048de8,0,0.097695,0.066289,0.141724
fc08abd2-0725-3fa8-e559-bd7915c7f7d5,0,0.262418,0.193921,0.344761
384a3073-f539-1ce0-dd36-a8a8b50f956d,1,0.062663,0.049064,0.079716
18df4b75-ac98-21d5-e068-9ba40e23ac63,1,0.049849,0.038587,0.064178
fa61f017-3b0f-dc2a-0be2-abf390199334,1,0.062663,0.045855,0.085083
c701b477-295c-dc91-09ce-5836dba007b6,0,0.124732,0.07603,0.197948
bcf0b77c-50a5-eac3-d4c7-c175dede11f8,0,0.169235,0.127626,0.220974
0b1ccd91-7322-0cb6-4dfd-6434be8a628a,0,0.254286,0.186781,0.336105
7146c12b-915b-4f00-f602-cad72f9c919d,0,0.093789,0.073184,0.119448
6391e2da-c358-2d5c-74ea-6dd8a1517de0,0,0.223346,0.166758,0.292397
5cdfec15-b3b4-9e36-6236-2baa74f3e3b9,0,0.312334,0.23361,0.403617
c2cc55bb-9cb4-dc5e-e6ff-c049a6558193,0,0.162865,0.125937,0.208045
b711f99d-6c00-0839-b266-4225d81445ca,0,0.245676,0.19107,0.30991
cfa0047c-8e8d-5457-67ce-861e8422c421,0,0.62554,0.477628,0.75321
e27a2e7e-e44d-1141-c9f3-5cd79e903d5e,0,0.40808,0.334338,0.486207
4ec07204-0620-8e8c-c9d5-5421f57ca78e,0,0.114581,0.085626,0.151702
630285fc-1800-2ee0-103a-8d7bf4b01414,0,0.234136,0.1794,0.299476
08dc49d2-b443-5e0c-df04-5964f6c02358,0,0.105808,0.077165,0.143432
dffb1b2c-43a6-9165-6cdc-272a6f9cc0e4,0,0.114451,0.08622,0.150405
65bd82f7-f0b1-7db9-1144-d512a59f480c,0,0.6126,0.468874,0.739077
02cd7139-2fa5-1164-2ee0-7fecab45cf23,0,0.114661,0.087865,0.1483
a463c4b4-6535-879e-917c-9644f04df3da,1,0.062663,0.048843,0.080065
f6aea79e-d9ef-d3ab-abbd-831281bb0b4d,0,0.095742,0.06871,0.131903
b1928ce9-2866-5a48-3a1b-cb5822ffd6c3,0,0.219558,0.158989,0.295104
4235f1d3-83fd-5d06-47dc-b6168b399643,0,0.250372,0.194327,0.316238
a1351bd9-0ab1-43b9-d4c2-0a33e6c2a5e8,0,0.320924,0.243502,0.409633
c7dad737-9a56-8093-270d-9774ed3d2869,0,0.363786,0.259437,0.482746
506ddf65-ddc5-2ea6-874b-e01e8b6430c9,0,0.534544,0.431858,0.634384
ad467caa-d61b-6542-ace9-2f0a6d6931d1,0,0.40808,0.329098,0.492114
aabb4d2a-207a-298b-40ea-135646501a5b,0,0.183525,0.136139,0.242768
733ff70a-bf4b-ea3b-f5fd-d85b1dc13638,0,0.227836,0.17649,0.288879
183039f6-9fae-3c6e-dd4d-99f03fbacb09,0,0.275301,0.202204,0.362806
27bd4061-cf9a-2358-bb62-e3878ce31fc2,1,0.074784,0.052426,0.105616
d080218e-1224-7778-09e8-3d3614ca8815,0,0.202628,0.136571,0.289907
e64ee510-3a51-3fe3-2a3f-4a3e34c8016f,0,0.118261,0.083154,0.165514
7db6ce6d-ea92-c215-6903-6b15da099afc,0,0.515878,0.387124,0.642558
cbe79f76-fee0-d9cc-debb-64e70dbbba1b,0,0.2291,0.156177,0.323038
fa2decd4-0d90-2a97-19a2-31344dcd4fc3,0,0.617988,0.491201,0.730514
75ebfa89-de25-9132-7218-2772d7303408,0,0.681908,0.573778,0.773438
e4794fa1-8682-14cc-73f8-8fa99bfe39f7,0,0.243328,0.191274,0.304218
18f20b74-dd01-8e70-468d-f272335a07f8,0,0.379575,0.251302,0.527218
562656af-efc7-ead2-e3bd-e6a0821948d7,0,0.397007,0.314523,0.485792
11650542-6843-fd2f-bb8c-7b132622000b,0,0.121911,0.08881,0.165113
bcaa858e-737e-dd19-602a-015bcab971da,0,0.101761,0.074946,0.136752
b06ce94d-c403-1252-f0f2-d3dee95f73f7,0,0.301208,0.224668,0.390684
3878501e-ba5c-9322-6b0e-71f376830115,0,0.397007,0.303997,0.498108
21a54094-61db-bf7a-058b-f95feb2986e3,1,0.087564,0.06398,0.118739
7795963a-fd98-9876-9e9d-2b59697f1b54,0,0.40808,0.331284,0.489644
30d335dc-db9b-8b05-11f6-2d696de57794,1,0.067882,0.052111,0.087983
9233d41e-7578-653e-fac1-ea427e78005a,0,0.114532,0.081195,0.159185
c461709b-91ec-f7bc-cd43-0f19ac2510f2,0,0.411459,0.332193,0.495602
ff995786-4754-da0f-7b02-af35e7b170b2,0,0.230013,0.166127,0.309353
3724a9fb-c0ce-3364-abea-3e655858edb3,0,0.66504,0.526405,0.780049
eeb6e706-50de-a145-86cd-6657c71252df,0,0.92825,0.900692,0.948597
46f16ce1-4f8e-a3db-2a84-5754d5c725dd,0,0.327282,0.260238,0.402207
60fa6368-d43d-0477-a9a6-94bddaddfdc3,0,0.333639,0.245414,0.435286
0d446d3a-9bd6-49eb-f36a-4619254b2966,1,0.0601,0.044351,0.080969
4dd8b10e-f97a-c7fe-9e62-90c6aa26ee3a,0,0.118551,0.088969,0.156281
2763f8ab-d711-0367-959d-8a6723c504c8,0,0.309094,0.244308,0.382369
37a3373c-eb89-f1d3-ec69-0f86443bb92e,0,0.534544,0.450569,0.616606
8c48bbcb-c6f8-414e-3b28-cc2ebe92fd2f,0,0.093925,0.066945,0.13026
5e8b0241-46ba-977d-38d1-a75184998f43,0,0.674272,0.578652,0.757293
3f15a962-c9a7-0d59-f772-2e95f8807bac,0,0.999999,0.999998,0.999999
7f4d1f38-80d0-35e7-9223-62e63560efa3,0,0.999999,0.999998,0.999999
18418c44-19e6-b0c7-9582-1104cc55a4e4,0,0.573616,0.462863,0.677447
94953071-aa0e-f4c2-5825-0fa1985841fb,0,0.093715,0.073013,0.119529
3fe91f46-870f-955c-b8ac-2851ef3f06fb,0,0.306771,0.242958,0.378955
3a42eca2-5de4-7110-d7a4-7dbc4e846a55,0,0.52805,0.422768,0.630895
20df92f7-26f6-df72-5f09-c64a73d544b6,0,0.134632,0.090932,0.194832
b9fabf32-6dbd-8aab-5022-f6dfa18393e6,0,0.114242,0.082881,0.155458
0fc7a215-fee1-066a-d713-d85def49faef,0,0.170651,0.127279,0.224991
54427761-9941-1cc3-af68-a0fb6e89497f,0,0.11479,0.087744,0.148812
c2dbc13c-e220-fd6a-8cc2-e5577dc694d2,0,0.167353,0.12886,0.214513
14719b8e-e2bd-47dc-4e96-42c80629a91f,0,0.304203,0.220146,0.403738
a6ae5ff7-141a-8455-b13f-0aeec28aad33,0,0.312334,0.229112,0.40972
dd6989b9-3fa2-7e01-5370-5b455818da1d,1,0.06328,0.047729,0.083454
8812168a-bfc0-c1a3-b621-3b08430114a0,0,0.11479,0.086511,0.150787
fdb28ff5-b448-09f6-bbdb-521adacf53ae,1,0.056811,0.042057,0.076329
67970780-387a-77a1-0cb0-77e0ce1cb824,1,0.087293,0.06257,0.120528
10c4ec1e-8de6-4f85-9510-bd942c898ac7,0,0.169256,0.126021,0.22353
ebc8ee1c-f9f2-8708-bcbd-e991afc6f8b0,1,0.047608,0.035346,0.063843
b36e36cf-4d2c-b2c5-34cb-99f5e01aa37b,0,0.246459,0.188535,0.315265
73e7229a-0498-5b5f-22df-bea7cd27ffa4,0,0.093789,0.070639,0.123517
3269ec73-531d-4387-bbfd-c12f9f5eef53,1,0.08745,0.061489,0.122936
81660213-9d19-0575-b5d4-9b77a4d38e6a,0,0.612644,0.509171,0.706862
eee6e6fc-a8d2-479b-c2cb-a28948955895,0,0.188012,0.14318,0.242902
47be037c-2416-3d75-b6f5-f56bf1f1df19,0,0.097707,0.072732,0.130057
ac31a58b-9db8-6c12-339a-5cd5c1bf327a,0,0.547568,0.4172,0.671721
c6f2b749-3d15-5987-6c95-fbb6a12da1f6,0,0.135783,0.086869,0.206026
e026e99a-28d1-c7af-ff9f-5ea75e8bf4e8,0,0.172378,0.115526,0.249322
0707765b-c656-073e-ae6f-4cf6634071f5,0,0.175626,0.126829,0.238079
31a39866-cd72-9a07-13d7-3b14535b61df,0,0.212777,0.149202,0.294079
9511833e-05b7-1fcc-b55a-d55d8ee3e989,0,0.223525,0.167878,0.291165
df963a92-454f-f264-fb0d-7a656f2a3cfe,0,0.097843,0.068266,0.138332
1a4d881c-ab9b-9f5f-788e-6b4ee756a21c,0,0.310714,0.229091,0.406099
3f84c15a-9472-ebca-0777-090228b9371c,0,0.501472,0.370103,0.632637
49198174-31b4-caf6-66e3-f7a49c6f92b5,0,0.247241,0.179997,0.329511
76b2037b-a230-fce3-0c3c-971e678a781b,0,0.219141,0.158342,0.295099
66ac2350-2f17-bae7-2c9c-62659908876e,0,0.097843,0.073053,0.129867
d7cda4ab-f1c1-f6ba-7341-fcc5d9920e81,0,0.114242,0.080937,0.158882
8015a1fb-2163-dbbd-7c75-23e08cc1dd60,0,0.40808,0.333267,0.48741
0d299b31-b491-fefb-54a5-09a1c3bb0bff,0,0.12109,0.089683,0.161543
c381385b-c0c0-06f2-2f19-e78203c36172,0,0.114242,0.089198,0.145197
7fcccea7-f3ba-4f5c-cdc7-03c298760aef,1,0.074784,0.056168,0.098924
4c73ce9d-f367-72bf-3abe-02cfdff49be7,0,0.327282,0.238919,0.429866
4c65e3a5-e994-fc07-fe69-de00d3640f75,0,0.374859,0.263535,0.501206
56a769ff-fcf7-40e1-cc11-908fbc4c5b8f,0,0.227836,0.167345,0.302255
b8ed435b-5a64-50ac-b88c-74e78957b266,0,0.411459,0.311198,0.519652
a838b48b-537d-8e57-111e-33e59ef5681f,0,0.248024,0.180144,0.33115
9205716b-2b7f-4f8c-a25f-f035e1a1d191,0,0.411459,0.337859,0.489245
057aa8e2-92e0-4526-bd60-477e1aba25a2,0,0.162876,0.119543,0.218027
6ddd8087-050a-780f-6e54-7147bf487f5d,0,0.297019,0.222017,0.384826
afd5768d-fcd1-7611-bde7-27b3426f6020,0,0.241763,0.176308,0.322018
765e62dc-4743-1e35-ea42-5a1e2ff5af1f,0,0.362144,0.25846,0.480472
d995b4c7-9433-b976-07ce-14f46a9d8372,0,0.239123,0.187849,0.299236
983d9ae4-a761-f2ab-ace8-a58322151ffb,0,0.089394,0.059149,0.132919
5399b124-dbab-e64f-518c-8e7ffab5df9f,0,0.9426,0.00052,0.999998
a1334413-3274-6480-7a6b-fd58a44cb359,0,0.320924,0.239143,0.415403
90a1a959-8dc5-cf28-2ed1-c71443a22206,0,0.437412,0.343552,0.535978
6c2c8e5d-8f2a-3c97-a2e5-623596d112d9,1,0.058648,0.043954,0.077854
655cd3a3-12d6-6221-b7ad-e1d3769ef27a,1,0.078909,0.0558,0.110467
90045333-7835-200c-f561-1f6d64bbbee4,0,0.605007,0.517263,0.68647
711eb065-b152-1124-1ea9-e6563b3fa34f,0,0.242545,0.188145,0.306732
fae6dee5-69d2-e902-f1d9-33a95402d526,0,0.573616,0.459944,0.680008
4201384a-0072-aa1d-4686-8410ce6dda7f,0,0.362144,0.240338,0.504671
f8670b48-cd83-63c2-a449-83577abbfa38,0,0.10189,0.074597,0.137684
8f89b4b6-1227-2b98-143c-21ead941b516,0,0.11479,0.087018,0.14997
9cad1656-68e8-b99d-d4bc-e0a6346f689b,0,0.312334,0.235225,0.401452
bc3161cc-ec33-738b-8f18-4fd3b4192d4f,0,0.284944,0.200999,0.386968
9c758176-87c4-b018-eebd-5bb487a74bd1,0,0.691105,0.592287,0.775068
024ebb0b-cabd-225f-54f1-3074f9f0ca1c,1,0.081068,0.057345,0.113425
2aca731d-1145-5ce0-6248-0bacba678c22,0,0.284974,0.203866,0.382833
b3f77f86-2435-6be2-d189-77eb0c7559c9,0,0.178924,0.130691,0.240043
963ba9e5-090f-1c9b-5508-bfb55671c993,0,0.514045,0.394453,0.632049
98724be3-cf7c-26d4-de7d-e52a774ca3d6,1,0.0685,0.051034,0.091367
2087eebd-39f9-0c97-4fc8-e2ec7ab7576f,1,0.049849,0.038816,0.06381
b5233456-3dc4-c105-8d44-7eeeb863620b,0,0.109745,0.080329,0.148199
17e9bc68-0b69-9cf5-b119-b34126bf8352,1,0.049849,0.038173,0.064855
9c786d34-319a-7985-923a-41e0c3ea7f57,0,0.379575,0.275233,0.496383
692ed2b2-86be-1f9b-b5c3-f37c4a6a8504,0,0.113983,0.086863,0.148198
ef09f354-3171-c2f6-fdd9-f27b6fe2bb7a,1,0.065132,0.049513,0.085237
57c8e3f9-92fb-4387-3ecc-04712d5753d4,0,0.162865,0.12474,0.20985
df4097c4-2ce4-ce1e-3a29-53699aacbb3c,0,0.390649,0.286991,0.505219
1e0e39c3-a9c8-0d77-3d0c-e2c4a7c9a515,0,0.105808,0.076274,0.144984
0e5d55ec-cb78-deee-1307-0cf90ba3f0a3,0,0.234136,0.168496,0.31564
4003a40b-0cd9-fa56-0938-22eb34c649ea,0,0.241763,0.175009,0.323979
9dcd14d9-d475-48ee-ea7f-0acdbddf2063,0,0.229949,0.166194,0.309095
46e37dac-fe6a-2115-5062-170d94280003,0,0.232041,0.175924,0.299551
d61597a4-2509-a589-ae26-5f9dedd53379,0,0.422077,0.335231,0.514025
8f5a8ece-ec27-9d6f-3851-f0f320d8e99e,0,0.093925,0.068132,0.12814
33e41656-d8eb-5e5d-2bc0-601629801125,0,0.379575,0.277851,0.493111
37aa9393-3b79-c03a-46f5-cf3233a17c83,1,0.076885,0.051487,0.113316
88cb8857-10a1-f36a-8886-1b949d2ed3ff,0,0.097597,0.071333,0.132155
4c071b0a-03d7-9dfe-bc3b-2bbe6881d55e,0,0.310011,0.228052,0.405936
2d85f715-3d58-aa5f-f60e-a7e683749ca9,0,0.40808,0.314726,0.508575
87d2691c-628c-e1c4-fa2c-beb387e5307e,0,0.293076,0.220402,0.378092
2696c6cf-03ea-b257-18a5-e89e0d3905e6,0,0.113903,0.08792,0.146333
e048675f-a4d2-3d21-3bc6-9a632d619177,1,0.085192,0.057535,0.124391
27a8a3ba-da60-915e-423d-3b29be6e9296,0,0.264038,0.192182,0.351083
a372f995-43fd-8891-5307-9bd659c3158b,0,0.40808,0.334432,0.486102
cba61b83-1ae2-d873-1bb7-fd02c247b335,1,0.060837,0.045924,0.080186
7f27f769-7e58-0c0c-5e91-f7881d4ecf46,1,0.056811,0.04131,0.077657
fba14d99-9c6e-5404-5704-b85c086ded70,0,0.318601,0.247894,0.398782
19bad431-2e73-02d8-3e09-5ee47a8f3eaf,0,0.091651,0.063679,0.130202
5e9b9e63-7755-b572-3495-10bee1f917c5,0,0.320924,0.235149,0.420774
d032121b-2efd-e559-34bd-52c9f82a448a,0,0.40808,0.314411,0.50894
69c5f5c3-961a-abb3-64a7-d19a1e5744b3,0,0.165135,0.118263,0.225827
844b1031-948f-cbe7-3eab-e632968db727,0,0.339997,0.251072,0.441837
a155370e-4141-acd7-1862-f3c688aef986,0,0.207926,0.14212,0.293768
8fea1bc5-907c-9b69-eb39-fe93b6bf85a4,0,0.11479,0.082914,0.156824
5f07c301-d97e-ad68-5b07-47eac4e4fb4d,0,0.59962,0.47128,0.715606
0d66f8ec-3085-7de3-75b2-115c5f6770a7,0,0.379575,0.256788,0.519997
3b9a8710-90b1-817b-dc1b-eed8605ae543,0,0.114661,0.085295,0.152451
a5b0dc40-a8c4-007b-3453-1b3fb8ae8268,0,0.284944,0.202204,0.385194
b714fbed-f4b3-4325-315e-df16258db927,0,0.443783,0.351642,0.53996
d6a1629e-8680-be84-b8aa-cbfde8cc5550,0,0.1021,0.073479,0.140182
8b88bd98-abcd-b8dd-6b7a-83a77bc58ae9,0,0.662116,0.516487,0.782365
2012b372-0040-15ce-4ea8-e8ea326e4255,0,0.479954,0.351355,0.611266
1f7d363d-965b-828c-4845-05bf545d32a2,0,0.293076,0.213358,0.387893
a564e05a-d11b-ca8e-14b8-3d5cddaac620,0,0.223104,0.165999,0.292955
e7f50ff0-472e-06f1-1b7e-9ac6df61175a,0,0.512507,0.400895,0.622886
09748e1b-5c90-719f-caf6-4ff871b44518,0,0.110613,0.082424,0.1469
71f23c04-9b5b-1e2e-260a-018906003cbf,1,0.078909,0.052327,0.117321
222c8a64-aee1-d4ae-6a29-8307077b60b2,0,0.397007,0.31555,0.484602
2dc6c7e5-b539-0390-6a06-909434e2ff50,0,0.093789,0.072168,0.121043
8508ec16-ccd5-00b1-739b-b17394dc072e,0,0.397007,0.311841,0.488907
ba917bb2-57e6-cb9b-345a-6122c18103a0,0,0.106357,0.068857,0.160753
47e541dd-799a-0419-f841-535508699cf6,0,0.116513,0.08708,0.154215
e34b8e60-db2e-debb-50f0-4afb9dcdc026,0,0.652919,0.52316,0.763342
cd3906b0-f394-724b-20db-6ba425b0d2ce,0,0.175637,0.118872,0.251762
e5b2db3f-81dc-6ed3-fa50-b4d2d02c5cdd,0,0.24411,0.177069,0.326465
6c7b85f5-6358-3e96-29f3-e2137b348980,0,0.093925,0.073264,0.11966
756fe522-4e93-b5f6-70bd-c9c1b2d2f026,0,0.520539,0.421584,0.617908
1bd8074a-1764-96cd-3063-cd118115f4e9,0,0.181663,0.133431,0.242451
f54b6619-df3d-91d1-7408-d28a8cf12eea,0,0.246459,0.181328,0.325678
bf8419ae-5003-695a-8e98-f4156f85764c,0,0.251155,0.197179,0.314125
b99fd4b4-b6b3-a7c0-82fe-d1cdf3cae219,0,0.246459,0.176684,0.332655
e2dd1bc2-b2f2-9000-b81b-cdc719bd403f,0,0.239668,0.172934,0.322124
08349091-6d0b-9a30-7f35-431466955a4a,1,0.066507,0.046041,0.095164
41e37b07-4049-b310-8829-1d18191fe9d7,0,0.169246,0.116871,0.238747
cf4b5119-882d-9875-9d31-d2368ddfe9e2,0,0.143788,0.094856,0.212049
d0e002ab-e606-3fd0-e731-342427754a13,1,0.085269,0.060944,0.118083
c58241fa-17ab-6ae1-0320-d0743e190ceb,0,0.248024,0.192592,0.31322
8725a55f-1b5e-7136-2250-c04433b1f364,0,0.105808,0.071806,0.153255
308d5615-b049-04b9-d7c9-a75afed21914,0,0.547568,0.441191,0.649771
c95763d8-5a0e-65cb-9d42-f88463aaf193,0,0.344713,0.251525,0.451595
49f9f391-619b-b92d-07a2-198a60d011bb,0,0.344713,0.249742,0.453947
65644328-1521-8bea-49f3-1a7676e993d0,0,0.234136,0.166348,0.318978
f0cb2f33-b89d-ef96-ee0b-e95072bfb8ed,0,0.250372,0.181735,0.334341
fe0534fa-da16-a5a4-5201-6248b67e3e22,0,0.188397,0.139245,0.249864
c75f0882-b0db-480c-a9d8-2cba247c65d2,0,0.138208,0.088114,0.210218
9a3ffcdb-4a67-47f5-0b53-f549ccea02fb,1,0.06864,0.050701,0.09231
7a8063e1-4759-1061-ba8d-fad7309e0b1f,0,0.173744,0.118285,0.247894
744e18ff-04d0-e214-37ca-9171d36a26cd,0,0.560592,0.445067,0.669905
3effe427-3235-71f6-5bb6-93f70a8c9b23,0,0.091689,0.071357,0.117082
2415f352-d100-0cd6-00b5-ca32b64525d1,0,0.106276,0.068104,0.162122
e7db9be1-50c4-1d5f-6e3f-6194e18950ed,1,0.081009,0.05632,0.115201
171ae633-595b-3ff7-76e4-b04744d19a81,0,0.316981,0.250142,0.392335
07ea494f-b9e4-2dbf-dc58-27557ceb77ca,0,0.284944,0.199334,0.389439
93ae6891-0fbe-d371-3d6e-a30c8dd70d90,0,0.24411,0.177297,0.326121
c53aa8cd-0943-a13e-f3a4-c4fcad8b1e1f,0,0.999999,0.999998,0.999999
a67fa94b-0318-2a57-0c3a-dfdefe76d4cb,0,0.110743,0.081398,0.148952
4c2e7572-8c29-223f-17d6-aa7b181f4ab1,0,0.11847,0.084432,0.163778
11b3d6cc-c072-b556-ae6c-b32a522b6c22,1,0.052423,0.0399,0.068594
f83252da-0bfc-c4e2-9a15-687a9d12ba3d,0,0.169246,0.11485,0.242351
8336243c-01e4-8671-ef9c-1025838805c8,0,0.781077,0.681523,0.856083
f54aa6d1-4eb1-0242-5e25-575ed138093f,0,0.268985,0.174071,0.391143
42836c83-848b-ca33-7dcc-c9c7fe302e4a,0,0.259287,0.174459,0.367023
e6ec81b7-a496-ef42-d25b-220f8dde233c,0,0.713179,0.603057,0.802743
7f344c22-c2f5-65fe-1dd0-a83c628bcf9c,0,0.857611,0.785957,0.908083
61715f84-0a13-e90c-a833-b45e0c3e15df,0,0.105808,0.076196,0.145121
44c93fdc-a064-bd6e-0c10-3081b52c3a68,0,0.825822,0.742812,0.886147
4fcb9d96-2fe3-f61b-24ce-f856b429fb25,0,0.691105,0.593482,0.774204
ef920154-d842-3a7b-3f18-c72b98ad3244,0,0.153574,0.114884,0.202315
05c9ef61-e4e5-1ce9-8b75-6f8cf926fbf2,0,0.318601,0.2511,0.394685
3e961aba-2de4-5970-a124-7b7b6519e78c,0,0.251155,0.190957,0.32276
4018e26b-12db-e077-f998-b13c6f7b311c,0,0.309094,0.241804,0.385587
1d31b9f9-d0a4-2468-acbc-44c340d0cd0a,0,0.534544,0.42925,0.636848
68b332eb-33c1-b7aa-3ad6-09d94d2e6934,0,0.171646,0.109759,0.258302
815ffa04-0a00-31c9-e0a3-d093cf637ed1,1,0.071417,0.05173,0.097823
50a08620-3e29-ea62-3536-b0dfcc08e628,0,0.141417,0.098441,0.199011
51f2388e-5a41-4b27-37df-6a87de4e98a7,0,0.169256,0.130768,0.216255
48c5bef1-c3e7-152f-c146-3c57673a294b,0,0.956949,3.6e-05,1.0
5635ff3b-1e87-be7e-d780-e0767b965b4d,1,0.061937,0.048513,0.078767
50938460-ec7c-459f-ebd0-1562757e2a42,0,0.257417,0.187542,0.342356
1baee7d6-416f-35e7-8948-cb56f8e374eb,0,0.147458,0.100973,0.210337
ce97d76d-ddb5-deaa-ce41-36f72e11d2af,0,0.220648,0.169346,0.282212
4d8ecddc-95cb-7b96-4c5a-bbd5d24d85bc,0,0.12257,0.089428,0.165758
89d9aefe-a0af-8927-1cff-4dc5629b71d2,0,0.251155,0.182226,0.335461
e34a1450-e92d-9551-9df0-d2046b024dea,0,0.219558,0.155635,0.300395
d2235fff-a6e5-a67a-de95-c9570f46b90d,0,0.116781,0.082553,0.162685
97909ffc-d7d7-500c-61f0-5f05010b0ee7,0,0.851163,0.783277,0.900485
10fbe1fd-7fb8-5697-35c4-45dc74989170,1,0.076749,0.052014,0.11186
92016d93-21db-45ad-c966-f44ac0dc56b2,0,0.243328,0.177364,0.324157
f57ca9c0-20d6-276f-2ea7-4272b2e47c34,1,0.074784,0.055188,0.100599
884be03a-a82e-ce2b-f571-1613d5381873,0,0.351071,0.262943,0.450675
57eed78e-6ccb-d9b9-293a-c29d97001520,0,0.118003,0.08628,0.159353
a967cb04-c907-3561-ac75-9616ab80d26e,0,0.093789,0.070794,0.123263
6c9b6c52-0ce1-a900-e00e-42c803f3cc6f,0,0.093518,0.072287,0.120178
179aebbe-28a4-7999-4b2d-cad5ab49d6f9,0,0.11479,0.084299,0.15445
e069e4dc-d5c3-aa8b-b9e4-ffaf6fe3b91c,1,0.061937,0.048143,0.079353
111b7b90-b75e-f6b2-df7b-b835add2c35d,0,0.534544,0.428361,0.637687
97a0f35d-8a07-3f53-7795-0688239863cc,0,0.422746,0.337177,0.513217
5530d022-4875-b24c-cf01-04649610f2c7,0,0.320924,0.241734,0.411962
894fecf3-e403-ddb2-9fae-55e8ab8100b6,0,0.118889,0.084846,0.164142
12778e77-77e4-3818-8034-04f5d1bb5a6c,1,0.087527,0.063866,0.11884
15b8169b-fd2f-97ad-5232-1152344e8fd6,1,0.080874,0.058174,0.111384
e524125f-6665-7f88-ec37-4c7ddf88cdb3,0,0.113903,0.082125,0.15589
64232eb8-c5bd-4f9d-eda2-bd1c0487a819,0,0.691105,0.610738,0.761363
d46d46d0-e14b-4c93-2a21-7bffbcdce46f,0,0.40808,0.334334,0.486212
890b84f5-407f-1565-04e8-2f5d4d8b6ce8,0,0.140474,0.084535,0.224358
7a1735eb-3950-5575-0925-f27e70e76e23,0,0.437224,0.325307,0.55592
95c7c633-9566-8724-7072-27027caa48b0,1,0.069257,0.049149,0.096755
7b21c97e-9bb7-957e-bf97-28852b9e45f0,1,0.07125,0.049591,0.101359
e647b00c-0378-af61-2ca9-d4680b1f0198,0,0.691105,0.595602,0.772663
46210c21-101e-eb26-11cf-675514a22e2f,0,0.327282,0.23796,0.431161
cbf7c8f2-6a2d-ecf9-424e-2ea14d972bb0,1,0.069875,0.052316,0.092749
2da086a9-a2cf-9cdf-f9e5-d4bbab81ecee,0,0.351071,0.252872,0.463733
90c99504-5e34-5630-caf2-b64a4df85c8f,0,0.093925,0.072304,0.121166
1b278308-1fcb-b407-b5e8-24c179fbaa95,1,0.057548,0.043122,0.076415
ded25cec-eb4d-3265-766c-29012785facd,0,0.422077,0.316087,0.535766
d6ef7cf5-f225-6a01-8fd7-d59bd43d36fb,0,0.838267,0.784462,0.880683
9c9870d8-e9ca-5712-37e3-0544da3e8f7d,0,0.169256,0.114846,0.242385
d64678bb-b263-a79a-0bd4-aeece81bd479,0,0.165125,0.125524,0.214159
744f92f7-f232-1a9b-3f72-c296a6c33e15,0,0.691105,0.601417,0.768384
29a2a146-84c0-de06-b8ac-014876aec4f9,0,0.297019,0.221282,0.385835
5cc16ea2-5873-2392-08d7-5c4853ecb55f,0,0.243328,0.18112,0.318588
78b5bb5d-c3b5-0259-5364-335fc20b8c3a,0,0.175637,0.118291,0.252811
c09eeb14-de0f-3a40-91f9-40cd028cf10c,0,0.203049,0.129979,0.302894
173b1318-ee09-27fe-30cc-df33a5aa6366,0,0.12236,0.090246,0.163844
5a301d41-c8ae-b72f-aa6c-bbcc25b46248,0,0.149914,0.093212,0.232274
8d7f3377-9809-952b-b726-f6f3582cd8a2,0,0.374859,0.284989,0.474271
00e80e24-55f3-dca6-75a5-e3379ca82629,0,0.114242,0.088274,0.146621
a93e1ca6-7acd-d75d-c013-d241112f90a1,0,0.169246,0.124931,0.225234
bfec048c-10b5-8c6e-8875-36c786a4469d,0,0.432882,0.324952,0.547582
e770eefb-bb25-c012-3226-efb53fb10022,0,0.691105,0.610774,0.761335
981661b1-cf96-fd0a-338e-68e0ac79ac7a,0,0.481985,0.376889,0.5887
5241b86e-ce2b-da1b-b423-e0235cae6752,0,0.265549,0.1986,0.345341
38ceeafa-952e-a198-d1b8-f0cd27077aa2,1,0.076943,0.058453,0.100657
6e0dcd2e-d76b-85e8-6e55-8b94e73cdb37,0,0.114451,0.088821,0.146291
513d0b58-ab3a-25d5-1021-cb9dcaa33908,0,0.339997,0.245156,0.449671
7de66ec5-fbee-0bca-d695-ccf72156d2da,1,0.085192,0.060398,0.118877
2a334b16-9ae7-0e71-8efd-c0a830f3907f,1,0.064515,0.048712,0.084985
c0ec280f-919f-8db6-3fd5-d25078090b50,0,0.157002,0.114789,0.211037
f1ea56e6-99f6-98b2-bed6-6f7410151049,0,0.857611,0.785952,0.908085
54498596-6a41-060f-02a2-c6c6321d413c,0,0.09175,0.071137,0.117579
96c50d03-aa89-9766-4b22-a99a25d67e29,0,0.327282,0.242859,0.424594
268dbe70-c966-abed-9c6f-d079f8c4b62c,0,0.110324,0.074513,0.160363
e19f6917-f66d-60fa-5fe2-2b9833d958d3,1,0.062663,0.045829,0.08513
6aba9e7b-1012-3f63-590d-b93471a787ea,0,0.227291,0.173902,0.29129
52ec46cb-b261-efbf-f2da-469dd19aabcd,0,0.169246,0.115763,0.240712
9cc0c71d-daf5-f4f1-1f07-5ccee498f3ed,0,0.251155,0.178158,0.341628
8ca7a671-5fc9-9702-2514-3f9056fd9333,0,0.40808,0.336069,0.484267
92dcecf9-0cc5-721b-65db-3fccb65b924d,0,0.316981,0.249258,0.393461
5f4bba69-e340-8a1f-002a-79d324e391ea,0,0.101651,0.074136,0.137856
7869f67f-5136-d6bb-a881-e8bfe824e4ee,0,0.187273,0.109125,0.302389
2720c340-461b-48a9-ac44-1baac7894481,1,0.080972,0.049683,0.129287
1033c573-2de4-d197-3e97-c6cdd282c279,0,0.323338,0.252995,0.402696
52c67027-9625-b693-9595-f3293301ce0b,1,0.060111,0.045801,0.078525
1395871b-d37a-903f-a3c1-183a53757c6b,1,0.075374,0.052059,0.107943
40e46ae3-9446-cf29-deb9-db642b7835a1,1,0.062663,0.048335,0.080877
4bcb75a1-7029-8293-f5b4-5ed15c59647a,1,0.069875,0.049043,0.098637
21ef82fd-f9d9-627e-3118-ba7d355b6a05,0,0.355787,0.243745,0.486219
ac85bee9-8860-8218-47fe-9c1ac10082a4,0,0.101651,0.074944,0.136471
243b3caa-7c8f-e302-016f-00a4f710b4b8,0,0.207043,0.141988,0.291769
4507b47d-dae5-0f05-5a48-bdbccea5b200,0,0.385933,0.294557,0.486121
c08ce998-6575-f394-0b40-abcceb50f5a7,0,0.242545,0.178058,0.32126
be7e61a7-7388-d1f0-d5e4-cce08c3f3330,0,0.193653,0.132158,0.274705
345ba802-82be-9a98-7f41-cbb108f2f635,0,0.169256,0.116746,0.238994
2f483e3b-2d20-325a-f2f7-1f16ec010bc1,0,0.109856,0.082332,0.145126
a7a1bca4-201a-6f15-35c1-3f2023026171,0,0.246459,0.194328,0.307241
78dfe261-bf78-6877-ffa5-f18eeef91bdb,0,0.534544,0.451617,0.615605
2561e995-95bb-2fcb-ef91-4f0648e4b736,0,0.089317,0.067539,0.117234
fdccb37e-e6b6-e5c7-7763-15edd945c679,0,0.241763,0.178845,0.318238
b9be8541-1042-f345-b03e-e775b256e9a8,0,0.193653,0.130929,0.276853
8726ca83-ab24-e91e-85ca-c1d8b5f263bb,0,0.875413,0.82224,0.914337
281e500d-b329-c6d4-2a4d-1ef0ff83dd10,0,0.248024,0.194098,0.311148
372f80c6-8137-e0c2-977e-04905834f4d8,0,0.175138,0.121356,0.246081
7164d9c4-cfc8-7328-05d8-7512a78472ba,0,0.097843,0.071981,0.131678
d9344cb9-5678-013d-02f2-6e45a3f855e7,0,0.573616,0.463405,0.67697
1f9c8b9b-268b-36b4-8a25-cc70645c86a9,0,0.864059,0.810928,0.904026
81b37efb-1641-0077-f8d6-a29ecaabeb18,1,0.065273,0.044949,0.093883
00551a4f-43fa-6b1e-9e9f-727795b46dbc,0,0.357428,0.242286,0.491775
7a219b99-9d03-04bf-5191-ea0152a5e237,1,0.060111,0.045755,0.0786
a644757f-ee40-71f0-6461-ceb7269df246,0,0.318601,0.253806,0.391264
12555dcb-7d30-7a09-6eae-4d0577b31703,1,0.062663,0.048251,0.081013
d1868138-94df-c456-b207-838f3ee6bfcf,0,0.516491,0.401234,0.630019
46b20c99-8975-ff77-841c-83811a1c0814,0,0.101761,0.073586,0.139104
7f61b8ff-c00b-7b54-155f-0b3b0ee88d22,0,0.58664,0.484473,0.681856
082566d3-cd1b-1aea-159b-fb7fa88d273d,0,0.314658,0.251113,0.385995
f78d8707-4a9c-431f-93e3-96237093b18c,0,0.414838,0.337245,0.496898
22c80098-e363-662b-ef93-0dc7fea02fa1,0,0.120696,0.086108,0.166645
f3ef6382-21fe-7e09-7cda-06f5f56052ff,0,0.414838,0.341334,0.492339
b13e641e-f89d-dbd9-daab-afe90a3d888b,1,0.066507,0.050608,0.086943
5f20d983-8911-37d3-9afd-a891a42e1620,0,0.277624,0.194508,0.379522
fc145d2d-46f2-4aea-1359-5d9c961370fb,0,0.612644,0.50323,0.711763
610c86d7-32a0-2662-fcb6-c521e5100a5f,0,0.573616,0.4662,0.674509
84ea2c72-44dd-815e-d447-a7087425d3a8,0,0.674272,0.577279,0.758326
d9191ba5-87e1-419a-ff8a-d5be53075ab4,0,0.320924,0.247478,0.404452
f5ab65b6-baec-fd73-a7e0-e504f3d8080f,0,0.114581,0.085998,0.151092
22adf795-cab3-0502-127d-843619587644,0,0.302828,0.238694,0.375691
402b7752-f40b-0c0a-2647-c3e8ce317962,0,0.448784,0.31719,0.587962
75333d96-6784-9aa2-2834-333c276bff77,0,0.200596,0.142152,0.275356
8c4b57fc-e309-07f0-1be4-d521b089faa8,0,0.40808,0.334446,0.486086
25140b3c-c0ae-521c-a4c2-0c7cd5db0890,0,0.124795,0.088548,0.173064
578784e9-c6a7-b073-e2c4-605a6fad4f44,0,0.189792,0.135098,0.259974
0430309d-170b-89a6-796e-a17e2b4a1dd7,1,0.067882,0.051077,0.089694
da3324e5-d80c-a237-2191-a018fc1dee9c,0,0.250372,0.192828,0.318318
e274b9dd-6e88-435c-93d1-23ef2dde4a36,0,0.327282,0.256505,0.4069
b28a8b41-a2aa-6855-da1e-a9104df435c5,0,0.200596,0.148874,0.264698
68ef263e-fc8d-34ba-45aa-f53843397688,0,0.254286,0.197368,0.321052
f42cba63-d69f-5570-34e3-03e2c1f6a366,0,0.247241,0.180524,0.328725
05200c22-3402-9807-d818-68bd32689e94,0,0.411459,0.341449,0.485246
fbd7e0e1-269d-7b0b-0b8a-ff73c2a59ca6,1,0.065273,0.048792,0.086812
e269398b-fb87-a93f-fb76-3031c4ae0254,0,0.379575,0.275866,0.49559
0da410d0-f1f2-0754-4afb-a70c88ce9bc9,0,0.691105,0.613814,0.759001
68b5d72f-fa2b-182a-2c2d-c6f1800dc2b7,0,0.21451,0.159728,0.281779
4950cba6-5143-7133-eb47-5259856b8b68,0,0.312334,0.228245,0.410909
e8eb792a-b113-6c8d-141f-0824be52479e,0,0.162865,0.124526,0.210175
a8e15dd5-d7f5-6da1-0f71-7d7ec1313e28,1,0.074855,0.05195,0.106724
df23ed75-061e-0b59-c11d-968be15a46a5,0,0.11639,0.081295,0.163933
18d30f50-2706-d3e1-9a2c-8dd64c9e4d98,1,0.062663,0.048252,0.081011
bd908224-4752-6cfb-0b42-5bab361e1c26,1,0.063898,0.049664,0.081859
4f78c359-b4c2-fccd-eb9f-e58a459000b5,0,0.305151,0.225856,0.397974
87e1a70c-b259-be42-912d-a45ba79a3191,0,0.276812,0.189003,0.386
20295689-8b27-c493-d740-4376ddbbe615,1,0.053522,0.039907,0.071437
adfdc564-5067-9588-9dbf-7f5b15e008f6,0,0.275301,0.201766,0.363434
bccf6680-d91c-a862-46eb-6090ba307b0f,0,0.132093,0.083783,0.202113
01b01c2a-8b2a-8893-0bf6-80e470c41025,0,0.484431,0.362678,0.608061
36068775-82a0-6e49-ef6d-bc0e2e08cf35,0,0.234136,0.168232,0.316047
dbe132d0-5792-ac53-9fcd-a32487115626,0,0.190737,0.123338,0.283075
ea17ba48-4289-7476-86e7-f547af4e9993,1,0.051323,0.039695,0.066124
9aa6e78c-7acd-ea07-d468-c74f4af43ff8,0,0.690719,0.616496,0.756256
f364fc77-4ab7-97e0-2bd3-ef8eac2decee,0,0.089452,0.067699,0.117315
052a1b2d-ea50-f2dc-b02d-d68399320e8b,0,0.182017,0.131994,0.245632
b0abdded-3add-ab6e-f506-8834da0a0b58,0,0.24411,0.179419,0.322946
ee5b8dc7-166f-9f36-f669-4212b574dbf5,0,0.320924,0.242451,0.411016
86611dbc-554e-d626-afd5-645e15bf80e2,0,0.418217,0.322518,0.520495
5bd2a11f-6482-a938-c706-b553a167c52b,0,0.316981,0.248966,0.393833
f30ce4b7-76a9-ef1f-23d4-7b5fe44589af,0,0.711921,0.625599,0.785175
4b196d76-5446-3cf1-8460-67ce17052a7d,0,0.344713,0.222598,0.491467
1ff112c7-8283-29c1-e856-e7d4397574e6,0,0.21374,0.161287,0.277605
f740a0da-060a-d435-e4d2-24d0e1d442e9,1,0.053522,0.040521,0.070389
8205a3f7-c84b-b831-875c-50842b8cbd4e,1,0.054248,0.040183,0.072864
545eba68-6b39-b15e-926e-887673263bf1,0,0.520539,0.389093,0.649201
31c390b5-dce5-312b-c86e-2166b6a84341,0,0.623296,0.473808,0.752499
a9607e9f-1322-64b0-9d37-3121ac7cc18a,0,0.451022,0.367509,0.537389
a6ec7a3a-15fa-bec4-f182-a00dbbc01290,0,0.167342,0.115455,0.236318
468112c4-26a7-375e-acb7-51ee2591dbf0,0,0.456607,0.341887,0.576124
f886ab75-4eb0-5648-b03c-06c74e39207c,0,0.162876,0.125325,0.208989
136beb49-ef64-dde3-dc4e-88b57eb2d6f9,0,0.12625,0.093518,0.168311
be6a5cdb-8c85-9ef8-76b7-82e2f927ab78,0,0.838267,0.789105,0.877743
e3447495-20b7-4ea2-57d2-b32d23db7df9,0,0.147479,0.08908,0.234315
43642e82-58c2-f8c2-8651-995fbcfdc73f,1,0.06328,0.045374,0.087605
915d66f1-d912-6e14-4caa-b14c0303cd73,0,0.194216,0.138878,0.264822
71a002b2-1cb0-cf76-503b-ccd52c77ae10,1,0.070772,0.048316,0.102541
5fbed387-2632-c8c2-da51-5055c6dceb68,0,0.316981,0.23096,0.417641
52b5d862-a436-aab5-47f3-57db4d2ab7f7,0,0.851163,0.784059,0.900072
cd1906dd-8951-c2e6-7bd5-479f2def6660,0,0.397007,0.313498,0.48698
1da37415-277f-88dd-def8-e1b5bd545bfc,0,0.547568,0.441114,0.649842
5dc60721-f1cd-e839-def1-ba9770ddf8cf,0,0.251155,0.190878,0.322871
93b6c8ec-aa9a-7526-4b1d-b8a9c3fdccbe,0,0.093925,0.072817,0.120358
8c311d1a-96cd-5242-9d35-af475c14874d,0,0.257417,0.186343,0.344135
a6ddbd99-9b76-df14-f7b3-eac2bf6527cb,0,0.327282,0.242348,0.425274
45cb83be-79c1-5561-7e0b-c84c5f5848e6,0,0.141616,0.089792,0.216243
5092fdc9-8b9c-650f-ae0d-337cf89571c0,0,0.333639,0.260723,0.415488
f0d291e9-7f88-7530-ad96-f1796fc5d9c1,1,0.07125,0.053987,0.093488
a23464d6-6b93-0393-01af-a04dff92c99c,0,0.110195,0.080498,0.149071
c73cc825-f7b1-d07d-8b7d-2eb35d715366,0,0.11479,0.086171,0.151339
42b42748-5603-d832-f000-9d5afdb9b9fc,0,0.612644,0.503071,0.711893
36be5aaf-04bc-7885-c6d3-29254ff3d8b2,0,0.431827,0.345826,0.522143
944c775f-eaf0-3a4b-c14e-6863db38e382,0,0.246459,0.177962,0.330714
864219ca-6f0f-6dce-dfea-481bb226ff86,1,0.061937,0.048266,0.079157
c355626e-e5c1-6ccf-c5af-6b8af9d9095b,0,0.166153,0.117061,0.230459
3c4af3af-2943-97a3-7de4-4fbc5278a14a,0,0.093925,0.071512,0.122436
6184639a-15d9-f026-a6c5-13fdf7cbe7e9,0,0.173733,0.130018,0.228289
57dd59cb-b796-9724-b399-fe2e2cbbac8f,1,0.072625,0.054913,0.095473
228a69e8-5e1b-8e41-9572-2de7b42c122e,0,0.838267,0.768629,0.889946
90ad9c57-57aa-63ab-a19d-6fb3ae6c6992,0,0.105569,0.075966,0.144899
d33bf197-38b5-cb41-b447-37b0789fa89e,0,0.281813,0.189007,0.397833
49202eda-351f-f4c8-af00-dd125b933dda,0,0.201428,0.13371,0.291888
5f1e5db1-03a4-106d-24ee-47250948ecab,0,0.110195,0.078251,0.153013
a0c4c0b1-9995-41d9-93a2-8816361c2924,1,0.062663,0.048693,0.080303
dbeae768-cdbd-df06-dd77-112db6095b9d,0,0.113903,0.081799,0.156461
a33887df-2d3b-9672-2918-e998da8ae089,0,0.414838,0.318,0.518735
477ee895-16b5-0e6f-0c8a-32d45debe5ea,0,0.110324,0.074263,0.160853
20d44696-55e4-5bbf-53f4-b2a7d6d715c7,0,0.111923,0.079678,0.155019
7fc924bb-07ce-db39-f33b-ed302e226a91,1,0.0601,0.043815,0.08192
b3fdafc1-1807-29da-f328-0b07a4697d00,0,0.397007,0.318406,0.481309
7232578a-6c14-8916-ba76-a7866998806a,1,0.085463,0.062678,0.115512
5728c21f-2169-5693-367d-89175bb51630,0,0.374859,0.289132,0.469228
e4a29705-4bd4-78a0-99a9-701f741f8fb7,1,0.087158,0.063537,0.118449
3cff2d06-1451-1308-d0cf-ec4fa11b881d,0,0.11847,0.082109,0.167987
f83f0cb5-f6da-81bc-cac6-fdc175fe47c9,0,0.674272,0.572062,0.762216
bc4abed0-111b-2107-f58d-93eeadf8cc75,0,0.435687,0.327531,0.55033
8b81d856-6c66-8c9d-f8ab-bf1953481fc8,0,0.62554,0.512307,0.726516
cc9ac426-713a-c245-bdc2-df575ee52959,0,0.109856,0.080745,0.147775
ae9bf787-6b09-1cac-f29d-1f6ea6d0b046,0,0.57896,0.457308,0.691724
13055a15-cba9-7344-f911-c14756d229eb,0,0.116833,0.081467,0.164796
06d3beb4-974c-6799-e1e9-adc87f151f4f,0,0.244894,0.176125,0.329766
3b747713-457a-d3d0-8bf7-ef49d51548bd,0,0.639855,0.530366,0.7365
1b5e6d21-1b9b-b946-8339-b896f6397357,0,0.091689,0.063253,0.131118
4e06f8c8-e8e0-b7e4-de45-1ea9d271dc20,0,0.680404,0.595889,0.754525
2d1dba28-ce81-c5ea-ee2d-5fa1f3b4edfd,1,0.072034,0.05119,0.100467
60e93fa8-914d-d03f-5222-30084455d9b5,1,0.059374,0.043068,0.081329
a91e8025-356b-cbda-3a76-41545dfdc597,0,0.379575,0.273513,0.498543
b224313b-5c39-8742-bf84-5e9377f26e42,0,0.12744,0.081774,0.193242
b69778aa-e093-0d43-d7bf-11d5e76d7a6c,0,0.327282,0.257834,0.405222
66517651-a7dc-8e49-6e49-e8507ee8ac93,0,0.23834,0.189867,0.294687
6d0fe0d2-4206-924b-3a33-e7747f5e24a8,0,0.281813,0.210971,0.365426
0e7f2df8-a0bd-5a0d-ee47-a9e689c9b710,0,0.114581,0.087524,0.148639
f427d80b-4981-23b3-4172-d3db3357db5e,0,0.414838,0.336903,0.497281
7d69b780-7500-d8cd-b294-8d6d128d84e3,0,0.487589,0.364258,0.61245
5749bd3a-c326-2aac-705d-3f0beab10035,0,0.838267,0.769437,0.8895
ecf3fbd0-24d7-b3a8-6b80-f92a9df74144,0,0.92825,0.899976,0.948984
c6e5473b-65a1-3be5-3bff-568c3495f423,1,0.079007,0.051717,0.118892
053d65d0-831c-e7b7-4b5b-67d0b17d2ca3,0,0.573616,0.431578,0.704467
8132ddbb-be0f-b670-d0f6-610cbc629d78,0,0.314658,0.230779,0.412667
27b5441b-a10e-448d-03a2-f14cf482fa4c,0,0.093925,0.073906,0.118671
2da2178d-a1ab-8062-bd7d-1b34b79e0322,0,0.097843,0.072133,0.131418
4b5c8ba0-a1d5-ad58-9ad8-08b8865584f0,0,0.844715,0.77733,0.894476
36a12541-4086-35fe-eecf-01ea1d02f6b9,0,0.093925,0.066836,0.130457
c32f3625-ac13-b85c-d871-6994b3e4f526,0,0.093925,0.07181,0.121955
75ab1301-f2b8-491f-e01a-db516eccb060,0,0.157002,0.116466,0.20832
79e4906f-aa70-9ffc-51d5-6e354101a968,1,0.050586,0.038964,0.065438
391f7fa2-62df-abf0-7fb4-c10fa9b75b47,0,0.58664,0.488661,0.678209
dbed09c7-97c3-0271-958d-1f9009ace75e,0,0.201563,0.120109,0.318275
887afb44-f2fa-fa34-50da-4fbd0a87704e,0,0.245676,0.17995,0.325869
c3c48147-8388-2060-be9f-ccf4fbf4760c,0,0.162855,0.120507,0.216422
506a24d7-bd1d-3735-7154-5a6f601666c1,0,0.10189,0.065104,0.155994
c299a065-3438-7aa5-c1e5-b11360a1daa3,0,0.162876,0.126681,0.206961
c0534f71-a9d0-7d50-1526-b43c05a34b29,1,0.057548,0.04265,0.077231
260a40d3-e1a4-1824-033b-c08fab9ea179,0,0.091282,0.070171,0.11794
66ee38df-debb-c208-a8c9-8ee27e816767,0,0.251155,0.180062,0.338721
95a05d10-b504-b5c4-b7f6-a8a2cdf828bf,0,0.316278,0.250929,0.389789
aa774167-4821-561e-7fc4-07cf000fab07,0,0.253504,0.198711,0.317419
43bf7898-e31c-c920-0a68-c0cafc43948e,0,0.429095,0.308983,0.558183
98dffab4-53b1-c795-508f-978f24e6360e,0,0.41783,0.337188,0.503118
0df37052-c1ab-1dd8-1965-660140b4e8ec,1,0.061937,0.047819,0.079873
49fc9cfb-22a4-f2a1-8786-c519efa153e5,0,0.133556,0.087032,0.199514
282ffe95-81df-de45-f3ee-e0bf7bdd668e,1,0.087429,0.063648,0.118965
6b5dda51-b9af-b5dd-bf29-b4ef360d9a53,0,0.247241,0.180846,0.328245
1428a903-2c4a-4673-e928-1e2f887fb9ab,1,0.051323,0.039359,0.066672
d256b832-66db-bc3d-2004-8b4e6bf5fe96,0,0.547568,0.446707,0.644669
6312face-6490-dd5a-2efb-7e2db119f3ec,0,0.2357,0.172287,0.313611
d05349b3-02de-1afb-32a0-da9ffb22f7cc,0,0.411459,0.332659,0.495078
dfa87453-c336-c9a7-347f-96d596604dcb,1,0.074784,0.051536,0.107334
2c214c26-31c3-70db-b718-532c341becbf,0,0.470029,0.35434,0.589031
41cb2e74-e67f-3d79-6cab-e1128fb6e38f,0,0.261636,0.182335,0.360231
ba7acc44-738d-9681-56a8-a21cbd68c16e,0,0.250372,0.183672,0.331459
d46d2e63-e9a8-cbbf-567d-577eabbabc97,1,0.061937,0.048267,0.079156
fdbfa62a-fae1-daa3-5f90-1790e81df8bc,0,0.77737,0.661888,0.861654
3747c140-b9fe-4c3f-fbbf-faa81ee0d4e6,0,0.130848,0.086894,0.192351
e4d2b412-7b73-af83-c493-92624af88b97,0,0.507551,0.379432,0.634685
ab9e430d-f934-a6f4-28a9-316a9ad85953,0,0.093925,0.072363,0.121073
ab2bd63c-150e-5539-ef8a-1d1e2b6cf517,0,0.159437,0.114765,0.217231
6e0dc538-7624-eed1-85f4-f82db0447e38,1,0.061937,0.048021,0.079548
a560b57b-9e43-8155-1231-fbedd19a141c,0,0.323338,0.233236,0.428783
1564b921-53e6-fbb6-6cef-b06fdcbe8162,0,0.305151,0.224142,0.400331
ff1a8181-ff37-2ad2-a3a6-456c5e92ab14,1,0.047608,0.034922,0.064595
f768d669-8b29-cd42-42a9-810ad3e239fe,0,0.233673,0.181062,0.296044
e1687db6-1786-8fe7-0228-396c3eb38a56,1,0.056811,0.041656,0.077037
c636fa5b-9659-f1a3-1549-61ac1504340c,0,0.097843,0.071304,0.132847
08f2d88d-e1d2-58ea-cc2c-d84d8f506e1f,0,0.27055,0.193488,0.364435
2b76c861-2bdf-c6d1-6d33-380a2398b72f,0,0.503458,0.363534,0.642842
d0149a0a-01f1-85a9-dc3a-36820a2ae603,0,0.093925,0.06817,0.128073
9866c923-25f6-c849-6e2e-7c92bc9ad4b9,0,0.293076,0.228839,0.366768
259e7f57-2340-5073-03f0-fc68b67673f7,1,0.075568,0.055405,0.102276
9cdc6ff5-ea7e-66c4-3690-86432d52273d,0,0.385933,0.303567,0.475392
380fbc6a-8e54-f072-e850-57904a26f1f5,0,0.162865,0.116164,0.223592
0e29e91b-f491-dc5e-89c5-a65ce671eeb0,0,0.109856,0.07471,0.1587
cc6ad58a-b744-5394-d471-7c110e18ca29,0,0.40808,0.337818,0.482312
57a39173-9cac-0888-4019-8840290dd24d,0,0.093925,0.073549,0.119218
1cc13bc1-b3cc-fe72-b513-8dad1247a43d,0,0.229468,0.175905,0.293531
4724d612-e091-2591-e2fd-dba4132df9ec,0,0.713179,0.602171,0.803329
04a1bed1-7195-e029-d281-166004735896,0,0.425456,0.344446,0.510677
5c81d038-cbc8-12db-2de7-072a924bda28,0,0.146497,0.09248,0.224266
5cf3ff46-8d0d-38d5-f5f1-0b5e696fe010,0,0.1172,0.083484,0.162124
4f594add-30d7-6d6b-b1b9-983d33d49d28,0,0.327282,0.236313,0.433396
0b0bf2a2-676f-d4b0-66f9-263e6dd7d200,0,0.149894,0.095832,0.226803
9a39968c-fb14-523c-6d11-fbb2f1499e8f,1,0.074135,0.052006,0.104639
e3ed97b8-84e7-2f2c-7943-fe5985a4cd47,1,0.064655,0.045599,0.090918
c45b85bb-e420-0c90-4a5b-f2c13885dfcc,0,0.128685,0.083515,0.193138
8ea2938e-41c1-bb8b-f3de-247ba99637ed,0,0.286564,0.19961,0.392808
d38bd91c-0879-95d6-f372-fe573d4ca5c4,0,0.534544,0.428952,0.637129
63014921-ef21-d3b2-d05a-99fd092ad4e5,0,0.089492,0.063623,0.124482
3e313aaa-108e-2223-bf15-c943863f90e7,1,0.037021,0.025612,0.053234
e079fe33-926e-8963-bdde-7014946ca05e,0,0.125005,0.088282,0.174086
d7d0ec11-c348-c57a-5077-d9df04b497fb,0,0.573616,0.459241,0.680624
cb4ec420-72d0-df0f-add9-d71d3d5da0c9,0,0.320924,0.257559,0.391655
461189ee-7684-8ecb-c414-a5cd883ad4d6,0,0.329696,0.250725,0.419611
76d1df03-04f2-ff1d-b380-5e9f219e53b0,0,0.224895,0.168072,0.294138
3e814b1c-3a33-6f9a-fa6a-b0a07d25d5c2,1,0.081145,0.057289,0.113736
3e23905d-4a83-d5af-6921-c4d70666a8a8,0,0.730948,0.629886,0.812623
5b2771e3-c8ae-d52c-af28-a476fb49be27,0,0.114033,0.080641,0.158861
1b6554f1-c15f-589f-093d-4e480c7020c8,0,0.162865,0.124579,0.210094
e130efbc-3c23-ca46-2d16-694f00b57b04,1,0.069875,0.051068,0.094914
51ebd2af-2002-32b6-5f34-a33a14f51132,0,0.151149,0.110717,0.202975
8e151820-1fa9-3a5d-d2e3-e29d7a661512,0,0.760436,0.672114,0.830951
2010a12a-2273-1087-a056-5cc0eb11e8e6,0,0.093789,0.073849,0.118426
02fc3e52-7966-0155-b66f-53725aebb95f,0,0.169246,0.12873,0.219304
7f3d8503-8519-aa7b-6642-4618a6caca64,0,0.306526,0.213673,0.418265
17bddc27-4af0-ff9d-6365-4c1d696c0b9d,0,0.40808,0.340478,0.47935
39bf7973-225c-667a-2c97-13a2ff676ea5,0,0.658312,0.554364,0.748992
dd1ceed9-178c-0a69-021a-8a9453607ebf,0,0.462394,0.366481,0.561174
c8d2695e-861c-e6ac-a7a7-be2fee12b6dd,0,0.192868,0.125235,0.28512
e0cf30ec-88e4-dd3f-35b0-d24a154cc830,0,0.125005,0.08504,0.180055
d3e44fef-c937-7d12-db2c-6951e5eafa21,0,0.19383,0.135522,0.269407
1218b2cb-39ef-1e43-8d21-1e0fbb97fc16,0,0.122231,0.088649,0.166215
1241ecc2-527c-4eb9-0305-818184e15122,0,0.19176,0.131462,0.271084
b464874a-4563-41d0-48a8-81c9d7824500,0,0.302828,0.226347,0.392055
47bacdf0-dc9a-2620-3488-68bc1fe11938,0,0.105938,0.074898,0.147787
bd22fda1-ef74-b99a-d057-5af7323af09a,0,0.159458,0.121045,0.207188
903cda82-78c7-b72e-8982-72ac9218b92f,0,0.292127,0.196423,0.410635
552ea970-8d7b-0e2a-f14c-3210e1293cc3,0,0.899148,0.85984,0.928351
63384001-2808-d791-e832-f2e7e96543b0,1,0.060837,0.046685,0.078924
b6727b28-7d9e-1718-e18c-dc5d493af30c,1,0.062663,0.049126,0.079618
d1f0fff9-ff49-89a9-132d-60d64dd15c8e,0,0.304448,0.224804,0.397828
e6801444-c7f1-7ec1-8f6d-caa7e6dd9606,0,0.691105,0.610446,0.761586
1a300025-3f41-cc2d-1de9-f7471d8b1cb2,0,0.194216,0.127472,0.28451
9949cf4c-0013-4ca3-c95c-5801a8a94eef,0,0.668928,0.552654,0.767685
097e8cf0-51da-c03b-1ed6-6d73caff831c,0,0.40808,0.331699,0.489176
63d0177c-0f3f-5a63-c8ec-c317b98f3240,0,0.45642,0.37666,0.538479
749ca4f2-5e8f-ecb9-997f-b0f50b4431e3,0,0.121009,0.089879,0.161015
b74b762d-d47f-a48f-e268-55f521810ba9,1,0.061937,0.048018,0.079552
de5f7f78-485d-cfd5-8841-805104b0825a,1,0.067882,0.051904,0.088322
79a73709-bc6e-d2be-8ace-1295a4a3f33a,1,0.063898,0.049243,0.082534
1442d7c3-a4cd-9494-087b-94629c78fd37,0,0.235463,0.172511,0.312706
521d7409-af5e-d0d2-dfd0-7997990e5be4,0,0.40808,0.309574,0.51457
1f115aa8-3946-9081-28c5-69aac793a74f,0,0.109856,0.07548,0.157226
3671e24a-868d-db88-4619-cd8c60e3c67a,0,0.250372,0.178909,0.33861
470fe5ae-25fa-6010-924d-964405110c23,0,0.114371,0.088184,0.147081
934ec72f-7b44-4f90-d87c-c974d1f3b528,0,0.089394,0.063987,0.123558
92ad271b-357f-92f4-3ff1-5cec0caf3af2,0,0.444464,0.344406,0.549237
c75504b8-6265-0028-dd11-f71c1d4d0bde,0,0.093925,0.06781,0.128709
463bd95e-f476-23ed-1240-966ebdaf0963,1,0.069257,0.052146,0.091443
4e6e4b8f-d50c-73a9-c9a4-264bf9bbf216,0,0.110195,0.074423,0.160184
5300df74-afbe-5892-7c01-d4f482933949,0,0.150167,0.109611,0.202318
475949c5-3496-3d74-259e-44e892fcf618,0,0.698044,0.58908,0.788488
32f25414-29cd-d218-71c7-1cb167cd1c4e,0,0.443783,0.326176,0.568046
6e968ba0-0b2f-cabc-a04d-f1c9242ea869,0,0.273681,0.205579,0.354283
a4ae1334-beeb-cb55-130e-207d303c0965,0,0.68032,0.59432,0.755586
a6cede4c-3557-d43f-421d-e8e0a85eebd4,0,0.239972,0.190281,0.297867
bb41e997-3918-178a-9cfd-79e0c361cc5b,1,0.06328,0.049195,0.081055
97e0e4bf-5a56-6f74-b165-def61613ae3a,0,0.40808,0.310461,0.513535
db7b0e6c-4c31-07f7-7041-9dd920200ef9,0,0.097843,0.072039,0.131579
14e589ea-d1e1-c1b0-f0fa-ba1689187eb2,1,0.076943,0.057513,0.102226
b090d89d-b9a7-42d6-67c6-4721427ca514,0,0.195913,0.12178,0.299769
9258eb75-97e3-157f-8f2a-da927a165e0f,0,0.40808,0.336893,0.483346
b470d010-9a59-5981-4191-25e19ec5f15b,0,0.250372,0.179226,0.338127
52f41fcc-e4ab-d178-237d-133cd771a3a4,0,0.448784,0.321329,0.583341
e3b31c6e-371b-01d0-bb11-bd7d45625864,0,0.244668,0.19298,0.304969
ce3e004c-ba7b-28b2-31c0-1babc8f043dd,0,0.320924,0.259735,0.388954
492c45c6-1faf-ac03-f4b7-351410caeacf,0,0.838267,0.788575,0.878085
445759d5-799b-f4a1-b7b3-6e9dca17c506,0,0.276812,0.208241,0.35776
c5e50753-59fa-6703-7175-deaee5e23b95,0,0.162865,0.127343,0.205959
e298647b-bc3a-e479-5cea-6c35b618181f,0,0.288887,0.191916,0.409997
cd0973ad-e1d8-67c3-7aab-6a1348b34fff,0,0.320924,0.239864,0.414442
a268fe78-a87d-7b8d-5719-8481738395bd,0,0.560592,0.420661,0.691511
ed8a8503-984e-0ed8-b72a-c4b8caba1e22,0,0.312334,0.250482,0.381682
ad12cb1c-c021-9d5d-cf5c-a7b36e905782,0,0.316981,0.249462,0.393201
6d5737cf-9d34-00a1-6870-004264a494b6,1,0.069875,0.049008,0.098704
de7941cb-e347-65f5-e8e6-9cbc0fc3f076,0,0.24045,0.178223,0.316049
7103b149-a86e-efe3-4957-f41b552b547d,0,0.147742,0.099191,0.214401
9739f46b-f05b-f9c5-7c57-6e34857931af,0,0.105808,0.071623,0.15361
b4c8c479-d89e-1352-97e2-528f23974c7e,0,0.379575,0.282055,0.4879
2bb583e4-7932-148b-0d80-5265e82e2846,1,0.046642,0.031893,0.067735
485ba932-f04f-9b7f-bcad-941f68f26318,0,0.231804,0.166714,0.312768
22490564-8610-b8c7-066a-5d674d61170a,0,0.683328,0.606098,0.751621
4d7c7eb8-c1c5-c5a0-fb11-9780f26bad03,1,0.085232,0.06053,0.118741
9df86e40-f521-90d5-9d0e-1ea5c21ccf65,1,0.053149,0.038627,0.072718
ba1054e8-1b71-1074-780d-238877bf9891,1,0.049849,0.038616,0.064131
2ba693be-3c5d-86f3-fa8e-496b2df81a90,0,0.414838,0.312294,0.525331
0f9b9cb3-f0a7-7192-c885-d7ff748ecfb0,0,0.179551,0.122532,0.255381
e7670c2c-1b25-8b13-7006-5a70edc93419,0,0.320924,0.241917,0.41172
b9d2ed54-f1af-46cf-20f6-49f81fba1b0c,0,0.093925,0.065941,0.132104
ff9e3adb-e86a-71c8-46b5-27586fc29a47,0,0.231258,0.181468,0.289872
c86ab84f-e2c3-bec8-75dc-e355835e885d,0,0.113903,0.081736,0.156571
abacf1b8-0945-2aa2-3e10-090d70d57c2e,0,0.219339,0.158334,0.295594
21a8645a-1f5c-ef82-dc35-f44b3e46e648,0,0.498842,0.377013,0.620809
d5063a80-b373-da00-631f-eaad569c66c2,0,0.40808,0.332895,0.487829
2ef7baf8-abf7-eb60-be80-dfeabf90708e,0,0.314658,0.251561,0.38543
5de4950b-4543-8708-2618-dcf757663fee,0,0.645332,0.49184,0.773785
c206e112-994f-1b14-9d0e-ec9d29347e26,1,0.074757,0.051499,0.107331
5b5edb57-6d1e-b135-d8dc-c4f1e5dcc530,0,0.510521,0.417744,0.602579
bbcd11f7-f823-2cde-a792-65f6d6a2b500,0,0.316981,0.251394,0.390748
0572db39-2e47-707d-8399-fa17396b41f2,1,0.056096,0.042549,0.073624
cafe4e4e-4551-2cde-d19e-304f8b01c218,0,0.640024,0.532806,0.73488
a62cbabe-a5e2-cbd8-b893-333b61ae726c,0,0.12236,0.082687,0.177387
aa89952a-48a0-2c92-e842-e1e017604b2a,0,0.711325,0.607002,0.797207
3ba89229-d095-28ea-752e-a9c980340944,0,0.248024,0.18175,0.328754
71d49e2f-5e1d-3c21-37b5-87003cf1d713,0,0.093888,0.067154,0.129783
69c61b93-3286-2d00-7bb5-8fbfe5c9cfcf,0,0.209429,0.143862,0.294597
9f22d6ca-e82f-7031-5a07-efed3d05a76f,0,0.838267,0.786174,0.879612
2c4056ca-7a03-dbc9-3cb1-0d703d51d764,0,0.40808,0.313997,0.509421
3bda65d0-c49a-4a4c-909b-e6f081ecf0db,0,0.235463,0.171524,0.314198
3ef23252-2ca2-05bd-d496-b7d5d4400423,0,0.397007,0.288378,0.516835
f9a8a940-f849-1437-0b10-00aee14fcde4,0,0.516491,0.403899,0.627433
78a6def8-30f8-ba37-7bca-6892a0df5052,0,0.243328,0.176247,0.325841
bec6a6ec-cf72-d756-b47a-1476e4866b8f,0,0.153605,0.111207,0.208377
f6d712b1-c6b3-cc83-15bb-6e8c6faec77a,0,0.153584,0.115209,0.201826
42db5f97-58c0-2b15-cc4f-022d4d8f888b,0,0.397007,0.306648,0.494984
3de479c2-a853-2450-b33f-a1de6b2449ad,0,0.197231,0.126349,0.294474
4ca8ec33-469d-679c-7a82-7552cb70beaa,0,0.838267,0.782747,0.881742
16333ef4-74e7-8d19-5c2a-a640885a866f,0,0.113534,0.081578,0.155884
e3535fb1-d4b6-a34d-c1f8-f14f88e117e8,0,0.233977,0.17031,0.312479
86cd672b-a1a5-c4c0-8df0-32436c13d13e,0,0.114033,0.083389,0.154045
4d033bdd-6ae4-9064-cbfc-69774feb17e8,0,0.40808,0.309773,0.514338
c31317d1-bf86-d45a-c490-b4c897ebc127,0,0.40808,0.313215,0.510328
5534c303-b6cd-a523-e215-0e4679f68c65,0,0.089588,0.066756,0.119232
12232604-7ae9-7811-edc5-147a5caab01b,0,0.327282,0.257786,0.405283
d977941d-b908-c301-f2e8-983f1f392080,1,0.066507,0.048672,0.090257
dca5ea32-fb67-ac7e-0492-79d4d1510a52,0,0.215655,0.159541,0.284816
bc5ac87f-56c4-2aa8-a7b5-dfdb228f3d53,0,0.247241,0.177342,0.333522
59e4ad59-9e43-9dfd-2e3c-524c4cd17483,1,0.062663,0.048194,0.081106
7dc6414a-55b4-920b-6989-c8df03c5c5f4,1,0.087429,0.064271,0.11788
ecb846be-14e3-8878-bac0-6263265dabb2,0,0.147742,0.099092,0.214587
67660ffc-9983-48f2-ab49-930bdd419d12,1,0.085192,0.062164,0.1157
2c61ae76-5c13-0c6d-67ce-f9fa66cbc172,0,0.169256,0.124583,0.225816
3f88037c-fd2e-d1b9-4635-438098e4cf23,0,0.089394,0.065768,0.120412
18b2fce9-a970-0d26-315a-89f10806c3e7,1,0.059374,0.042841,0.081742
961d2649-aeb9-d620-6e06-a8c583954535,1,0.067265,0.05091,0.088384
babd05a4-6e86-c0b1-318f-a688100315d3,0,0.667404,0.590889,0.736002
6b12f484-1ee2-7e73-b83a-61d902112eee,1,0.085134,0.060559,0.118423
f4a1b88b-07bc-f574-d154-b0d462036c70,0,0.101761,0.069142,0.147334
ad59c292-4462-bf9d-87fa-e5934a989a2a,0,0.338355,0.24177,0.450596
39de1426-9bec-ef1d-e2e6-020db492cab6,1,0.061937,0.044407,0.085765
fe86e6dc-ee2e-7cb8-7b55-90dcca35d199,0,0.231258,0.179122,0.29315
420ac0af-edb2-66e0-d1c3-02bc8c1c1e4a,0,0.16031,0.117116,0.215546
d1398077-6d94-d42d-ff38-309f5d070739,0,0.107925,0.073444,0.15587
55385b1c-9817-6069-ded0-cf887f390c64,0,0.284944,0.21307,0.369674
9ba7c2a2-fb5c-6697-b073-3363cc78b993,1,0.05399,0.037405,0.077337
6656a5d1-cf69-bdf6-787a-9aabe0fab843,1,0.064655,0.046168,0.089849
c047bdda-9c5e-4854-d5e8-9d74e8575b9e,0,0.357428,0.267702,0.458403
e9878bab-a830-e512-1931-013ec265eb40,0,0.368502,0.269547,0.479916
70057da7-bf01-f932-f696-a77a0ad3de15,0,0.24959,0.17871,0.337045
8dda7fb7-d0f7-2603-1fc8-53e8fd8a4089,0,0.236246,0.183276,0.298921
b964d9fa-8a16-5f55-74e6-0f795323ddd5,0,0.351071,0.241498,0.478965
39099e45-5e0f-344b-7331-42d838111144,0,0.105938,0.076216,0.145425
0c22de6a-2145-75c8-df16-22f7ede914b0,0,0.12625,0.090971,0.172612
14c79da0-2875-3cb1-3329-428c2b9efb7e,0,0.344713,0.25639,0.445244
7bb661c2-7b4e-fc32-afbd-65d9785461bc,0,0.368502,0.278195,0.469073
e7682d9a-c7e7-ce28-7f40-c8bbc3cc1d3c,1,0.051685,0.038879,0.06841
0ed0dcdc-6dd5-a074-8e3c-3a0f57fe0a41,1,0.083033,0.058448,0.116679
14f4abfb-5dda-9633-3fac-6b6ce7bab79e,0,0.298639,0.225275,0.384051
761721b8-199f-5bcd-0757-510e44939450,0,0.109856,0.075424,0.157332
2761e568-5a8c-91c8-8d4f-140f6e4de20c,0,0.197638,0.12105,0.305822
569875ed-f233-57ba-9412-067db98a8d3f,0,0.180124,0.131897,0.241088
31b95daf-7fe9-63e9-99a7-67ab7ba13715,0,0.159427,0.114337,0.217923
98e774bc-b4f3-4c6d-75e0-3b3835611f24,0,0.137736,0.089851,0.205384
d5b3f6cd-da47-5c7d-4631-6c33aab066b1,0,0.316981,0.232421,0.415647
ee66c00b-6d31-e1d4-e6ae-293e16ba18af,0,0.162855,0.125141,0.209217
ef8418bf-2939-6dca-f338-27068d578bc4,0,0.21805,0.15324,0.300542
087a0e94-d91b-96bc-8eb8-480215098f6c,0,0.309094,0.245674,0.380625
63fa3d94-9453-4446-8c66-daa6702174a6,0,0.203456,0.125217,0.313085
e44a3429-e13d-7c10-2fab-c32953094f66,1,0.061937,0.048286,0.079126
0e65edff-bb80-30fb-0d4e-7650f5138768,0,0.273681,0.186556,0.382368
e17a695d-6146-ddd4-f6d2-a4c65acfa0a5,0,0.114033,0.087401,0.147467
b4443b38-b31f-cae4-de46-487405634169,0,0.091689,0.070785,0.117981
0fe58aca-db6c-e519-21ff-a4c9d49f4a92,0,0.617903,0.514146,0.711917
48cc871f-0421-9584-5f4b-9266a51ac3ec,1,0.0601,0.04473,0.080307
4fae8e98-9b01-e06d-14ae-20041497c2a4,0,0.284944,0.201808,0.385776
38e2c915-8261-efc8-6235-466683aa563b,0,0.560592,0.45158,0.664056
c332e847-9a9a-5924-d923-172afad3479f,0,0.308391,0.24342,0.381949
12e94437-734c-02cc-0053-de4b313eb784,0,0.093617,0.066353,0.130517
35c81916-ff39-0d36-8951-dc4b955651e5,1,0.07125,0.055205,0.091507
72460671-cd6d-f132-1d31-3bf3c88ae73b,1,0.067265,0.050865,0.08846
a5bfa6c0-a4a4-0f41-5a7a-aa76838e70c1,0,0.368502,0.268459,0.481297
e655331b-42a6-c7f7-6176-7aeb4eff7eb4,0,0.320924,0.237043,0.418217
840e3106-9125-e3f6-18fe-21eeea8c8d6a,1,0.072034,0.05375,0.095908
72b886c9-ad46-3d35-a740-a9611b1949a2,0,0.23834,0.188264,0.296866
db30ee23-193c-bdbd-496a-a3d2c1caeec8,1,0.083169,0.06042,0.113448
58b942bd-6b52-b753-5eb1-2378638ff97f,1,0.046642,0.032041,0.067433
c2f8db4e-eaa7-7e2a-dbd7-679733df2de0,0,0.114451,0.081153,0.159047
f73dfbf6-6b8e-7dc0-baf3-78c59415ace1,0,0.687217,0.582057,0.776095
2627738b-27ee-b694-851f-e0706ebc0f5d,0,0.254286,0.195785,0.323241
e48b0312-9da4-fe0a-612f-962fe9ab3567,0,0.691105,0.612737,0.759831
1859cb1f-ba4f-211a-064c-201219e5af4f,0,0.093925,0.072241,0.121266
5bc5ecb3-35e4-6970-9637-e083bc6b4111,0,0.110084,0.079593,0.150349
5c377d63-3aa9-c814-62dc-c70aa98ff89d,0,0.308391,0.242478,0.383159
0da61c64-ae3e-cc8a-b389-69ebebda43f7,0,0.211344,0.153993,0.282911
df85b03b-8db3-8ae7-14a3-b43629a07aaa,0,0.320924,0.257546,0.391671
ba7712e7-e02b-b206-f51b-42c105bd6d04,1,0.080874,0.056297,0.114875
f39da587-fbf6-e3e3-b700-ba40c4be1c6a,0,0.333639,0.264905,0.410255
95a7126a-a567-6240-fd6b-802da4253f8a,0,0.397007,0.308272,0.493077
47a5a8d1-0e59-c276-b64e-797bd8aafdf6,0,0.418217,0.339392,0.501452
ff10ca33-dccc-d578-1826-2bd6d447204e,0,0.089529,0.064928,0.122233
e40d72cd-f2e4-2633-2b14-685e9e6047a9,0,0.910378,0.853168,0.94669
02c0c390-816a-045e-712f-00fece51b628,0,0.320924,0.237916,0.417045
64726959-4f9c-47d9-04ca-ed64c6cf2937,0,0.472936,0.348231,0.601112
e7cce50f-9f91-768a-b65e-bdeae38f299a,0,0.215092,0.149692,0.299017
7e9e7a7e-4533-cad7-84b7-3aaef52dbe24,0,0.218596,0.164535,0.284372
4e486f23-9eb8-717a-e0c1-acd9a7f4538c,0,0.313038,0.247294,0.387267
affaa893-b395-e900-dcd2-f869818690e7,1,0.049849,0.038775,0.063875
3e8c7533-4290-2511-7c83-f5dfeb0ffe19,0,0.474474,0.369072,0.5822
fe6b01eb-6dd9-a0fc-777c-71d23e8dd28d,0,0.109955,0.081362,0.146989
bdf6f05e-e637-5d56-b803-8df1e9f7b1c3,0,0.397007,0.28989,0.514998
650b322f-d065-29a1-a335-fb546b5cdc65,0,0.397007,0.289882,0.515008
082b72ab-8e1b-71d6-abe7-e493950d098f,0,0.691105,0.616601,0.756841
ae1011ba-c8e3-cb02-2f63-5569e12528c4,1,0.057548,0.041558,0.079183
8daf7060-79bc-47bd-a388-8d1b3b24f043,0,0.281813,0.212059,0.363914
141b4f2e-e8b5-4da2-0c0e-ca84fcee3187,0,0.107796,0.080457,0.14298
cd066de2-24a0-a689-d1a8-4d5d6043f986,0,0.314658,0.248034,0.389897
8a7b66a2-f5e4-3dac-9c70-3e6ee7fa3f38,0,0.234918,0.174167,0.308932
422acff6-e4fe-25a0-44cc-f929f57094fd,1,0.050586,0.039408,0.064721
dd511860-5493-7f1b-080d-db9f4afba6b9,0,0.586596,0.405806,0.746713
ac2e9782-cc6b-194f-e732-f5ebc13d700b,0,0.320924,0.252483,0.398039
98ebfbdf-d730-40b0-e2fc-2ecca95d0457,0,0.097843,0.071394,0.13269
3ef3a4e5-3e06-11fa-d059-725ae402ce67,0,0.146507,0.092468,0.224321
7d0f5c4e-ea2a-a4ac-e4eb-94d944bdba8b,0,0.385933,0.295731,0.484712
128c33b2-a4a9-5a45-b74a-4d7d495b8051,1,0.062663,0.048014,0.0814
473d4912-0409-367e-6b4c-7466ec8e1a1f,1,0.050586,0.038959,0.065447
b8db4455-ff01-a8ce-cc68-c240501cf2d3,0,0.254286,0.185115,0.338566
bc922c24-187e-955c-e17b-75a5603dfacb,0,0.627044,0.508616,0.731971
6eb91bf0-f585-5626-b359-def4eed78ecd,0,0.260549,0.187742,0.349443
e90f4438-b793-04ac-ecb2-e9e1c00e920f,1,0.074893,0.05101,0.108676
82f08c50-df50-fab9-05cf-eff117221bac,0,0.66504,0.552163,0.761743
cf4de9d5-5132-9386-f3fc-d8d8dfaccd08,0,0.162865,0.119144,0.218649
60c54e1b-3a60-7f27-2f4f-85d841478de9,0,0.261636,0.193192,0.343988
23adc23c-9c49-f16f-f443-13e230276f37,0,0.411459,0.330383,0.497645
fe6b7de8-30a2-ba1e-41e9-a2f272da88d7,0,0.541074,0.434472,0.644046
3dfd4325-f6bd-6e36-9327-fb92bd378a97,0,0.141889,0.095027,0.206585
d4e713f6-5ef8-e578-aa1a-ade2b8d71c5f,0,0.704982,0.590785,0.798197
f164b3e1-12a7-b614-3957-81310daaee76,1,0.062663,0.04502,0.086594
c1401dae-828a-ce0d-a075-769aa6cf3b37,1,0.064515,0.048909,0.084656
ef228255-f3d5-bdcc-a757-1b880a7bafdc,1,0.058275,0.043358,0.077905
0fc07184-014d-0ddf-0fef-0b7b5fd7b4e6,0,0.533563,0.417078,0.646499
47d8af1a-5ae1-8cdc-5af3-f9736cdde9cb,1,0.06328,0.048427,0.082295
be2ca8d6-c56b-6547-b864-7510d496147c,0,0.777128,0.621094,0.881198
1faa34f1-42d9-3af2-b52d-6541c91e9ef8,0,0.599664,0.492391,0.698164
ea8246b2-0320-d53a-0010-792936bded4f,0,0.22365,0.167041,0.292701
4352e012-d4c0-4ffc-4c68-205145f92683,1,0.081068,0.059106,0.110234
8a238f33-39a0-fcf6-6c6d-55271e854131,0,0.52805,0.4363,0.617944
36f2fb72-b70f-98c5-8b59-5baf6eb295f3,0,0.109506,0.07938,0.149212
fcf48290-74c2-122d-1b54-aec286ba0d9e,1,0.06328,0.04785,0.083252
f2e10ee8-5ff0-fbc8-f5e2-9c2058c3e201,0,0.318601,0.239746,0.409424
8e4152b3-6599-b6aa-f25f-04fbbaf3b18b,0,0.302828,0.241293,0.372353
334591c9-64e4-bbc7-21f2-c4330ef587a0,0,0.093925,0.07123,0.122894
1b3cb03e-d188-4aa6-560c-efeccdb15d9c,0,0.128685,0.086233,0.187743
3903df8d-4e10-aeee-999e-f7303df6ce46,0,0.093925,0.074236,0.118169
051cd506-5daa-c5c5-650e-936f05cef6ab,0,0.320924,0.236845,0.418484
70f5c735-7cd7-fd51-22e1-8f86190e021d,0,0.159448,0.118873,0.210562
357a4904-2fa8-dc50-4ea7-c3aab9cb1ed7,0,0.239377,0.182915,0.306724
a2254e4a-7363-fbe1-478a-82c31fdba2af,0,0.18838,0.117152,0.288751
16c8fd4c-e0a7-8929-4520-8ce08a443afd,0,0.162876,0.116923,0.222341
5674cd5a-275a-b650-6725-fa1fdaf7a912,1,0.046642,0.032263,0.066985
4253a691-f126-3625-1e4a-751cf792ac4a,0,0.130858,0.087233,0.191716
420680da-ce21-438e-f897-82d4a4ffd033,0,0.093888,0.071015,0.123151
ef5cd3c2-9b05-9afc-6a28-3216eb3d33d5,0,0.089394,0.058647,0.133966
4956c0d9-7e82-b2c4-c907-ae43555b002c,0,0.529884,0.419678,0.637251
e2be9d40-74b6-a396-876c-f15cb95ce966,0,0.234681,0.179697,0.300329
41b3750a-4799-818f-8f12-37a17350ecac,0,0.251155,0.194417,0.317916
89d8d6ce-3f7a-05d4-582f-ac6278ee5399,0,0.757745,0.600066,0.867032
20ed0c9c-e23d-e717-504e-3360fca1acdd,0,0.114033,0.08676,0.148484
dbf575b1-a20a-9acf-b6f3-dc61acde4006,0,0.668928,0.547165,0.771616
44c43eb7-0ec2-eda2-9a70-b803adcca96a,0,0.22544,0.166036,0.298492
94d275ca-616f-0178-5e9e-9b0e9b268d2a,1,0.060837,0.046225,0.079683
8b55e76e-2109-f0dd-c6ad-66fe67cdc7da,0,0.093925,0.067261,0.129688
5787c031-91be-38c4-4af0-ca6b6f562c57,0,0.40808,0.315457,0.507729
8bf05b80-5782-05f1-fd1c-a2e9cb490a43,0,0.397007,0.307559,0.493913
29ddf1ce-2c9b-ba98-61b7-1bd5f1385a9e,0,0.247241,0.177197,0.333743
8256bb76-1c13-a46a-000a-772ea10ec984,0,0.114371,0.086733,0.149376
814ebc4f-214f-99f4-f20e-be63dbd7c8b5,0,0.269492,0.183287,0.377503
26fdd7d4-3fa7-4cf4-4063-c5f40e416a9d,0,0.093789,0.072242,0.120925
6fc1739b-6a46-b277-15b6-90d12cbff2bf,0,0.547568,0.444832,0.646405
92113cae-bca6-2994-64a5-8f776872daca,0,0.089665,0.063977,0.124298
8a41c551-e11e-ca4e-9023-affcb27ca5db,0,0.114581,0.081218,0.159272
1696e4cf-c22d-b2e8-99d7-d267c3b15a8d,0,0.437412,0.341284,0.538482
13735368-20de-b328-4c58-24ce5429a115,0,0.411459,0.339638,0.487262
e6aeeeb9-324c-aafa-7240-8fb59085af6e,0,0.240755,0.189098,0.30128
8923667d-abe7-6786-4c37-7815d89dc020,0,0.92825,0.900393,0.948759
3b91dc9e-695c-13bf-64dc-94da5c2357e9,0,0.306526,0.230208,0.395156
c686a75f-5385-a15a-7d7c-3a00e47f1b6e,0,0.107531,0.080206,0.14272
2718e94d-3ab1-ff68-6cd4-4c7433a31b65,0,0.144072,0.097611,0.207561
d7884c2c-6e56-c84f-5773-33281f3c7fc2,0,0.114371,0.088532,0.14654
381b9c28-8f39-ff0d-9f20-5421401464ec,0,0.460857,0.367209,0.557351
d1000ebd-1b60-1d6c-7192-fa1877db039c,0,0.091787,0.070597,0.118526
aa05905d-3429-eed2-1b68-0fa51f810599,0,0.146327,0.097169,0.214448
3211d3c3-0b83-bfa0-0cd6-2301a4ab14e6,1,0.062663,0.048716,0.080266
9d9d270c-f22a-a73c-289b-c1cea8354455,0,0.239123,0.187279,0.30002
5a0d15fd-968a-dfca-a7b1-8faaa3b830e1,0,0.124184,0.077318,0.1935
72bab660-f4c9-486a-e191-1e71ddda3add,0,0.385933,0.291164,0.490216
f881bf72-3c03-d1f2-f240-b0e794134c74,0,0.437716,0.350225,0.529261
7f5ded6d-22d9-4aa7-e364-d03026308a5e,0,0.114451,0.082258,0.157087
ff283f44-8c8b-9bca-2ea0-d0775aec0994,1,0.063898,0.045614,0.088827
2c0dba78-7204-eb28-dd03-fca475b37272,0,0.246459,0.189827,0.31345
c68ea77e-ffdb-8154-41ad-e9325b7b924e,1,0.06589,0.05045,0.085629
675cae46-ce18-b438-a262-10682e462959,0,0.097733,0.066051,0.142294
cd29e9f2-d73a-0a32-f0d5-4159b971b664,0,0.093925,0.071047,0.123192
4dd07608-9d83-bde3-228d-8f54a1bd2281,0,0.534544,0.451925,0.615311
01c5ebe7-aa3a-54ed-a293-98d15b2e9fd8,0,0.62554,0.479853,0.751549
5dba37f9-8250-a613-8da7-fbea858bb670,0,0.238832,0.167423,0.328674
6e7fc5fb-05c5-855a-279c-4c149b14cc95,0,0.49099,0.380251,0.60262
6e7cc68f-373b-ced7-de15-541dcdedae5a,0,0.284944,0.198618,0.390507
40c96b06-1e6e-9c9f-abc4-92d0204cc588,1,0.070799,0.052425,0.094968
0edc10e0-9a2d-ae0b-64b8-fd71731f2886,1,0.065273,0.046511,0.090882
fcfe5d3e-49b5-54b3-2ccd-6f09e39db92f,0,0.093925,0.07159,0.122309
8ae635d8-d560-59f4-b9c4-48ecfb78771e,0,0.12993,0.091434,0.181399
94a64130-e1f4-a904-ad88-9717ff51c59d,0,0.257417,0.199055,0.325928
85af6d3a-1d49-44f6-81b1-6b3df747cab9,0,0.985649,0.000945,1.0
586ff2a3-da6a-a1fb-002a-ffe035e05071,0,0.218515,0.148999,0.308697
a3f1d870-2746-f8dd-f733-a14259a994eb,0,0.320924,0.255453,0.394288
88c2c1b9-801e-5386-0f82-83a8eeb7fc0f,0,0.227291,0.162367,0.30861
43358f65-79b9-2672-f491-7073b8147e70,0,0.293076,0.220446,0.378031
8b0628b9-b49d-d512-9a3f-48283a4bf4f4,0,0.093789,0.071673,0.121834
5ac5ea2a-91e9-960f-b722-e3b9c92c1af7,0,0.129721,0.099006,0.168186
b1446b69-8e49-3a05-d375-a0764d2179ab,0,0.118132,0.082693,0.16601
f04480b6-20a0-bcf4-163e-cf3dce511e86,0,0.23834,0.184821,0.301624
7918c006-98a7-6640-15ce-d1b56bd3fc48,0,0.327282,0.241154,0.426866
24d5ddd5-2beb-5914-9ebe-70c9ed0e7683,0,0.691105,0.588395,0.777861
690bca8c-4a5e-a686-3cc7-94852db5ebbe,0,0.284944,0.203231,0.383691
861e7228-865b-f951-93ab-35c99b1b161b,0,0.297019,0.228559,0.375991
3ef784ea-7c75-5e45-25fa-c4a2d0cbf9b7,0,0.177896,0.118562,0.258225
33ac4abc-5b43-955a-55d4-5cd10c862a16,0,0.599664,0.496817,0.69442
755c542a-bbcb-ac48-e4cd-d63fd5addf38,0,0.281813,0.202995,0.376767
1fac1e1b-8f5a-9a1b-923f-78ef7376d9b9,0,0.318601,0.236974,0.413122
d1de4c69-39ff-1cea-35f8-245a4ea9eda5,1,0.06589,0.046782,0.092048
3370e8c1-0467-5fe7-e6b0-02f3c231f618,1,0.053149,0.036462,0.076863
0e9808f6-e51d-9107-7267-8fb18e1204bc,0,0.173744,0.127947,0.231578
7cd70ae0-9964-a891-fac6-40dd4e514db9,0,0.58664,0.455879,0.706227
05101769-2245-6953-8555-366d39adfabd,1,0.050586,0.038901,0.065541
735ef6f5-96c2-8b0e-ffc3-b70e738e0e88,0,0.097843,0.071343,0.132779
aa7d26a0-05c2-9211-58f0-0a6e82949940,0,0.093888,0.067962,0.128341
de7f02ae-a852-70b9-42ac-94c580072bc6,0,0.221473,0.157038,0.302847
0ce67037-1e66-e02d-f474-f6399b168b57,0,0.12625,0.087501,0.178796
83936ff9-0524-449e-f7f3-c2f45aa71cde,0,0.120696,0.08103,0.176061
c7720419-e5ed-28d0-e0a3-90ca7aacf616,0,0.533563,0.404049,0.658705
c47d4bec-fb50-5f1e-5ad8-ad43c7ed1ad1,0,0.612644,0.475838,0.733725
71b732b7-f71a-bf97-f858-7e8aff3c11ff,0,0.489497,0.352969,0.62761
46a48a60-46cb-a1f3-08c3-11a18307b7b5,0,0.23834,0.186794,0.298883
c635e468-bbc5-47f5-5732-7d483b82ed0a,0,0.296316,0.223415,0.381324
6151b27d-1bc6-501c-5871-b060807dc38c,0,0.250372,0.19265,0.318566
99c53353-ee88-6e36-4e4e-f0af3e20368a,1,0.037021,0.025461,0.053542
33e0dfef-cab2-71fe-37d9-01500001c122,0,0.121325,0.080132,0.17956
cfd0e863-3671-abcc-54a4-cabfdb3e6675,1,0.054985,0.040936,0.073487
61d5ee8e-69a4-483f-846d-89aed53567ef,0,0.113793,0.086801,0.14782
5b4b90f4-e8c6-3492-59eb-8a629ff95740,0,0.24411,0.17753,0.325769
97735e41-eab4-b34d-a872-a3d56b50d5f6,0,0.169256,0.125303,0.224668
edb26460-eae7-d014-e5c0-5f2c55e1973a,0,0.23834,0.187409,0.298037
686f0287-e26e-98dd-2309-82e1a7220139,0,0.219215,0.152607,0.304449
372191c7-c576-1580-e025-849a3084f3f8,0,0.200579,0.140039,0.278806
05c4edf9-81bd-9f3c-2a45-69010b974be8,0,0.276812,0.209626,0.355838
ac09508f-2a56-b1ad-a222-04bfd2c030e9,0,0.11847,0.088644,0.156608
4b555aa4-dace-8968-1b2a-5885ab42de21,0,0.093789,0.072764,0.120103
e8eda39e-0fb1-808b-cdac-ebd48a31c53c,0,0.320924,0.251945,0.398722
92d7eb07-af71-7138-be1a-6515983b324a,0,0.273681,0.19986,0.362418
a955976f-64ec-0d38-c926-3098e8856696,0,0.273681,0.196799,0.366878
c3a25784-b67e-8c7d-a5f7-b128e77721f2,0,0.514045,0.405292,0.621484
fc7be024-9109-490e-9fca-80e2b2ae4139,0,0.157012,0.114913,0.210861
611e2137-2c7f-dbb2-2773-8dd00e34e6fa,0,0.901204,0.863875,0.929136
d0170cc2-2391-4327-d338-004538419f51,0,0.320924,0.239557,0.414851
441e2b74-0229-f7b5-57c4-889d6b467db3,0,0.118889,0.082428,0.168517
090d7bb9-2508-b60c-e077-0d93a0da6547,1,0.071417,0.052506,0.096445
8e734c01-31f5-0b00-e725-340413168113,0,0.418698,0.334369,0.508062
cfa55207-de11-b88e-6aec-9bacd85255e3,0,0.223868,0.175718,0.280719
250f08d8-9d6f-a404-d6cd-d283672774cb,0,0.516896,0.402775,0.629281
eb71ef42-c987-bba0-dd87-686e655ef710,1,0.053854,0.037248,0.077271
2a43c2fe-53a1-e22d-670f-e1129defc26c,0,0.309094,0.242725,0.3844
6d9af97a-f601-2b91-2b45-a39c4977f732,0,0.093925,0.067698,0.128906
1fb609d1-692a-5333-6ecd-d117fea3039b,0,0.368502,0.273674,0.474712
0c007bca-217e-f327-f21a-0568270de927,0,0.691105,0.607546,0.76379
a8d334b4-c60c-a15a-fa1e-82eeec3235d9,0,0.243328,0.177744,0.323587
32f94538-e2ef-d8d7-f428-5f95e98fa945,0,0.166163,0.122982,0.220691
2876b341-ba20-6c71-fa2f-3656b91a9503,0,0.691105,0.587081,0.778797
bbb9fa4c-d774-c5f7-934b-947c274321e3,0,0.758583,0.677042,0.824863
5324f073-9f9b-4109-5efc-e7ebf8087426,0,0.241763,0.176296,0.322036
dab2afa7-59bf-8e81-c796-f17fe5fd3931,0,0.534544,0.455537,0.611856
5003c34d-f8a0-7012-02cc-fa8cf4913d1b,0,0.114999,0.082757,0.157645
1cd87737-9098-04b8-410d-5f22039050d8,0,0.40808,0.310932,0.512985
82a282fb-06e4-9354-e2e8-8c55dc7e487b,1,0.061211,0.048045,0.07769
788256f9-d953-4848-feda-84b1b65dce5f,1,0.074951,0.054026,0.103097
24c80467-5ea4-e24b-8982-10d98dee4e5d,0,0.908323,0.846181,0.946934
67c97ba3-611a-9b32-da87-9ba4db00a60e,0,0.310011,0.228649,0.405119
c890d1df-7c3f-ef6f-d28c-63a147a8fe9d,0,0.122151,0.092484,0.159661
8ad89abd-db03-91c2-efa6-f0d496b93c42,0,0.316981,0.252919,0.388824
6767dd67-0d8d-907d-be7d-694785fd0682,0,0.18745,0.114061,0.292469
7c697a2a-09de-b0ba-23b2-27d78c54289c,0,0.521556,0.435177,0.606665
f494685e-9071-300b-321c-5bd66595c4f0,0,0.134318,0.090863,0.19412
179f6cae-9e57-e0ba-e25a-ce5c0fc1acd9,0,0.691105,0.617066,0.756479
2a568109-7886-0b14-1bc5-bb3c88080945,0,0.234681,0.173208,0.309796
c7675f8b-84f8-71db-494e-12f48ede11f8,0,0.114581,0.086924,0.149595
cd9f7e95-9bd0-097e-02ec-8c075ec11a4f,0,0.300963,0.203211,0.420898
89dcab8b-7ddf-aade-4897-b0e6291bf237,1,0.0601,0.044217,0.081205
f5dbef32-fa4e-13cc-3c4c-dab6c83fc4fb,0,0.09175,0.065004,0.127993
b0b4279e-6b01-8a24-7794-17210492eae4,0,0.11868,0.087973,0.158245
cb22ec6c-7bdc-f92e-15ba-0cb2011312b2,0,0.254286,0.194372,0.325214
2def2255-5b41-1a00-939d-71b73d3f39da,0,0.17411,0.124404,0.238271
c2997d7e-5633-bc94-adb4-462f78023159,0,0.138219,0.098287,0.190939
d7ce79ef-87da-cbf2-c833-8f090dbafda2,1,0.06328,0.04909,0.081222
a511ccc4-bce3-2c18-1ae0-c3f044ab7e61,1,0.063898,0.046335,0.087506
dec15089-563a-fe81-28ea-15d5d47fc206,0,0.095742,0.068479,0.132319
e0a34706-2b15-cef2-fb28-ae17d212a799,0,0.999999,0.999998,0.999999
2eb7ec11-d00a-a307-6e22-0ffc4c6649a1,1,0.087623,0.065515,0.116263
9601caae-2673-4c1e-9adf-91d5061bf0b2,0,0.448784,0.337366,0.565591
d8445200-d703-bcf7-90db-494f43e3d9b2,0,0.223104,0.153558,0.312519
16f3053b-9547-3b2f-7006-e7b783cd6371,0,0.223763,0.166288,0.294095
a31d4195-deec-0c76-b6d6-5f8ebc866a3f,0,0.097972,0.072562,0.131024
fcde9f02-2232-d9fd-bd0d-eca1bd921eee,0,0.691105,0.588191,0.778007
68073db4-a132-9dbb-37eb-dc10b8df8a3c,1,0.076885,0.056467,0.103873
1dde4dfb-e1db-954a-1716-eac05b5f70a8,0,0.534544,0.430279,0.635876
2050c8fd-3d65-bbe0-a834-0533354f04d9,0,0.113774,0.085412,0.15001
9b7ef87e-470c-90d4-25e7-0e55e80e0596,0,0.318601,0.240703,0.408158
cfbc2b08-139f-3dc4-80c5-b090916f0ab9,0,0.632303,0.529106,0.724653
2e1ad3d3-9b93-babc-a191-d290203bbd1e,1,0.037021,0.025811,0.052835
87df7135-bb93-a23a-d491-1452ab0812ab,1,0.078909,0.057916,0.106648
388498eb-c0b4-47d1-3c25-642e0dcab1c2,0,0.573616,0.47264,0.668806
357cdc4e-025d-a1ee-0239-26cea2214052,0,0.251155,0.182219,0.335472
bc70d3dd-c15a-4260-79cc-627ce58a3031,0,0.165125,0.126361,0.212883
4df855c1-0f4e-a263-894d-ddcb6d47ec09,0,0.687217,0.614595,0.751683
7e5973c0-943e-8d25-d42a-a423d7f31354,0,0.221491,0.14563,0.321977
386a0fec-4b31-b076-21a4-46d29f23153d,0,0.66362,0.550516,0.760638
14ed5077-c4ed-3010-f802-c25866e7f271,1,0.061937,0.047977,0.079618
4a78d111-6acd-d716-c31b-515e2cbf12de,0,0.23834,0.184284,0.302375
5906023d-1495-d5f1-6665-90d75829e22f,0,0.187835,0.116174,0.289234
f2dde1f6-2960-20e1-189c-c7665f622e4f,0,0.114132,0.086803,0.148664
a5de9438-2cfe-0f4a-d5bb-8aafb09ac107,0,0.284944,0.210163,0.373743
fbecde51-5a6f-8a8a-1a94-e83b559f7bc3,0,0.247241,0.189509,0.31571
4a5dcb7c-6f41-b96c-4c4c-46e515ec455a,0,0.599664,0.520345,0.674082
b44c78ee-e306-7bef-de99-41d3516fb755,0,0.534544,0.429207,0.636889
14d56f9d-3b3a-ad84-617c-92d1df496caa,0,0.599664,0.519009,0.675257
b203b131-c861-d4ce-0efc-a5fdd97da4a5,0,0.237558,0.172594,0.317589
a5c4186b-70e9-2250-8fd8-68b68a96ae90,0,0.921607,0.873615,0.952369
fb03bd98-5ac4-c9d4-200b-ea4648033c0b,0,0.748532,0.664131,0.817551
e8f747c8-4138-dab1-40f3-384345b5bb43,0,0.187835,0.128842,0.265605
c5dd6d4a-a358-9990-61d0-d0416b9b3493,1,0.076749,0.054192,0.107628
38046f57-4b66-50d8-3ee7-3f7fc7fa001c,0,0.414838,0.316465,0.520504
9d695942-a1d0-3611-8fd8-3e2146e5e01f,0,0.120403,0.089895,0.159451
1f3546ba-1735-2ea3-3e00-ffb48eb6b61a,0,0.116723,0.082285,0.163013
31dcd269-4602-545a-55af-1f8d329b4f5b,0,0.146759,0.108065,0.196259
81a5c0ea-8ed6-fb38-02a1-2341aa4d8147,1,0.051685,0.038533,0.069005
be6c598b-12a5-ffd1-e4c2-13b81425422d,0,0.605007,0.516143,0.687435
bf358f2e-4193-947a-df50-00e029cb7be9,0,0.097843,0.071212,0.133007
fd4754a4-b1f2-671e-e29f-729a77bb93b7,0,0.147742,0.096454,0.21967
72b5cceb-fa72-88c1-eb60-637bfb378a1b,0,0.250372,0.181578,0.334575
ba02abd2-e3d5-9017-fb23-ced304ebee9e,1,0.060111,0.045503,0.079021
6267d933-246e-9d1a-ee2d-89e0ab601b95,0,0.251155,0.186507,0.329145
b16f08bd-4e26-241d-3239-d2077394558d,0,0.21805,0.150711,0.304684
cf6f49fe-ca6a-1478-02f5-d721405d64e7,0,0.24411,0.177123,0.326383
0a0e916f-39d2-2348-1b31-246df083ea21,0,0.414838,0.31787,0.518884
7658891a-0284-0429-480b-2498d829c1ad,1,0.046642,0.032523,0.06647
fdfe066c-09f6-cff9-560e-25b0bdd3b311,0,0.318601,0.250431,0.395535
cfaa6989-8be0-70a7-6f17-88ad5a3cc846,0,0.124323,0.085007,0.178281
50718d3c-8c1b-7d9c-925e-64426d8c7c5f,0,0.093789,0.071574,0.121994
dfb9e328-a43a-3d16-afe9-6ac829fa8b3c,0,0.14659,0.104013,0.202654
60e053a1-9ece-20e0-b556-d4c19c0a0e97,0,0.143862,0.097985,0.206306
cbb15c92-55b1-d4dd-8b3e-88846e9ae156,0,0.109856,0.082221,0.145308
4dbcc2c5-049a-9fd1-8dca-eaab0ec63920,0,0.23289,0.165801,0.316816
33e68019-a588-e986-99b6-f5b1727f2862,0,0.1021,0.074804,0.137871
294ff885-52a7-3366-d220-8f2f57465e88,0,0.114242,0.082692,0.155785
bb415706-0360-ab08-906c-e630568b5fcb,0,0.243036,0.174246,0.328191
893260f2-539b-b59c-8955-410c1f2bc375,0,0.243036,0.185341,0.311817
4c340d00-c2f0-95a4-d886-43b522c0b500,0,0.512507,0.38446,0.638934
e707b13c-2587-940b-8abe-40c40d0b7228,0,0.481492,0.383139,0.5813
3a6fa7a0-3611-a82b-cf53-06b045866aec,0,0.169622,0.13027,0.217885
64ad3a42-b7cd-ca9c-130c-36d7002cac94,0,0.40808,0.310525,0.51346
6a1f3d3d-8de0-9583-a424-54ada4b6831e,0,0.573616,0.440354,0.696982
a6e5ac1a-af81-be8b-2ead-a1ba4d480d6c,1,0.062663,0.045495,0.085727
7abf73d0-bb2b-3127-6103-9db57cd58e5e,0,0.346354,0.274569,0.42589
3f198954-a893-1987-d6ac-d4c2fc563bc7,1,0.043435,0.028307,0.066097
454899bc-fdcc-87ff-6477-7e054081ce27,0,0.242545,0.179057,0.319775
6811c47c-16f5-6687-b8a3-1d02c2270420,1,0.060837,0.042121,0.087114
d9fd654f-cd32-7571-da19-3ed2dac62fa8,0,0.10189,0.074189,0.138389
482c6b5a-097f-ea91-18c6-f12b539e3c9b,0,0.151149,0.102549,0.217206
f6a81c85-e706-b553-542f-17cc332be4ea,0,0.118889,0.080272,0.172599
45b8997e-097a-7f07-bdf9-643521a17b49,1,0.062663,0.045384,0.085929
7acaddc8-76a9-e8cd-fa10-bdebcbd1d482,0,0.109856,0.075235,0.157692
526c4732-a71a-88be-f853-03e7d1e134e7,1,0.054248,0.040107,0.072996
23d545d1-3c49-3f7a-f1ee-adad6ecd9a70,0,0.521556,0.429208,0.612454
c5f70763-9f42-c18e-e50d-9163fe23ce4b,1,0.065273,0.045668,0.092477
b5545107-ac77-16a1-11e0-b94396e351e7,1,0.07348,0.046435,0.114387
a974a257-4aa8-1368-6e0a-1fe4e94dc305,0,0.12993,0.091464,0.181346
44a43fbb-05be-7576-91bb-280c201bd434,0,0.093617,0.073027,0.119264
a26dd352-da90-a200-6c77-45edb09226f8,0,0.691105,0.595296,0.772886
6f16224f-bcc7-a081-72ea-1264f4f2d83e,0,0.176003,0.129763,0.234285
a22f9545-67b0-36cd-f5ac-a167702a62b4,0,0.182017,0.132891,0.244189
cd0b100d-732d-032d-ca87-76fa25e20c10,0,0.300963,0.206772,0.41558
fc4f58b0-4d75-4f10-b541-f860b34472bc,0,0.284944,0.219437,0.360964
73896ce7-7ddc-e1e6-f9b6-3ba6dc5c421f,0,0.114371,0.082362,0.156697
8092c0e0-2996-f240-7129-c2a12619e271,0,0.411459,0.315302,0.514889
fa2d1d4f-a454-792d-eeb7-2a443a7ba8ba,0,0.093925,0.0682,0.12802
5dd2ce27-d000-1045-3631-c7c323a90300,0,0.281813,0.205594,0.37302
32a6f4b6-68af-2e1c-fba9-407b9b799a77,0,0.235463,0.188042,0.290563
aee40976-ad66-4fa2-b028-b4beeba1045c,0,0.120567,0.088226,0.162649
5c1c1de6-ee82-862d-dd37-35ad4453c0bf,0,0.66504,0.515214,0.787646
43fcb35c-fa5d-4f92-31be-90a397c342db,0,0.093925,0.067624,0.129038
9028e12d-b180-1f8a-334b-d4f90938561b,0,0.67802,0.599747,0.747432
9a118360-96ab-580a-deb2-0bffd9d5b91d,0,0.292831,0.198761,0.408711
24db6eb2-444f-0520-8726-13f7ddd0a78c,0,0.333639,0.238805,0.444159
bb5b396a-ab2b-66cf-589c-4dfb0077acdd,0,0.103748,0.077096,0.138235
a6a33f25-6052-a746-09d3-c05238709518,0,0.183525,0.129488,0.253542
829c5581-8add-ecbe-b4f4-bc935cda00f9,0,0.093654,0.071694,0.12146
599ed618-8a6b-005b-c1d5-7387bf5f1172,0,0.445133,0.354746,0.539301
811e8a61-ea35-bb8c-77d3-ceae9a75d779,0,0.109856,0.080442,0.14829
9c966a40-23f2-9b87-cae4-08d0c91fcf87,1,0.040228,0.026444,0.06075
fe068a44-86a1-fa77-b61e-8145930cabc5,0,0.175074,0.12002,0.248257
f02bda56-0546-6005-2718-e9c8158d44a4,0,0.560592,0.420877,0.691322
21934aa1-bc0f-b9a6-80cf-23496970eb61,0,0.242545,0.191821,0.301675
ebfb305c-1c2d-6401-5744-d27d3fd45609,0,0.698044,0.616098,0.769055
0fd29d1c-a5d0-94c8-b102-1076fb1aaabc,0,0.1649,0.113071,0.234214
01a63031-07ed-44a6-dd49-72e31a46c0db,0,0.40808,0.331259,0.489672
575d0128-afd6-70d5-5184-d5c65ef75465,0,0.320924,0.237714,0.417316
5dec4e4f-2597-9c64-fd9d-552d5ccc64c5,0,0.093789,0.071958,0.121377
c5817d63-af9a-4c99-c28b-f6d36199afe8,1,0.058275,0.039169,0.085866
9c935c81-6801-2cc4-58fd-dc1b626a80fe,0,0.414838,0.334402,0.500085
ee2e1ba9-bbba-588b-df48-7afa7504bcd4,0,0.207359,0.130157,0.313832
84b93ade-4cbf-143a-1140-166a5146a192,0,0.24411,0.194482,0.30166
2e2fdf3b-9f22-903e-b817-544792f47a16,0,0.089529,0.064754,0.122542
77617317-3109-f2cf-1b2a-f582285fb65a,0,0.421595,0.342239,0.50522
beb19c77-e93b-174c-17dc-c6fc5bcf1157,1,0.027052,3e-05,0.962377
78bd4555-c070-dc6b-20a1-4a002f334cca,0,0.314658,0.24788,0.390095
2f0835b0-5aea-021c-98d1-e1a18c27e464,0,0.498625,0.334232,0.663315
fc9c4278-ab6d-2f9b-2d81-f93b1d9dadd1,0,0.838267,0.785918,0.879773
4eb22657-2a44-7ee4-eac1-3d9e134b7f5a,0,0.109856,0.081674,0.146214
dc9fdaeb-c582-82d1-2fe8-124808e46706,0,0.162876,0.125788,0.208294
e2c57308-22ef-ec94-06fc-01bc96d6910c,1,0.085328,0.05651,0.126866
2e4f023c-1f43-0813-88d3-b6e1ba5adcbe,0,0.097843,0.06643,0.141852
11a84a31-782b-a68f-3dba-860126365f4f,0,0.114113,0.087814,0.147017
d8232c3b-36d3-45f4-56fc-4ab6b19004a1,0,0.26868,0.201388,0.348642
6c85e6e9-617c-7247-075e-247d048dc7b6,1,0.070633,0.053696,0.092389
81490a15-0c70-d995-baa4-f555b3b8c678,0,0.533563,0.409551,0.65356
0a94f4b9-7260-17d1-f033-7438f8b2e18f,0,0.216541,0.14807,0.305326
c9578447-a1ba-3ff6-7329-1191c73cca6b,0,0.24411,0.177936,0.32516
8756e900-2116-2599-c73f-4c3938fc5dc5,0,0.224895,0.155776,0.313302
6d08a227-9f39-55ca-f777-25d752bd04a2,0,0.114661,0.087146,0.149441
fb9baa00-e403-166c-a50f-71deed62a705,0,0.857611,0.794982,0.903432
64a84021-40ba-e75c-8579-3f57167eb4dc,0,0.560592,0.418384,0.693502
58efbdbd-9ddc-a975-270e-2cf54bd139e0,0,0.681824,0.575015,0.772414
830c4db4-dd17-2e7f-823a-3d4030ce420d,1,0.05206,0.039788,0.06785
bd73ebde-35ef-9658-1c1a-fe06cf0d7c48,0,0.162876,0.125954,0.208044
31e790c6-f133-c14c-d749-d2ab2742a4ee,0,0.298639,0.215707,0.397304
eb65430d-784b-ea55-1cb6-bb920d947a45,0,0.101626,0.074286,0.137531
753821e1-49dd-4ef1-6f8f-d57b4b078fbf,1,0.050586,0.039383,0.064761
d71154d2-a712-7cf6-3c8a-093679c95c7d,0,0.58664,0.483933,0.682325
ee5dbf78-32df-4ae1-c68e-91e85e6bb9bb,0,0.470205,0.342983,0.60142
a4172b9e-da5b-14b9-88f9-d4adcd40af80,1,0.069257,0.051557,0.092443
d1a1eb2e-055e-d56b-4c65-1a5bb1706d1c,0,0.534544,0.446381,0.620601
f7479819-7b36-6f90-fb0e-b9d43ceb3c7f,0,0.333639,0.243273,0.438138
6877c516-224a-3912-7539-87960888e3ea,0,0.316278,0.254525,0.385269
a878186c-bee5-6f22-b7be-53d55b3a4587,0,0.314658,0.249375,0.388192
9761a1f8-f797-931b-892f-ee850ded935f,0,0.226948,0.159534,0.312265
e1807a04-6aa4-6330-5a1e-c4af9cfad4e3,0,0.310714,0.226857,0.409165
a898fff1-9b6a-f11e-5432-333ec69234f6,1,0.051685,0.038943,0.0683
b7f4b740-fbf3-9df6-6a2c-a00a994e274d,0,0.478522,0.373262,0.585724
97a7b6fa-37cb-4446-f669-c7fc09bf4b8d,0,0.177886,0.122574,0.251016
9b29eb7f-b600-4161-bdcb-7b0744b4525e,0,0.157002,0.108097,0.222512
9ce9b789-5ce8-efd0-5774-8a34c5ef361a,0,0.224895,0.164952,0.298827
3f0af188-07e3-5653-cc94-8440c48f3c5c,0,0.24959,0.180374,0.334527
cb8718be-966a-e258-0706-33f7031d7247,1,0.074193,0.053679,0.101705
47d64a35-19aa-742f-a2c5-9e3b9213e08c,0,0.685797,0.603275,0.758038
a00e1107-3866-c715-c1ab-2539b445610a,0,0.114113,0.082384,0.155984
ea0b1bf4-28c1-afa2-3a4c-60c0b1e8f24f,0,0.474474,0.380254,0.570547
4288d669-8324-2ee5-8af3-aec868b01b8f,0,0.40808,0.332062,0.488766
cbd6be28-9b9b-85d1-9f73-abf97b7f592b,0,0.368502,0.269543,0.479921
39bf0cc7-f949-1816-5684-22f82b4eab25,0,0.825822,0.735045,0.890146
daec8bf8-4c9e-59c9-d2b8-f61965da60c5,1,0.049849,0.038946,0.063603
b537f03a-25a9-52f7-530c-b2d0c73ad3f9,0,0.097972,0.072986,0.13031
296152db-8d66-da5b-a590-6407d4b12080,0,0.162865,0.119603,0.217903
864ea886-f207-c341-ca74-6ba9c6877fed,0,0.242545,0.175379,0.325287
5b9ce165-bb8d-8076-604b-6e552f6f43fc,0,0.346354,0.270457,0.430969
e3897ef3-f38b-dd5d-99b3-71b32ec32cd3,0,0.385933,0.271302,0.514782
6fab93b5-627e-07a3-0fb4-409d58024cea,0,0.093925,0.072513,0.120836
e51b830f-8c60-6e12-2aa5-429f871fe484,0,0.089319,0.062723,0.125681
56925c0f-efe2-8721-78f3-ee871fb4833c,0,0.163925,0.122041,0.216636
a9b5eb70-c38d-945e-9e13-ebf949964a2c,0,0.198703,0.134945,0.282739
de3f41a9-80ea-63f3-51cf-843fc3379dcc,0,0.462622,0.34003,0.589906
b1a0efa3-d1d5-c715-e3cb-177a86eb02a1,1,0.064655,0.044645,0.092765
3599db59-1ea9-e1bd-fdfa-506ee4ba2edd,0,0.113534,0.080473,0.157847
2a1bfed3-fa35-883e-2f5c-8e15c501bff5,0,0.149914,0.102233,0.214521
ec360cfb-3450-b7ba-7fe3-281f6a4efc5d,1,0.062663,0.049088,0.079678
febf7cae-90be-de82-ec00-b52f1e86bbcb,0,0.612644,0.512155,0.704382
b139d5a3-335a-62c2-ad6d-fd24215365d8,0,0.40808,0.330548,0.490475
b82a7cab-27f1-dcd6-2ca3-51b57ac6c979,0,0.242545,0.18703,0.308289
356bf45a-66cf-2ad0-11ff-8e984a1badce,0,0.385933,0.288125,0.493907
b1f06b7a-11df-c168-45be-cb5569baf6f0,0,0.12257,0.089292,0.165989
e9b9f9b5-2cb1-37ae-9910-bbd14b1278a5,0,0.474474,0.339099,0.613707
64319d5b-509b-a66e-e714-ad2038ea923e,0,0.093925,0.066537,0.131004
e8a89ee5-7969-d6f5-a8b1-ce29625887d6,0,0.119847,0.068096,0.202387
c965725a-fb02-fdfa-13c0-bf6062c0176d,0,0.093579,0.068372,0.126815
35763cc4-84f8-c345-e21f-bda324980647,1,0.069875,0.047647,0.101368
a261ff00-bdc3-7f0d-9aba-e1b00d374f93,0,0.110324,0.081123,0.148338
9ffbd460-f6f4-82a7-9ccf-9b1963a55751,1,0.051323,0.039607,0.066265
a3269507-8773-6163-52a6-f52b02ec1749,0,0.506533,0.390918,0.621454
fa8e473d-5913-6a85-136e-4fe89229c297,0,0.316981,0.249722,0.392869
cc938875-bd43-d6d2-1e4e-020c7dce7142,0,0.113774,0.087831,0.146153
c9e73439-3b26-4c72-8571-182c90cee05a,0,0.11479,0.081982,0.158461
b86ce4ae-fe5d-7ca1-cd05-558e62135c1b,0,0.093925,0.067437,0.129374
cf40dd64-4522-4dc1-3b1a-6102a8197dba,0,0.300259,0.226231,0.386414
9d9c0a26-09ce-58ae-5c9a-48d87771b329,0,0.40808,0.32932,0.491863
e7662201-9e9d-7f41-ff34-140b87de4f9a,0,0.109856,0.080807,0.14767
7c6d095a-23e6-8fdf-02cd-d0057dcafdfa,0,0.397007,0.311796,0.488959
7851b581-6705-015a-fdbb-790ba23b1d6b,0,0.385933,0.277357,0.507182
fd645391-d67b-e4e0-a169-69260c4d1c64,0,0.374859,0.283097,0.476592
0906ff26-5926-b794-05fe-a8be171efd90,1,0.064655,0.048823,0.085162
1f1ba49c-42b5-69a9-7ce0-bc75566c9d6b,0,0.23919,0.188747,0.298158
3aeb9328-f679-98c1-4169-607038f055cc,0,0.093888,0.071771,0.121924
08a7ea9d-2d8b-4105-e49d-403595643c4b,0,0.379575,0.278402,0.492425
51fea70a-a903-4835-c9a6-d1b615f71d8b,0,0.284944,0.209722,0.374366
62bd280b-0bfb-901e-d64a-1ea43c1e08a4,0,0.643913,0.516373,0.753851
11243521-6648-8b7d-fe84-49c01d0c8504,0,0.276812,0.209059,0.356623
b13f40f4-76cf-b671-b43d-5f0608fb4ff9,0,0.462874,0.359303,0.56975
def85021-f29b-e45d-586e-db297a38abe7,0,0.101761,0.07393,0.138502
e0c44513-4858-925e-d4cb-08de8bb8175b,0,0.245676,0.186143,0.316838
fd435efa-bd20-d8a0-7b43-806687502939,0,0.095783,0.073801,0.12344
2227cd36-498e-7c9e-63f1-94be614c21f4,0,0.338355,0.248639,0.441425
219d5a3f-a4fa-23df-1ad9-81a22c778fae,0,0.223868,0.171151,0.287198
71920608-043d-ffbe-ae15-ea5216828474,0,0.276812,0.193103,0.379731
2676217a-1081-826c-1a2a-93bc38b19a3f,1,0.049849,0.035788,0.069039
d8b1c76e-1297-038a-c541-96591077def5,0,0.125005,0.080431,0.189199
5a87bf2d-518b-ded8-4db3-54161ea1ca38,0,0.324958,0.252391,0.407031
020786c4-b14e-016a-ac65-2acb10feacb5,0,0.468275,0.372349,0.566605
aa503b4a-d3a4-9082-ed03-2e0da381daff,0,0.745301,0.602237,0.849746
9b896bb8-9334-5d02-0ebe-1fc2717b05b9,0,0.093925,0.066862,0.130411
daa97b29-1547-bc80-3742-ecd54472c821,0,0.320924,0.238597,0.416133
bb60e809-f2be-b972-b00d-876cc803f6c2,0,0.720118,0.580642,0.827024
30568e04-370d-8012-7c25-ca622c2a0e68,0,0.115209,0.088586,0.14853
7504c263-8383-fad5-cd98-b5387b778bb1,1,0.057537,0.041332,0.079569
9fa93164-829f-ff8d-ae37-19572f98d033,0,0.547568,0.441408,0.64957
e1e4a985-7a37-753c-0d24-9d1531c9754a,0,0.523509,0.424371,0.620829
818f852c-3ada-27e1-3d68-8f864180a0e6,0,0.11479,0.07976,0.162489
ecadd476-054c-7ab8-3e56-a49f42696700,0,0.397007,0.288817,0.516302
606f9a09-0c11-c0a0-f998-3c06737978d6,0,0.293076,0.220556,0.377881
4b105728-f02d-7f3b-774d-05c60cb93155,0,0.771026,0.641389,0.863755
8f6a825e-f1ec-227f-2ea2-2aa52e12774d,0,0.244892,0.178542,0.326112
4b8bdc14-3628-457f-15c3-d4416f3faf95,0,0.212232,0.158932,0.27751
7a7d177a-820d-3c7e-7962-6f5549eaa649,1,0.065273,0.048782,0.086829
46db667f-4dfe-64a4-c4ce-77f651c2a6b8,0,0.243103,0.178716,0.321604
121cb709-6e21-6f2d-76c4-f6f7fce081a2,0,0.614064,0.473226,0.738087
36eca2fe-a470-a42e-e99c-bc82b2f6ae0a,0,0.687217,0.606742,0.757797
691cd855-5307-d251-22df-2cdda7a6ac2e,0,0.443783,0.348769,0.543095
41730bfc-6228-1692-fb81-ebb4aa51494a,0,0.258504,0.189251,0.342397
4a7d0847-5740-4cb8-2dae-25f9fa56cc0c,0,0.32628,0.216309,0.459387
be4c2657-b265-66a0-6317-a624b8afae1c,0,0.459499,0.32701,0.59797
387d8a42-a4f8-1165-ae22-92ce3d96c988,0,0.534544,0.426906,0.639059
b055ad85-9a8d-0b91-2106-c5ee75aab024,0,0.67802,0.574547,0.766553
6bc823f7-a52a-f065-fd61-b63e0a7eeb47,0,0.159458,0.119798,0.209128
e54e72a4-195b-010c-0422-72f1a0967d14,0,0.205852,0.140818,0.290755
224c54b6-1569-1ff2-f40a-33434f9392e2,0,0.089723,0.068531,0.116649
8e16040b-5a6b-8716-8186-b6ba2fe5f28c,0,0.24098,0.176674,0.319607
ea9854bb-7552-9a67-4d07-c1d39386496f,0,0.318601,0.237586,0.412302
755fcc33-a4ed-a27a-8d4b-a4441ba11c9b,0,0.46798,0.363464,0.575383
b9172784-c8d1-a59f-dbb6-c9865ce49d20,0,0.45507,0.377825,0.534539
c2417307-3146-22b5-a406-a401266a08f7,0,0.254286,0.19677,0.321877
77b81ebf-175a-3ad9-317f-5e9fc1618b26,0,0.128685,0.093114,0.175219
4db20934-38cb-6cae-73a9-009c4a790a30,1,0.065132,0.050631,0.083421
2b5f3aa8-9f21-1922-1a24-07cbf572a636,0,0.157002,0.114294,0.211852
e54bf19d-7274-7a4b-c85a-192c79f2900f,0,0.251155,0.195894,0.315881
ac6c2060-e562-8487-7735-6a1e2f2cef8f,0,0.11479,0.081819,0.15875
a6500331-6d92-aa44-2fa2-5c29985f441b,0,0.093789,0.07331,0.119253
bcc7c498-b7ee-ed04-c8b8-9da1d0cc5ffc,0,0.106067,0.077127,0.14417
b368d144-0d24-dad2-bfa0-b93ce300f9db,0,0.475491,0.358349,0.595394
296e98bf-644b-29bb-d752-bbd7914b97e5,1,0.087429,0.057166,0.131477
2f0cd99c-7287-0352-432c-7a78d8dfcde4,0,0.219474,0.157059,0.297927
d0139107-b187-9558-32f0-6acaf7998abb,0,0.422746,0.32969,0.521628
9270faae-e2c0-be7d-e9e4-de4c3972955a,0,0.118132,0.089966,0.153627
ba3f9006-d8b8-1137-66ac-b7b2c2363a50,0,0.605007,0.495332,0.705041
68114768-eb9e-a545-811f-22dedd60c2cc,0,0.534544,0.428101,0.637932
d88b981d-c2db-c450-6e08-6f9770b4887a,0,0.411459,0.315914,0.514182
0067295a-997e-ab75-8f83-044523a13a18,0,0.397007,0.307247,0.494279
f7d83a8f-20b5-4330-e84b-35bf41a1f750,0,0.351071,0.260731,0.453509
0c4bf379-d4e7-c5f0-cef2-186f1fcc9315,0,0.58664,0.486122,0.680423
1bdf5fa0-28bb-eb21-accc-7712d11bad54,0,0.206574,0.154168,0.271084
c3cc64e6-55f6-a841-526c-7df822febf5a,0,0.150177,0.101879,0.215869
1517665f-db54-9bf1-fd76-8feb925f7db4,0,0.40808,0.312107,0.511616
03bb86d4-5042-1d0c-32d5-0f32d6faa2f7,0,0.114581,0.082073,0.157751
d4b18b9c-a6fc-b1d4-113d-91f6b362acfb,0,0.199471,0.116047,0.321085
caa0d5a0-472a-567b-a23b-83aabe971350,0,0.286673,0.20753,0.381469
11a3ed66-40d3-06ee-78ea-3773f44cbb08,0,0.324958,0.234421,0.430787
3ae289d1-ad7a-cc20-a5b6-836776e4ba9e,0,0.206942,0.147128,0.283005
fde54478-98bc-dc5b-094f-b8a334c15f64,1,0.056822,0.03891,0.082274
d15722c1-25a6-c10c-d00b-03d1ead50f47,0,0.713179,0.572796,0.821784
913e2dc2-d86e-9e42-b646-89c7fa6605c7,0,0.105679,0.074648,0.147553
df57cd5b-e6fd-0029-2274-5b9bdd445a60,1,0.07125,0.05029,0.100025
d854d353-c093-622b-9e6a-d556814db1ec,0,0.254286,0.196768,0.32188
0e415930-000b-8a4d-1672-6b31f40c9c4a,0,0.254286,0.198557,0.319423
5ab9d9ef-986c-b69a-e3f4-88be222e1567,0,0.192323,0.135855,0.265061
1ad27a16-f24a-b57c-0836-17ae5011cd6b,0,0.414838,0.317525,0.519282
8ef43603-1a47-efcf-2569-2c96b6c37e12,0,0.128412,0.085191,0.189031
852f7cf9-31ab-6c43-f6e3-513b4bf5aaf1,0,0.390649,0.265195,0.532447
cbfa3a1b-f405-5533-ddd9-986728f528e0,0,0.105938,0.075336,0.146995
6fbf050a-f68f-44e7-e1c0-f51644caa4f3,0,0.415319,0.313545,0.52487
9cf9271e-e103-5a89-d44a-00c03965843f,0,0.305151,0.238365,0.381281
67416915-fabf-751f-79d9-cc9fc4e692f7,0,0.379575,0.276276,0.495078
9aebd84a-eb26-893b-66d1-52e69a8cf2ce,0,0.093925,0.072873,0.120268
1579ddd6-d0cc-e532-8882-fe4b1648cf16,1,0.069875,0.049272,0.098203
79d3aaa4-597b-86e4-8b97-af3f56269147,1,0.066648,0.049411,0.089333
8559fe9e-0557-3fe0-6341-c20b8d29ee26,0,0.127648,0.089333,0.179162
89fb4153-df11-a911-ed87-f79a32c8977e,0,0.698044,0.616959,0.768407
74eff855-2928-77f9-a11d-0c8558572474,1,0.079007,0.051284,0.119824
5543381e-4a4b-60fa-6aee-19909e42a982,0,0.459884,0.366912,0.555733
590ef72c-8c3f-b845-1c0d-0de66155474f,0,0.242545,0.177946,0.321427
bce7fc03-627e-c1c4-e087-7e07bd980192,0,0.411459,0.331048,0.496894
1355eaaf-49c5-af8d-f2b2-b18bdb759d19,0,0.302828,0.24253,0.370779
5d02b0a3-f6f4-4147-4056-41ea4d9de65b,0,0.101626,0.072088,0.141421
71033b6d-6d4f-0ae0-6877-e1481a2f1d0e,0,0.58664,0.457353,0.704993
50642625-33cf-04d2-564e-84512386a3f3,0,0.320924,0.255422,0.394328
0251498a-cfd0-a811-872c-47c23efdd137,0,0.517015,0.390416,0.641467
3315d11d-6e0f-6bb2-ce9c-a522032f6c56,0,0.158072,0.111461,0.219361
c508f79d-6109-2539-a7f4-c06bfac002ae,0,0.234136,0.167863,0.316617
a5125771-6ffb-e24e-b91d-baf828a897e2,0,0.304203,0.231485,0.388224
bd3b3b6b-6c0b-356d-6f33-a5a2b3a2ec48,1,0.074784,0.056416,0.098509
1cfab494-596d-8360-e25c-6d1c6a78d05a,1,0.083033,0.060852,0.112333
e4fff491-6fdd-e8ff-fae0-17a75c0a0386,0,0.143349,0.10277,0.196444
6f664f49-c851-485c-5cc9-cd1c7fb80294,0,0.247241,0.177794,0.332834
d36f36fb-4ff0-c6a9-f9e1-543068903548,0,0.228317,0.154213,0.324375
8c178ef3-ca94-99b1-542c-a55c283b7d22,0,0.721374,0.593642,0.821059
b99ea275-52f5-bd58-6f28-2815e678d554,0,0.123967,0.092249,0.164615
9ee218ea-a5e7-caaf-449a-185ab2f5f52f,0,0.089415,0.068594,0.11577
e1131fb0-6eff-3d84-2b52-b1da44fe0ce5,0,0.40808,0.310203,0.513836
96655c86-b699-f3f5-2f61-4110d242d9f6,0,0.520539,0.393407,0.645065
4057a7a6-5a09-b8c9-09fe-ec8b66f3d79c,0,0.235463,0.185711,0.293736
7871e7b8-abbd-18cf-ae0f-99236378e8fa,0,0.288887,0.21286,0.378995
489261a1-4630-5088-45a4-205ea2e7473d,0,0.153584,0.116112,0.200409
aad9b5c9-0df7-1e98-960c-3e57851f00ab,1,0.069257,0.052733,0.090466
f144b08a-60cb-ccf5-8dcf-2cee06ebb299,0,0.368502,0.275038,0.473004
3e3a8b3d-f27f-22fa-9e31-d52448a975cf,1,0.051685,0.038394,0.069247
1d4a73ed-2298-9e35-d9d6-41ae10b3dbf4,0,0.573616,0.458973,0.680858
99fc7229-133a-1c7f-49d9-32431fc15caa,0,0.093925,0.071276,0.122819
790f6de2-6f53-9518-d16a-5585dbcb9145,0,0.62554,0.515722,0.723792
2e79a901-da49-4e0c-80bf-320ebdf94cf6,0,0.40808,0.312321,0.511367
09c137f1-dd39-30ee-4195-46795327d75f,0,0.659647,0.518113,0.777466
2b558b29-7452-65f0-66cd-b6b41445c68a,0,0.105679,0.072178,0.15218
b0cdea7c-3f99-9be7-8a99-7ac49f57217b,1,0.061937,0.044451,0.085683
c7f1481a-1e88-9094-6ec6-657a26f0edac,0,0.162845,0.120845,0.215857
14a2e1e2-9ce6-2b08-1315-b0b60729ffd6,0,0.427966,0.32421,0.538469
b325426d-ee30-fea7-ecb6-d85894af75df,0,0.162876,0.118618,0.219533
8e85a266-f2ad-f289-0ab7-0d01b3a12487,0,0.147489,0.089775,0.232818
71df2e12-5934-8533-7d05-261afe6305ec,0,0.92825,0.901876,0.947944
f395ed3c-5183-2b48-a58b-e4a03022b4ca,0,0.11479,0.082752,0.157107
2da25c34-3dcd-1447-abb9-25a3ef0dad8f,0,0.206414,0.140228,0.293186
7cd72834-2f9e-fd84-2cff-cb1eb1475c0e,0,0.097843,0.070807,0.133716
0e7ffbae-4291-5a9c-ecde-eb76a4202d25,0,0.868965,0.798726,0.917233
8da54bea-e486-5207-fcdf-5e980571e885,0,0.711325,0.577155,0.81646
cc479c41-2e74-3f14-1c32-7e5e3b8066ca,0,0.313038,0.228836,0.411682
80a235ef-a647-5f26-515b-ee654d904dcd,0,0.306771,0.22637,0.40093
95296544-6b42-7e43-8aa7-3169051b5d42,1,0.052412,0.038833,0.070392
e227e7ba-e1bd-1e0d-6b3c-6a493455e99c,0,0.914488,0.866396,0.946341
4724d5ae-9517-7efc-2fab-a83483c758e3,0,0.27055,0.193327,0.364673
5abc6518-2c7e-07eb-f1bf-77d80002458c,0,0.672817,0.522344,0.794533
b922bbc8-5d21-ae7a-27ff-4ff0879e88ad,0,0.875413,0.805582,0.922573
26d9671a-5835-5c13-4f75-ab76814fd072,0,0.093888,0.068075,0.128142
56e943b7-cb5c-e622-e265-da01f9047bd9,0,0.362144,0.260024,0.478439
8fe35ea0-d8af-0b5f-86d0-2c59dce666a8,1,0.081009,0.057885,0.112271
425fe041-b8e8-9e5c-917e-7a3c84aceb76,0,0.093888,0.07276,0.120353
8eab0ef8-ba53-299a-779e-f740a6afa3db,0,0.114242,0.089313,0.145021
cf8aed61-50e9-f594-6d55-04b66c7fdd06,0,0.870507,0.827196,0.904219
9c40332e-1def-a8c8-3ebc-5f6d7d6eb816,0,0.591984,0.449055,0.72088
c3625dd9-effd-5e91-27ed-1b6a6c4a6a2b,0,0.093654,0.067705,0.128181
bcf73451-6e78-4922-3931-3fe10887363a,0,0.30732,0.227203,0.401028
c2293711-7e8e-10be-6bf7-4e8907f65776,0,0.92825,0.901085,0.948381
eaad0485-71a2-84b3-dc4a-c0039373550a,0,0.162865,0.117837,0.220794
0bed3222-c58e-cbcb-053b-309e316fc33a,1,0.051779,0.033402,0.079435
bbabc88e-28be-a000-bab2-14682feceb40,0,0.257417,0.189225,0.339883
ba983553-a673-5304-7400-1955a947fd7a,1,0.069257,0.052903,0.090186
2dcb2ff3-46a0-006c-e3f6-fe8f38336e79,0,0.169246,0.121895,0.230169
9c987b9a-e146-31b1-bed2-f0127102d7f2,0,0.308391,0.246854,0.377578
b3febc4a-40ca-cca2-e286-c358ee803fd8,0,0.40808,0.315025,0.508229
f461180a-ba29-32b1-65a5-29ccb5168efe,0,0.312334,0.229753,0.408844
0a1e8f9f-c4f0-57c7-9ba2-1c442fb7aff6,0,0.844715,0.784248,0.890599
6c1cb515-acb8-9873-fc8a-7d69be478aec,0,0.22544,0.165552,0.299224
6d8f337a-f809-044b-8f2f-43fee93e4327,0,0.109985,0.080349,0.148784
7f8a8d6d-de6e-450c-d100-4b5f5e5facd8,0,0.156981,0.10735,0.223806
c16ed61a-c41b-afc1-4546-365242beaacc,1,0.081068,0.059687,0.109218
9a433414-c9ae-77b5-f820-536c118ef112,0,0.257417,0.199275,0.325624
3929e26a-7131-193a-bd7a-ec2c22609884,0,0.101761,0.074451,0.1376
7dc619fe-b927-98c9-06ca-0a702cbfbce8,1,0.074193,0.054204,0.100768
da424dcc-8278-ccc5-38ba-daffe5664cc6,1,0.075568,0.055242,0.102561
bee9d390-dd6e-0d4b-80bc-f2c0e6c4c758,0,0.478002,0.383578,0.574025
56ae4783-0744-2151-55c6-3f2b1198577c,0,0.109727,0.075386,0.157053
342aea95-c52c-c4de-ff4d-8ac0f7caaac0,0,0.091614,0.068257,0.121919
9c1cb48e-741f-332b-1318-f75a4f0692a5,0,0.093654,0.067425,0.128678
d96158c0-9229-d3fb-6453-813bc9e3a56b,0,0.132093,0.090424,0.188974
43703cac-ddb0-1640-1750-4b21ea3f6f57,0,0.284944,0.196575,0.393578
98c2ac6b-444a-40cd-0e94-5dbf043cdc91,0,0.691105,0.589257,0.777246
ce7d33b7-e541-31c2-ec77-ff95757c6b1c,0,0.093789,0.072876,0.119927
cec76636-bdf5-549b-b0ae-b6ea536aa117,1,0.079828,0.056974,0.110773
71e008e7-7867-5d00-cd87-dea3ecb53ef8,0,0.784784,0.681931,0.86115
361bb4e1-d197-515a-3087-aafd7073812d,0,0.235226,0.182689,0.297375
e17d0a5a-da16-75b0-3c00-7b33a2e3d5dc,0,0.10332,0.066613,0.156857
70576832-9fea-a4d4-ea7a-9f7d6437f969,1,0.081068,0.057715,0.112739
2a35afa7-e0fe-4c0f-c779-4b9d676bec38,0,0.16122,0.105942,0.237674
79b9c566-914b-8e63-31c0-038fa4b3d594,0,0.445437,0.359576,0.534682
600e5a98-9924-95d6-9037-a2dde980678a,0,0.229468,0.176593,0.29255
f8283d6d-e520-1ed2-c364-1ccd42e4fc4c,0,0.40808,0.339416,0.480531
b0a22a96-ba34-8c96-f820-dee7d4d74862,1,0.087429,0.06336,0.119475
cb174f4c-3b89-48fb-bc60-5897c9817ca5,1,0.056811,0.041167,0.077917
48085239-a6c8-4925-989b-6fd3a476f8b2,0,0.870507,0.823231,0.906574
6c7d9db8-2bce-7542-96bb-9179718ce7f1,1,0.060111,0.044579,0.080598
0d168c22-3a4d-c91e-ebd5-b0368b3ffd0c,0,0.151139,0.105688,0.211512
33b0cd98-ee6c-f4fb-edc3-b7ea3783849c,0,0.215655,0.145781,0.306984
dd6dbd24-5578-bf60-bb2f-cfe3cfb48f3f,0,0.129721,0.090214,0.183048
f30b35e9-3c90-136b-63a0-fbf9af1752ef,0,0.844715,0.780171,0.892909
e33e4d27-c0bb-9e60-ba78-01b5a6186614,0,0.333639,0.242467,0.439217
8175d2d2-451b-6043-b9d0-0bd20fc10336,1,0.081068,0.053955,0.120076
648a0b94-5604-180e-49aa-6af9afb9c267,0,0.691105,0.615059,0.758038
b0f6dd7e-75f2-4f96-9110-c1aa1ff5cef0,1,0.087564,0.064691,0.117509
73fe9427-c0b2-e473-81cb-d9716eb1f944,0,0.114661,0.089471,0.145807
dc063c12-6536-3fc0-e9d8-5acbaaef1e89,0,0.118889,0.080492,0.172173
6629dd3f-4a64-4a51-f49c-6600aeed7da2,0,0.12257,0.087132,0.16974
d2e8a357-7770-fccc-5295-7e06b98d6490,0,0.091689,0.064977,0.127879
6115ccb0-b9c5-72e2-adb6-fac59328334e,0,0.645367,0.51469,0.75744
d83c9d9d-5927-6f9a-b784-07d141ce45e3,0,0.114451,0.081193,0.158976
bda6f804-8dfb-bf65-eb02-b316ae7e9a2d,0,0.097843,0.072183,0.131333
0c713df2-4f80-39dd-2828-1d10bc33279f,0,0.463187,0.349988,0.580311
21a9e905-09f9-18ae-ac6b-ccfa8a08fc3c,1,0.078909,0.05678,0.108668
fe05ffd2-d8eb-4bdb-713a-baee01af9c70,0,0.560592,0.445839,0.669213
de38d7c2-66a4-7c52-0d16-94555f6b7e2f,0,0.414838,0.317194,0.519664
ad852302-f9b6-ec32-195b-e38ecaf6da21,0,0.26868,0.189018,0.366735
ea196fea-24bf-67d7-1a3a-00e8a3abecd0,0,0.10202,0.073918,0.139199
d1eafaad-6a96-604f-cb59-0724b5bbfa21,1,0.075374,0.048805,0.114665
b765b142-5f4a-5472-b51e-5edfa175a0a9,1,0.078909,0.056441,0.109284
67a9ea98-893d-9517-7052-eae65d22cc2c,0,0.435687,0.328363,0.549396
714d5d39-927d-e638-a8ad-41147fa517cd,0,0.252721,0.193244,0.323171
a87f7030-b613-5298-9cb2-dcab62ab84c7,0,0.284944,0.214892,0.367153
8a3adc96-4e79-5af0-085c-698781f52bfc,0,0.137935,0.093406,0.199033
d4a07d32-f1b8-5f82-aa71-b7c99800f754,0,0.309094,0.227509,0.404612
6bed8fef-8bcf-5f9d-c19e-f08c5c157fd1,0,0.344713,0.252234,0.450663
e2c26b4b-b91b-ff13-c338-6459411b6e4a,1,0.063898,0.049245,0.082531
d9ab568a-a2e3-c436-ee2c-74dbe42c4f7b,0,0.309094,0.241103,0.386494
0c72ef68-87f1-5b77-aff6-bc4d2d0e6d6a,1,0.033814,0.026174,0.043585
9ce15b77-3410-a9da-d772-cfda969881c9,0,0.222018,0.15575,0.306253
0cba80b2-88ea-dc36-5d82-3d6efdd66dad,0,0.40808,0.316716,0.506273
3fb06234-5c97-1b7d-4e34-8277b07d27aa,0,0.900884,0.825559,0.945818
a47a2fcc-d660-64af-3bbe-b5725c5b1a77,0,0.091689,0.069293,0.120386
2c4f1a89-a6f3-eb82-fd71-c612acbf46e6,0,0.109985,0.080528,0.148478
a9b6937e-44df-83b0-f3d7-824236fc5925,0,0.397007,0.305657,0.496149
640bb00c-ce8b-6fc0-cc19-e3513d0e8ec9,0,0.091824,0.069546,0.120316
30460c63-fb92-bee0-d37a-34cf80cfbb9e,1,0.076848,0.054114,0.108041
80aee432-ed1d-c2eb-1886-988102d8e100,0,0.234136,0.182422,0.295215
2a0eaa2e-3bea-6fa6-15a3-d78bbd22ee9d,0,0.40808,0.331394,0.48952
4a58428e-2778-0310-e37f-20febddd6b17,1,0.085328,0.063015,0.114575
d9ee6616-fa54-749d-ef4d-16e0de3312e8,0,0.105808,0.078446,0.141252
dea791d2-2c97-8bd6-10bc-c0210c921574,0,0.091824,0.069438,0.120493
f057ca76-054b-663c-1d91-e778cc9abb80,0,0.18739,0.138013,0.249323
c9bcd0e9-e8a6-1153-7e60-844f72221cd6,0,0.523509,0.396806,0.647256
ef66a443-088c-6f63-fa99-f31279d619c2,0,0.397007,0.312007,0.488714
4fd8001a-aff8-e87a-5001-ffae436d57a0,0,0.168423,0.123856,0.22491
a45666a2-37fb-4d73-e006-433032fd3a76,0,0.227291,0.176731,0.287267
a063a970-35db-f8ed-6855-090c3bbebd80,0,0.612644,0.508124,0.70773
5f57bc93-3efe-db09-53c4-ff9d60d0efdf,0,0.59962,0.474369,0.713078
aa3927d4-7a5c-1ce1-4fb9-b4502d2c8312,0,0.339997,0.241788,0.4542
d25e1341-5907-2d6d-793c-a4bc0942672d,0,0.101761,0.070586,0.144563
2853ca3e-fd2f-4b4d-7716-d327ddb3b778,0,0.114999,0.082776,0.157611
2c75ac74-429b-2c43-87bf-38d762da8825,0,0.204238,0.136175,0.294715
1246ae74-f6e3-632b-d288-a1f3613a02cd,0,0.251155,0.19152,0.321965
f9adaa35-372a-bbda-6463-cf06474b979b,0,0.300259,0.224209,0.389165
200893b6-060f-98b0-b182-c5ddfb9418f3,0,0.534544,0.429365,0.636739
92d4030b-27f0-98c5-aead-144bcfdc7088,0,0.414838,0.313913,0.523454
eef83159-843b-8b9b-a02a-482124ba6f65,0,0.242545,0.188857,0.305742
3c75fae5-020b-6256-a77f-02423e3c39de,0,0.92825,0.901446,0.948183
2865f3c1-b86e-e37d-249e-2dddb73d3093,0,0.273681,0.202385,0.358796
8c3d86b3-7090-0fc2-b034-371aff8cc2c9,0,0.302828,0.228984,0.388487
dc686975-9bfc-67df-0729-687d9ddd6220,0,0.093617,0.067634,0.128209
cc698474-7bf2-7287-d50b-b79c999f6db1,1,0.06864,0.052161,0.089832
23fd9177-b110-5297-17f7-7a504d735896,0,0.426125,0.31259,0.548021
d0a9dd4a-5149-80b1-4eff-e05d453868e8,0,0.40808,0.328624,0.492651
e3867ed3-e02b-86cd-ef33-2bb77164390c,0,0.093925,0.073601,0.119138
d740017f-5bd4-83ce-f0bc-ad05151ad2d3,0,0.560592,0.438865,0.675441
8cce6d0a-2b93-46bb-43f1-6de6b21fca19,0,0.147752,0.105898,0.202403
2e1f531c-2e55-68ad-7877-579019cddf8d,0,0.224895,0.166325,0.296748
39e98f38-eadb-b036-9ebd-208d5ec69887,1,0.062663,0.044197,0.088133
742279d8-3f1e-9f28-9b2c-ecdf5ffe76ff,0,0.294696,0.225925,0.374278
424682ff-8bc6-0004-d213-a427d4447940,0,0.691105,0.590762,0.776167
a6a53104-2af8-7981-e01b-545e449304f2,0,0.844715,0.782592,0.891546
fb5037f1-e049-eadd-8d54-efb7e28d1f99,1,0.05316,0.040822,0.068959
ebd071ba-f959-659c-99e6-46fafaf0e1d0,0,0.117748,0.089385,0.153593
e2e96e00-0b36-eff9-08ad-b78a3c34bf58,0,0.999999,0.999998,0.999999
d26f729a-ecc5-72c5-f4e7-b36037af4f1e,0,0.093925,0.067953,0.128456
34d40f43-201d-b253-e9f9-aaa9062c6b40,0,0.691105,0.591131,0.775902
ce4249d5-6265-f68a-5179-6d6145782458,0,0.40808,0.335142,0.485305
52d1037b-f245-645b-147b-e92150b7ea9d,0,0.838718,0.736634,0.906268
ef490dab-d53b-473c-fd04-7e76114eeb30,0,0.40808,0.317945,0.504855
2d6c19be-22e2-dbbb-786f-a05a46039de5,0,0.58664,0.456004,0.706122
4d12491a-ae9b-c0b5-79e8-2336c13bc9b6,0,0.65064,0.483526,0.787451
f3e9efc0-f2ad-d17e-a31c-5164123291b1,0,0.316981,0.236208,0.410529
3ab28cbd-c745-bd15-56ba-fc2e023579e8,1,0.067882,0.051957,0.088234
c0bfb837-354d-9bf7-9d30-3c4f420602d8,0,0.105808,0.076733,0.14418
663810b3-73b0-0445-c94c-55f54808c95b,0,0.333639,0.241916,0.439957
6d875626-f0c4-4375-ff48-94dfa384f722,0,0.105679,0.070474,0.155528
e80c138c-e4c5-ae3d-8791-84b74819e8a3,0,0.41783,0.330912,0.51017
625f5b48-de1f-633d-d358-0292b8b408d2,0,0.320924,0.237382,0.417762
af1a2fb6-c870-40cc-4481-560e895a142b,0,0.534544,0.44707,0.619945
f7b3aaf9-d16a-7630-6d9e-2f06bcc2ed56,0,0.896297,0.842655,0.933104
3bec5135-3e8d-5650-fa89-f5bd8b3ae42e,1,0.07125,0.054411,0.092789
e1018c38-1b31-214c-8d32-4feb71c9559e,0,0.134801,0.097295,0.18382
c508e9fb-ea69-7475-435a-57dbb4d9a139,0,0.221473,0.152041,0.310983
6fed7606-4bb4-5d0a-7601-25bbf7bede9f,0,0.117471,0.089393,0.152888
9e7412a4-e558-6415-7f7a-354e33098bb8,0,0.254286,0.185412,0.338125
4b8d3926-da18-ef48-9b03-09561661012e,0,0.089723,0.061787,0.12856
fd6bc8f5-3a7a-1f8a-8fcd-5f8859ca08f0,0,0.599664,0.495901,0.695197
1e46b030-b23e-46b2-0c39-82aa00db9e35,0,0.125109,0.09294,0.16637
9e2c4c50-beae-8a7a-e38b-ca580c440c59,0,0.573616,0.431109,0.704864
b84a55e6-2cdc-3b8a-a1e9-f3de42108df7,0,0.238886,0.172876,0.320338
985826f2-1a7a-0f8f-62e5-2ddad0fb4b96,0,0.114451,0.083092,0.155636
1dfffcd6-1839-0603-d385-089ac01a21b8,0,0.418698,0.342547,0.498932
05df542c-4de0-aef9-0121-1c12209a7276,0,0.114999,0.087183,0.15023
cb2e0b3e-d678-a150-9e57-7b2fef69b1e8,0,0.461167,0.323922,0.604564
fb2e7255-a340-f44d-2bfc-acbfb33d08da,0,0.110195,0.079715,0.150423
1b007f22-17bf-36e4-a015-ed70192ac5ef,0,0.21374,0.148219,0.298089
3788045a-362a-9de4-1528-c8999f44abe8,0,0.253908,0.183952,0.339403
0a3314f2-3892-f46c-aa55-30c86441eb97,0,0.573616,0.438517,0.698555
97b56a1c-1742-4a8f-727f-fcefebd75903,0,0.093888,0.072779,0.120324
2e0fb2c6-342d-7bdb-3089-c7f2f3e37682,1,0.085463,0.063205,0.114601
1e6659f2-59a3-756e-2764-101301cc8fd0,1,0.081166,0.060246,0.108512
5b6f3d88-3b41-428e-e87d-b52f16b5eab5,1,0.054985,0.041017,0.073347
b8d2496c-c17e-c707-b7a6-1bc2d8b06d48,0,0.091614,0.070422,0.118371
51f0424a-bcf3-28bb-cb61-eb707ab21710,0,0.397007,0.315549,0.484604
2630cfa7-30b6-d6d7-6eec-f7c44ef00f63,0,0.093925,0.071736,0.122074
e2eabaef-e937-20d2-13a7-00ab35645869,0,0.683328,0.577186,0.77329
9c37fc41-127f-f764-2c7c-2b55b2449816,1,0.087391,0.057677,0.130297
030d5fa6-9a99-46c7-4c58-a670e7c758b4,0,0.302583,0.222273,0.397093
eeafc2f1-cba3-2068-dfef-27d79e2032c3,0,0.516491,0.375193,0.6552
47f11df7-99de-4080-3098-a7790012a4ae,0,0.67747,0.593901,0.751051
385c53b5-2ae0-cc09-adfb-a15ce89d9828,0,0.120696,0.084613,0.169321
cd701873-acd1-7286-be3d-eb8bf91fd4a5,0,0.132103,0.081215,0.207671
90ca2ee9-f46c-e995-d35c-b5063b7de87f,0,0.174698,0.12962,0.231288
fbd2dac7-95b9-1995-34e3-737174c65092,0,0.24959,0.192421,0.317076
3d059cce-9c81-66c4-06e0-2627a3615a97,0,0.49396,0.35533,0.633525
29c7558c-bf29-ea40-55b4-0cbb09738611,0,0.310714,0.231444,0.402902
d91c0e27-4427-0e2c-d84d-629a15124f47,1,0.069257,0.051943,0.091784
666b7d7b-da00-fdf3-1803-7d7f82efb887,0,0.333639,0.255175,0.422544
c0ffab60-2738-1513-304e-12911460a235,0,0.246168,0.173441,0.336957
6f23aa73-072e-5bf8-622e-b652587190e2,0,0.250372,0.182089,0.333811
9221f2f5-3efa-a2b7-224a-a059dd15a765,0,0.093789,0.071745,0.121718
0fd48b4e-c1f5-32cb-dfbc-ab9eeee7b662,0,0.411459,0.329756,0.498354
595c7e87-38b2-b585-47ec-41649e09e58d,0,0.92825,0.900932,0.948465
430dd98b-70bb-133f-ab1c-f3f2b3b0727e,0,0.101761,0.073517,0.139226
94185505-be5f-c026-b8f9-b7ab6056ba84,0,0.310714,0.233978,0.399493
7983d14d-4ee4-b837-803b-395d95586264,0,0.109727,0.080634,0.147631
4bd6a25d-c338-df4a-5f34-f5c9a358a246,0,0.110114,0.080779,0.148383
a31ff82c-a486-8598-1281-3e4b5fce7ad8,0,0.242799,0.172241,0.330714
0d4e8ca8-6d0d-26d7-43bc-325019ecbf3f,0,0.089317,0.067057,0.118031
d0e635d3-bc03-055f-da25-f7cc36b6bde2,0,0.411459,0.333553,0.494072
f5a78e6b-7749-fcf7-699f-740e3f1b1778,0,0.162855,0.12423,0.210602
9d9ae38d-55f1-a523-46c2-a1110bb77c45,0,0.838267,0.769984,0.889196
8defc0f7-775b-520d-56bc-55496bc851cc,1,0.055359,0.03759,0.08082
b1ff80de-f4fd-591e-fc3f-978a9b894ddd,0,0.889017,0.79141,0.944172
1a99d1de-4915-1729-a7ab-a37b5299a773,1,0.083363,0.06262,0.110168
67619f38-dd25-c3c7-3b87-bd28126ee083,1,0.070633,0.053101,0.093381
9fb04987-2fcb-d427-989c-51739028dbd7,0,0.691105,0.616936,0.75658
72e34cc1-1060-dd19-c9ef-4c35a1b438e7,0,0.863798,0.806236,0.906248
910185ad-3f4f-2a61-7cfb-a213399b89ea,1,0.063898,0.049363,0.082341
3335f84e-fe91-de36-2676-f534bb7cf846,0,0.999999,0.999998,0.999999
1f62b13c-5d9b-6705-2ebe-edbcf6651d4a,0,0.534544,0.428666,0.637399
14d97d5e-e20a-beee-0c43-54d90db75c06,1,0.072625,0.052985,0.098786
ac6131df-21e7-b5a3-77c9-4d69887672f4,0,0.320924,0.257816,0.391335
99ae65a6-fb86-d113-63fd-4911175e65ad,1,0.069257,0.052668,0.090573
4fa0ad04-f95b-7e06-3ea2-e7f1c77fd4e2,0,0.103619,0.07484,0.141768
3c7e06bb-dde5-54ca-4cad-ff626cc1a7f4,0,0.238886,0.171459,0.322506
4cbd08c8-7e8c-580a-aca6-29d9bc82b958,0,0.12625,0.093817,0.167819
2abb175f-6ef7-7c8e-b238-573e91cf4c3d,0,0.11847,0.088523,0.156806
9e23cdef-70a4-c9ee-b935-0d69d651784f,0,0.351071,0.235502,0.48721
a43730ee-4f49-0875-26e4-6e5cadc7ec22,0,0.766778,0.699217,0.823006
2e5b9719-ef56-4229-839a-37ef34e52944,0,0.719522,0.59804,0.815609
943c9e8d-364b-0dc7-6fef-23d0b1d95aeb,0,0.599664,0.492879,0.697752
6e8a4556-ab35-3338-86b0-fe13ed276402,0,0.547568,0.414924,0.673784
65a3c506-70fb-991b-7220-87f3ac2c34a6,1,0.051323,0.039655,0.066188
0d75aeaf-38e7-f8f2-0973-50dffc0b4ea4,0,0.92825,0.900296,0.948812
1c0e75c0-1f38-656a-ab69-2c30c0804fc4,0,0.134642,0.096427,0.184903
b0afb40b-30f7-5241-ee83-49abae98d620,0,0.23834,0.171678,0.32086
4049b130-51db-e327-0c79-1a54987ec34c,1,0.064655,0.049209,0.084519
efd6469b-e16a-a2f2-2bea-b5dae9af72d8,0,0.234136,0.167516,0.317155
00a2c2ca-cb31-177b-6869-4dfc77ed2d8e,0,0.838267,0.783505,0.881275
51b3648d-abcd-8647-7bbb-ee02e7c5a409,0,0.281813,0.207745,0.369957
9d6d5c57-db4e-1c41-58a1-111621fb1e78,0,0.137935,0.090471,0.204696
d73af818-a0a9-4712-bd59-b718eb502e01,0,0.704386,0.606334,0.786611
386d5b45-a662-8700-f554-666e5ed89a35,0,0.807818,0.69137,0.887481
ecf8a31d-4948-4f3b-adf0-df6d709ecfab,1,0.083169,0.058441,0.117059
79a7fea8-1059-363f-0c65-962e7196bf0f,0,0.150177,0.109733,0.202142
f266b198-e51d-6451-58d8-ec7eeef71b5b,0,0.251155,0.18362,0.333386
af98e2db-e2c9-2153-467c-7239bf5bfeee,0,0.257417,0.187089,0.343026
639b5149-ee9d-9f08-0e7c-75490440d3b0,1,0.072625,0.055384,0.094695
52da64dc-d30f-a0d9-cc64-23bc0ef7b457,0,0.173733,0.124986,0.236358
f48c348e-4ab0-7ced-b7e1-6b0a79bd8a37,1,0.062663,0.047648,0.082003
f97dc755-077c-7b98-a630-c1ca2ba19df6,0,0.614064,0.477358,0.734872
11baa64c-48b3-68ad-d023-b42a6701a91d,0,0.258504,0.187898,0.344392
684a8c97-b1c7-8575-5805-6dd2c6df72bd,0,0.114033,0.087261,0.147689
2509f978-8b29-c8a3-ebdb-1ac3a20377f4,0,0.109856,0.081689,0.146189
6ea9b03e-929c-e017-3e5c-0a4828052d04,0,0.306771,0.229061,0.39726
08f6440d-4655-2120-ea15-8a6ec27e2b8a,0,0.093789,0.071878,0.121506
7a0b8280-87b7-23f5-d1ac-7bf0a1b0a229,0,0.414838,0.337422,0.496701
b5cc2d83-170d-064f-4510-71ce5033aa16,0,0.262418,0.196964,0.340402
c7ac72b8-4f6c-185a-66b2-3e1e114012a0,0,0.547568,0.443287,0.647835
66cbf3fe-cd93-f63d-ffe8-de982cb4559c,1,0.061937,0.047459,0.080458
cf835752-176c-5a0e-73ee-febf8123e8aa,0,0.418698,0.336859,0.505271
46644d09-0526-8b21-fec4-59d6f18b627c,0,0.300259,0.2254,0.387541
47a7cc3c-5d76-c4c2-765a-359ffd976d1f,1,0.085426,0.060769,0.118823
3da2e088-5116-c2f5-c5c7-9666d3441860,0,0.40808,0.336921,0.483314
8738ae5a-6054-e313-5e0f-26c3765cc4f5,0,0.435952,0.343968,0.532565
e29c1238-ffcf-ce7a-fc24-75b62fbab5f3,0,0.091824,0.068412,0.122198
50d508e0-dc35-b824-c324-0a90a0e7678d,1,0.058275,0.042542,0.079343
c81ddf3d-593f-c5ea-5cec-cf26193407ed,0,0.292831,0.213403,0.387267
a396b02c-ae33-395c-4469-9730339e2e53,0,0.541074,0.409561,0.667104
e43ab1ca-3385-bb3f-5a2b-375a481c6525,0,0.098182,0.071079,0.134126
bdbc6b09-9527-da6d-12e0-5e75ef6414bc,0,0.265549,0.203043,0.33911
3ef25ded-5176-c12f-da60-b96629018320,0,0.223547,0.164726,0.295931
7bac3ece-82c8-8dae-b1a1-ff3a63384120,0,0.097843,0.071629,0.132283
f06bc5a7-96f9-ae4a-c93c-4b78afa1ab47,0,0.182383,0.134994,0.241759
b4d32ea6-4cd3-fc74-048a-07fe81eeafbc,1,0.069875,0.053387,0.090966
44a9ba99-7d26-47b2-14dc-340a84b219fe,1,0.056822,0.042427,0.075716
17fcb706-6221-3f86-1a5d-8ab4a1570f12,0,0.534544,0.429169,0.636924
d8f4c9e8-cd5a-030b-1b0c-d71f5fa03d7c,0,0.691105,0.618445,0.755401
bfcc5a54-7faf-fc4d-0f17-27e3cee69e7c,0,0.999999,0.999998,0.999999
83378c9c-fe9e-aa62-2cab-99e3f577e3de,0,0.131121,0.087038,0.192815
1483bd6b-d8f4-5179-8afe-70e1b6794c66,0,0.169246,0.123367,0.227753
f051ff5f-b9c9-8187-5fab-3d96225e6f01,0,0.257417,0.188038,0.341625
3c41a777-db23-8ebb-f372-451fc2eba61f,0,0.310714,0.229761,0.405187
6db927cb-0642-f6b8-2d9e-8257db6f1c79,0,0.276812,0.2058,0.361184
87c8dbd2-4832-fc64-9444-f2416d85e638,0,0.327282,0.257744,0.405336
0aa911f1-1455-57f0-88d2-c6317a40c079,0,0.560592,0.444647,0.67028
031eaa06-73bf-1e43-8828-77b7e8898cfc,0,0.844715,0.777305,0.894489
012c1d06-1e62-1098-9c13-69537bc87485,0,0.536533,0.417744,0.651315
e0094abf-4084-b162-1f8b-3934c2553d41,0,0.171851,0.126497,0.229198
1f24a204-1bad-631e-1ec0-70f4f85e842f,0,0.534544,0.450844,0.616344
2ff4de43-b18d-a5f6-ee1e-d26d13d827f7,0,0.11844,0.087648,0.158176
4c02c07b-3983-bf77-699e-c5d037f37b34,0,0.281813,0.18601,0.402556
41f910a7-a638-08fa-8d51-b105f4ac8f03,0,0.411459,0.333784,0.493812
7c1d84ab-e384-6fa6-336e-202dd90f401a,1,0.0685,0.047828,0.097193
b96c06b2-69f1-fab4-db97-e3734b6bf639,0,0.327282,0.242126,0.425569
8a60cf24-3634-5bab-53d8-82b630cb0d24,0,0.451022,0.340881,0.566181
7cea2275-9017-4825-f0e2-bb53a4796490,1,0.061937,0.04772,0.080033
bb02a20c-eaa8-4ab5-6003-e5edf5c5739f,0,0.12625,0.087387,0.179007
f9ddbd7f-1433-60cc-2c68-7bc23218ebbf,0,0.255373,0.186143,0.339607
58ce272f-2995-6a8f-ff94-9163ec0252c6,0,0.469076,0.331522,0.611495
b5c8488a-cf0e-c419-1dca-9e5084f78329,0,0.114999,0.082024,0.158936
d6777af8-cd97-652d-affc-cc09f31ddedf,0,0.265549,0.180143,0.373024
b77371aa-7eec-2973-ec18-fc44b028c94a,0,0.091614,0.065141,0.127379
3de9dd0e-0703-f5d7-0853-59a221eb6d57,1,0.074784,0.052241,0.105969
0de0a38c-c350-989d-5564-94ce92c6e75f,0,0.265549,0.190023,0.357832
ace6681f-e358-a37a-b39b-1dcfb20b7bce,0,0.233673,0.181564,0.295339
a1af796c-6b4b-34d0-d891-97155065a15d,0,0.135773,0.094353,0.191531
c50d943a-266d-0ca1-adfa-681b22235f2c,0,0.110324,0.073478,0.162407
9e78ad30-e7b4-48f0-f772-4521ba13d7af,0,0.105458,0.072137,0.151656
bbf8d122-8789-cb78-199e-edd54798986e,0,0.265549,0.197878,0.34637
041921fb-e090-9e4e-1dc5-ca564abb09e1,0,0.24411,0.176097,0.327935
c4a41b79-67db-7247-9873-f7152e4d0a28,0,0.435875,0.323226,0.555555
2fe71192-7cd4-5d5c-cf5a-aa08140fd45f,1,0.064515,0.046647,0.088591
dff17a84-fff5-5a29-c8af-c8ab9f8f56d0,0,0.48796,0.388103,0.588787
2fd61212-52c8-318b-6ead-7d54b4dee7e2,0,0.152612,0.114757,0.200132
9130c195-c0ad-d1c6-9422-454108f3bd01,0,0.093925,0.067649,0.128994
cf344614-2a73-e39b-6a19-ad29cafaee4f,1,0.065273,0.049016,0.086431
e8b4b28f-49a6-4553-f700-11a15439d70d,0,0.316981,0.234257,0.413156
ed4cb8d5-4467-ea57-f51d-3a04908ef54d,0,0.777368,0.668962,0.85782
b049caa2-d081-5876-1162-caac743caa7f,0,0.147742,0.109179,0.196915
92022341-6195-deaa-a662-4d7d79b29131,0,0.101761,0.069091,0.147433
db737b2a-0639-5aad-26d9-fa41ecd4e071,0,0.110065,0.081701,0.146703
9021b9ab-0344-a967-2e82-2d4a2d75a5df,0,0.162855,0.12801,0.204956
9e017a57-e764-63b5-4d61-612ecb3d6eaa,0,0.443114,0.354212,0.535815
d03bc1db-8063-a9e0-0034-8ba23f0fdead,0,0.159437,0.113314,0.219684
380ad579-2b2e-b7e9-f045-13fc770e1dcb,1,0.060837,0.046501,0.079226
23ced6a9-3414-ad3c-6f65-b747b0f636eb,0,0.124795,0.091712,0.167611
3e0748a5-05f8-89e3-d0ae-975007c6b083,0,0.40808,0.332689,0.48806
a45d3fb2-cc4a-0873-d040-edef5ffd7d26,0,0.239123,0.186346,0.301312
726a45de-d2be-a626-3081-fd167c1771e9,1,0.087487,0.065612,0.115752
704b201a-abc8-a058-0212-91d51540b133,1,0.043435,0.028877,0.064843
a6fb8ce9-ed94-6d06-b4a5-529518e56c91,1,0.055712,0.040895,0.075474
b3988084-d8d0-1469-1688-73a627649841,0,0.418217,0.317635,0.526092
4cdb756d-82a3-ab41-b224-bc08062be47d,0,0.681908,0.577322,0.770886
59bb788d-226b-12c7-1b82-f7f7d9b62d1c,0,0.169246,0.125195,0.224813
e09baf8f-8818-1a6c-1e82-d60ddf254dbd,0,0.11868,0.087837,0.158472
ec0e973b-27d2-de2b-84c7-e5e437919bbd,0,0.308391,0.247524,0.376732
29b4f9e1-d0a6-dbf5-8038-4c8e61dbbda1,0,0.306771,0.242305,0.379792
bc779656-9818-1e5b-a12a-79754ca28e60,0,0.10202,0.072643,0.141464
f9e1fb6e-a56f-785c-6a24-95b0390fdaab,0,0.520539,0.392299,0.646127
27330c1b-67e3-3717-33c3-fffcf4bb9003,1,0.062663,0.044889,0.086834
74a53209-a504-a3fb-1e02-c6020d223144,0,0.875413,0.805153,0.922768
071f8736-245c-067d-9a66-d61805839186,0,0.301208,0.238366,0.372514
55dcf29b-3420-a812-0aad-d9f3bc5aa2b1,0,0.265549,0.197407,0.347042
8413594b-b67c-74d2-a196-92c702f5a40d,0,0.520539,0.419656,0.619774
6870361a-743a-3941-3d59-131e17ccdc89,0,0.093925,0.072101,0.121489
c698e9fd-3c51-19fe-4f81-29eee0a6b809,1,0.060111,0.045518,0.078995
cd337041-b59e-3b64-0bab-3d73bb6c16f3,1,0.06864,0.051561,0.090835
aa7ce2c0-7803-4dec-bebe-f5642a0ada1b,0,0.320924,0.239211,0.415312
a03e891b-692a-3399-9c1c-f557a4bb9f66,0,0.310714,0.232029,0.402112
01b7ea36-dc08-e4a9-8270-3200cf66db3d,0,0.640024,0.50284,0.757602
9efa592d-9c23-1767-dc83-d9baf75be3e8,0,0.097972,0.067668,0.139812
f75c7a64-ac27-bc05-7348-30d323ec9477,0,0.320924,0.243283,0.40992
15886c3d-e2c3-b1c6-4fbc-51b38f4c27bb,1,0.087293,0.063626,0.118648
85b49d3e-904c-e55a-cb6a-e6471dcd2d2f,0,0.528902,0.395173,0.658606
eeece87f-53e9-14b8-499c-2ecc1d5387ee,0,0.257722,0.187845,0.342627
b3533fa5-bbf3-69b7-e649-e9bb472bb86c,0,0.357428,0.269501,0.45613
7d360347-b8e7-a26f-9521-f6b23919567e,0,0.093925,0.071958,0.121717
f52d419b-fe2d-ca65-13b4-0309e0a8f5a2,0,0.132469,0.092757,0.185704
c9ccf39d-f046-ea67-16ec-b61d568d64ff,0,0.560592,0.454222,0.661673
f75cf210-1686-b652-b372-52d765bd9a64,0,0.162845,0.11846,0.219715
63f01d62-06d1-50cc-63bb-2a591cfdee18,0,0.316981,0.252835,0.388929
2086c32f-6b0f-4b94-f764-e3c4769e1cca,0,0.294696,0.207841,0.39954
f533f6d8-1c32-ceeb-ddf8-5ed709cf2c51,0,0.247241,0.179944,0.329591
c035cfce-eba6-0e99-8953-a768624360e7,0,0.656845,0.533566,0.76207
36aa2e81-f7ae-5622-00cc-4e0aa351ec67,0,0.825822,0.740403,0.887409
0725c71a-351f-783f-ab2e-e92cf06ab7c3,0,0.153595,0.108928,0.212214
90678217-7304-2fd0-2656-3694a66002ee,0,0.113774,0.087343,0.146916
5dff09c0-ef99-dc75-8f81-8dec1d1231dc,0,0.168412,0.119419,0.232205
52265608-0791-4e11-12ab-672123d76a94,0,0.095783,0.072445,0.12562
4f8949d5-872d-7541-7b05-8e7eb6b3982b,0,0.109524,0.084575,0.140702
b4f3cbca-3a6a-e7c3-81de-36d05c338d45,0,0.265549,0.19914,0.344575
5d149a8f-9e81-9c2d-4cc8-b3314dd80449,0,0.320924,0.257271,0.392014
d33cea8c-367d-cd1e-8cfc-4fcd6797195b,0,0.093925,0.066712,0.130684
35e8105d-6ec4-a808-7a5d-679b77f68ca5,0,0.105938,0.077247,0.143626
e82caa2f-1462-dd40-da8f-c40de94e72a6,0,0.720537,0.537267,0.85131
3f24e398-7a38-6581-c0f7-0345ffdebfb3,0,0.320924,0.237555,0.417529
42ddc97c-9e4a-352f-db2a-4793dd9bb0c6,0,0.785325,0.640926,0.882317
77c496e1-fdb7-d96d-01cd-e790ade10194,0,0.397007,0.308112,0.493264
73734ed4-1c19-249d-aa01-0ab1a9a82a69,1,0.073409,0.05431,0.098526
7bb313c8-d014-79a1-4c0e-62b895296235,0,0.097843,0.072816,0.130263
d032d6bf-b0c6-e747-2c76-58bface1895a,1,0.06864,0.050257,0.093089
0d52be7b-bdd8-3e12-8bce-a26fd69121f4,0,0.40808,0.333047,0.487658
ff1d0ede-2363-158f-2e8d-f6b61df93926,0,0.174803,0.131883,0.228023
0fd51105-3243-6c59-698a-f9727ac704fb,0,0.114242,0.081689,0.157541
b224712a-711f-932d-55c7-cfff15259670,0,0.245676,0.186225,0.316721
72dce9ac-2d75-d750-1627-40c7b530a766,0,0.169256,0.117531,0.237617
79733c92-cf78-6ac6-885c-ba391b399eb9,0,0.106147,0.071221,0.155336
8e897521-cabd-a78a-b0ef-6d48371a9f17,0,0.170326,0.121724,0.233181
4b1726fc-3e20-56a7-e62d-8c3039911c7b,0,0.110065,0.073656,0.161339
04763f32-ff1f-ee1a-3d4b-3558e1235838,0,0.138208,0.088362,0.209705
76cba6d0-3388-895d-f8a5-3238acdf51a6,0,0.124377,0.089927,0.169564
ace267ef-047e-b18d-53fc-033d80d8a1c7,0,0.262418,0.177494,0.369711
1c6c4af2-522c-dbf3-2c7b-6642a03e05b7,0,0.302828,0.238031,0.376547
0ab44c52-8913-f441-9193-ba976f3c5eb0,0,0.505155,0.343665,0.665576
48e87a8c-53d6-0071-24e2-80dc9c05de3e,0,0.121115,0.086964,0.166236
93b22503-a5f7-a8d8-38de-a098a9d4e72a,0,0.318601,0.238023,0.411718
879de10e-cf19-8951-c0c5-918ab9ae0e3a,0,0.534544,0.451103,0.616096
6956f0bb-9d3c-9d4a-8639-9ba27d099e3a,0,0.310714,0.22901,0.40621
50f26757-c38e-eaa0-b5eb-8c8591504f78,0,0.698044,0.612514,0.77173
94df425c-c13d-81a4-c6cf-b1f3f199b800,0,0.105679,0.076526,0.144204
eae33437-086a-8b54-e85b-9fbf939814c5,0,0.162865,0.119141,0.218654
1b7743e5-0bce-2cbf-32ef-ea9064b558cd,0,0.327282,0.238444,0.430508
6df93e83-be04-e582-f70b-abf0f8248bf2,0,0.355787,0.249616,0.478329
3332c931-b28b-d99c-65a8-e20605c40d62,1,0.051685,0.038865,0.068435
8d94e72a-b142-22e9-46c9-a2605f10245c,0,0.093925,0.068513,0.127473
220f5ef3-0298-b1ca-fb00-8bb9a1e47461,0,0.217527,0.158758,0.290538
72873a98-b9ad-dd95-b0e0-708c507ce22a,0,0.162876,0.116693,0.222727
4f98d3fe-4491-d075-7345-d005c164fa0c,1,0.075568,0.05591,0.101396
c26619cf-09f0-ebe9-a4f8-201a86968605,0,0.612644,0.506805,0.70882
fafed955-88aa-afc8-3fe3-be451af48849,0,0.103619,0.070454,0.149878
bd5de02b-aebd-8fdc-aac7-6df91e8c6670,0,0.113072,0.081431,0.154934
b6163796-21ab-748d-50c6-b77517c3cd6d,0,0.59962,0.47468,0.712823
4b902b89-da74-92d7-ae93-ae941cb6a47b,0,0.351071,0.255709,0.460015
0b69cd87-d53c-a58c-d4c1-5c19aad6b268,0,0.58664,0.460032,0.702744
5466e6ea-1718-6392-e53e-457b67eefd3f,0,0.093925,0.072635,0.120644
a338da91-2a94-272f-5f10-94d38848757b,0,0.227836,0.164075,0.307267
78dc94a8-01df-b91d-68dd-101293078036,0,0.385933,0.266694,0.520634
7ef8800f-bc0d-1be8-dc87-9f338b36ac25,0,0.313038,0.230886,0.40888
9f5e4cc9-048b-881c-e963-2c20e07634fe,0,0.999999,0.999998,0.999999
78ffbe17-b829-53e0-cd2f-aa097957779e,0,0.411459,0.311795,0.518958
7e58e55d-0e42-6b6b-bc64-0f4903ef8870,0,0.687217,0.60711,0.757514
49d6f173-7647-aeff-4a30-86f3fe61df29,0,0.097843,0.073543,0.129054
789deb3a-b801-e894-45aa-e80ad0bc7466,0,0.248024,0.18318,0.326642
6b5ea3f8-4e1c-564f-be33-bff6352eaf55,0,0.114242,0.08291,0.155408
f954a02d-8a5b-a9b9-ad95-ea366a642237,0,0.789032,0.64956,0.882994
cb0f5233-40f1-bfb1-706b-0aac28d6a635,0,0.125109,0.094151,0.164398
e31cd4cc-48b3-2618-cecd-3637f9c3ea94,0,0.40808,0.33224,0.488567
eafc7d73-d8a7-0104-c2e4-ecd3260455e6,0,0.411459,0.315373,0.514807
b235ac72-402a-598d-b5cd-2bcfb99a10c0,0,0.851163,0.78295,0.900658
6f0cf471-878d-4939-b98e-6b9bbda00c35,1,0.058285,0.041124,0.081996
089959b3-84ea-2426-4b6c-b61deb64c228,0,0.114371,0.081129,0.158878
c95823c7-6182-b815-b3f1-5b88683c09d7,0,0.114371,0.087956,0.147437
45cc6fee-60a2-521a-aca9-40bcd7ba688a,0,0.203321,0.150641,0.268599
fd39da9b-ad02-3315-9170-876f18664238,0,0.324958,0.250432,0.409546
975884bd-d22e-f6b7-2622-71ae9fe5173b,0,0.48124,0.345901,0.61939
0fa0de54-3dd5-aa06-dba0-8b9529a28b80,0,0.327282,0.255904,0.407661
7b9276c8-5d28-1d77-c06e-0c150ad0b9fd,0,0.162876,0.118353,0.219969
0510347b-c2e3-3eac-be60-5b68685d8f22,0,0.327282,0.257813,0.405249
3bbf084a-92a3-fde3-432c-6be53c1fb5f2,0,0.790884,0.64709,0.886377
65864485-5416-b749-22b2-16607d21d02b,0,0.11479,0.087878,0.148601
2b1d245c-4edf-7873-edae-64f03b3cd62d,0,0.800934,0.697081,0.875538
3cbeedf1-dd8e-e496-f2a2-dea24d085680,1,0.062663,0.048761,0.080194
a172306c-6815-a72f-a16e-c79e6c43acb9,0,0.754038,0.592214,0.866158
c6a82c53-add7-34b6-03a3-79154cd066b2,0,0.093888,0.071299,0.122687
6ca81dd8-a2a9-2608-c558-70c9f319fdb7,0,0.114371,0.0869,0.149108
8558a3c8-a0e0-1946-1b02-76b57e9a2df7,0,0.097843,0.065823,0.143054
194a4656-7af5-9cf2-396c-1e8a074a754f,1,0.062663,0.045453,0.085803
12200d66-a7a6-4ae6-e4bf-cbec6cb9c535,0,0.140644,0.093569,0.206018
ad0a93bd-fe8a-d9a6-c6c3-247a0c7d90c3,0,0.435875,0.325652,0.55282
938f59c7-2702-1f8d-cf25-b1429b973ff0,0,0.273681,0.187277,0.381249
17bafe0d-b221-4d8b-75ea-ce4e04f27587,0,0.641359,0.488539,0.770014
fc786975-cd83-0a68-0288-0adc7f0143f8,1,0.06864,0.051919,0.090235
249d5e92-d50a-c2d0-2152-598f580feac0,0,0.118889,0.083192,0.167112
6c5b41cc-81c3-7c20-5396-dc03d6f0f4c2,0,0.738362,0.620662,0.82957
6541cf1c-b402-671f-4e01-9ea733433901,0,0.301208,0.223999,0.391599
5363e7af-a401-398c-6586-0bfd4cb51079,0,0.436743,0.328513,0.551351
d62925f0-3e52-3b17-837f-9d1c9ea643ed,0,0.727476,0.578508,0.838493
01db8101-9682-4f80-f20d-19d1068a2e96,1,0.06864,0.050461,0.09273
d12ff985-ceaf-4890-a072-41f215212f6a,1,0.049849,0.038944,0.063604
c3131873-dcb6-ef32-1884-d9868d4210f5,1,0.060111,0.041442,0.086433
9926e87d-cee7-8c92-b06f-73117e8166e0,0,0.243328,0.189315,0.306917
878fa2b7-e624-0de2-0982-14960bb7e54f,0,0.857611,0.788504,0.906806
a1190742-0b90-cea5-9fb7-63276c13a96e,0,0.40808,0.311779,0.511998
02a70aa1-c81c-864a-2f51-e62aeebdad1b,0,0.093789,0.066496,0.130717
1643961f-084e-c096-0322-49b22d9f258f,1,0.0601,0.044567,0.080591
2fc51553-1119-83d5-20a8-46bcb9aab239,0,0.144334,0.098802,0.206053
414a85c2-73d4-b7a7-6446-37fd94faec9b,0,0.091689,0.06848,0.121734
57a0cf2f-38cd-ae83-7979-d9d44e5a7f21,0,0.691105,0.589692,0.776935
b222abb4-234f-7e5f-ec6e-98d70d1f6e5d,1,0.050586,0.039055,0.06529
2516db85-2d13-24fb-3fcf-2cf8900de578,1,0.06589,0.049981,0.086403
597abac6-6490-8f20-b09e-67a808f4384b,0,0.284944,0.197079,0.392818
31703e0a-9d33-a750-bd0d-31b2c3ac1f37,0,0.140485,0.095829,0.201316
bc33d5f3-082e-3852-5b3b-57b2e23309d8,0,0.145296,0.095787,0.214329
89af1262-18f5-3647-37ce-8f6dbce80324,0,0.923663,0.882973,0.95099
1d68ed0e-c794-307c-8c19-e5cbf9f240df,0,0.999999,0.999998,0.999999
73da15e7-e567-7b64-1e21-b2d57587af5f,0,0.215655,0.156284,0.289832
45011857-7319-f2f6-c211-7e7826078f23,1,0.072625,0.055492,0.094518
7f9dc7f8-07ef-def2-82d8-a14ed736ac4e,1,0.087293,0.063719,0.118485
3bae3fcd-240f-0879-e397-ac156852d1c9,0,0.490837,0.361105,0.621815
682ddff0-a60a-5d30-8c8b-eeee9313c4df,0,0.123874,0.091652,0.165363
11d0cd72-b946-c390-b900-90bf868b456b,1,0.083267,0.053473,0.127426
70dabc60-5ec5-b57b-57ed-63b816f4713d,0,0.40808,0.330881,0.490098
d1387a03-02fa-2349-2630-9db4ac1c9a94,0,0.809671,0.698064,0.886719
a12ddd04-7eac-58d6-18f2-6a1c0ba4b71d,0,0.157023,0.117336,0.206985
b8d5743b-60a5-0944-efa5-2967fa85c041,0,0.1021,0.075782,0.136211
901b0021-fb55-3d17-0e79-f9fa02824d01,0,0.118052,0.087426,0.157554
b1d95756-8a35-1334-ae08-4167ce90ae12,0,0.286564,0.199835,0.392471
51c1efc3-a858-d770-c300-99e2a2ec1e38,0,0.704982,0.611349,0.784027
dce277b7-471a-ed6b-a305-58334a00ddba,0,0.11847,0.082223,0.167777
53832e92-628b-59bf-e5ad-b4d386d8f474,0,0.698044,0.608977,0.774341
be288af8-c59f-6a9c-91bb-c2da1884ed93,0,0.114999,0.087463,0.149783
02fa06cf-a34d-d7a1-245a-9b1b735329fb,0,0.093654,0.068299,0.127136
1912f600-48d9-6a44-0b64-f672e4d99715,0,0.488479,0.374481,0.603689
f16ae54e-92e9-5a96-6c2f-b5976772973f,1,0.083304,0.060015,0.11453
d5d9623f-fede-cc1a-dafd-6fc2059c95e6,0,0.327282,0.255347,0.408368
e5ea7aa8-7e5f-07a0-5159-2b83d6c56461,0,0.194198,0.134921,0.27135
80617435-4bc1-47ae-4912-85cb214609a2,1,0.049849,0.038485,0.064344
a3f6c92d-3130-4df1-fad0-18ef95585081,0,0.147742,0.098818,0.215105
a30ccdd5-17f9-a15a-7ab2-641984c3ac3a,0,0.162865,0.116534,0.222968
bde5810e-b2f3-e591-b80a-33b26daa4fb8,0,0.40808,0.333224,0.487459
96cf34d0-5463-394e-bd93-a531670355db,0,0.114033,0.086816,0.148396
f361ec44-e908-94d6-a500-ec1ffbd1008d,0,0.247241,0.194191,0.309222
2577ffef-7fcf-5d34-8df3-32ea1246616f,0,0.10189,0.070703,0.144692
47b89a7e-a280-4a9a-3f35-89ac04cec1f8,0,0.844715,0.779835,0.893096
d3cc2cbf-d662-8f84-e864-fa5db3d6c06e,0,0.257417,0.188383,0.341118
ed3f0185-40f6-867e-d923-cd49600aab36,0,0.294696,0.222675,0.378664
bc88de0b-e4e7-be9e-ab6b-071f346c9eef,0,0.61256,0.504834,0.710298
86d65f34-0425-f72b-5599-895bc4d1b471,0,0.093925,0.067912,0.128527
7e172f21-cbe0-8b50-2045-c998d963bf05,1,0.066507,0.050101,0.08779
3113fce5-72d8-ae9a-faee-d5b58210683d,0,0.262418,0.180079,0.365617
e4646442-202a-b616-5286-2500a0642c2d,0,0.362144,0.259831,0.47869
3675a9f2-b7b6-92a1-d675-5f903a6ffa25,0,0.284944,0.214449,0.367763
dea73396-0b89-3123-a485-f592727c0334,0,0.599664,0.51402,0.679622
d1576f76-0121-c570-d7c0-6fe8a10c3c18,1,0.069257,0.051362,0.092779
51050752-8987-bf79-b04c-79ac57b3b458,0,0.327282,0.243702,0.423475
aed535c4-df5f-8025-4e79-aaff586562e7,1,0.051323,0.037102,0.070596
1aa7f264-9fcb-7156-d256-0c4d04ff056e,1,0.067882,0.051308,0.089306
49c12850-574c-41f0-216a-e7e61f95794e,0,0.327282,0.261331,0.400844
a261fe75-c7ca-8c30-9a81-8976dced3dec,0,0.864059,0.805261,0.90715
38d41557-42f9-1ee9-f3bd-316c89c93082,0,0.333639,0.249443,0.429974
e64bf810-8e13-1098-07ea-154e860629b0,0,0.560592,0.420015,0.692076
8509178c-8510-716e-e155-ea7569bb6e3a,0,0.691105,0.59865,0.770429
8f256846-6c99-0ae3-a6c4-f36fa00a7215,0,0.599664,0.497954,0.693454
b7592cf3-e95e-970e-c8a6-2468b0f4257a,1,0.066507,0.046776,0.093744
7878efc0-0218-889f-0e20-b1af159caab6,0,0.495991,0.349683,0.642989
c745cbe9-6b1d-3433-63f0-70f6d32209ef,0,0.207922,0.142827,0.292558
22dd695f-03de-3874-50a4-5802b55ff1ef,0,0.194216,0.138157,0.266
2bcf677d-4fd7-480e-7643-0a7ae110d4c0,0,0.390649,0.269449,0.527036
a733a9f3-b893-781c-28cf-8a1fda43acb9,0,0.444924,0.338765,0.556359
288b8ca3-9e9e-390d-ea81-63b606c3a6b8,0,0.40808,0.331021,0.48994
66900a7e-d56a-bd4f-ba42-437161b9d689,0,0.740757,0.566746,0.861908
89d970d2-aebc-d301-9c16-d61eba76618f,0,0.320924,0.255592,0.394115
1288cf03-5a88-3067-ffb8-94ecf6b30861,0,0.207943,0.137743,0.301415
a170980f-0e77-6868-792d-cf1161a8cfb5,0,0.327282,0.258864,0.403927
d36c3ca9-4912-9dc6-241b-468912d0d758,0,0.712109,0.612414,0.794754
0430621c-a4f3-bdcf-d14d-aacd40a0ce9e,1,0.049849,0.038562,0.064218
5a294d05-21da-18d1-b4a0-89c1d477f9ac,0,0.161489,0.117793,0.217402
67325a32-f9d4-a86b-bfe2-27f04b0db894,1,0.06328,0.048658,0.081918
0f916f82-7d77-8e3e-3b99-20c170e89da7,0,0.312334,0.229146,0.409673
97e7513e-5f40-bbba-afc1-28c3dfc682da,0,0.628639,0.511154,0.732657
7e1c32b9-08e5-fa8e-c8c7-2614484656cf,0,0.140654,0.09052,0.212079
fe8325e9-6e0b-e7e4-0c61-7691f88f0bbd,0,0.490436,0.390289,0.591357
de7ee642-b6d2-ec50-defb-c56020abb1cb,1,0.067265,0.046828,0.095725
18574882-2fc9-3d7e-3d87-31cf00f44cc3,0,0.534544,0.426604,0.639343
5c4f3418-5315-19e2-a317-9d01ae2dcdcd,0,0.093925,0.072488,0.120874
99b3e306-95da-b49c-0c3a-5d4fe704fcdb,0,0.681908,0.607425,0.74812
f03c473a-6b1b-e788-4a91-8e63a1e5f2a2,1,0.078909,0.055731,0.110597
29e8ea89-fef0-ab54-1b6e-af2e604fe57d,0,0.182383,0.126905,0.255031
6e74a4dd-e99f-ab1f-b9c6-afbc0de0bca0,0,0.097843,0.070846,0.133647
95ad813c-14dd-8db1-0ace-4264ea495df3,0,0.101761,0.069142,0.147333
56bf6d71-c55a-de61-99c2-e86b8582fab7,0,0.093654,0.072437,0.120278
a9937c45-8497-0ca2-3332-75e7c38eb15a,0,0.234918,0.165471,0.322256
ee6ddd72-a810-8871-225e-8ec9270f32c1,1,0.087429,0.061974,0.121978
f53587f5-42ad-9fdc-8063-a11c391c6d3e,0,0.136764,0.091993,0.198559
94b57ad8-585b-068a-aa8b-f57ecc793fea,0,0.573616,0.430557,0.705332
66075e87-49cc-6706-2d93-7bbae53acfd5,0,0.103877,0.076472,0.139619
b42a508a-5a86-cc0a-26cb-7f28132f2c77,0,0.373218,0.264349,0.496653
ef4b5b67-55c0-4351-daff-a980f9b47c12,0,0.724248,0.604778,0.818445
be503316-846e-b183-0ebd-4d5d3e647e9a,0,0.880319,0.823492,0.920615
9962aec3-274c-da7a-7e71-99f195db1dd3,0,0.283433,0.187973,0.403294
85b14148-1703-2e16-d605-a207655b6723,0,0.512507,0.405517,0.618363
333ac3fc-c371-4517-ef82-41928efef6fc,0,0.243328,0.17697,0.32475
778644c9-1cb1-a1b1-f35c-83b94bf3c169,0,0.379575,0.271602,0.500952
a5bc12ff-feb0-f9e4-71a4-406099f27ae8,0,0.23834,0.171948,0.320448
c4ac9262-552f-7e27-2bac-40ed7750ed21,0,0.11847,0.082409,0.167433
c46807d3-8b93-6383-dca8-89858c277c71,0,0.310714,0.228374,0.407081
060c590b-6427-a648-4d28-f5ebd0a93ed1,0,0.266636,0.173248,0.386813
047dec97-07af-f191-ecfa-27eebcc78ab0,0,0.093654,0.072635,0.119968
86fc3e0e-d00c-ae07-cf42-db546df88820,0,0.454882,0.370758,0.541663
f6f71a5b-fc78-1682-584f-b4189bd35009,0,0.180124,0.132615,0.239945
30daed13-fd82-bcf7-8000-0a973c9e33e3,0,0.245841,0.183505,0.321027
75dd9857-abd7-78b1-3d35-de85be603b35,0,0.9426,0.000552,0.999998
6aea79e6-9bce-2be4-a75a-8b0ac06462c7,0,0.093925,0.070766,0.123654
76b8a0ba-d0eb-28d9-c4d5-04a36c73f099,1,0.056811,0.041345,0.077594
7b2bf924-b3b7-01bb-c2cf-14f68ddd38d1,0,0.411459,0.334333,0.493195
5ea251e8-3235-a4e1-31b2-c05a406a74e3,0,0.241763,0.178027,0.319449
b79707ca-abb8-d5fd-f8ff-6aa8bd5605ab,1,0.063898,0.045459,0.089116
4427b77a-341f-97d5-32fc-2b186f0becc8,0,0.105698,0.07645,0.144387
f0b9560f-b0e6-1e09-7dcb-e44c5ea0cbb0,0,0.162865,0.124356,0.210434
d7c51c7f-557b-cba0-4794-4926dcc554ec,1,0.065273,0.050039,0.084731
452813a6-c788-2137-9655-d8f2e8706ea7,0,0.40808,0.332111,0.488712
66e91ad4-ba42-880a-575d-325c75a323a1,0,0.284944,0.199286,0.389511
dc009884-90dc-5810-63da-22161ad3b14c,0,0.306771,0.240438,0.382196
707cd958-d8fc-cf97-4596-07da27a96a50,0,0.320924,0.258808,0.390103
b3dfef1a-4574-afdb-c388-5b89dbf4d133,0,0.764089,0.61896,0.865917
6e62e217-0a16-d99c-e18a-32ac2ddbba74,0,0.114451,0.086908,0.149297
63d739d6-2b38-ed01-ad0d-0bf1534a76b5,0,0.141406,0.094853,0.205617
c2056e76-9f0c-8f46-d498-42539c2bb432,0,0.150177,0.111521,0.199227
c147f08c-cad6-456c-4acb-26fc0f7826c9,0,0.159458,0.114341,0.217996
99347db1-1bec-90bc-b05d-c5c376e12c2d,1,0.062663,0.048709,0.080277
f39a737c-b894-7ba7-eb81-e650eb8cfa82,0,0.192323,0.12673,0.280942
1408fd9c-1eb4-1113-d546-e33f4ff2275e,0,0.124323,0.085918,0.176581
59645318-2909-d370-8a20-963561d18da9,0,0.259287,0.1751,0.365991
7137359d-ab41-2474-8d1b-737deee9e68d,0,0.251155,0.182141,0.335588
422bd07f-92d3-9d20-d3b6-30e4b5b65063,1,0.065273,0.049648,0.085372
50a0c3b4-8aa9-c311-fa59-0347f919f3e4,0,0.45642,0.354696,0.561914
f064c5bd-e2f7-0f65-fefd-7125664cc318,0,0.254286,0.195747,0.323294
f9b60e18-2bc4-16a7-b108-ff317b71d389,0,0.143089,0.100169,0.200306
05ebc078-99f6-5b71-5a8e-ef316896ba05,0,0.507551,0.413735,0.600837
32240cc8-4018-ad68-d574-2bbcb9194e70,0,0.175626,0.126454,0.238694
052721c0-0ada-c5e7-57be-2d71074f19ae,0,0.314658,0.228547,0.415728
da4fb2a9-b3af-7fc3-43cc-a6f53b0e84d4,0,0.414838,0.337063,0.497102
80080bd7-272c-92a6-22e5-ef65be5a5a57,0,0.101761,0.074338,0.137794
8daaee5a-4a36-5600-c194-cc900626d089,0,0.175616,0.129095,0.234389
09186058-ffca-871d-0e56-7f6e18f88cee,1,0.053149,0.039381,0.071372
b5964bec-04b0-db3c-fa2e-4509505a171f,0,0.24098,0.179049,0.316086
f19ed803-0c9f-5e11-5542-5fb54cc5d9d2,0,0.681908,0.577064,0.771073
9dfb6998-d88f-9b2c-9234-15ab985ff07c,1,0.074757,0.052406,0.105578
56c51d08-917d-6db1-a535-71ab345ad25c,0,0.560592,0.449459,0.665964
b20f2582-9bf8-e731-753a-cb8160fb3c21,0,0.573616,0.465952,0.674728
a57eac33-1f07-5121-9944-f54ba0a2366e,0,0.586596,0.43804,0.720903
7b193b41-b5e8-3dd1-fa04-b4282833220d,1,0.062663,0.048876,0.080012
cfa991a9-7acf-3a35-a921-f7dc14c8d94b,0,0.599664,0.516107,0.6778
ede7896c-1e9f-f9c2-893e-2ef9d30ccb7b,0,0.464138,0.347483,0.584853
72c44747-ffb4-5479-938e-525a805b0a02,0,0.209837,0.144359,0.294781
d800fbde-2abd-1b15-34ee-e95265c5e25e,0,0.265549,0.18322,0.368195
e21b673f-f9da-d2e8-a5f3-9553b2443b56,0,0.089686,0.066982,0.119103
07130250-cd43-f477-1509-7b666d41778f,0,0.243036,0.184177,0.313479
230e2adc-d1df-04f4-c561-fa41fea2106f,1,0.06589,0.049125,0.087848
728906f7-03b8-5e66-2a2c-0e9105430870,0,0.172219,0.107779,0.263795
690060db-a2b9-0f27-b2da-45ce887bd285,1,0.062663,0.04802,0.081389
23eb7741-0efb-9f16-c7b7-10538a88f868,0,0.091651,0.069353,0.120193
ed7b249d-a24d-f0e1-485c-22a3c39d930f,0,0.687217,0.583794,0.774851
5dd37c42-9e11-a873-9fbd-0638b8ae9e2d,0,0.999999,0.999998,0.999999
01b5dbf9-4ec0-1fa7-51fe-041ecd653add,0,0.137946,0.082808,0.220951
17b04474-53a5-9660-9831-9059ed786a95,1,0.073409,0.054559,0.098096
61b82ab3-16f1-2047-d5c4-de698d2fb5b0,0,0.238594,0.167233,0.328398
698f79ad-97a4-d3b3-6bb1-950243af001c,0,0.691105,0.589862,0.776813
1f967b53-4f27-a68a-3e5a-cbbc4df6575b,0,0.093925,0.073025,0.120031
57d0396b-f51b-8992-dee9-9fb952468607,0,0.242319,0.192378,0.300403
25ef550b-6b20-2f8d-80c6-07d62ac15e28,0,0.1615,0.103867,0.242459
ade1fc28-8e41-dd7c-b997-028cd938db53,1,0.055723,0.041677,0.074135
8b9a7193-1195-0a3b-8788-7148f174f062,1,0.062554,0.048889,0.079718
aaa44807-5b1a-bc5a-f0e0-36a66d72564f,0,0.097843,0.073277,0.129493
62e4f3f6-a267-c5ff-5092-ea20f09dd7b0,0,0.202104,0.140669,0.281577
b415deca-eeb4-c358-4dc2-9fb3d2a93205,0,0.397007,0.289893,0.514996
2acb9ea3-7727-3858-4cc1-c5702d6776d0,0,0.691105,0.607269,0.764
d8434131-73c3-a96e-3cd2-65cd8a3cc1fa,0,0.327282,0.244256,0.422742
cb4df61c-0d08-c70c-2abb-b398a8d60973,1,0.067882,0.0513,0.08932
b51deaf3-e3c9-1ebc-cd65-998235600277,0,0.251155,0.183116,0.334133
2dc289eb-d154-3bef-1e58-72b08ebcd9ae,1,0.064655,0.045856,0.090431
d5dacc70-abf0-eb00-dc4c-3d6ddf9961df,0,0.276812,0.207687,0.358534
dbe15303-e8ca-10e0-d341-2dfb2a94013d,1,0.079017,0.053809,0.114604
b508f275-0a8e-3a96-1249-0648681abf70,1,0.064515,0.049301,0.084008
91ca7af1-777d-f2d9-8b0f-e60902e31d1e,0,0.10202,0.068755,0.148806
77478360-c7b9-1ed3-e190-95c980fbc0f2,0,0.193517,0.122182,0.292617
115a518e-a3d0-2a04-6565-69bf22039d74,0,0.238103,0.175289,0.314833
62db0851-e4ce-7a2e-5a1c-eb5c2f964bc8,0,0.327282,0.259793,0.402762
f1ac7603-dd13-78eb-26a6-ce5db094db21,0,0.163935,0.123346,0.214611
2d126e64-5bcc-c8eb-f40c-412f1079f1f4,0,0.500039,0.369994,0.630079
b7f9190a-c524-d125-7377-5c80d289fd83,0,0.534544,0.449849,0.617294
2b5ab45f-bfea-0463-7fa8-fad10c3a5ded,0,0.11847,0.087822,0.157963
0d60d1ea-4302-7625-2387-c80ffbe001d9,0,0.320924,0.240285,0.413883
a104c485-c3dc-bec2-b8f1-aa2df1034902,0,0.875413,0.820446,0.91529
28e8c9be-d201-8e2c-0423-65e6b5ed9a0b,0,0.181455,0.123857,0.257951
5a2923fc-2baa-1a4e-32e5-ff65d1b23013,0,0.40808,0.329292,0.491894
1760abf0-f422-4e0e-1560-f10b89076d0d,0,0.506533,0.402254,0.610246
7c1cb3ba-6e35-f362-0a77-e9f4c7d8652b,0,0.173733,0.128681,0.230387
e306f460-01c5-335f-68fa-ab6a6a922035,0,0.097843,0.071205,0.133019
f690b36d-facd-acd1-ab6a-dd3fad54d1f4,0,0.153584,0.101738,0.225227
de4929f0-5edb-a423-e619-041130720b8a,1,0.061937,0.047912,0.079722
ff48fc2f-a08f-c763-ef7a-3f20f6f24af6,0,0.40808,0.311901,0.511856
63fbd2f9-42fe-c680-b8b5-7e5d8bdb6562,0,0.162876,0.116641,0.222814
c8b7ac9c-e7ab-6470-6a09-6fecd89d0d68,0,0.327282,0.234751,0.435528
d078bb9f-62eb-0ef6-4336-cb088bad94a3,0,0.109727,0.080388,0.148049
29f62261-e470-d4f8-1dcf-2fda23df1a8a,0,0.113903,0.081714,0.15661
e2279b40-c50f-9ae5-6d3f-4f6b66baea41,0,0.339997,0.265976,0.422753
5691c5cc-20b4-d1a4-db7a-9c76813701a2,0,0.52805,0.439842,0.614542
9a456bef-54f3-95da-5cc7-7e3de14781f7,0,0.091824,0.064546,0.12904
fe3fbeee-5c22-5e48-c2ff-bb806e973638,0,0.182383,0.127128,0.254648
062c1907-8149-83ae-5d6b-4b46b15c85d1,0,0.114033,0.0818,0.156797
83a522e3-6cb5-64d0-732f-d246e14d3831,0,0.718263,0.622061,0.797933
f4c6fa8f-809c-db85-8d97-984835f5187a,0,0.900884,0.838147,0.941015
209429d8-abfa-9453-07ef-0f7ca696056f,0,0.245676,0.192417,0.308054
7a002109-3909-6864-6acb-38c5513f31a6,0,0.106357,0.076472,0.146072
f7a01651-d0fa-5e0a-35ad-f3817ccb6170,0,0.226591,0.165165,0.302582
7fe9a86f-94a1-02fa-c097-96582dd0a7e9,0,0.320924,0.254467,0.39553
fcc8802c-9255-5ec4-c3be-43e4bce1a01b,0,0.284944,0.209744,0.374335
f943f0d2-76a9-423d-b6b4-112db7de714e,1,0.059374,0.043764,0.080085
67346184-1845-dd6b-c3f1-3ba3776a3528,0,0.605007,0.512038,0.690955
aed2553d-3cb5-1aee-5821-f8b52dfc37fc,0,0.259287,0.189293,0.344174
4467d493-ac86-f904-c39e-143df2fd1b53,0,0.40808,0.334738,0.485759
ac728d60-93f5-c6c2-81fe-e577c0839507,0,0.175074,0.117071,0.253562
5cc186df-d668-702f-ebf3-0464b50856ee,0,0.316981,0.255133,0.386051
8dc82f8e-cfcf-67a8-2ad3-cfd636582035,0,0.26868,0.206153,0.342002
eb88ebaa-27d5-4a38-3716-2709d508273c,0,0.103619,0.069782,0.151196
3c35d13e-cf91-f9a6-b345-a98be6ee5cd3,0,0.091689,0.063969,0.129755
4473a2ff-1861-7a4e-2f37-f90409f84907,0,0.465479,0.339924,0.595566
c0d71e09-5882-b9c8-8fa8-1a6628e556fd,0,0.316981,0.246836,0.396564
a6238c52-1859-b6ec-980e-8ca04efcdc5e,0,0.241763,0.177191,0.320694
024b7a56-7f2d-ae06-10e8-690350e6af5a,0,0.131894,0.093703,0.182515
1e808829-3336-1cca-0c6b-751dbe8f0f14,1,0.067882,0.051309,0.089305
149be73b-dc53-9b21-e6fe-81e57ca1e322,0,0.231258,0.1686,0.308562
11ce370e-0983-611e-dd2b-0aa52062a691,0,0.198703,0.147213,0.262655
2ae6501e-2e18-a41c-4f9f-f30eab19c39f,0,0.093888,0.072197,0.121244
6070d6ba-7a06-baa9-72b4-d5b4a5fffdce,0,0.159458,0.113855,0.218816
7205621c-8507-106b-dc95-5e5cd871448b,0,0.560592,0.456367,0.659734
add8f953-34cb-eece-6238-9de25730d3f1,0,0.261636,0.179143,0.365213
91b23518-a1c8-5d5e-9b96-dc32324e3d2f,0,0.397007,0.306443,0.495224
5526bd63-b724-84bb-1473-085819e2d27f,0,0.24959,0.19055,0.319698
73b66594-4528-1ac4-ff53-39897534bff8,0,0.109856,0.079478,0.149954
1534bd4d-eeba-31de-f06c-9bb92687aab9,0,0.091689,0.070728,0.118072
5d9e7303-c15d-c75e-2692-f8635aae49ce,0,0.327282,0.25821,0.404748
921278cc-b767-30f0-adaf-fae974a42c75,1,0.087391,0.058439,0.128727
397ffff5-b9c3-5815-292c-37af03872f52,0,0.173744,0.128191,0.23119
f6b52ba3-b417-cfb9-cfce-e6001827691a,0,0.097739,0.065627,0.143157
66af3081-bf7c-7b15-1f3a-ababd0d70a92,0,0.385933,0.290302,0.491261
be136d0b-0835-2110-1589-a2d1b17ebda7,1,0.084998,0.054461,0.1303
77cd0809-f159-6c69-3750-83238f643a92,0,0.10202,0.068293,0.149726
396ae9b1-8bb1-65b9-9c87-a477a00f33d2,0,0.310714,0.227228,0.408653
9d2cc523-ee23-c535-fa09-f602a0c701db,0,0.156992,0.107503,0.223556
518dc567-894b-ffd9-6c0c-7ac2ed4074c8,1,0.076943,0.057874,0.101618
3b0e0dad-dc1d-90b0-d424-dc576af74082,0,0.254286,0.183123,0.341541
6d8337b6-bd7b-f060-7765-3c47c61cb007,0,0.169256,0.116685,0.239102
540008c2-05d2-1312-2aa9-bf912bc1808b,0,0.093888,0.067149,0.129791
5147088f-3d50-7c40-e31a-3280c566c782,0,0.118261,0.08122,0.169085
9e8e98bb-0ee0-a893-41f5-b8cd27801463,0,0.286564,0.216689,0.368375
d7ff8d44-964a-9303-be0a-79792f7ae1d5,0,0.118889,0.089857,0.155698
2379867b-2b72-1920-b6d6-151ba3dfbb51,0,0.250931,0.180079,0.338163
c35e9855-d4fe-2baf-5ff7-9e61f52da70e,0,0.10189,0.07484,0.137267
ce7d747e-607e-2619-7ce4-564876703479,0,0.235463,0.180423,0.301125
9c4adf02-0255-40b8-916c-d7960145380f,0,0.910378,0.849236,0.948236
1a1ca140-e3d5-928f-6f3f-19320642cc86,0,0.289945,0.214525,0.379082
7205978d-b1b8-4517-b355-03428d82aeb4,0,0.645332,0.51819,0.754799
a02e06ef-fc24-f457-bc1a-dbbb6e5286a8,0,0.181455,0.116641,0.271225
ed0e1eb9-6ae2-4316-0e15-3a75c83e6a5c,0,0.105808,0.074682,0.147836
bb5eb5a6-3c3e-020a-afe4-25bca14667d9,0,0.093789,0.072113,0.121131
b6b93efc-df67-3655-dce1-54af58217cda,0,0.52805,0.437913,0.616395
ddcb7f82-6682-f0d5-9d7f-5d01c7d8b1e0,1,0.076943,0.057205,0.10275
a4193c8a-0914-e5fd-b25a-77a95fe42879,0,0.165125,0.128486,0.209698
8db35f18-305a-67d0-f6ab-c002ccec50fe,0,0.138312,0.101623,0.185511
21408e19-a0c6-9494-b78e-251f921b41d8,0,0.294696,0.224633,0.376015
736cf4db-f1d2-ae9b-313a-b3abbaeb7b3a,0,0.097806,0.072504,0.130693
5c687f56-5aa0-1d5a-7123-c6512f6cd345,0,0.421595,0.342118,0.505354
aa03af30-5b1d-c879-8c7e-2c1c4603f1dd,0,0.357428,0.275535,0.44859
ca657467-2538-2ddf-5b29-e6e6e49f9a2b,0,0.093925,0.070204,0.124587
57d00e95-0b2c-6d12-dd5e-ec7c48c47d34,0,0.093925,0.073601,0.119139
ecd719d9-7007-26dd-1ff2-8018f4251cba,0,0.40808,0.312068,0.511662
1858266b-dde9-5c6e-0e1a-28d4a5e2c354,0,0.242545,0.190575,0.303376
868dbecf-9697-3b65-dbd6-9a57a5238f4a,0,0.114242,0.086445,0.149514
4e577f92-9694-d26c-397e-667825c6dd18,0,0.128423,0.089006,0.181811
6998cf63-47f1-8230-1835-803cedfbc26a,0,0.320924,0.239351,0.415126
1f2118f5-06c6-ffc8-023e-169dec26429b,0,0.368502,0.271538,0.477399
94fa51a2-0ab5-f10e-a9b9-b45a7e8c8e92,0,0.114137,0.080347,0.159668
bd502662-e6dc-1f2a-3be9-fab5216db339,0,0.486942,0.340338,0.635827
08efb605-ca1b-e6a2-89fa-f23a6a7f702b,0,0.320924,0.234377,0.421823
26d5c419-401a-cc01-f278-262b695b2ddd,0,0.278432,0.196971,0.377735
f9b75a4f-a142-e5ea-c315-847d35f367a4,0,0.318601,0.237074,0.412987
39b65a47-5952-b08f-0cdf-030bed503dbf,0,0.534544,0.459352,0.608199
d3fc48a5-46c0-488b-7e55-b5b24a2263a6,0,0.284944,0.210793,0.372855
d5d76ea5-30ae-1459-d941-c1e607584f59,0,0.153584,0.11355,0.204477
3081196e-72f6-6afb-20b5-02f609b3a849,1,0.078909,0.056982,0.108303
f7d300eb-b3d0-f520-6faa-4740d946a11b,0,0.093888,0.066896,0.13025
96855c7f-573c-37b4-9be4-bb535c6b4c79,1,0.049849,0.038346,0.06457
46acb55a-b0aa-9b77-86d1-626d08e2dc19,1,0.076749,0.056429,0.103585
c6ff8eac-79f4-a05f-3d24-e9b54e112997,0,0.215984,0.140625,0.316838
d62040ea-7709-9c3c-78fc-e3d49cab0aac,0,0.242254,0.17461,0.325761
6143e208-df2f-68af-85aa-acd497ffce28,0,0.258504,0.189671,0.341782
c41397fa-3110-733a-4367-60fbdc3f6d5f,0,0.239905,0.170252,0.32683
f7bcd2e9-da00-97f1-6c6e-119923f679c9,1,0.065273,0.049109,0.086274
8e2f6762-fc6c-9348-0085-1718a9d4817b,0,0.124104,0.074755,0.199022
72777926-7b7c-203d-2376-a9fce855395b,1,0.070633,0.052006,0.095261
058bdf94-1de3-c0ea-c376-2dad35b7f6bf,0,0.40808,0.331756,0.489111
87f02f25-f394-de89-f413-7aa6b4e1eb1a,0,0.197982,0.130467,0.288831
36563cea-d42e-a75d-df7c-cd66788f7829,1,0.06328,0.045227,0.087877
47de3dd9-4dd8-127f-684d-d71b206d688c,0,0.599664,0.516092,0.677814
1eac09a1-5f83-3104-ff3d-4c9068192aba,0,0.223868,0.163854,0.298029
cecebcb5-7e09-dd0b-cef0-6f8b535f1733,0,0.72646,0.587611,0.831931
183efafa-2016-6b7f-39e9-a34c82b84554,0,0.128789,0.092609,0.176357
c8621972-5075-ce0a-af75-3bf094f9a9b3,0,0.687217,0.609249,0.755861
1953cffb-d8ba-b987-1dd4-98a14075982e,0,0.11868,0.08242,0.167972
c7f92820-db27-49e6-4b02-9e0cc2b72bd2,1,0.054975,0.03935,0.076311
1580f25d-6d15-d03a-cd1f-34d002739236,0,0.250372,0.196495,0.313263
36889aef-d9c9-aeba-246d-c0c64f4243a6,0,0.333639,0.258124,0.418777
b54a379a-04e0-cc85-9a4f-eca9704b72fd,0,0.242545,0.176647,0.323372
57e82b55-7c01-4961-30f7-2decf01afaea,0,0.236246,0.184669,0.29698
b65d8f36-c79f-b7d1-ab50-d21f64b75eb5,0,0.114581,0.082301,0.157351
4c08287e-d693-a435-407f-139fe3dbfeab,0,0.903736,0.847843,0.940537
aa0e9de6-760c-9411-6218-a617f52e7eeb,0,0.691105,0.588892,0.777507
e52e0ce6-9bb0-dba3-22b9-418f52b19106,0,0.66362,0.520546,0.781889
696051de-9bbf-3a62-273a-546f2c72c21a,0,0.385933,0.294446,0.486255
499ded79-7229-c39f-b2ad-e7488f331fc7,0,0.320924,0.241826,0.411841
3cb79216-9fb4-b903-4507-74471ac7dd84,0,0.138219,0.098695,0.19023
4c3af390-37a2-e9f9-8e68-d81e387bde99,0,0.838267,0.783682,0.881166
cbaecae1-e64b-4144-17aa-a4a114bfacf5,0,0.254286,0.200264,0.317102
56a84982-d99c-3b83-22d4-347390ac2e94,1,0.062663,0.045722,0.085319
bda23af4-e4d8-fc67-c6df-ce4f8818d980,0,0.128423,0.087299,0.184992
1370d3c9-f507-baf2-37de-ba7a0ca644c3,1,0.073999,0.051861,0.104546
363f3d0b-4e1e-f6a0-3d05-64c8a5290ac2,0,0.227291,0.165797,0.3033
ab82fefb-2cbf-9570-f1fb-9edad7199a9d,0,0.195723,0.131659,0.280876
31163942-3416-d3fe-3360-11c2d9e5ef5a,1,0.053149,0.039605,0.070982
8da13e46-bed6-46fd-bbc4-e52a9390368a,0,0.141626,0.100464,0.195979
fabbc233-46fa-3d51-79ef-50261bb35c67,0,0.314658,0.250497,0.386772
25968586-613e-8ab0-7d7d-75c49d345358,1,0.067265,0.050594,0.088914
e184da2e-ea15-3caf-1c6f-9a023816db16,0,0.153574,0.114447,0.203011
4d59bf1e-039b-a3a8-9cb0-ba44fc5c6e8d,0,0.15604,0.115871,0.206877
322926c4-f6d1-3a3d-05c8-eeed1d94ee5e,0,0.097972,0.071131,0.133485
8a7acd65-c234-feed-2320-f99f576c024c,0,0.105569,0.076546,0.143881
d5b46b0b-c2ba-7028-df50-7bd7467947a7,0,0.838267,0.784171,0.880863
b2887a94-c025-3538-cd15-29433a43f372,0,0.114242,0.080627,0.159442
190b3745-35a9-baea-4acf-6433b24381a4,0,0.114999,0.082487,0.158118
d8fe8876-c3e4-bd1b-c9a4-b5e7ab5e3e93,0,0.093925,0.066998,0.130164
e7217168-3cf7-bf15-4409-8042d25a198d,0,0.483819,0.343743,0.626483
3e5afb11-57fe-0f8b-d6a1-0b171eeb874d,0,0.170326,0.114619,0.245598
6e10d66e-5874-ce7b-7eb5-ea006dafa256,0,0.754634,0.561054,0.880957
30063a70-d294-86e6-df44-01ec4690cec5,0,0.599664,0.516113,0.677795
f897260a-d6e6-1b44-65e6-ebf4a3c9d55a,1,0.081203,0.057362,0.113757
4ff58f4e-481a-3c98-cef1-6a545cf980b6,1,0.069875,0.053768,0.090346
cb26cb4e-561b-cf15-983e-5fd7d76d3ef1,1,0.045367,0.032746,0.062539
0a5118df-7f34-444f-f6a5-3791861c1934,0,0.213762,0.140128,0.312046
c8bdb073-ae04-0b44-4f1f-2ef034e7a7be,1,0.06328,0.046376,0.085792
062c377e-8fc9-b5a0-cf7e-e1337a2efba7,1,0.06589,0.050624,0.085346
70f1db95-a2ab-4814-9695-21106e6cd82d,0,0.093789,0.072898,0.119893
96ea4164-c298-7598-f564-6ac9d74f4b09,1,0.083169,0.058797,0.116394
4ef499c1-d7b9-a1ea-950a-78cf6b8a626d,0,0.411459,0.316178,0.513876
ba74624c-b677-d98e-6de6-99ee11fd853a,0,0.109856,0.082342,0.14511
abdbdd39-f0cf-4c6c-6c56-41a293d7a9d5,0,0.265549,0.199743,0.343724
0287d1b0-a204-d033-cd77-459808ada331,0,0.242254,0.184504,0.311182
a7ed8be6-4836-1054-4c85-6091154dc593,0,0.683328,0.606216,0.751529
387a39cb-ff5c-a60d-f699-e7112a6525e5,0,0.338355,0.22095,0.47973
f9d4d124-f05c-47a3-0dca-a455373bb0f4,1,0.063929,0.047314,0.085853
8d99b34f-30ee-7186-3a8f-c4d847e6441b,0,0.234681,0.180209,0.2996
19a39c4d-cec1-5255-2cda-504deb03eb4b,0,0.093789,0.072377,0.120713
93ed69aa-5100-e8a0-c9e6-4067da3e1ad2,0,0.200596,0.140133,0.278692
efd3ea97-5b9a-79b0-903b-723a0c6eab47,0,0.107876,0.072627,0.15733
70f56e14-8fb6-358e-35e5-8bec764eb445,0,0.40808,0.318858,0.503802
912ae755-c266-7986-84d7-987711c4011a,1,0.069257,0.052654,0.090597
984091d7-8e41-d91c-adf2-642b08824f0c,0,0.184611,0.128872,0.257337
a33b36f8-52bc-88ad-89e4-4352de1ea4c8,0,0.825822,0.709304,0.902084
46d09de5-769b-873c-aed6-8d1048445b2b,0,0.212232,0.148043,0.294629
d6046270-314d-304d-cb98-0577c31287ef,0,0.097733,0.07171,0.131857
b5a42d4c-2dbc-e739-a2a7-8dfe4edb740b,0,0.385933,0.271026,0.515131
b41028ac-26ae-ea7d-3e4a-4cf7a7b4b064,0,0.140161,0.092232,0.207309
67bb20c4-3a6b-7b1d-5eb6-86ef754d82a5,0,0.560592,0.447473,0.667749
219d3001-ecfa-168e-3d6b-9cbc501cc1e4,0,0.397007,0.288554,0.516622
59b90c9b-9a3a-53d8-c587-69305d6d3199,0,0.159448,0.110682,0.22428
af8edf4c-8dce-92f0-d65e-1caa7c8776e5,0,0.429985,0.339581,0.525313
1a95b053-60a2-9773-4760-a66b8a8dc0ce,0,0.363786,0.261824,0.479653
a5aa129a-16e3-6100-4c16-ac5a1bbe02f4,0,0.462582,0.364018,0.564159
c80a4443-1c67-c874-3285-2325c4497c92,1,0.07125,0.054627,0.092437
761c42c4-c62a-b721-9304-3803d1902e6f,0,0.40808,0.310877,0.513049
573c4100-334a-92a2-a9de-23896d4e65c4,0,0.097843,0.072856,0.130196
21bc29ae-ce8a-28b7-f12f-6a5e18def839,0,0.114242,0.086712,0.149086
16262176-95ae-7ff8-a361-49968304dfb1,0,0.599664,0.492423,0.698137
bbb6b981-69c7-256d-4647-32996232829a,0,0.114371,0.082205,0.156971
e6802076-db3a-5aa9-5f39-075c81eb3365,1,0.054985,0.040838,0.073658
eb68567d-fedf-69bb-6268-c04306b8ca04,0,0.097972,0.066274,0.142517
53b2bc91-54af-8f85-8c03-3cdd42e8e263,0,0.177896,0.129956,0.238669
dc298e47-460f-dcc5-abf8-35f3827bd8f6,0,0.091824,0.068821,0.121512
950b0485-6ed0-4c4d-44ec-973c03da6522,0,0.40808,0.33327,0.487407
74590f3a-2514-31f0-09a7-4f510bfbda57,1,0.07125,0.055104,0.091667
f83b6699-6f7c-e6e2-8de1-2e824097aad1,0,0.204521,0.140212,0.288432
44594296-1443-0fb7-5b75-45d73f0e0738,0,0.424439,0.321522,0.534354
99930acf-3473-a258-f08e-8999d0e9c41e,0,0.320924,0.240437,0.413681
23732798-598b-50f1-5627-37a9d2835e91,0,0.224007,0.162482,0.300471
4703214c-0f48-3f35-5139-f5646403a214,0,0.672817,0.562629,0.766754
b135bed3-4f36-4458-5257-e0ae89d9a455,0,0.110195,0.078972,0.151729
2e16e824-5732-5a10-ccc3-013a702dd740,1,0.049849,0.038892,0.063688
5279e4fd-6a60-e09c-81aa-64639b140d73,0,0.117748,0.0913,0.150587
77290d06-bd14-74d0-4c9e-43bc2370072c,0,0.097843,0.066595,0.14153
53329b5f-dced-581f-894b-edbb0e24426d,0,0.097843,0.073608,0.128946
9be8782c-8b10-cb0b-d51a-a079f209052c,0,0.091787,0.07065,0.118442
99c0f6aa-31c3-e361-8a5e-791a0ed4a13b,0,0.2357,0.168449,0.319485
626d0cf6-8395-c0dc-72fa-e9d8a709b721,0,0.656808,0.551004,0.749036
2a45601b-681b-2c9e-dc9e-5cb8f4ab6a01,1,0.056449,0.040604,0.077974
69ffe4d9-53eb-d1e8-b8f0-4cd3645b7fbf,0,0.40808,0.330091,0.490991
71ffa9b3-813f-4782-2c23-85d26159771f,1,0.062663,0.049409,0.079177
e05c261a-b038-ef6b-44d7-69386eb15f84,0,0.971299,0.000113,1.0
adca754b-f447-668a-ddc7-e094a743953e,0,0.276812,0.208578,0.357292
a41cb425-761d-e37a-b91a-d3f5d25d7a2c,0,0.159427,0.108415,0.228295
ae1e05d2-0d21-8449-3372-acf6e0237da2,0,0.093925,0.071263,0.12284
e551cce8-c0d2-f6f8-6223-77640b610e30,1,0.076749,0.05571,0.104853
1960aa1e-b6bb-f143-e6d2-a3e09ef9295c,0,0.999999,0.999998,0.999999
62ff585e-f612-fae2-629f-a039bfeb4707,0,0.547568,0.441761,0.649244
98674856-b832-73e6-2084-9547d2b38c18,0,0.109936,0.083224,0.143876
b8d7a66f-ed8c-e4b7-f02f-9d9233d44e8d,0,0.124393,0.082603,0.183105
61ce35d2-f52c-7345-a9ed-42b176aa1322,0,0.333639,0.264136,0.411212
6854a302-9867-4e1a-62b5-f2031eb5edf8,0,0.10202,0.071651,0.143273
0938804d-7de7-57f8-6dde-e33aa26bb54e,0,0.243328,0.190198,0.305696
c127573a-fa23-63e8-5e75-3150cf9a8d03,1,0.056096,0.042922,0.073005
820f8efa-f6e8-1121-0fb2-d6ed82b37b31,0,0.093789,0.069001,0.126275
d20a9dbe-606b-ed4c-4fa4-1bab27bbbcd1,0,0.573616,0.456703,0.682842
9e752ffe-df9a-fb74-d37b-e61b1eba625f,0,0.599664,0.516604,0.677365
857fc15d-8716-a0ed-eb28-38fb25722970,1,0.062663,0.045533,0.085659
15edf8d6-499d-0a0b-d8b0-e414d2988c82,0,0.125109,0.093408,0.165603
dd43a096-7b08-02da-cd57-0b22a4d646ff,0,0.397007,0.309509,0.491628
e0ade53a-9677-ddfc-adda-bc4058dc9266,0,0.318601,0.255288,0.389405
cbee1a0f-762c-1f08-5ed5-2163e796bfc5,1,0.06589,0.050246,0.085964
098d65b1-dff5-d06b-3dee-52b3fa1b6c9a,0,0.093925,0.072308,0.12116
5bf325da-7b66-b8b8-eccd-48ce99ed0acf,0,0.11479,0.082386,0.157749
da45becc-fddc-25b8-a84d-190654937ff4,0,0.114214,0.079956,0.160587
5bb9ce55-e7a0-ec6c-4660-7bbe44338164,0,0.204521,0.150494,0.271739
d9f96e31-180c-337e-eb9d-7b0f2f55afe2,0,0.243819,0.176361,0.326841
3ae4597a-39b1-a867-8317-55b02ef0932c,0,0.379575,0.278591,0.492191
fc610651-078a-bee2-5612-bc2a690311e8,0,0.397007,0.303623,0.498549
2a075569-ae2e-f656-7988-0d5431458821,0,0.862517,0.784316,0.915422
b8eab21a-dff4-45ef-8437-5193ee4975a4,0,0.097972,0.066259,0.142546
b0cebe11-1939-84fe-2122-c54b359d5bf9,0,0.188387,0.137859,0.252021
9809f3cc-1116-309a-88ad-aea0da6ecb59,0,0.368502,0.272757,0.475864
bbacc0de-cb1e-1d02-edab-3c4fbac4fbc3,0,0.265549,0.198167,0.345958
62ba8f7f-3be9-b4ed-4439-965723c32dff,0,0.171516,0.127498,0.22678
bc3d1113-5bfa-de73-b3b7-36370e10cf7b,0,0.844715,0.777539,0.894361
de4f0326-91ab-98c2-7e34-d6df282273ee,1,0.060837,0.046175,0.079766
bb25e282-31f5-e04a-7c8b-72efdc24d3a6,0,0.247799,0.190376,0.315788
37adc7d2-ab77-0ce5-de6d-ac86bf51e0f2,0,0.247241,0.181763,0.326883
0a12700d-31d9-8a58-3a71-8c916307ad07,0,0.320924,0.259903,0.388746
566fa0c7-96c0-9312-b490-4437c691d86e,1,0.037987,0.026518,0.054141
d31b9999-ae51-e76e-e87b-a60bff668605,0,0.314658,0.23385,0.4085
080f8bdf-f82e-33ae-7fac-c9fde1addfc1,0,0.114451,0.085763,0.15115
a24349bf-b8c4-d8f3-ce85-6f21a9075f60,1,0.076943,0.058596,0.100423
6eec8648-2e06-2c7f-e6a0-510b7388f491,1,0.072625,0.052803,0.09911
c231ddd9-b6b4-8243-4432-55ceea25471b,0,0.237558,0.17274,0.317366
68b1e06b-d485-c56e-172c-7be0608f575c,1,0.071417,0.051405,0.098411
47d2a5ae-b36c-8f18-4223-e2cf83afd049,0,0.132366,0.09823,0.176048
02bc6788-84fb-93df-f2f1-8aa9edd8096c,1,0.06589,0.049084,0.087918
e2ef88f3-b298-eef2-1eed-9518de408385,0,0.124742,0.075428,0.199346
6b049c7b-aea4-d616-d971-b201233c8ba3,0,0.293076,0.224091,0.373086
0f422716-43f4-dd4d-0588-8d6beac13d1f,0,0.318601,0.254309,0.390632
09c87404-8b28-16ef-5073-5677c4b22a42,0,0.089394,0.065352,0.121135
25d47ef5-1d50-d911-b68c-06c82cdb31fd,0,0.52805,0.413953,0.63929
027cdb0f-3eca-c71b-aacd-1fbf1ca54522,0,0.333639,0.262037,0.413836
5c1399bd-c230-aec8-c780-86fea9d01c85,0,0.121219,0.09131,0.159207
59511526-6dd9-49ce-d86b-59a1b6aaecae,0,0.599664,0.515997,0.677897
b8a2c5a3-6b14-d6f7-8f33-9f9cff77dc79,0,0.229468,0.179073,0.289051
194414f6-4f96-19dd-57af-5aaf0d6a5997,0,0.159458,0.112814,0.220593
b7d1d8fd-0603-8361-4846-898518416535,1,0.061937,0.045874,0.083133
4a425af0-a500-5dfc-25d2-f4e609f7f632,0,0.691105,0.611409,0.76085
541afbfc-70c4-168a-d42d-a74b6cff84c8,0,0.327282,0.241469,0.426446
0c3ca99f-403e-d3ed-dc58-d6cef6ec0412,0,0.838267,0.767549,0.890538
ee45e498-7923-dbc7-cfd5-bc664fa85f46,1,0.061937,0.048584,0.078656
9d11e543-6f59-419c-6fa7-873b8d0f3718,0,0.459958,0.348168,0.575929
a8f71bfa-f682-7504-50b9-7e640c9c8de0,0,0.339499,0.26903,0.417874
ae6049a2-f09e-a4f2-9ca7-87e141cf84ed,0,0.238594,0.179885,0.30924
18e3156d-5fba-b34f-ee0c-e7a46a3134c1,1,0.046642,0.03272,0.066083
67e75b20-9efc-bb83-9f2d-5609c85fa0f3,1,0.052423,0.039857,0.068666
cb586c73-968c-06ea-e506-eb6d3cef4c65,1,0.049849,0.03895,0.063595
355bcf91-9e6f-50e2-1757-08b9df156ae1,0,0.870507,0.825996,0.904942
97291811-f861-6665-cf82-a1e489be6145,0,0.385933,0.276606,0.508119
d6e9929e-3f16-b0bd-bba4-d15ddb192fd4,0,0.135783,0.086231,0.20735
5f82ff25-4934-57dc-7d6b-3ba635c3bec6,1,0.07125,0.050861,0.09896
42a80e02-eaf5-3d95-d382-7067b88ae417,1,0.045367,0.032595,0.062819
d2a5a344-0ab6-caac-e0d4-dc895fa9eeaa,0,0.093925,0.067365,0.129503
1d85c445-23c7-b28c-2615-5ac234d29051,0,0.185942,0.127606,0.26291
72f33a75-79ee-4af5-0884-f0db2285cf65,0,0.461441,0.360515,0.565629
594709d9-967a-48cb-406d-fbc4468a3b85,0,0.687217,0.60466,0.759393
02d349c7-558e-661a-de66-d51776e057c4,0,0.390649,0.259883,0.539271
ec0a9e25-a8b0-9a78-fee8-525c1fab5f6f,0,0.560592,0.449005,0.666372
94653ec0-7702-64fc-2b93-459ed52bb5ca,0,0.956949,7e-05,1.0
b1555d58-4c6a-ccc2-8495-9034004f8602,0,0.351071,0.257887,0.457181
73e3f9a6-9c9e-811a-6b4a-f7523a9afdb9,0,0.547568,0.438355,0.652386
876bcd01-6bb4-a5b2-def4-8ff161a48e12,0,0.318601,0.243578,0.404378
e87acf43-7660-d8e8-a49a-e7c4f44b07a9,0,0.310714,0.229598,0.405409
44bb0d75-72bb-1d79-d43f-8026d8235989,0,0.170753,0.110367,0.254719
17f0221d-2aab-f015-8f0c-f3f44a938b6a,0,0.114371,0.087476,0.148193
d654d7e3-783c-3ac2-73eb-c6677489b782,0,0.47049,0.361161,0.582726
75356b9d-29ea-7b03-8a81-7df407906755,0,0.110065,0.075917,0.156965
d69f755e-b3b9-1499-baa2-ec3976468b93,0,0.091824,0.064751,0.128659
66852e86-092f-6c04-892b-17be9536aae2,0,0.190429,0.122341,0.284145
62aa8c42-3087-bae0-3ef9-7baaf83c8797,0,0.248024,0.194375,0.310768
6733ad67-4b06-8b45-4916-5e35106ba1ac,0,0.093925,0.072042,0.121583
2b847127-7fdc-5460-190b-b67efd3bbc7d,0,0.21805,0.15411,0.299138
1080ff0c-430f-1ebd-8990-b56df56aeffb,1,0.074784,0.055825,0.099504
29aeb9ab-371a-0742-6cd4-88d8ac877fbe,0,0.451107,0.334064,0.573822
6ba6ed30-ab0b-8629-c6d2-002186d7f6ae,0,0.114661,0.08328,0.155856
857ab28f-7604-611c-fc70-9941cf44e841,0,0.11479,0.081073,0.160087
f0486d4f-eedf-2dc3-532e-d1320f56eb4e,0,0.184298,0.136915,0.243453
a2862ddc-a6bf-59a0-1fc9-45e400f149e6,0,0.118261,0.082953,0.165879
69d9da00-b7a4-1a5c-a604-f225bbb4c115,0,0.244364,0.178036,0.325614
a39c7085-9f7f-392c-6100-376b1ce375f5,0,0.093925,0.066457,0.13115
9d5afa23-bb5e-771f-5cec-d90fdc717be6,1,0.078909,0.052381,0.117209
c9727277-f8ba-cf7e-d1ef-016b2bbff73b,0,0.105808,0.075806,0.145812
d2ecb25f-9fe7-5313-adbc-009d5d311d1b,1,0.07551,0.052459,0.107539
ca5244e1-46de-4c1f-48aa-e5446f8576c3,1,0.06328,0.048967,0.081419
3ba9fb65-9c0d-4d76-2657-2edc46f4a386,0,0.097806,0.071627,0.13219
3e757d79-4725-b4d8-9736-806eb8c61414,0,0.257417,0.185171,0.345886
a8397bc8-8d3a-2a5d-aac3-0dd18e1991dc,0,0.327282,0.240202,0.428141
b4c306ee-f8b0-5fbc-abd0-9b73d3baefc9,0,0.411459,0.334123,0.493431
0720ecbd-1a7f-5ce6-9f9a-e43e15b1fcfc,0,0.091553,0.065145,0.12721
ce6ef1fa-ee27-c866-ef6f-0e250af31699,0,0.147479,0.102176,0.208211
1cd85801-087f-71b9-94a9-69336f5c11e8,0,0.324958,0.254662,0.404138
55606c04-636b-af43-90b1-fc408c21a6c3,0,0.306771,0.239084,0.383952
09132e32-50a0-a63f-d47d-7986dd77b0c3,0,0.219215,0.160093,0.292566
79578b0b-0437-b08a-a965-786256cef9a8,1,0.066507,0.046453,0.094362
d2fb28c1-2b9d-9ac9-dcdc-df640e8f68b6,1,0.085192,0.058556,0.122371
de950794-12ea-d700-9c3a-06920ae825e1,0,0.288887,0.212542,0.379442
3a0b5ad3-0bff-ec8e-594c-849ebd4d22a2,0,0.822115,0.715755,0.894541
032bb0ff-a1bb-af78-8887-e2d3a79d89d3,0,0.429504,0.334823,0.52964
7e6735e5-fd2a-b71a-e7e0-5497e8de9bb8,0,0.838267,0.7694,0.88952
95ba3fc0-592e-ef3d-0d73-70c9eaff0bab,0,0.175074,0.122316,0.244256
802420ff-1e46-1af7-3fa3-fadb042d57b6,1,0.079017,0.053672,0.114877
9ab15f07-9ad3-d3f5-d5f1-8f2d0b3c4a6c,0,0.680489,0.595205,0.755195
84a544b1-d017-a94f-2500-a1e1da0f2c45,1,0.055712,0.037174,0.0827
279f9b24-fcfa-0256-e2c9-3197281e5c77,0,0.112262,0.084176,0.148202
c9f0c841-bf5f-9684-492e-88c6683b9123,0,0.105808,0.076143,0.145216
36ea9afb-a62b-8a94-240e-2c521ffcdfff,0,0.838267,0.769553,0.889435
0e7bc63c-9f50-201c-9c93-77acd8c08cfa,0,0.339997,0.266856,0.421654
47311647-af61-77b5-57ee-fff86843494e,0,0.316981,0.252687,0.389116
91ac9f1e-6aab-39f1-303b-fbf62964aa04,0,0.134538,0.090193,0.195989
6dc07e2b-ef75-ab12-d6d0-6fcdf2f761f4,0,0.110376,0.074144,0.161229
a6bfa6e3-2c32-627d-dd75-110684de8750,0,0.58664,0.45974,0.70299
bf709ada-74ce-ea67-f979-39bce38f5f96,0,0.093888,0.068169,0.127977
3243564f-504e-33a0-fba9-49151300b795,0,0.257417,0.190928,0.337405
7ef0d89c-70d2-03f5-79df-fb94ef6c8581,0,0.262418,0.181591,0.363252
144f115f-bada-0646-8258-63beb53e3dad,0,0.10189,0.074325,0.138153
fda24628-e0ab-bf15-a057-d1fe4759f6b1,0,0.251155,0.187118,0.328257
d15fbe5d-e2e3-a537-3ed1-3df5b97801f0,0,0.362144,0.264506,0.472662
5d187f05-ba09-3b62-e77a-16cc3e370b0b,0,0.125005,0.088613,0.173497
6027986d-1b9b-c145-9f92-40976c2f4380,1,0.06328,0.046196,0.086112
ce488b7b-4902-c763-0f28-ba4f9d66aaf5,0,0.276812,0.214075,0.349754
9ca56bea-37a3-3789-a500-de0741a23bfd,0,0.668823,0.571409,0.753642
4a168249-f145-a847-cb9e-c35546553853,0,0.414838,0.340936,0.492781
804ce846-2411-7f0b-5a32-b12c5158797a,0,0.498961,0.382919,0.615115
9e1865ab-dbb9-24da-5609-c7cbbe98c33a,0,0.254286,0.202523,0.314069
0fb4d2ad-49e2-a8b0-753e-034d51eaabe9,0,0.224071,0.156865,0.309501
7dc3cf21-5ecb-7ad3-5504-17787734583c,0,0.109597,0.081064,0.146573
13765b6b-ba9f-9122-8827-a09537004c6f,1,0.06328,0.049085,0.08123
9bba4124-b9b5-ca25-0b9a-2fe691f2615f,0,0.171516,0.124877,0.230975
6a9797ff-f621-bf9e-8ea1-91ae5da0ffc4,0,0.181455,0.123404,0.258752
4f66d127-70cb-b778-7a0b-a3e4a6ad1b6c,0,0.173744,0.128536,0.230643
e35fd01b-591c-064e-9159-a4bd7f58f424,0,0.224414,0.174761,0.283329
0ab5f8bd-6c1d-425a-a1c0-3d36d062782b,0,0.091824,0.069252,0.120799
670e2a7e-69a3-38b7-d92f-9a6057e263cd,0,0.118261,0.083832,0.164295
c7e5bc16-e3bd-867e-a358-0fde21dac973,0,0.529884,0.419911,0.637029
73af2267-fe6d-7706-712b-a91df1931ec2,0,0.314658,0.249256,0.388344
60686e11-9e50-e3cf-94c7-e3e167d641b0,0,0.163403,0.114484,0.227847
5f3bd0cf-a831-4f3b-fe8c-1fda5781ce03,0,0.091787,0.069772,0.119853
ba504541-ff8e-2079-535f-576b68c64c44,1,0.079044,0.056239,0.110019
a315b2d7-1f5b-06d1-b6c2-023fdaeacec8,0,0.534544,0.434478,0.631906
ec0aecf6-d14a-c013-fb0c-d956943a8b92,0,0.333639,0.238831,0.444124
58536e26-bea5-4368-2835-deb0bb064646,0,0.297019,0.226151,0.379213
b4e819f6-1982-7967-3187-50c5ab47c587,1,0.080874,0.052494,0.122612
7b43ab5c-da2a-a014-1655-5c8853e17830,1,0.080874,0.058132,0.111461
1c42095e-86ed-ce6d-ef9f-6435f1e23811,0,0.534544,0.425815,0.640087
733e36d5-e1c2-d586-bf00-e6def8167096,1,0.060111,0.04515,0.079617
49b4bea7-2003-6c8e-e8c3-277f26298a6c,0,0.261636,0.198092,0.336997
ce96827b-8038-d756-5e35-feed9558b3c8,0,0.106067,0.070985,0.155583
720805fc-1333-8c33-2f1a-b711e554645d,0,0.093715,0.072795,0.119869
c4f50bd4-0c02-4349-e88a-9159d65d0bfd,0,0.150177,0.110939,0.200169
739b1118-df5f-0513-234c-9b9b33e1a3e6,0,0.114113,0.082208,0.156291
96cc37d4-86a0-917d-3c56-ca96425366fd,0,0.40808,0.313346,0.510175
892ff530-40ef-19b3-7f05-b8cc6d79245b,0,0.24959,0.190443,0.319849
a774a97e-a144-2ac6-0470-063a83b557fb,0,0.313038,0.231857,0.407561
fdad6caf-134c-a81f-924a-0c6e34c5df8f,0,0.284944,0.199588,0.38906
3d237f44-f635-8eab-7e19-c9ed4d67f13e,0,0.110195,0.083923,0.143403
b9428088-fca5-796f-89c6-2340b90f9393,0,0.114661,0.089589,0.145627
a1ff27e9-fb6b-f48a-8b46-35805e8df901,0,0.92825,0.902017,0.947865
cef1e1b8-6093-6e2b-0189-5a5a7a2e00fe,0,0.111585,0.084336,0.14623
3e33286c-f551-0943-7bd7-e6d7c7c8a8d1,0,0.243328,0.176396,0.325615
f70a8f5e-6eb4-2c45-50f1-c023e0482f75,0,0.320924,0.241837,0.411826
8d9fbf5e-c3aa-c97f-4a80-ede7be7855e1,0,0.275301,0.199734,0.366369
b241760e-9b65-d926-97f0-17e2818a0d7b,1,0.075374,0.052799,0.106516
bdab7d1c-aba3-5959-876d-8070baadb897,0,0.397007,0.289698,0.515232
83f32625-8793-ac64-403b-38dd5457fe7e,0,0.114661,0.08773,0.148513
0cbd479a-dd77-ab99-af58-d00e6ed6a893,0,0.241763,0.187961,0.305177
367901c9-9dfb-bd06-cf4d-0ef92b39f85d,0,0.547568,0.444446,0.646763
e7c47412-65bc-f179-ee5a-298d95c21181,0,0.093752,0.072612,0.120248
56eff1e1-60ac-c41e-e53e-c8c3efb240de,1,0.087564,0.062047,0.122207
4bc8166b-6a49-4b88-f0e8-043026abc73a,0,0.310714,0.22994,0.404942
4e0b4dd7-aeb9-2f6e-06e2-b6ea309ae5fe,1,0.056822,0.04235,0.075848
bbff5855-f79b-2e5d-c41e-5e61d7fc37bb,0,0.12625,0.09239,0.170192
031e527c-4c0b-5cff-35e0-7f62d86cf8a7,0,0.704386,0.592901,0.795853
f024062b-fbe9-3b5a-d4c0-71fa12cf9d24,0,0.327282,0.255227,0.40852
cd854d83-b19f-273a-75f9-0545f67375b3,0,0.243328,0.173904,0.329414
49941bfd-e93d-dad5-7426-b07690837b81,0,0.089529,0.064333,0.123294
71079768-230b-4c2e-84da-6d20acef8f07,1,0.060111,0.045609,0.078844
664deff7-0a10-87c6-ac49-5f26297fe5a9,0,0.110533,0.082215,0.147042
5a5b060b-88b0-c2d9-a7a2-35197078fba5,0,0.141616,0.089293,0.217282
8162b367-0902-5846-e961-65fc319a9d9b,0,0.242545,0.179951,0.318457
b1c1a8a7-2a47-b284-e8b0-ef35570a6111,0,0.691105,0.591539,0.775608
4ec442fd-3a1e-daf7-4f7b-175ec86e6c43,1,0.062663,0.049296,0.079352
ca827008-e5d9-d4be-1c16-3b2f94777433,0,0.320924,0.240457,0.413654
f394a359-1674-0349-a5f2-f5bb6bf837ff,0,0.243328,0.177831,0.323457
2b885840-9ace-fa8d-99cf-0aba07afca1d,1,0.066507,0.04977,0.088349
83142c0e-b6fa-11b0-0016-1472b3b1f312,0,0.284944,0.212588,0.370344
25ac0b91-62dc-d96d-d98f-9ba6e32c8e7e,1,0.085192,0.062004,0.11598
7eb8923f-bd9f-c40a-954a-47b2c27cb80d,0,0.338355,0.240953,0.451701
dd91d487-2f75-1ed0-13b9-5187bb3f57c3,1,0.085328,0.060796,0.118509
61c692b1-e60e-818c-dab3-5dc535b746a8,0,0.114113,0.081863,0.156897
af772727-f4b2-4d11-633d-95f520f0a666,0,0.093925,0.071791,0.121985
47de7667-68bc-3a49-45c7-159f13259bf3,0,0.782093,0.560146,0.910034
2fecfde7-4528-37c9-6c7a-1000f12d7344,0,0.248808,0.192,0.315853
35ae0f36-2ba0-593d-6d4b-908a0a7db472,0,0.397007,0.309224,0.491961
39883494-2fe6-d71c-354d-a00a5b2ef412,0,0.157012,0.115946,0.209182
7229aeb6-3e87-ba13-7dec-1c2a0c99b7b8,1,0.06589,0.046699,0.092204
ffe04c0e-c382-ebe4-4943-8abbf9681ee9,1,0.061211,0.047331,0.078823
deb90e70-1422-ff1d-1f01-6679356285c9,0,0.320924,0.23871,0.415981
3b790fcc-e04b-1680-9f7d-9f6d3a9b5d0f,1,0.078909,0.056592,0.109008
e1708b97-180a-55c4-e65b-9d897d841628,0,0.385933,0.293431,0.487477
e7f9e793-59cb-e9b3-20b0-600c9dbdd198,0,0.134632,0.084598,0.207547
0f0464be-62f6-d9f6-3447-0159e8d05dbf,0,0.357428,0.277651,0.445975
208d6112-105a-2a07-a6f5-49a0e9e698b8,0,0.109985,0.080829,0.147965
c92be24b-f38c-9790-db92-01e28ae8cc13,0,0.40808,0.32061,0.501789
bfd5bd0b-5e36-64e6-7cd3-edc3025da082,0,0.40808,0.334084,0.486493
d2dd4e95-557a-8797-8937-1e40df47b775,0,0.560592,0.415968,0.69561
ab7b29b9-f07f-6806-07c9-b20aef1e8d89,0,0.573616,0.467852,0.67305
29f75d16-ba01-dd71-aa7a-ab184a6358f4,0,0.613935,0.469298,0.740915
439b1792-f675-964e-fa57-e48823b99dda,1,0.062663,0.048721,0.080258
2c16a7ea-9a09-8c33-3149-62e438c6bcf5,0,0.167363,0.12578,0.219245
982ea8af-cedd-332a-7532-4fa903be3a72,1,0.056085,0.041992,0.074539
3e24e1fc-3724-8295-37ae-a9c781870dd3,0,0.385933,0.304141,0.474715
1efe8a61-f575-b774-c7b6-316adf84a756,0,0.105808,0.076155,0.145193
e74945f4-2fa9-7b5a-8bb9-e3fe46b198a6,1,0.087293,0.058377,0.128577
0081f60f-b678-9ac6-d9f0-8f8ad17e4211,0,0.162876,0.126893,0.206647
f5342b52-9596-0a1b-c77d-7afe2ddc6cef,1,0.081145,0.057777,0.112832
38d87820-41ca-80de-64c9-d25338ae3f7a,0,0.289804,0.218821,0.372824
222c43e2-46fc-b0cf-04aa-b169f04a5e00,0,0.260514,0.204142,0.326075
b4f4bd7c-9b5e-215b-e2ca-a8b533c47722,0,0.093925,0.066778,0.130563
c7e0d57c-e01d-43e5-f5b3-a745729c8e69,0,0.456607,0.372418,0.543351
23589907-8141-9741-14ca-5033bc2c3dd6,1,0.06328,0.049285,0.080911
cf3bd1e6-4c1f-d376-3ed1-020d82ad32c4,0,0.58664,0.46226,0.700868
ec1edf09-c5ec-274f-990c-8ba3edc8536b,0,0.530608,0.434046,0.624932
1b73d110-616f-747d-4e6e-d8404b1c6bbf,0,0.12257,0.090683,0.163651
465e214d-d4ae-a92d-2aca-1aa84d4da7df,0,0.857611,0.790903,0.905577
07135b40-3735-338d-83d0-284c12544fe9,0,0.534544,0.437471,0.62907
89dd3e0a-c002-f84d-6b8c-907270a8e4b5,0,0.320924,0.237937,0.417017
7c060a9b-d6e4-d4e8-fe30-a42ca3103706,0,0.093925,0.07245,0.120934
18d0d8ac-759e-68be-95d7-30aaa151862a,0,0.229847,0.152371,0.331318
0e77c5d9-fb9b-33f1-2d9d-5033095249d1,0,0.521556,0.42842,0.613218
c967fb6f-2b7b-d691-6560-b5db8c880083,1,0.049849,0.034923,0.070688
f48216e8-80fd-450d-6d4d-adb9947bb13c,1,0.052412,0.038863,0.070338
27b76cd3-8d7a-d015-4dc4-310a9011018c,1,0.067882,0.050582,0.090535
3bcd0aea-9504-c878-2ae1-f6d69e1fbc97,1,0.085269,0.058928,0.121862
db903d75-55e9-55e7-de6e-6573b18fbca9,0,0.244894,0.17896,0.325489
1280e2cd-bbf9-ddd4-d63c-23768c4fe2ab,0,0.758582,0.65294,0.839949
20638cba-4293-acc6-c1f1-e5ca3f8799c8,1,0.083169,0.058651,0.116665
73051d40-038c-aad1-4d2a-2537881ba687,1,0.054996,0.04192,0.071846
9717608b-3d7b-de60-d9ac-68e2414f8b6d,0,0.147479,0.100287,0.211655
49c1063a-583c-07b6-efe5-81ca8c60865c,1,0.067265,0.050174,0.089629
bfc94218-8aad-bbc7-f92c-95b66235b88a,1,0.06589,0.050327,0.085831
c46dd4fc-3b6e-3ae2-09ff-3c35d72093f6,0,0.560592,0.443934,0.670919
f9d9e56b-ee3e-970f-d814-a5021995ff7e,0,0.760436,0.652991,0.84263
c8c4f5ff-eb12-0d08-33c1-dbc2a6e968ac,0,0.534544,0.451436,0.615778
195f963b-2d5a-7a47-8027-7602e87c01f8,1,0.070633,0.052746,0.093983
788960e4-be28-95e1-1f8f-501bf1abd823,0,0.305151,0.225678,0.398217
45d3d6d6-bc64-0ed9-c1ed-f0ac949365d5,0,0.573616,0.435185,0.701399
f27a607e-72d7-1316-7505-9b18be6dc813,0,0.784782,0.648385,0.878207
9cf977e6-fbb0-a096-7c28-349b63f6f9c9,0,0.114581,0.083006,0.156122
50e23d92-e305-05d3-3ddd-e6e901e67749,0,0.465028,0.332846,0.602312
dc17bb25-5deb-e6ec-f549-2db32be4dab3,0,0.286564,0.213915,0.372204
45cae1c3-b3ae-ab2f-39e1-5940b9ff3cc8,0,0.162855,0.119009,0.218842
c4c68fc7-3cf3-61f4-d3b5-ec23f77777fb,1,0.081203,0.053122,0.122213
1e931626-d525-dc16-9860-ed6836b7414d,0,0.685797,0.582339,0.773591
227fcf65-3089-06ab-b3f9-11308406db07,0,0.257417,0.203518,0.319859
fdd2c38c-e256-009f-8bbe-dd6438b7bf96,0,0.534544,0.42875,0.637319
b8c2f90b-546a-e1d2-a601-1568d623c3de,0,0.114242,0.087325,0.148109
7e537cac-84e9-055b-def3-ec9ece1af7e9,0,0.145296,0.096444,0.213059
8acbd1d1-d8fe-7788-a321-fb6398a209e0,1,0.070633,0.053477,0.092752
3261e91b-fa20-10ad-1030-0a9c47614077,0,0.093925,0.067962,0.128439
4a7734f6-eecf-fae3-6013-9cf876b08fed,1,0.035746,0.027143,0.046945
86fcc0b8-bd08-9265-5d39-c414cbd0e222,0,0.097733,0.066686,0.141049
78fe04e4-181b-31df-c074-f872d3eb627a,0,0.141616,0.097832,0.200637
5dd07e28-b836-c98f-ee3e-f7db12060478,0,0.547568,0.454205,0.6377
64e96920-0581-c5d4-47f7-5abc24e13143,0,0.40808,0.312895,0.5107
1b6fda1f-fda5-c5f6-3993-54cf9dce4fc0,0,0.411459,0.32042,0.508991
917b616c-53b9-2b45-afe2-42100b07a9d7,0,0.159448,0.121406,0.206607
36497f5b-18f0-8bb6-f2ff-24c9e0b6fadd,1,0.027052,3.4e-05,0.957624
5e6b0122-d913-37ee-e592-d2beeb268526,0,0.091787,0.069772,0.119853
c832b942-ea3f-4ae1-d575-5a13f35b6ad1,0,0.838267,0.771631,0.888274
b452e1a6-271a-0da7-85ba-9080f11e24a7,0,0.231258,0.167387,0.310415
9eb9d7bc-1a66-b121-c606-93407afa9b1c,0,0.156992,0.115733,0.209475
102de54a-4cc8-1cc2-d5ea-d6b7f1e3c8fa,0,0.250372,0.191873,0.319653
06635d6e-f618-2a93-d46c-fb4fd1faf115,0,0.459903,0.358254,0.565002
3247a761-e132-7063-1b9c-5a04a809a2bf,0,0.093925,0.066625,0.130842
25b3b7ba-8592-d5c2-583a-aefafc155b50,0,0.273681,0.201086,0.360654
d15b3725-4703-205d-cb68-1ea15c82b635,0,0.153342,0.102589,0.222967
1c7c55bf-c329-07a1-3b3a-157e499e9e16,0,0.231457,0.173642,0.301498
4ee5d377-b781-8802-48b1-a61a7ea4714f,0,0.293076,0.221446,0.376666
fcf32655-59e9-581d-76f0-8f9045f3a201,0,0.093925,0.071644,0.122222
be483be9-66d0-fda3-591e-7428f947d8fa,0,0.956949,6.1e-05,1.0
847b0f17-d61a-eca6-fe7a-78109d9ffda2,0,0.425937,0.317496,0.542004
a7a00784-2873-16b2-f87f-60ecad104cd8,0,0.097843,0.073202,0.129618
097df3b1-212c-9fdd-7fcc-651dc58c0da0,0,0.093925,0.070947,0.123357
cb047158-f46a-7abc-04b9-e1277f58514f,0,0.097843,0.070951,0.133462
e640db6d-f725-4b3c-4cab-13662a5fe4fb,0,0.11487,0.088911,0.147184
645b7b8d-eccd-cd18-5e54-bf1d9a79b22b,1,0.041194,0.027543,0.061184
ef689b54-d265-f3d9-58c5-6fc1e314985a,0,0.109936,0.080454,0.148477
bc262b26-c0f9-b050-f23c-be9b2fef1c28,0,0.231258,0.177207,0.295868
8666468c-3df7-f7ad-17f5-52114e431616,0,0.089628,0.065137,0.122123
514363b6-5931-0ff0-e369-da97df13aaae,1,0.061937,0.047705,0.080058
25c677b0-cc83-44b8-3f50-75ce6207c520,0,0.411459,0.342455,0.48413
a58f2639-4566-8052-af15-256c2e4d702c,0,0.298639,0.227605,0.380911
fb95c242-819f-91d6-e2f5-cc304dc9215a,1,0.063898,0.049204,0.082597
1b0f48db-4b19-9974-060d-a3286d24faed,1,0.06864,0.051876,0.090306
725d78bd-94d8-a9e5-6245-6e316650d91c,0,0.351071,0.258803,0.455995
7a410ebc-5b39-6bef-bcc9-ef3c9de66c79,0,0.40808,0.330708,0.490294
0f0e2e06-d1c9-e74f-60b9-e6404b864a3d,0,0.313038,0.233174,0.40578
9cb2e184-8206-afd3-5637-51eed477bf80,1,0.079103,0.057998,0.107015
ac1b7168-14b5-3112-cc46-01778f5c376f,0,0.254286,0.183093,0.341587
5460de41-24f6-87a9-9185-2c87295eb915,0,0.807818,0.682587,0.891495
6e49e6e8-7062-7a7c-40dd-6d131fd7acfd,1,0.079775,0.057896,0.108966
075a5d99-7cc0-d078-c497-ac98b636a269,0,0.114033,0.087418,0.147441
e8b0ed34-4874-0de7-3eb2-afb019b5a525,0,0.357428,0.265277,0.461484
bb70884d-7128-5f43-faee-d10aa65fd600,0,0.091553,0.069877,0.119092
e3f9335a-68cd-50a7-c6bc-5e433e398f4a,0,0.093888,0.071817,0.121851
474f21d8-1650-2906-3d0f-6c5392fa7236,0,0.599664,0.494254,0.696591
61b8c889-5df0-d7f5-a7b8-04da51257247,0,0.687217,0.58462,0.774257
5455464a-2dc3-7495-2135-7e97eee8b23f,0,0.691105,0.61389,0.758942
3febd965-18f1-68f0-0d01-21d60880eec2,1,0.074784,0.057355,0.096965
6879e0c6-1ce2-1637-8983-43671a6b177a,0,0.431827,0.342183,0.52617
1c0903c6-f0aa-8f58-8d5a-8cdccd9d1847,0,0.289945,0.199811,0.400393
3742ff92-fd4b-f78d-da94-5eb16c54538d,0,0.140381,0.084087,0.2251
8351f1bd-81ae-e9e1-2dfb-e59e8ccc75df,0,0.105569,0.077578,0.142103
3f543314-8b8c-7277-2b20-9ae372e4f4ea,0,0.373218,0.265715,0.4949
e15930b7-950b-3b3d-ea51-b7be58d40e5b,1,0.070633,0.053895,0.092063
4d6525f4-4ebe-b3c3-5eb1-c4390570ed62,0,0.599664,0.495954,0.695152
464ccea6-8294-aef8-3e00-92d6e142a9e6,0,0.113774,0.082326,0.155204
bc4bc068-91cb-f10d-74cf-d15c64b7aa7a,0,0.668928,0.520674,0.789836
51a74ede-20ad-0f74-2899-1e3520f5f963,1,0.049849,0.038817,0.063807
e87c5024-f0ee-41b2-d5e0-e32244389816,0,0.691105,0.614542,0.758438
09fb28c9-2e0a-b57f-1f7e-39df6fd000cb,0,0.605007,0.493722,0.706379
a1d7fede-53ee-2062-0d3c-d89deabbd442,0,0.167363,0.116906,0.233831
eaaec2f2-bf75-4acc-afc7-332b73cf863f,0,0.351071,0.237693,0.484179
af7d8bc7-ab5a-dc2d-362e-113530dd30ef,0,0.323338,0.247855,0.4093
a2f3b6cb-007e-2442-4029-363f811003ea,0,0.309094,0.244329,0.382341
75d69b00-14a8-ed65-1795-eda41533d57e,0,0.114162,0.087351,0.147868
399b4984-c128-a180-6e85-be0aef1361df,0,0.169256,0.12252,0.229164
a969a450-76c9-1b0c-adeb-e3ffbbe3be31,0,0.109985,0.08174,0.146434
c64b999a-135f-2a94-f08b-0ccfb21d6593,0,0.093925,0.073365,0.119503
7973f2cc-bdae-f0b7-9b60-a86441cec35e,0,0.294451,0.217555,0.385147
71ccc365-841f-cdcd-dbf8-1229d573a8c3,1,0.061937,0.046736,0.081658
4eaa0451-8c18-d9a1-875e-a9dd86c3afa1,0,0.089529,0.064016,0.123865
c0e54298-2c35-fbd4-40df-8d351511598c,0,0.165135,0.126882,0.212119
a9d8e497-ace5-2cd2-128b-794a2ef9f726,0,0.483819,0.343838,0.626385
d901f017-e538-a29e-8091-0cfa4ac06c55,1,0.07125,0.050967,0.098764
057392ae-a1d8-c5b9-0f68-35a49b0b3c4c,0,0.114033,0.087726,0.146957
6f58be99-939e-79af-d2f4-79f3b073b90f,0,0.716805,0.614325,0.800881
ee668807-ca8e-8944-54b8-2447fa1cba65,0,0.870507,0.823665,0.906321
cf6747fd-66cf-07f5-5258-e90aea2574dd,0,0.304448,0.230534,0.390048
d45f0c12-ca8d-924f-2f96-430b0071b7c7,0,0.141889,0.104779,0.189361
71f4e39a-8ce2-1b21-25a2-2e7bcfd8097e,1,0.087564,0.05851,0.129068
1be05766-c642-d94b-6713-ff1d9fa391e7,0,0.333639,0.260295,0.416026
f985f2d8-b41a-0080-4328-70cdeaf329e5,0,0.09983,0.072559,0.135849
0f9bde7f-8456-e9a5-8f30-1ee68777eb63,0,0.114999,0.08234,0.158378
d81a9347-67af-7bf3-4cf3-c2dc4924ff5a,0,0.231258,0.170233,0.30609
ad319abf-a594-c534-f954-c340e8b24bc0,1,0.083033,0.058233,0.117082
cf6e0b29-9335-9494-0074-6d3c85053b08,0,0.097843,0.073235,0.129563
9d3b5166-b877-9101-a886-616d753a2042,0,0.13734,0.102426,0.181745
b983803e-b33f-9e63-4934-1adcd6c6d33c,0,0.110533,0.079933,0.150926
5809482b-1d37-a797-3c1e-21b9b4ca9748,0,0.205715,0.136384,0.298126
1bba0de2-2c48-f3e0-f202-ec1cfda71478,0,0.333639,0.240233,0.442224
8d9ffec8-998e-337e-bd89-c6fa7bd8cdb8,0,0.357428,0.267079,0.459193
545d70d0-fd09-ca4d-be32-c691ae55b041,0,0.207922,0.145195,0.288598
f4ff6bd6-1650-aa17-d977-9956cf4f5df7,0,0.147742,0.101099,0.210856
05d3ef8b-87e4-1530-1e65-15226fe0f89d,0,0.728313,0.61776,0.816394
70189945-8436-438e-a8d1-d6732b4f6899,1,0.066648,0.050586,0.08734
bca1b7f6-b9fe-dc24-178f-c7e7afb96827,0,0.11479,0.083219,0.156296
b894dc4e-354b-0916-721a-3c11259a4771,0,0.17291,0.128364,0.228856
b49da457-9eea-86db-bf05-648d29a9fce2,0,0.192323,0.136869,0.263388
7ae346d2-f523-d32d-b40b-1921135fdeaf,0,0.302828,0.23573,0.37954
b04a703d-d299-b06c-5301-c5db8fca907c,1,0.064515,0.049201,0.084173
42d00fd4-c7be-f2af-0763-bf371d412670,0,0.440404,0.320947,0.567186
13a6438d-cbec-b7bb-2067-24755129a181,0,0.169256,0.127892,0.220614
b53d2fa3-7f83-861e-e1d0-da0415fd720b,0,0.2162,0.154104,0.294602
01b51eea-bff0-10c4-e7bb-584242ee91f1,1,0.062663,0.047912,0.081567
12738c03-10b6-1649-1c78-74b88e103f8e,1,0.076943,0.058194,0.101085
f30e3e6c-f5de-7815-7649-2b5ed77923b1,0,0.105679,0.073693,0.149312
63554872-f860-c3c5-4076-409535e9432c,0,0.251155,0.18621,0.329578
7ac9489d-ac14-577a-d3b6-df5fff844a81,1,0.050586,0.037959,0.06712
fa509d0e-55e8-4aa6-4667-734dc49cca7d,0,0.121325,0.082349,0.175224
2151d46a-7e3a-3cbe-20a9-7be3129654f4,0,0.127544,0.090997,0.175928
eee58f33-32c8-6aa3-832b-52b4ce5c23d7,0,0.473861,0.361719,0.588703
a12e40f5-fc26-dfba-a455-ed49ae54fa7f,0,0.169256,0.116606,0.239242
d3421366-696a-efe4-dc34-24463da0aa6f,0,0.748532,0.66979,0.81372
84cf690e-c859-a2e3-82bd-f1f2986c1acd,0,0.105938,0.078485,0.141519
73cebda6-22db-34c9-5314-3413624f0ace,0,0.143193,0.098514,0.20356
0844f7bb-9070-ace7-c1be-2fe69e9dc509,0,0.16489,0.114943,0.230879
6e516974-4162-e7d9-1f96-0c07f81a4527,0,0.167363,0.12848,0.21511
f3301696-47d3-c742-bfb2-453ca6f3b3f2,0,0.238103,0.173854,0.316986
b79bec53-3fd8-9007-ec4c-e99f76346657,0,0.677935,0.598089,0.748587
dc4ac4ba-abe9-a23c-3ae9-1ee720f66433,1,0.069257,0.05166,0.092266
08209c63-decd-ff7b-fd95-7552d504d815,0,0.534544,0.451918,0.615318
70f04000-2923-2dba-2674-b0319a81d318,0,0.118132,0.081019,0.169116
43495bb6-354b-08ba-25df-289630de9b4f,0,0.146759,0.101021,0.208404
174bc60e-c683-ed30-53fb-680e4c2979f7,1,0.049849,0.03622,0.068244
02979921-8b36-245f-f870-bf8e6451b168,0,0.520539,0.419369,0.620051
96af20e4-e547-3d2b-036f-39f37dc55b3c,0,0.432695,0.332505,0.538709
74ddcce8-766d-354a-86f1-b0813f6687ea,0,0.320924,0.240305,0.413855
3cf0be26-a418-ab8e-2151-c2432c86f33e,0,0.397007,0.308542,0.49276
f9a88517-d672-c70b-41ec-a98c76acb014,0,0.157023,0.117996,0.205944
d0ef6aa4-93ad-8bae-eb69-b96422d48374,0,0.286564,0.19722,0.396398
dcfaf451-fd39-edca-675b-8000d11b40be,0,0.097843,0.068315,0.138239
37084e1c-3ad9-88b4-4d93-e407d7ef8b48,0,0.188012,0.127626,0.268186
7e9c5180-c83f-ef5c-0f40-cf64e6293be1,0,0.547568,0.447037,0.644363
863c44d4-bdb3-59ed-7274-bff82efadc41,0,0.278432,0.204547,0.366702
bb7dbe35-25f1-6796-2f34-b7145d2a7746,0,0.40808,0.333912,0.486686
01625e61-bdb7-87e3-1b51-e12aa10f7a02,0,0.919075,0.871017,0.95025
f3debca8-e2bc-59a2-25e0-49e9577cbf14,0,0.534544,0.449669,0.617465
21a727df-63ca-f72a-79cd-5c05de0bf0b7,0,0.573616,0.430026,0.705783
2746e2af-eb18-4fea-9f8a-ba7ef9f5eb32,0,0.242545,0.174293,0.326941
a033519b-477f-a0dc-11c2-3bc8bce06b3f,1,0.033814,0.026377,0.043255
cbd5b68c-3033-8e6b-db65-a1ec58f616d7,0,0.105808,0.077572,0.142733
c952184e-2d2c-1542-76af-19534071f7b5,0,0.284944,0.201747,0.385865
d7def2fb-382f-4565-27ae-b11feb51ec86,0,0.237558,0.172566,0.317631
dff0084f-02e8-156e-f28b-1e1cae80557c,1,0.054975,0.040212,0.074735
ea55e446-a820-1d13-c34d-ccd4948540f4,0,0.327282,0.238764,0.430075
5631fdd1-5418-add6-0293-48cdc6af6ee3,0,0.285756,0.205905,0.38169
0197b614-7e17-f264-b970-7bc388d88a4e,0,0.207283,0.141227,0.293669
58e9d3cc-76ce-9ade-5dc5-bf024927f364,0,0.253504,0.194696,0.322951
4f69c865-8c41-50e8-cd62-60dc925cbcfd,0,0.76229,0.677026,0.830675
4065c7ca-2bb8-4bc8-4b60-13696d2d5703,0,0.310714,0.227367,0.408463
e29d4022-305d-7d88-ae42-8db05f659bdf,0,0.309094,0.245304,0.381096
f7b84428-5b9a-8919-3f83-5ae162f709d1,0,0.257417,0.189763,0.339097
a41c7d08-9882-730d-f52c-1b5a9ef5791d,0,0.534544,0.4287,0.637367
56ef02c5-fcd3-310e-e14c-c00b0443eaad,0,0.157012,0.115403,0.210061
4cd6ce8f-ba23-7be4-9b47-58fe8fb36e17,0,0.09983,0.072824,0.135389
792c25a5-fb68-8ff9-819d-74782d9311a6,0,0.825822,0.73323,0.891052
9a61cab0-d5ae-b283-23da-4e9f8d87379d,0,0.875413,0.81915,0.915968
9b416106-439a-770d-96ef-5cbf1182e714,0,0.093925,0.072316,0.121148
725df7ba-99d1-fefb-4ea3-7ac01220652a,0,0.102229,0.073875,0.139823
7ffc5b56-a680-46ab-4789-41a09deb180f,0,0.242545,0.177487,0.322111
49fa1251-f29e-7bd3-1e95-a26ac5e744ef,0,0.153595,0.114785,0.202524
371d9efd-6e14-3936-5554-7b36e0fc4563,0,0.265549,0.202505,0.339856
92e1db0c-4f0a-75db-9fa8-477cf9834722,0,0.428834,0.34981,0.511663
39b65995-6ccb-3bee-c5dd-a8d0c0517df6,0,0.101761,0.073429,0.139381
d0d8a9bd-4e4d-c5df-b53d-99fa8291a26b,0,0.813378,0.704519,0.88848
f15097e9-1114-b602-c797-5040520b0c3c,0,0.297019,0.219089,0.388866
6a1dee8d-38b5-816e-e78f-d783c46194b8,0,0.242545,0.186358,0.309235
3950a8f1-42be-9988-a305-48f489cfeea2,0,0.183525,0.13275,0.248162
0d9c7908-32f8-1a98-a6ad-c41960940813,0,0.089588,0.062317,0.127174
1f1f0ea4-697a-5f9f-f2a5-ad76f5aac2bb,0,0.414838,0.337459,0.496659
63be4bfb-15b7-79cb-8fd3-feb7edd1a1a3,0,0.118341,0.088289,0.156863
80eb090c-5099-f4dc-c17b-42b3ed90a66d,0,0.870507,0.823767,0.906261
06f9287f-9e04-4db2-4f83-4fcfdbd55520,0,0.560592,0.432542,0.681054
c12bf042-0118-3ef6-9199-47fe3ed7f497,0,0.514045,0.410132,0.616757
20c82c8e-9300-7eab-60aa-c2ad791f0a48,0,0.106018,0.076454,0.145217
60e33adc-ccc0-b5b8-71b7-6a7d8e6d6546,0,0.093654,0.067382,0.128755
8233492b-7b8a-e1e0-4f48-222205bd5bad,0,0.187835,0.127243,0.268408
d698e188-ac51-b767-2133-d9a933aeb293,0,0.10189,0.07199,0.142305
e73650f6-96ca-98e7-2ea8-2a82cedca688,0,0.162845,0.11936,0.218245
57575bc3-174f-6424-b451-b9a4ef3a2c07,0,0.223002,0.152119,0.314657
281df205-f9f7-8f33-f89c-dce6915c656a,0,0.284944,0.19633,0.393949
7a810dff-f8d4-c135-fd3e-52bd3b39a992,0,0.40808,0.312483,0.511179
3eed1d98-eb12-9850-785a-3a310c2e4217,0,0.113774,0.086257,0.148641
e05b4ffa-46f5-aeab-fb9b-e43c871cfbcd,0,0.093925,0.068269,0.127898
ea624c68-66b3-aeb9-15be-1c2daef25c15,1,0.052412,0.038651,0.070711
2c5932b0-db2e-dc1f-89ed-9fb8072ff3bb,1,0.075374,0.054259,0.103804
676107f5-8e69-1a31-2fa6-a063131942d6,1,0.050586,0.039316,0.064869
ac3eacc1-f65c-7333-223f-4593a6851cd2,0,0.178652,0.128118,0.24355
1553e032-aa50-36d1-2fd7-d4fb80b30565,1,0.076885,0.055314,0.105924
875d5a29-f498-4475-58be-d2572f469838,0,0.114661,0.083447,0.155568
bd0fa7c3-5318-2164-ebae-f59c14260997,0,0.124533,0.074846,0.20007
2511dd39-3c52-232d-ddc0-bee540947b9d,1,0.062663,0.048064,0.081318
f25e941f-2514-ae53-49db-7d01fc4b9941,0,0.411459,0.332517,0.495237
452c50b5-79de-b7e5-64b7-3a4fcb1e8239,0,0.093925,0.06829,0.127862
c394a01d-eeeb-f45c-d952-7fa633a44608,0,0.093925,0.066616,0.130859
2447da57-3743-1376-bfc6-9e6ca6c6f274,0,0.273681,0.185193,0.384497
01ef65bc-b867-c2fe-f97c-c55a9d1d2604,0,0.198313,0.12321,0.303357
7a3bdc2b-648d-4fe6-e1c7-c07ffc294113,0,0.704386,0.602056,0.789598
6bee4344-1daa-4da3-1653-0d958b1b3c68,0,0.162865,0.127642,0.205518
ea3e49cf-344b-25c5-2bb1-851405077b10,0,0.11479,0.081554,0.159223
70dd0f81-3816-e8cc-d3e1-aea6affd41fe,0,0.999999,0.999998,0.999999
61635bdc-188b-d8de-efb1-58b40ee838e2,0,0.320924,0.235071,0.42088
ea404aef-83d4-734e-0b4c-b49dd3e3eaed,0,0.173733,0.127436,0.232372
f83a5871-d981-a130-1c90-e699551d3890,0,0.547568,0.43878,0.651994
e9e6ba4c-ba4c-9ad1-dc5a-7d058d2e9287,0,0.162855,0.118961,0.218921
1fce3a43-14c7-9731-0275-72b498505aba,0,0.316981,0.234538,0.412776
a298cf1c-2e85-0799-0ab6-eaefadb4a636,0,0.200034,0.12692,0.300757
0e35903b-3847-bcd1-069c-2bf2019a922a,0,0.424587,0.318483,0.538129
07517260-b32e-82cd-d66a-aabcf16043dc,0,0.385933,0.297699,0.482357
b04285ab-65c4-f3b0-37a2-c131057890df,0,0.097843,0.067296,0.140172
5070d183-72c8-0f41-dd61-ec7d3371c87f,0,0.92825,0.89969,0.949138
9b6fe92f-7b52-937e-0676-4ffc4443c325,1,0.072625,0.052559,0.099548
345ab2cb-ef61-b339-cddc-5912345b0515,0,0.23289,0.167583,0.314046
b64b5e4c-024d-9cad-2cb3-d515365a3375,1,0.077534,0.054328,0.109504
b838af21-66cc-1fcd-8183-04f0ee318f0d,0,0.999999,0.999998,0.999999
828528c9-2494-7175-5ac8-9bfbfd3ee5ee,0,0.284944,0.199443,0.389276
32010e73-ba98-3af2-ee72-f57cb7ad8fcb,1,0.06328,0.048946,0.081454
1f923b61-4865-78ab-1447-2877f4f193d6,0,0.214956,0.145937,0.304961
81d44e81-4d13-b1c3-3746-17d49c778253,0,0.114532,0.087362,0.148773
7f251455-88b8-623f-aca3-26299d6be67e,0,0.110324,0.081861,0.147098
07babca2-3e40-c76d-1187-59d0a13cf110,0,0.92825,0.900448,0.94873
ee799aa8-6b3d-a561-125b-34eeaf5ea0bd,0,0.368502,0.266891,0.483295
077d253c-f530-ced9-84eb-1f306a11b136,0,0.238886,0.174139,0.318424
3df47cf0-5d44-e4a4-6624-22f4bf4fc919,0,0.92825,0.899199,0.949399
a1764d0d-1380-db85-0140-5e19ad3b62fa,0,0.316278,0.2358,0.409504
62a9b305-e29a-c972-db1e-c93162a569aa,1,0.062663,0.045034,0.086568
888c379b-39ef-7c10-ec8c-f3cc03f13c2b,0,0.428448,0.323083,0.540726
1118b091-06d8-f1f3-a80f-d75c88cd7cb3,0,0.52805,0.417061,0.636334
262e76e8-77be-0bc0-b134-6031a1585169,0,0.091553,0.063957,0.129409
a9cd9d19-5382-e4a8-1331-34a85f68231a,0,0.368502,0.257403,0.495553
50f095d3-ce53-5a83-94d4-72f6c5d5f90b,0,0.159448,0.113097,0.22008
147ef3c9-dd65-91be-5744-5b33a972a07c,0,0.144061,0.100175,0.202839
eaca7e9f-a10a-96a5-4446-111d681f1cbe,0,0.238103,0.172598,0.318888
6f5ca612-4700-956c-2586-55822540323b,0,0.159417,0.113113,0.219974
cc834b5d-eda5-8977-6c30-286f19dfe464,0,0.240688,0.185076,0.306719
907ee776-1444-e503-e292-2c0da471b0a0,0,0.999999,0.999998,0.999999
fd7ac13e-5499-7e61-a47c-de1de68c0b82,0,0.422746,0.309567,0.544662
1608aed7-7613-f0ea-0d74-08170c0949ce,0,0.130858,0.087069,0.192037
dbd06506-b2fe-402e-7c58-cf48fe9f2760,0,0.130519,0.085561,0.194086
2cff4dc5-a3c4-0540-5329-41b79a303b9f,0,0.472028,0.379221,0.566808
0c5cedf7-b03c-6ea8-4c4d-1bb11b3a701a,0,0.40808,0.32942,0.49175
bda3f470-3370-aac1-1720-3dfcae210dd5,0,0.691105,0.587887,0.778224
fa7822aa-f8bc-e280-c82f-3f0498aed4e1,0,0.157002,0.113367,0.21339
c7267fe6-e34c-575d-ee2a-fe1026c679dc,0,0.187835,0.129641,0.264222
ad3d31c3-63bb-2b91-58df-c0268f7f5341,0,0.098182,0.071253,0.133821
e6311733-8e3b-fd6c-073a-b8321aa9328f,0,0.11479,0.086874,0.150201
a4407e95-fa48-2332-a1c9-336c11a6e257,0,0.418698,0.314627,0.530546
6d50e515-cc04-459e-43ab-3e2b81501f4e,1,0.067882,0.051429,0.089105
9a95b5a6-535f-f227-1f2a-e0f45980a87c,0,0.091689,0.068678,0.121403
2a637347-3f16-313d-b05c-998a9737b5a1,0,0.599536,0.467461,0.718575
5f613376-909b-cc7e-95d7-f511a23dad7d,1,0.052423,0.039727,0.068884
a1411544-6931-68c2-9cd4-171dfa9c2c92,1,0.052412,0.039215,0.069727
12ead1a2-e207-5c9f-9b7b-180c5979d3d9,0,0.194198,0.12931,0.281135
01eaa0db-ca81-8419-7cbf-d1e9d2692658,0,0.110195,0.076877,0.15552
04376334-7f08-5c89-d4b5-abad322be6fc,0,0.284944,0.19757,0.392079
eb6a1fb7-583b-0d85-cbfa-7ee9411e335b,1,0.054985,0.040459,0.074324
1a75e15c-f6ce-0923-64e1-dbbea2cc39f5,0,0.180124,0.131972,0.240968
5548cf45-f3d9-a3e7-b778-356b65631530,0,0.159427,0.116099,0.214991
908d7155-5c4d-3158-1197-67994bfea152,0,0.131121,0.094392,0.179311
73467c4c-47f2-cc72-cde1-7ee39816b718,0,0.169246,0.124446,0.226009
484cd42d-bbbd-4bc5-c1e8-bb54a8dd7baf,1,0.052412,0.039208,0.06974
dc31174e-edb2-f3e2-5d6c-21703e708874,1,0.049849,0.035758,0.069095
87879bfa-1445-a6fe-1e2e-61d35eb0ec76,0,0.454486,0.334978,0.579478
adf79c03-fcfa-2123-1d92-39e82c0115f2,0,0.2162,0.15778,0.288832
a51322d3-b4ed-d556-c596-25300fe947db,0,0.097843,0.071325,0.132811
8d672a33-2d25-2e50-663e-2687f73361d0,0,0.187136,0.122539,0.275111
d1b336e8-ce34-f8af-dfdb-c26f2da9a6ce,0,0.200034,0.13706,0.282471
9bccec24-be49-7c7d-ba21-0c3613c8fe3b,0,0.357428,0.243142,0.490611
2dd11eab-0662-fed8-4310-5001ef708c8a,0,0.327282,0.244284,0.422705
b3b33e63-a3c4-a4e9-4db2-2b87d585e465,0,0.165135,0.128819,0.20923
6a20407b-4019-6c80-4057-6af1b8245bdb,0,0.304448,0.224276,0.398554
5dafc19d-3113-c82d-1d88-e9d23a1f98b1,0,0.599664,0.512548,0.680904
5e737b6f-a59a-7d86-8e92-3521b3a36a53,1,0.083304,0.060263,0.114086
e6fbd67d-09e5-0f34-4883-7361ddc77d6b,0,0.197361,0.143238,0.265595
7fa5e949-04c5-a64b-66e3-72846f3ff41d,1,0.062663,0.048704,0.080285
3d67c0fc-9253-85e8-e919-2dd2c64a816d,0,0.276812,0.189762,0.384829
59b49aa7-a122-66ff-7805-5978f63c0b30,0,0.304203,0.207843,0.421467
2de1bcfe-dc90-9aa8-be44-8738bf984997,0,0.327282,0.238644,0.430237
826a0ab4-59f4-e38d-12d2-cdc83ba0dbb1,0,0.368502,0.2456,0.511227
156234b7-60f8-3204-616b-135d8b4bb4fa,0,0.374859,0.286674,0.472214
ba199d8c-74b8-564b-f0dd-f8116775154b,0,0.560592,0.451074,0.664512
ece01022-f32f-9458-21a9-d2effa8c8d60,0,0.698044,0.616252,0.768939
f2a4484f-ab53-2ba8-c50e-1ee722fada91,0,0.091689,0.06962,0.119852
6b05a44a-0cde-f8d5-cb45-84459d23da2a,0,0.127271,0.085849,0.184641
acefda66-be55-cef9-df63-40a158c11a41,0,0.910059,0.828323,0.954994
de9b02e3-20d2-95db-e297-708a475afe96,0,0.245676,0.179207,0.326979
ce41402f-6ae0-97c0-eb6f-39314ef13238,0,0.24959,0.177566,0.338794
524f50f2-c353-a485-22a9-a9c0baf6c262,0,0.903736,0.84663,0.941059
5aaa0d87-2b69-9fc0-d133-4e5925e3d539,0,0.089723,0.067145,0.118926
701cf7ac-8ee2-ef3e-01c8-0065ec0d7eff,0,0.105808,0.075767,0.145881
1dce88e5-991e-1419-bd0b-ad3cc0dd1960,0,0.300963,0.211698,0.408367
4b9ec9fb-e8d6-0f50-4f9a-4e2d58f12e20,0,0.293076,0.213027,0.388361
5982eb98-93d2-3e01-2a82-91a75b3b89df,0,0.114661,0.087409,0.149021
a800da98-23df-e1e7-65d2-74ac6c68b60f,0,0.40808,0.313508,0.509988
34e581e7-560e-d7e8-cea0-1675936717f3,0,0.999999,0.999998,0.999999
ffe66e54-8930-4261-bb2a-26eea01fc98f,0,0.362144,0.258845,0.479971
92159cae-a940-da11-ddf7-f0d73d9d67ed,0,0.284944,0.202137,0.385292
44f9599f-0e88-c196-e3be-f06cf3cae2da,0,0.40808,0.330637,0.490374
a4ef4e69-ea7c-04e4-ab28-4ea86a400319,1,0.062554,0.048481,0.080367
b82ee33a-5d73-a25d-a3e3-73eb24ef1889,0,0.186504,0.129443,0.261174
676e9bcf-87a6-6d64-8904-d7d268fad463,1,0.066507,0.050756,0.0867
f631a8bd-1ced-f786-c440-e405c183c833,0,0.113903,0.087339,0.147244
8f8d8606-489f-c03e-e349-fb8aaa85b61a,0,0.234136,0.180892,0.297362
76a971b9-6a1e-6493-f0a2-2cd3f2decdcf,1,0.057548,0.042387,0.077692
15173e0b-533b-cae3-b9bc-28a13c1ca8f9,1,0.06328,0.048666,0.081905
ccf11a8d-4285-ae20-9afd-144167c7b478,1,0.067265,0.046038,0.097282
55e2d603-fe70-dace-4338-080ecc2b066b,0,0.24411,0.179412,0.322957
15012a3c-faa2-fdbd-2a92-e8fe0e97cf0d,0,0.110114,0.082609,0.145327
4ed3f096-9a0e-54c1-a2d1-171a43552ca0,0,0.113774,0.08794,0.145983
5bebcf45-ffe4-8e46-82dc-f1b454fd4d2a,0,0.40808,0.332251,0.488554
f831ec75-8b7b-f863-2e30-5e856306e046,0,0.118889,0.084343,0.165034
bd7490b7-97a4-2ca0-8993-b8d852e2ae2d,0,0.248024,0.179232,0.332522
9effda4c-001e-0f7f-cadd-d67056a07830,0,0.40808,0.327128,0.494348
d3666ca9-5a57-28e7-5724-10b4666c785c,0,0.210339,0.158079,0.274248
e0185d5e-8a4f-d52d-1342-ef1cda7cc82b,0,0.089665,0.06542,0.121725
6f34aeef-d1d3-61a4-b272-4f8ff84398df,1,0.081068,0.054423,0.119115
1bb89c41-0f2c-19b7-8092-8a21c36a846c,1,0.076749,0.050555,0.114875
6d6a3803-37bd-0301-3412-f65b932b02af,0,0.514045,0.406623,0.620184
f7ed1bb4-29d5-3540-8d9e-7023a0dda6ab,0,0.248808,0.189571,0.319263
ecedda08-83b3-bf0d-c32c-82c58ee4af5a,0,0.397007,0.288599,0.516567
05d108e7-ad3e-7772-0e03-7c48f6f07a6b,0,0.79352,0.667963,0.880119
cc37dee3-7aa2-6660-ee1e-e9f64371ba47,0,0.422746,0.331953,0.519077
854a9f2b-e841-4367-bfd2-0966e9f1df79,0,0.109856,0.080814,0.147657
8b481e73-32bb-7695-df5e-f324f8c9587d,0,0.173744,0.116808,0.250558
9e08d1b3-c040-d114-af5f-27de15dff50b,1,0.061937,0.048553,0.078704
84331314-5449-2d7b-81c5-b0c7d136b242,0,0.093925,0.07281,0.120368
32a5fe4a-34cc-5ad1-a7d4-35770a9ca226,0,0.599664,0.488744,0.70123
c9ed24d4-f5d0-7d30-cf2e-77d3bab5f437,0,0.114242,0.082682,0.155802
25c7446c-e839-f29a-1c6f-56dc66bf425a,0,0.645332,0.519915,0.753518
cfb83e93-1efe-163d-a2b6-c11dc63ce62d,0,0.097843,0.065751,0.143197
9edc6bf8-84d9-85b2-884d-fbe21f3cc7ed,0,0.15603,0.116765,0.205427
1d402a9e-8ee5-1af9-ad3d-13422a35eae4,0,0.956949,4.3e-05,1.0
ae9b9e60-9ee7-a22c-490d-043912815e77,0,0.115209,0.088007,0.14944
d3ef9e58-4e9b-6caf-761c-776cde665198,0,0.298639,0.203422,0.415195
0df3518e-3fd5-1ec5-9f75-fef0524400e0,1,0.085097,0.061052,0.117427
0fdb97ac-7694-6363-ea9d-7cf8df0cca24,0,0.11868,0.081434,0.169813
be00183d-7b0c-2661-063a-9ebae7312a48,0,0.838267,0.783189,0.88147
fe02562a-e7fc-d787-b125-f4f59b97aa4a,0,0.12257,0.084962,0.173664
aa569a93-d360-3a49-768b-abbfd808fcdb,0,0.290507,0.194104,0.410407
c51e16fe-c9f9-92ef-3a12-5ab54ec6f51c,0,0.451691,0.338345,0.570281
241c929b-76b1-2b54-f70b-7bd1b0a3c724,0,0.92825,0.899957,0.948995
d0e8ebb4-be48-088a-3940-1043cd4329f7,0,0.109856,0.07543,0.157321
e6a25998-60ff-5929-5300-3c1a54d3d700,0,0.201731,0.121575,0.315739
8c7b811b-2c05-7ce2-8f73-9624d45d9337,0,0.497824,0.356737,0.639259
4435a53c-9c89-5f85-02eb-d016593b5ad6,1,0.0685,0.052123,0.089535
8040114a-658c-b384-aa11-1d426e8533bf,0,0.150167,0.102263,0.215132
1efd2730-691a-c3f0-73ca-244c202df222,1,0.063898,0.048769,0.083308
295ddb71-f12b-087d-229e-b81691c098ab,0,0.093925,0.066833,0.130463
88218add-c2e1-949e-3956-0b18fb1107f7,0,0.245676,0.189356,0.312295
4e0773dc-cfca-84b6-64a1-59413536e1fe,0,0.306526,0.213096,0.419102
0d980e73-3411-1417-694c-61b9125564eb,0,0.999999,0.999998,0.999999
8a8f8fd8-7e0b-3c2b-f6f1-b0a6e13db061,0,0.127271,0.086125,0.184114
3c525355-b594-28af-2a00-092e82622c45,0,0.227291,0.177659,0.285966
99aa9221-6ff1-dc5d-130a-1b450212a952,1,0.070633,0.052953,0.093632
36509b5f-e225-94d9-494e-797991d9d211,0,0.248024,0.185431,0.323357
4d22482f-d472-8430-8ca0-9dd2d2d4e09a,0,0.429316,0.318802,0.547358
c987279c-f92d-7fc7-3202-b1dc3ae3cefc,0,0.128412,0.085304,0.188809
113834f7-716b-117e-e9a2-c61f55a55bdc,0,0.308391,0.244131,0.381039
9efe7e65-e8d4-d39c-9c13-7d4a39c8b752,0,0.781077,0.641264,0.876863
6fbb1344-d84a-7991-4014-52137fd6000b,0,0.118551,0.090009,0.154604
5b61f98b-8669-ecde-ad79-e6efcf3397fa,1,0.057537,0.041258,0.079706
1c031df2-7527-d0ff-7abc-1e6b265af51e,0,0.114581,0.082165,0.157589
929564eb-4a85-cea3-3939-99e359716710,0,0.909901,0.863764,0.941472
a644311f-1a78-d478-3474-35a6c37efcd1,0,0.560592,0.431375,0.682086
9dbd4716-39f9-1fbd-c0a2-656992d74ebf,0,0.318601,0.232514,0.419154
f7dd9777-758f-2b92-7667-13b963cbb2d3,0,0.243328,0.190479,0.305309
c3fa65a2-8b0c-cb6e-9943-1e6b7acc8ecb,0,0.097843,0.07141,0.132663
f0001869-bccd-0125-b655-1c429d1d7f3e,0,0.093925,0.071336,0.122721
a4cd824e-ff97-b14c-f63a-670b0b933cbb,0,0.097843,0.073143,0.129717
35fff49b-8094-c924-3867-72a4a4c7e1ff,0,0.185921,0.128442,0.261409
6bb4afcf-5798-9e20-fb19-4a9eb67c191a,0,0.290507,0.193817,0.410852
18e18249-796a-03ec-0d3a-22cb49e8ae84,1,0.071417,0.051528,0.098187
f1c65e34-2303-c202-9d52-d2c09accb18a,0,0.093925,0.066884,0.130371
d5c748d9-dbbc-2f96-74bb-f4f819a81087,1,0.073409,0.053418,0.100091
524bf619-ae4c-6301-3490-06f3f702387e,0,0.185942,0.128163,0.261943
f55333d6-0175-0e5a-240f-5c5af0f09a2e,0,0.40808,0.332289,0.488512
be47a3ee-6168-8681-dc9f-9001cc417263,0,0.132093,0.09212,0.18586
627d4d2c-73f8-6b2d-6895-b45a8b04816a,1,0.050586,0.038591,0.066053
53a4690d-fd45-5091-0670-c3dadd3761b2,0,0.374859,0.267894,0.495621
1c0040a3-9607-bf96-73d9-943f35dc7d98,0,0.212232,0.158494,0.278168
cf0eb386-65e8-df23-1389-a05b94ae4d85,0,0.159417,0.121091,0.207015
9c55a846-184b-4ad4-5360-6f0cfceb6c3d,0,0.116723,0.088944,0.151733
ac5ad7d2-4908-a084-9fe5-0053b9f87275,0,0.320924,0.239205,0.415321
b39844e9-7abb-1ac9-c81c-772130c725c9,0,0.547568,0.445288,0.645983
34b684de-6c78-da6b-e676-18fa5a222218,0,0.097733,0.071441,0.13232
78aedcaf-b97b-7a1d-6e50-eed7448cbdd1,0,0.138208,0.08873,0.208951
4ecf7529-fe8a-7dba-c5b9-42edc64a9f61,0,0.129721,0.094533,0.175469
ae0d6111-943c-21ad-7055-62a852d532ce,0,0.476464,0.35739,0.598276
302e4241-b63d-363b-9501-1df412cf7950,0,0.320924,0.239132,0.415418
fceb2b7a-a0a4-cbc9-923f-694680334866,0,0.327282,0.242358,0.425261
0f11ba32-9f20-5fa3-a455-11da60d49ea8,0,0.415319,0.333404,0.502199
f8143654-e823-1992-cd5f-f4aac3de6975,0,0.108134,0.072315,0.158662
e61102b7-9839-e54a-153b-bd25a0d784b2,0,0.704386,0.585936,0.800489
a13805ba-d075-ad44-d301-20b3631ce94a,1,0.083033,0.059493,0.114751
5e04d4c0-bda8-3191-dd82-735ce5956dee,0,0.296316,0.209083,0.401469
b07996cb-0e2e-e11e-6a2f-8a2a7b745a88,0,0.40808,0.331067,0.489889
02b6841b-15f7-60a5-9459-b486c030a405,0,0.23834,0.181653,0.306101
bce25266-3e51-d7b6-09dc-3ce4d1aee5b5,0,0.470426,0.33477,0.610596
807fe159-b1cf-cab0-129e-fe525d5fbebd,0,0.253504,0.193496,0.32463
317290c7-c264-3d37-7d9e-d8698de967ad,0,0.704982,0.621435,0.776716
0eab7599-c8d4-a20d-fd46-ed6a45716075,0,0.093888,0.071668,0.122089
9aa96ce8-229f-e23c-e35f-896834e4711c,0,0.221473,0.168358,0.28559
d2e8901a-ede9-a890-48e2-577e37730ffd,1,0.054985,0.040674,0.073944
07638a30-a5ab-4d1a-00a8-4ca3dea81229,1,0.062663,0.048325,0.080894
42f9deab-4fb6-687a-e4e9-694ae7637008,0,0.40808,0.332997,0.487714
b7c5e92d-3863-75fd-7633-e3d55f83769e,0,0.838267,0.772594,0.88773
e6b4bf99-0a9c-7b1b-4dbd-b98eb063b120,0,0.200034,0.128869,0.297094
467cbe9c-29c6-a36a-8098-9f0781ed7395,0,0.113903,0.08358,0.153387
a925ba07-fe3e-8bf6-5240-99594c6cd556,0,0.110404,0.075775,0.15815
63599b9a-afa8-4a88-d536-86c8aff084d8,0,0.316981,0.230073,0.418858
8edd84d2-b404-e3ed-e8e7-1d57c4ae84aa,0,0.190429,0.136455,0.259341
9ff844e9-422c-d078-2e97-6a85d867a95a,0,0.110533,0.082937,0.145851
873aff9b-d35d-7c73-88fc-2e064812ff21,0,0.870507,0.82655,0.904609
b235619b-251a-23a4-5be9-8c269f40311a,0,0.770485,0.703666,0.825964
83bd6c0f-994d-e171-1ec0-7baa078b3a78,0,0.385933,0.293037,0.487953
24cf8bec-9448-f7bd-39ca-2b1b0c90bd45,1,0.065273,0.049018,0.086427
f7b0b119-e2c5-8b88-6aaf-6c07f678a6dd,0,0.306771,0.22646,0.400806
5ddfc6a9-e9b4-7684-ba64-d427321f0f90,0,0.764926,0.694578,0.823195
3ffdd88f-c822-e24e-1dc2-14b74bb9358a,0,0.257417,0.203225,0.320253
7d936416-9554-b48d-59ba-b4a232f375de,0,0.40808,0.310622,0.513346
2e58b791-ae9f-777d-d669-9052d87d57ff,0,0.091787,0.062964,0.131945
0b821251-c2f3-7ea8-3d63-3beabb5aad68,0,0.327282,0.23835,0.430635
f794a259-68a9-40d6-4921-c48ea677b745,0,0.681824,0.574182,0.773012
fa22d92f-3269-5993-ef50-2e93c31b39c1,0,0.147731,0.098078,0.216489
57a99a37-dfc9-0001-2bb8-7445a5cfa04d,1,0.054996,0.041677,0.072252
ebc9553d-de9f-13e0-c77b-eaaab25c564c,0,0.520539,0.417734,0.621633
45de85b3-78fa-af3f-9374-6cb856d9db72,0,0.868965,0.804305,0.914531
c78beb03-278b-152a-9691-e7e2590b7f92,0,0.415319,0.309957,0.529038
dcd0ba6b-b85a-6052-3b3c-9443f167179c,0,0.838267,0.770401,0.888964
4f55af2d-f86b-56c7-c319-513752c1a743,0,0.258504,0.19442,0.33493
50055be8-4278-8c85-ee55-323a107bca22,0,0.132103,0.092864,0.184549
4a7073e3-dc94-099e-fed4-1cf958bfde6e,0,0.251155,0.195092,0.316984
34a2a573-fa94-6c5e-3379-cc9bf4a62f47,0,0.232278,0.176159,0.29977
59d6153e-fbd3-bf13-bb42-61054ae6c8d8,0,0.162865,0.120068,0.217153
d42056f9-5bb8-4f5e-5c84-8f5acfaa281a,1,0.085328,0.05794,0.123958
7c4197ef-abc6-d052-230e-96e1e93693e0,0,0.182849,0.115403,0.277356
d46b573e-bdcd-1c0e-79be-16a276f0887b,0,0.156609,0.106777,0.223869
9255bd3e-2e65-190b-ab38-bf1f0cfc066d,0,0.465949,0.379776,0.554202
c44f75f1-f031-1b59-55c6-2779ec7bfadf,0,0.645332,0.483084,0.779861
3a8266e3-8ede-d692-cabb-ce35b6f15374,0,0.318601,0.236523,0.413727
9a14791e-773b-552b-bcd4-e30e4727fd09,0,0.40808,0.326738,0.494791
2ad45b08-48eb-cf29-d364-a7a9dee68b20,0,0.162876,0.117315,0.221687
a242678f-28c3-1706-0e93-b651ddf6cf36,0,0.338355,0.246122,0.444762
3eff3145-c515-e71d-0121-dbbc8dd6cb99,0,0.40808,0.330401,0.490641
aa5f5e03-a9e2-43aa-10b4-d4799b797ed9,0,0.203611,0.155491,0.262002
f85e20cf-135e-cced-8ecf-dcb3ef5bca70,0,0.254286,0.199965,0.317507
541f037d-f982-1cc2-856c-1f05c1e75132,1,0.07125,0.04949,0.101554
60d93987-1905-5e8c-1063-99124ee1dd14,0,0.875413,0.824776,0.912961
c48e4e8a-cca9-33bb-0d85-993258ad9203,0,0.241763,0.178975,0.318045
9e78b95e-c5ac-dfaf-3c4b-05168e958c80,1,0.079693,0.057579,0.109314
2bb61005-016b-0373-6ab6-503f07fefd5f,0,0.40808,0.33299,0.487722
cee0eacf-2f65-0af0-4389-35fd0e51fd1b,1,0.069257,0.052749,0.09044
3ca30420-a9a5-9a28-8bda-7035461eb91e,1,0.080972,0.055379,0.116929
88496a22-5ba6-adbc-f3c0-4d5da65756ec,1,0.057548,0.042834,0.076912
e621c652-e77f-b47d-157f-8b4fab96b3af,1,0.069875,0.053336,0.091049
4f483ae9-efe7-903f-ba33-cddcc4447f0b,0,0.424587,0.338514,0.515491
a09a2ffa-e088-0fbc-9a6c-d0be42133a36,0,0.838267,0.787476,0.878787
17f03da9-867f-3fe6-7717-7182aa690c34,1,0.062663,0.048108,0.081246
3559fb7c-eadc-b615-a16b-9d1e569c1827,1,0.061937,0.048133,0.079369
ac3c5f49-4b93-125c-5577-9e9257b66944,0,0.162865,0.116673,0.222735
e8ce3a7e-7129-97fb-c5d7-db3027fc0600,0,0.132366,0.088997,0.192404
95fc72eb-7c27-3937-c693-6c584b85a4ae,0,0.180124,0.123047,0.25595
7edab946-fe12-8b78-389a-754a44ea60ea,1,0.06864,0.051375,0.09115
4efaf4f9-85b6-8c09-1936-54983d8bfd62,0,0.560592,0.422927,0.689526
b9e8ba14-a1e9-2b98-a178-01985a11a114,0,0.793279,0.628832,0.896822
9f87d6f8-d1e0-0e1c-7198-b42d45d13aba,0,0.265549,0.198993,0.344784
52eadfdd-3084-e1aa-0d0e-bf8f974eae63,0,0.441272,0.354768,0.531495
986d68da-00f1-101b-de8f-931812ead825,0,0.789032,0.650578,0.882531
091c0f66-aa0f-66b9-ed21-327249a8e7e9,0,0.496515,0.395567,0.597749
bf17b08d-8058-af07-f1fc-412d438557d1,1,0.07977,0.053761,0.116807
22a697db-5cb3-b879-3614-b710eff16f67,0,0.310288,0.243947,0.385472
6eacdb12-1c71-30df-6727-2a81c5ddcc60,0,0.250372,0.198187,0.31097
2f3ac8a0-3817-2d94-0d5d-6fd4d1233195,0,0.436555,0.337166,0.541316
1bb9e55c-aca7-fce7-a796-40ec222d8989,0,0.691105,0.619818,0.754324
897f947f-3442-98b2-0a3e-6bfd218841a3,1,0.05316,0.040527,0.069445
3754da08-71c8-41c2-29f9-2843c273b4bb,0,0.316278,0.233628,0.412431
611480c0-4296-14e1-6df0-711f2c8d1ed6,0,0.346354,0.269263,0.432455
f35b87c9-3a1c-78c0-7320-dc08f7054542,0,0.418217,0.316469,0.527435
e9facb25-0cf3-5ce7-beed-e1fc530403d1,1,0.067882,0.047436,0.096252
a3caa432-0be0-7bd7-2ed5-492fe2e40468,0,0.165838,0.121494,0.222273
d6cd7e0c-d894-abf1-d5cb-dba68cfe78dc,0,0.093752,0.072578,0.120301
e8bf74ad-7700-fd75-e5e4-16d5b69a748b,0,0.320924,0.239729,0.414622
ec0b91ae-abb9-597d-d884-bb9d88a39937,0,0.320924,0.238149,0.416732
be124381-46d2-8640-f4d2-99e7d9be8fc3,0,0.147458,0.091131,0.229798
a4efa0b8-fceb-25ab-e212-9c16b940da3b,0,0.165838,0.118224,0.227677
14513131-17a2-1cab-e7fc-273c795c662b,0,0.368502,0.244,0.51339
1cb470b7-f8c1-1441-4b93-395199772076,0,0.105679,0.078039,0.141606
c1bc3ff9-b5b5-2e7f-b1c4-cca3d7bbad03,0,0.520539,0.392423,0.646009
2a1720af-69b7-f405-5d84-4a126ff6eaea,0,0.681908,0.572752,0.774173
301e20b5-9ad0-3b0a-4d95-b56c40b2c403,0,0.237028,0.180303,0.30496
ec33dbe5-74ef-3735-c88e-8326d7e9d26d,0,0.169256,0.115882,0.240526
5b532d0a-01fe-917c-0730-f00854e12e91,0,0.175637,0.118356,0.252694
d3b99d7e-0208-4e60-ab93-321bc1a3771f,0,0.414838,0.320074,0.516352
17c16c90-bcad-adbc-8d12-0b1ae272e86c,0,0.242799,0.171724,0.331518
be5c8677-5b78-0334-6fc6-1e12a40aa905,0,0.124666,0.088618,0.172601
3aebf11b-087b-8c5c-152b-2777c1eb18bc,0,0.470426,0.358627,0.585273
5d0db5a2-652f-d9e8-0e6b-31b3034d01f1,0,0.219077,0.157174,0.296775
29010ca0-94da-9213-e411-18241c3ed646,0,0.225986,0.149742,0.326158
986df70f-986e-209d-b443-32e8651ecd19,0,0.252721,0.177546,0.346324
87d3de6a-96d9-1e80-e399-72d63d6b3a75,1,0.0601,0.044822,0.080149
e8243d2a-3fb8-9d64-51cb-820d98876e6b,1,0.069875,0.054353,0.089409
d9621a7c-1b6c-4f6e-2a77-025c58d06392,0,0.435687,0.34968,0.525747
c6111b91-4acf-c64a-987f-20d3b734b7c0,1,0.06328,0.045894,0.086655
837ef147-0992-1615-5465-7a44c3b126ba,0,0.397007,0.311887,0.488854
988a3388-0018-d499-1948-10dc2599bf12,0,0.146759,0.108314,0.195853
1d248bed-062f-e015-19be-2f0a2addf7a1,0,0.12236,0.088323,0.16711
8feae3fd-540c-876e-f245-7b25e7ab2677,0,0.191123,0.122723,0.28525
b48e1969-a6f6-bdc6-5157-ca14a8cb0b59,0,0.19383,0.135708,0.269095
e3887447-bda9-5051-bb57-3991fdc33497,0,0.162876,0.124104,0.210845
bae496c3-c09d-1974-8b23-3409469f1360,0,0.813378,0.707997,0.886808
54b2ae5a-20c1-5d60-a22b-336d8a0dcaab,0,0.089529,0.05935,0.132887
3d017a79-4020-6383-77d7-5e326a229366,0,0.844715,0.779144,0.893479
a2b4bb05-14fe-433f-24ac-89cf8f1b050b,0,0.209013,0.142332,0.296146
fd02774e-c278-4064-77da-f4b7795e56f9,0,0.294696,0.224268,0.376506
d8457107-2b51-3a88-9338-c785f4e118bc,1,0.046642,0.031528,0.06849
81d6314e-4052-e566-bdb5-15be101770ba,0,0.1741,0.131869,0.226328
4c1102d0-42d9-11fd-7d22-20f8fd7cc326,0,0.187835,0.119087,0.283499
d024d051-ede2-e50f-16e3-ecfd4bdbd059,0,0.118889,0.083155,0.167179
577e9506-c6aa-5e40-4f0c-ead071fc2c07,0,0.310714,0.242599,0.388154
42bbed4e-3a2e-8aa8-1fa3-e9bb62327847,0,0.60104,0.466334,0.722013
e1bb0e50-b013-031a-7567-68564953bc8e,0,0.659682,0.549788,0.75472
87119948-6bcb-48a8-a16a-f658d2c53c3c,0,0.251155,0.196827,0.314605
461f44b1-b375-eff7-3856-a2560c174e81,0,0.397007,0.30635,0.495334
2f1395b4-69e1-8a7e-a878-57029b9d324e,1,0.081068,0.058833,0.110717
729cdbef-e9b0-d3c6-aba8-c330f3c19d44,0,0.243328,0.193273,0.301501
0cee94b1-7d55-f16f-9989-ee493b709b5d,0,0.162876,0.11626,0.223456
4399a20d-4fd2-99d6-7852-77706ac5cf1e,0,0.093925,0.072626,0.120657
72ee555d-23f7-fcfa-9e28-e74c80fd7ef4,0,0.114371,0.086142,0.150329
a570878f-adae-583a-3ae1-4c18accbadca,1,0.072625,0.05616,0.09344
4dcac124-d13b-5aed-d1d1-9854afc3c804,0,0.313038,0.248928,0.385191
59391b11-fe57-bfb9-adb7-3c0af79e85ba,0,0.124899,0.09049,0.169949
f6ff6b30-57c1-8ff3-157b-e81fc0fff8b6,0,0.114451,0.088978,0.146049
779aa155-e350-0147-e725-2324c6d1eb60,0,0.097843,0.06776,0.139286
dc8b794a-7a93-82a6-56d8-a3c7aced9540,1,0.046642,0.032672,0.066176
5a5271eb-3835-361c-0592-85f1c88b08b4,0,0.40808,0.31649,0.506534
ba42b74d-74c0-07cf-4ca3-ceea1a63e2e5,0,0.114451,0.089049,0.145939
5d6b2f8d-da6d-99f8-fee2-68e7bfd66ff3,0,0.165135,0.118226,0.225889
8c96cb31-18da-872d-b392-8b5200349fc7,0,0.439735,0.344072,0.540095
b168abf5-4673-bfe6-1ee1-4c750e5e7e30,0,0.121325,0.088457,0.164204
d501e9c7-1cff-92fd-7772-51925405d0cd,0,0.15117,0.108178,0.207277
bfc1e4d5-acae-d205-8a17-fdd1eed5e11e,0,0.484065,0.366978,0.602929
fc51ad95-eb6f-3787-42ae-a9a131ec5f56,0,0.113903,0.080474,0.15882
d697c714-3ef5-4603-57d8-1268547e26e8,0,0.668879,0.566104,0.757728
b76670d0-5623-62ad-ae1a-5e624ace1023,0,0.411459,0.331631,0.496236
aebf9a30-0e53-34e8-6939-bc3d5fe27aef,1,0.062663,0.048118,0.081229
c688cb15-e685-2cc0-d457-83a1fd5bde4c,1,0.073409,0.054744,0.097779
41ce4978-906c-641e-91a0-5d95b30ac4c4,0,0.685797,0.604809,0.75686
568ac0bd-6415-7489-13ff-5ebd1f710df9,0,0.318601,0.254612,0.390251
e00566fb-1fa8-0b08-8957-1d55a2d68239,1,0.056085,0.041496,0.0754
b7a03d27-48e4-1df2-7bb6-fc5ae7335d53,1,0.067265,0.049677,0.090488
e12aad09-59da-c300-817e-5a7992f6fade,0,0.407304,0.331521,0.487769
5f9a3bf8-3bfb-e21d-77f3-278c9791f3ce,0,0.151149,0.106146,0.210734
0bccc877-0078-bcd3-2528-14d66e681687,0,0.327282,0.255996,0.407544
efba1aea-d4ae-e891-b314-63f30e8fd7b7,0,0.691105,0.590435,0.776402
bb21f571-aca2-f445-3632-978e402a11c4,0,0.24411,0.18969,0.308205
db254d1b-5320-f9bf-4d7d-5fd98e5d995a,0,0.718263,0.597028,0.814366
5fb91a0c-5b20-30d0-c668-9601ce53e24e,0,0.308391,0.225776,0.405407
843caf12-2ef2-0eb1-03bd-1ba2e5df412b,0,0.231496,0.1714,0.304908
6d7693aa-9d57-7e30-e94a-b1dcc500dcd6,0,0.560592,0.422832,0.689609
6d8b2023-a048-9d30-1fcf-ea05642a5d21,0,0.297019,0.205302,0.408642
f7f8a03c-990e-8a38-d011-3017b859c68f,0,0.809671,0.657883,0.903947
9e5363ac-2142-929a-7801-ce2aaf4c6456,0,0.40808,0.33457,0.485947
66d52f48-a41b-b06c-bc18-3557484f5e90,0,0.118052,0.089257,0.154559
e25e8765-202e-e7a4-4e40-338f90e97950,0,0.143885,0.094555,0.212901
58f28051-8d4c-0f34-61b2-810f35144ba7,1,0.066648,0.049971,0.088373
7cf9198e-b545-3f08-05db-dcf00a4fec17,0,0.23834,0.186853,0.298801
5f0c4d33-5601-903c-80f3-78a43b72c1a1,0,0.24098,0.177591,0.318241
004e1506-0a82-1510-dc06-f6e0b87187e5,0,0.175074,0.123065,0.242974
b89a9d44-6edd-48d4-7ed5-3a189854cbc8,0,0.192323,0.135126,0.266275
a30d747e-688b-7096-97de-943a94257bad,0,0.23655,0.172641,0.315106
693acf40-f38c-23ab-f905-ce5795e5f808,0,0.197638,0.13931,0.272651
5b1c92c2-62d3-8f2d-0f57-946b90d2fb0c,1,0.075374,0.054486,0.103395
0039557c-fe4c-f03c-9834-ecd59cd7dafc,0,0.091824,0.070309,0.11908
2e0ae198-f2d9-06da-966a-fce8ff2c2c38,0,0.109727,0.072792,0.162125
b3260d55-a97f-a010-35a2-537928996ea2,0,0.324958,0.233506,0.432039
a26b0cc8-b614-1afe-06af-4a579be4d7ca,0,0.213762,0.141968,0.308794
7007d1ca-c8a9-6113-2ee4-3bd7612d609c,0,0.169256,0.122725,0.228827
989efefc-47a5-9880-786a-d7c272d9bd04,0,0.093925,0.07167,0.12218
74010f60-2362-9258-7e14-c164da8db568,0,0.425456,0.348369,0.506346
040244b0-11e1-3ad4-dd92-5581cefe374f,0,0.093925,0.068046,0.128292
4b7fb721-305a-c942-f922-181c6c7fc4cb,0,0.114242,0.088748,0.145886
9592bf90-e64c-c137-c96c-f2bb116a8e9f,0,0.140474,0.086569,0.219865
de9c9105-01f9-ff7e-c50b-682c5bcd74e3,0,0.286564,0.19845,0.394545
118b0286-1f8e-c2bb-c23d-32e6e164059a,0,0.187835,0.118646,0.284355
70038184-5a34-d278-dd80-bd48c7965690,0,0.430655,0.335405,0.531328
58ea7313-88c2-4893-6693-027adcaa2d60,0,0.51434,0.382179,0.644527
b151eac1-13ee-4768-44d2-d5b774bc5954,0,0.102229,0.074008,0.139589
bf5abc26-7dd8-5bc5-d3a1-dd3b6c0ca9d0,0,0.280756,0.206118,0.369829
90bc0271-6bf7-ce07-ba8d-1064a4718efa,0,0.179562,0.114355,0.270589
4c32c7ba-48ad-4cad-242a-9bdf13b304cf,0,0.097733,0.067021,0.140399
2abb0cb0-c378-56c8-0365-6ce1211486e2,1,0.085269,0.054163,0.131751
94bafabb-0cc8-d2af-3c4f-2c14e47ca74c,0,0.233127,0.168294,0.313522
14744f23-43ef-d57f-f0a8-10c22064ae7d,0,0.672627,0.567309,0.763019
305f850b-767d-97ba-0be4-e182c764f4d8,0,0.26868,0.192339,0.361751
38dae09f-14f5-851f-f916-d6342d4d383b,0,0.109616,0.080085,0.148281
9f02d078-d0d3-5346-f652-fd5874976fa2,0,0.242545,0.19002,0.304138
1c895537-4fe1-7db1-501b-02372c61e538,0,0.162876,0.126881,0.206664
76065aa2-5110-3bcb-9455-cc7f5af55393,0,0.774733,0.610371,0.883045
4cb22153-f01d-b2ce-9a16-da141d374b24,0,0.691105,0.615655,0.757576
10c77009-e7e5-e451-5c03-23beb32b32b8,0,0.92825,0.899207,0.949395
adefcb40-0e04-4992-c144-2339e7ffac0a,0,0.10189,0.065675,0.154768
bc048b58-af29-ced6-8de8-f305ee31a375,0,0.52805,0.440314,0.614088
22f8b62e-de96-b321-3c5a-fc9836520f8c,1,0.085328,0.062362,0.115708
263d0ec1-e307-f8f6-0bce-604ac434fd92,0,0.114371,0.080438,0.160126
5b6268e8-ffe3-9a32-aeb3-7d07d2728a4f,0,0.385933,0.293886,0.486929
af6d3f2a-d71c-1bf7-1415-1b5c9382d197,0,0.101761,0.068458,0.14868
e3d680cb-b058-ce07-51f8-c1c723607902,1,0.074784,0.055953,0.099288
a93db183-a435-74d7-1bb5-d1f03c5a5b53,0,0.429504,0.323497,0.542397
71a02613-b71a-b6d4-4abb-13af84126df8,0,0.12625,0.094864,0.166114
6e398fdb-94d1-ebf9-e8cf-3717e9f06ca0,0,0.344713,0.245271,0.459905
7438dcff-c4f6-62e5-cbb8-b59518a1c93a,0,0.344713,0.249271,0.454571
fb7b8963-bf5a-0b0c-9a0e-2477de772f8a,1,0.06589,0.048345,0.089206
413486f4-bc02-cc66-8c44-2ddbf5fd1204,1,0.074784,0.056487,0.09839
de2eeefd-b2bc-3551-0e76-470088caa224,0,0.293076,0.227527,0.3685
378d81d0-6013-7d57-df9c-cec6febf7fa7,0,0.612644,0.506208,0.709313
1468d73b-e10a-eedc-0f1b-2fad584fa6ea,0,0.246713,0.187437,0.317412
9f5159c1-6a4a-a873-5044-659ba00d7174,0,0.418217,0.338283,0.502689
4d87133a-d525-6d14-1caa-cdfb86e5e790,1,0.083169,0.054864,0.124157
758cce2d-e987-eb35-2a22-2d19a8f68ae6,0,0.246459,0.183341,0.322718
1d5634ad-5655-1a8c-8950-1ee457e2495f,0,0.385933,0.29512,0.485446
7a93b708-7244-a614-25f0-4a6da58f8e16,0,0.139453,0.103165,0.18586
a2650b94-748b-0e1f-6111-8ecb2c9a96ed,0,0.150177,0.101655,0.216283
a28c1835-06ed-536c-75d1-6ceca3a36e38,0,0.346354,0.252174,0.45434
8c0433c8-74be-98bf-8b3a-94cd75d7b06c,1,0.046642,0.031871,0.067779
99bd3431-6492-5c83-f6ff-618c94c07c37,0,0.40808,0.328943,0.492289
e4a2e023-d1d0-6207-093d-5ad025c04f52,0,0.273681,0.187678,0.380629
cff871d1-7417-4686-b10a-4b42ad71c163,0,0.923663,0.883268,0.950856
12b82bc0-6500-4311-e4e9-4ee7bdc7b5d6,0,0.40808,0.327917,0.493453
f7b3968e-5d46-150f-a4e8-aae59590cc8b,0,0.534544,0.431283,0.634928
5bdc4881-d4be-ff01-ac3a-eaf08dabaca7,1,0.064546,0.04822,0.085902
d55d5263-c6d2-149f-7520-705d272628d2,1,0.050586,0.036229,0.070219
41e2fc4f-e11d-e073-0668-92eee6080190,0,0.093925,0.067888,0.128569
60e0cbf0-40c7-23b5-fc66-1a236a61e651,0,0.201731,0.119968,0.319018
9916e1b5-0f29-12fa-b6a7-138f2e58f00a,1,0.066507,0.05068,0.086825
ac7cb0f0-0c7b-062e-db20-511f25b196b8,1,0.0601,0.043549,0.082401
25ea84a1-ba20-a748-ee33-f1fa4d036d62,0,0.093925,0.068331,0.12779
bb4a151c-344d-ea6f-f296-1fc12ece70f6,0,0.128213,0.089134,0.181021
32bf9d90-db47-dee8-557b-ffb1de09625d,0,0.875413,0.807176,0.92184
e78be2fa-f11a-2267-de26-cddab325a50b,0,0.093925,0.07127,0.122828
19572df4-3806-6e29-173c-30008fcfca98,0,0.478125,0.368574,0.589821
18e63bc7-91a1-ee71-3cdc-ab434f2dfa89,0,0.159437,0.113548,0.219284
24b1f023-dd93-5d56-9f7f-20a93ac0338e,0,0.414838,0.336815,0.497379
fadf3c54-8b22-e582-4ba6-b11eff753e44,0,0.573616,0.429283,0.706412
fe0b0d37-7915-fab5-881b-57239883f03a,0,0.411459,0.331685,0.496176
e5261318-1897-78a9-7138-55307dd683de,1,0.07551,0.048657,0.115384
d9e671a3-22cf-dc59-9b78-38af1d12d719,0,0.118261,0.089451,0.154772
99276005-1dd1-c0d2-8368-cae9c0f672e2,0,0.368502,0.253268,0.50099
e81cc055-421f-3b64-65bb-dbba97830246,0,0.338355,0.220522,0.480351
3a15a052-82cc-1d06-9fba-d7bc6c669fa1,0,0.40808,0.319767,0.502757
4c53a16c-ce31-225b-06b8-492854731825,0,0.320924,0.252101,0.398524
d2632d7f-a19a-1c8a-7680-67bfde4cd732,0,0.131224,0.094495,0.179402
ce76e498-85d5-36b8-4d6d-927020e7fecf,0,0.385933,0.271305,0.514779
4bdb2bb9-fafe-f616-d5b0-f761f5db9c32,0,0.40808,0.331098,0.489854
06855535-868e-c921-6574-30934629a9b1,0,0.691105,0.611719,0.760612
f9d79208-6990-c8ab-ea9d-be6cf908ac2d,0,0.110533,0.080805,0.149421
1dc3b580-08fe-0604-3056-53084d8aaff3,0,0.152623,0.106025,0.21478
99f33bc8-3e9d-c19a-4432-171cb432b9f2,0,0.141889,0.094447,0.207694
46695833-d5cc-2b4d-1568-969486c14574,0,0.912433,0.856078,0.94806
bbde42d3-1bb7-0df0-b42c-fc4e637c4a8c,0,0.181455,0.111576,0.281244
acb161a6-513a-1b2b-4718-81be583f1477,0,0.573616,0.464141,0.676323
f3f95d9c-2f8d-80bf-8f22-85b7add4045c,0,0.159448,0.113905,0.218705
ebf60c30-a4dd-a30e-b909-e44c23e9ab8e,0,0.172219,0.125051,0.232452
44bd0d27-2af6-1258-9342-356ffcb235eb,1,0.0601,0.043774,0.081993
39d744a4-7d14-81ba-cce9-6b46436026f2,0,0.333639,0.240252,0.442199
56cc0663-8bf3-9947-2000-bf79204cf949,0,0.093925,0.072021,0.121616
6f141bc3-5c3c-bd6d-1bfd-79928a2cb0ae,0,0.242545,0.176821,0.32311
eb0d72fe-de1d-7b8f-beef-282fcedff763,0,0.113903,0.081221,0.157483
e16bad80-37cd-d5f5-72c3-7d9a4ec345f5,0,0.320924,0.256842,0.392549
86f17292-2a6a-2f4a-035e-25d575f2936c,1,0.072625,0.055612,0.094323
1f26d01b-042b-160f-83d0-59e1b0189b39,0,0.093888,0.067251,0.129608
9aa36a45-1f3e-3e9f-518f-10b6b947f3cc,0,0.324958,0.251394,0.408309
e73f1bd0-a7d0-043e-b079-0de0507a05ff,0,0.40808,0.312382,0.511297
637d5b96-ad38-11bd-8627-c2683955a7a0,0,0.273681,0.188464,0.379416
5b699d07-fe0e-f2bf-f247-577cd8f11bb4,0,0.362144,0.26004,0.478418
d76745f3-7736-65dd-d2c9-a3f683a949ef,0,0.12257,0.090562,0.163851
1b20ba69-2ff8-4e1a-714e-57b52289e9ca,0,0.838267,0.781401,0.882563
e5838c7e-424f-cd0b-c4fc-31c0e6d29d43,0,0.333639,0.257809,0.419177
94f0ff64-1cf5-53f8-5325-14fb2e45e034,0,0.177144,0.115754,0.261465
fda74deb-51a1-ad0d-69e7-8bfb638400d4,0,0.547568,0.417873,0.671111
cd7aa2c6-09be-a50c-4144-f1c9101de558,0,0.346354,0.255814,0.449581
2bead3a2-2239-ef61-8df5-4ce4ccc820c2,0,0.105679,0.074735,0.147396
51505060-e45b-d2b9-7d0b-7ead5c9e621a,0,0.147742,0.09611,0.220348
301612df-cebd-7fef-22b3-792c7ba34dfd,0,0.40808,0.315349,0.507853
0106a219-f7b0-9d80-de0c-c76d963b42b2,0,0.683328,0.59725,0.758449
ccdca8fc-9f09-4113-f31c-212093fd4ee4,0,0.138208,0.096544,0.193992
d7e2966d-e168-62ce-fb55-7945ad1dd31e,0,0.704386,0.601788,0.789784
03857d8a-0e14-67dc-5162-683c431c59da,0,0.204784,0.134482,0.299135
e33ea9d3-2ad8-27d8-77b1-51abf5a24c42,0,0.77288,0.641151,0.866334
b681f2db-5725-fb42-7195-1d89f1e3ec21,0,0.605007,0.496748,0.703862
4aa16b7c-ad59-ad1f-09fb-02e11ee79a81,0,0.173023,0.119736,0.243465
6f44c4ce-0381-af20-b7f5-44b05d02d637,0,0.230665,0.169043,0.306465
ddc01648-9823-8955-dbfe-35c044ce88b2,0,0.251155,0.19528,0.316725
ffd9618e-4b4b-d7e7-90b9-8b038f26d919,0,0.397007,0.312785,0.487808
3a306d8e-8850-a8ce-33ee-5af70c813972,0,0.246459,0.182299,0.324245
dc5d0c07-63c2-202b-13a5-b57c7cd4d165,0,0.357428,0.247984,0.484081
b2d3701e-b03e-81be-7faf-da1671baf62a,0,0.162876,0.115335,0.225027
6b3ed70a-1638-33f1-1d25-45cf26fd3ba8,0,0.339997,0.248634,0.445046
791dc585-d739-4005-44f1-d5a9c6e6d45e,0,0.11868,0.089628,0.155539
367abb36-3662-2e91-1e94-cd177da3ba11,0,0.302583,0.226189,0.391716
8e4176ab-e812-9143-eb47-53105df4b22c,0,0.114033,0.08129,0.1577
bcd94ac5-98a2-ae38-25a1-45d4dd453c04,0,0.105908,0.074039,0.149282
5e2ace87-df02-c8af-7754-11c41f6e41e0,0,0.40808,0.32953,0.491626
33e272e2-61d8-7cbd-905c-553393e901e7,0,0.245676,0.180829,0.324565
1c612c0d-76dc-1131-40f7-88cf5eaf8f52,1,0.083033,0.058865,0.115902
a308393e-b5a2-00d7-121b-01de87dd2319,1,0.046642,0.032053,0.067408
d8f68157-44fc-7b14-1ecd-3b79b0fefca2,0,0.516896,0.427222,0.605495
faccda0e-999b-c33c-dac0-d0a7faaad88b,0,0.560592,0.45548,0.660536
577268bd-33c1-a19e-85ad-35b595d2b66e,0,0.1615,0.10264,0.2449
4756fad7-1f89-6c2b-4ffa-88485e5d7705,0,0.293076,0.223738,0.373561
f03ca59e-ecc1-fe45-ac2f-6c2ad08fd1c8,0,0.426607,0.335694,0.522765
32d5a17d-7004-0461-627c-8c4d39cf465f,0,0.92825,0.899031,0.949488
65a83841-28ae-c691-b3bb-1ce5a8036963,0,0.285756,0.204393,0.38388
b897b260-8c62-fe48-4dd6-517d12545cde,1,0.083227,0.06199,0.11088
8f91861c-639e-c045-6ca3-46a6644979c2,0,0.265549,0.190065,0.35777
a8dfa7b4-97f3-842d-c6f2-16ca3e023e8f,0,0.698044,0.592959,0.785799
e634a1b2-6a0a-2328-9ae5-0554212f60cb,1,0.064655,0.049273,0.084414
77eb5cc8-c26e-e8ab-caf6-c19332f1bbec,0,0.248024,0.178879,0.333055
cda34e51-cca6-c18b-ab89-902a6905dc09,0,0.110114,0.081525,0.147123
b7a377bb-ba9b-f778-0f24-bb07d723f8e5,0,0.165135,0.118981,0.224628
9c1ee08c-ae23-b85a-076c-c434b179e782,0,0.171505,0.125999,0.229137
e29847f7-9836-03c7-a896-22c7cbb471b2,0,0.237028,0.182591,0.301704
77794c3e-6c6a-3235-9e22-59d2ae8bdeb3,0,0.63852,0.522346,0.740477
547539e7-c409-ec1c-9c3e-fca8908d4183,1,0.067265,0.049662,0.090514
50433e36-1ebf-018c-771d-794e063d094a,0,0.09138,0.068813,0.120392
496d8909-c5b2-a2ba-0856-fee55fb78738,0,0.691105,0.610878,0.761256
3fcde8df-3046-628d-c7ea-da362e7c1a12,0,0.135773,0.097517,0.185944
3c6ad64f-8d17-5cfc-e3ef-b54797b582c1,0,0.109856,0.075736,0.156741
9611039d-2e6b-0dfe-fca7-186aff99a1df,0,0.167363,0.125181,0.220182
380334f5-03e4-3e9a-b423-3c4b778b17d4,0,0.089628,0.063811,0.1245
31027a9a-3f7d-9dfa-fd0b-9dfaae1e0f15,0,0.089452,0.067045,0.118397
168a1544-32c2-77c0-70ae-f9090393d803,1,0.062663,0.048696,0.080298
082d39db-a04c-3204-765a-e29c395d0267,0,0.547568,0.414378,0.674278
395e9b2e-972d-a5f1-6f3c-9539f2805a28,0,0.411459,0.340423,0.486388
b489ef1b-f42c-0b61-bcc8-313aa53d2730,0,0.254286,0.182318,0.342755
c55e595b-ddd6-4ad5-4d7b-5a9051413c94,0,0.627044,0.510603,0.730408
d89f7247-1238-f9df-1b1c-4fd7814c3bfd,0,0.45507,0.378477,0.533849
14441d00-d761-80f5-8523-dcde438c914a,0,0.21805,0.155442,0.297007
f9d0af2b-a956-84b7-7e1d-272474c5e962,1,0.064515,0.046651,0.088583
36398f60-fc1a-2626-c45d-f3161e9e83f0,0,0.534544,0.448476,0.618604
8ef2fbc2-5808-628b-f990-e472588e98de,0,0.097733,0.071763,0.131766
ccb2ac33-26e0-35b1-73b0-c95e020f7580,0,0.171646,0.102371,0.273516
ddd1cb1d-62de-8851-8fe6-617e5d45687d,0,0.237558,0.182755,0.302708
0cdfa779-243a-245b-2d12-b64fe28068e3,0,0.114999,0.082382,0.158303
56b94959-6579-7fa7-a834-9571a1b7b7d6,0,0.217056,0.154425,0.296192
efa6eabc-9762-b32a-bac7-0151f7aadab0,0,0.140758,0.10388,0.187981
5214d589-352c-5fd9-74be-adff46646c08,0,0.534544,0.429266,0.636832
ecf58a00-eb15-8eee-a0c5-3b9ccbeade19,0,0.265579,0.186945,0.36254
73e50e11-b292-dbda-1e72-e81e208c7e9c,1,0.083169,0.059005,0.116009
a86c0e02-91d6-4a7c-ce8d-63a064fe31f1,1,0.049849,0.038333,0.064591
b4014a7b-6d3e-1c4e-4f80-169184156115,0,0.296774,0.216121,0.392456
03965cd6-ea72-243a-c657-69be6b76c719,0,0.101761,0.074142,0.138133
22e1884f-3009-a4d2-fba2-02d4e421e846,0,0.547568,0.442415,0.64864
b7bdc847-8f39-20fe-e4a5-897d7944e21e,0,0.200596,0.139427,0.279873
02f5657b-87bc-76d3-891e-37285e224209,0,0.573616,0.463118,0.677223
be74c23d-14b2-2aa0-347b-5a2dd444ae75,0,0.171516,0.129128,0.224234
f09b8017-f1d8-de09-a602-b78d521ea423,1,0.076943,0.05683,0.103396
0fc7bc95-2d9b-79e2-04b5-a5a6f76ca5fb,0,0.286564,0.218496,0.365909
e0f1bcd1-218b-4daa-27db-979c74e71b51,0,0.110324,0.080262,0.149812
0254cc4e-62ad-6762-da27-d6d387f91edd,0,0.547568,0.416314,0.672524
e9537ea8-83de-74a3-2ee6-f7bdefc6334a,0,0.243886,0.173999,0.330607
f0af0458-bd07-8cba-19c2-78b0b8ac312c,0,0.40808,0.315141,0.508095
af26f2cf-2f11-70ef-573f-322c7d47b7d9,0,0.397007,0.294852,0.509006
2d01a71b-4551-493c-3dcf-5c441965ad1f,0,0.411459,0.331634,0.496232
fdcb1447-7e58-d2f9-94f7-c8e42cccf7ff,0,0.162876,0.116307,0.223377
114bd807-db9e-a3a8-5490-c78d16419acf,1,0.067265,0.050945,0.088327
1f001dff-8f12-2ea9-bfa3-c9471c6eac06,0,0.212232,0.159578,0.276544
03b885f1-da8c-3173-df1a-ad1adc60fe0b,0,0.097843,0.072508,0.130781
2353bd53-28a8-a56c-aaca-2f49b3b75493,0,0.105808,0.077543,0.142782
ae7ba204-824c-1366-7070-0469249ca169,0,0.152602,0.107319,0.212444
c09f61b9-4042-26bc-d011-3d75aa07d991,0,0.106276,0.074429,0.149549
dabfeb36-dc0c-b346-4d95-731a05c38700,0,0.097972,0.070039,0.135423
c7e067a2-b4a8-ea1e-9fa4-d8533ac9db29,0,0.520539,0.390818,0.647547
d1d28a8c-60cd-958d-5ada-6d3564448e0c,0,0.427579,0.33782,0.522374
557f4a9d-071e-c813-69f1-5e54d3886610,0,0.999999,0.999998,0.999999
46b71243-aa72-3401-653c-23a612e4aa14,0,0.40808,0.312581,0.511065
1ed6e7e4-55e4-9ed1-49f1-3a1897588fc5,0,0.173712,0.12901,0.229817
be563624-c7d3-add9-936e-cb59b5e623f2,0,0.159458,0.121863,0.205932
b3f7d30b-5c63-6f07-3c0a-119c809bd1c7,1,0.079693,0.056275,0.111703
baf46b2f-7df3-d487-2bfb-b86368cc71bf,0,0.534544,0.439047,0.627575
c2ca33c9-c82c-fcef-dc0d-fdde099d31a2,0,0.327282,0.256983,0.406295
8ae65756-6a52-88e0-4c4f-a792d112be44,0,0.316981,0.246558,0.396922
66ce48fa-cbb1-d337-93e8-68c49b93f603,0,0.509997,0.393719,0.625203
64b04548-6d9e-3496-ea88-541016590d27,0,0.750387,0.63327,0.839576
6789263f-4a29-d297-178b-0a876d76da3d,0,0.999999,0.999998,0.999999
bb9936e3-9c8f-f26e-836b-15b5ebd5fada,0,0.153332,0.105234,0.218056
6aa11868-88a3-5723-4f91-83c931e699d8,1,0.069257,0.051779,0.092063
de253e98-d452-8fdd-62d8-0e4798773a80,1,0.058275,0.042628,0.079189
bbaea328-cf3f-26a6-7ecc-51686484e65a,0,0.093617,0.072336,0.120345
4f375044-511a-4cc7-b3d0-6287af650648,0,0.999999,0.999998,0.999999
b1decd07-b1e9-44b2-343b-56738a8b7dac,0,0.251155,0.18098,0.337333
40228abc-0b6c-2914-e1b1-c823375fb184,0,0.153332,0.10641,0.215944
feebddbd-ff00-ad8e-24d7-ebbbb6bb4e64,0,0.541074,0.430487,0.647759
4cfd54d8-e46b-cb47-f15a-0253ad9e0b23,0,0.114999,0.087394,0.149893
ae5df138-d43f-46a0-7a33-f11465e0e248,0,0.251155,0.183735,0.333215
4fbc53e9-fbd7-4215-603e-7057bcaa9eb9,0,0.113774,0.079882,0.159553
86612406-1b96-0ada-d786-ea270204a50b,0,0.572412,0.434325,0.700068
e02af05a-6241-af04-639e-7bd3ba0e9fd8,0,0.159437,0.111102,0.223513
435587e9-7339-7c08-5d22-27350176aa15,0,0.727056,0.630158,0.806368
f7fd2fb9-1869-e209-f15f-cf6bd04e339d,1,0.065273,0.049287,0.085974
2048b188-3f0b-266f-e82f-47e13da9e469,0,0.60104,0.47034,0.718772
646a2b05-4a1e-1431-e65d-e1435ea0dd72,1,0.062663,0.049034,0.079763
68432f03-611c-9588-5cc3-d5eaa865718a,0,0.40808,0.314758,0.508538
549a072c-cb3d-6041-8f2c-a3ebfdec50dc,0,0.093654,0.068112,0.127463
8be6e7d8-b026-f30d-d280-1e3c7ee651ff,0,0.187835,0.126304,0.270075
506cce8a-fbfe-22da-470c-143e5343a027,1,0.074784,0.055523,0.100019
5051b40c-9695-4a71-b8b0-2c119f99cb03,0,0.999999,0.999998,0.999999
e4b5ea06-56a0-f192-ea66-9e1bfa5b9552,0,0.440007,0.335643,0.54996
925b7d77-2dea-9c78-79b4-f19e9532b8ee,0,0.114242,0.089258,0.145105
b4c4946d-6d57-906e-c761-719f7e334b5c,0,0.514045,0.405354,0.621423
c4cacfc5-dca5-5fc8-635c-81a149140f64,0,0.646752,0.527,0.750537
2d0b32da-8789-3058-a34a-7ebe8a60dc7e,0,0.23174,0.16955,0.308273
a00d9e95-9369-2231-e832-badba7451030,0,0.105808,0.076835,0.144003
47083c02-1d0a-5707-c2d9-06e261abe568,0,0.181455,0.128483,0.25
72e82974-a3f8-8c24-6ac9-585aa13f3b15,1,0.050586,0.039178,0.065091
1559a187-9f19-66eb-e13c-d5484fb52b24,0,0.319395,0.229357,0.425274
bd7a789a-2c42-1e3f-f21b-03d1b0de62d4,0,0.691105,0.614069,0.758804
f336da86-548a-d52f-ec1b-007e48da43b4,0,0.411459,0.335665,0.491701
3df1b3f5-7317-7172-e49a-e4c171a039ae,0,0.26868,0.202466,0.347124
a0025608-7f08-62fe-24a2-05f2a7029d72,0,0.206414,0.140179,0.293272
79f39cfe-cbcf-b50d-4e91-a8faf8194f86,0,0.520539,0.420151,0.619294
ca135218-ab01-3103-1aa3-a1adf9810f34,0,0.493545,0.369058,0.618838
072bfb37-ca96-7a0d-724f-ad204fcbb8d5,0,0.093925,0.073426,0.119408
c0f616ef-f116-ca44-7685-f0c0c6cc220a,0,0.222719,0.135452,0.34385
23634b8f-1c4a-457c-0ecc-47d9b859fa04,0,0.11847,0.080758,0.170527
57be12e9-f00f-3d12-d2d3-beae7608bce6,0,0.223104,0.158165,0.305045
999acf02-3a8f-ede0-9e37-b41189dfc99e,0,0.159458,0.113839,0.218843
b7023a45-3064-9636-8002-8254bd1e122a,0,0.40808,0.333205,0.487481
da39afe5-4f9e-584c-e0cc-a4567f7779db,0,0.193653,0.129455,0.279468
dda7561e-4e1c-2dfd-878a-a52c3c6ea44d,0,0.093789,0.072283,0.120861
32c7d9ae-6e41-ac8b-690c-2237ba75348c,0,0.132093,0.092125,0.18585
3efa60d0-23d1-df1b-8302-b57c2b23aa76,0,0.105679,0.076844,0.143651
eb5864c2-2a8f-0064-70ae-7b7845e2e9af,0,0.248582,0.193037,0.313893
7a783b63-16e0-ef99-b843-d601e679d3ab,0,0.339997,0.2476,0.446417
56e6567c-afb7-d265-e376-9d67f8f49c0a,0,0.612644,0.481866,0.728979
667d8042-a12f-9ca7-155d-22832e44c373,0,0.239123,0.17447,0.318491
e200cce2-afeb-eeb7-4808-e37b7cff2709,0,0.242017,0.171225,0.330408
e1a653fa-ec98-2fab-735a-b2f0faa305bd,0,0.327282,0.255585,0.408065
fbed25b6-9320-cfb4-9fa3-efe1b555e616,1,0.061937,0.048453,0.078862
e052f0f1-94b9-8dfe-4e4a-264f7ce253cd,0,0.131121,0.084311,0.198292
bcbb6f8d-9515-fc35-57e9-387a123f4a82,0,0.124795,0.091288,0.168324
3d20c465-c400-a6e1-02d1-06e8b63515eb,1,0.085134,0.061148,0.117352
3a1e22c2-d447-d4a0-e2d7-5ffd19b964ff,1,0.087429,0.062652,0.120742
c91de1af-e1d5-4523-11eb-518a87ae49ba,0,0.320924,0.237743,0.417276
141fc7ef-293a-7c45-7c53-ae2154f6676b,0,0.199145,0.136563,0.281072
ec5feb05-da27-3751-65bb-d22a60a3bce9,0,0.306526,0.229472,0.396151
2452e008-825d-5821-dbb8-f83bae73770b,0,0.260549,0.205988,0.32367
c2d5d611-1f26-fb7f-bf9c-6145874a3ddf,0,0.79352,0.671062,0.878634
b7969c40-3c26-5022-1635-4652f85fe565,0,0.091824,0.06624,0.125956
c0c3998a-a6ac-3315-896d-b1e086e16bc6,0,0.159427,0.112784,0.220564
11144f67-df06-bf00-8f10-a2f719a94002,0,0.691105,0.595771,0.772539
b6af8232-5c68-3e81-a35d-c34c6aba625a,0,0.309094,0.226697,0.405727
10d6dbef-c2d9-76c0-ed0f-a75e2846f2e2,0,0.838267,0.78532,0.880148
274bc3a7-5e49-ca27-5367-a1bdd85ec652,0,0.153595,0.104086,0.220847
2e6dec73-904f-d3d6-4995-85e0971cd9e3,0,0.215655,0.161178,0.282346
51d796ef-370d-f6b5-b481-e28d71052809,0,0.815773,0.686781,0.899422
65702ef0-b9d6-616c-5ca5-956753847fce,0,0.632352,0.50444,0.744003
c7e4dd85-deb4-4c3b-1be8-003ee86286c8,0,0.221473,0.152293,0.310564
f246213b-1524-5c5f-b9a8-2b6c47bf186f,0,0.40808,0.315955,0.507152
55e4488d-7c06-09c8-ab9a-209f9945e660,0,0.314658,0.248196,0.389691
599cff96-8e74-0c8a-40a9-39ddfb95b2db,0,0.162865,0.128628,0.204081
f7c9380b-942f-5e4e-1e18-490de78b3409,1,0.062663,0.046933,0.083205
09f492c8-19b1-c689-c51c-0f2733367202,0,0.089529,0.065442,0.121331
e39e4491-120a-46a7-3fca-40d90ef51933,0,0.435466,0.311841,0.567672
f7f86925-e548-2786-dedb-dabb98d7784c,0,0.147469,0.101109,0.210117
0d710b13-6145-f561-2ed3-3fdb611e4dce,0,0.251155,0.18673,0.32882
c680a66b-2f6c-c46e-a146-b6f8594c1b78,0,0.385933,0.293032,0.487958
68811b4f-f34e-96f7-0255-2328e251ccaf,0,0.385933,0.298951,0.480864
71d9c2e3-95cc-2735-d8d4-7889c57c9736,0,0.838267,0.786313,0.879524
c21f3d86-56d6-78bf-f081-ed2a4837c076,1,0.076885,0.055273,0.106
bc240d60-2bfd-91a4-f934-bc21ad4d7c3c,0,0.521556,0.431351,0.610378
78a9bca2-1f8f-6194-5320-5a7cc735e5d7,0,0.159448,0.112339,0.221384
84ca0765-df3b-fc5a-d7d4-e35f3d9eb7cf,0,0.135574,0.096323,0.187502
a71b7e82-0a7f-c2f4-5850-8dad5f725073,0,0.206414,0.155573,0.268585
37e519df-c6b3-892f-5e92-cf258f40f98f,0,0.097843,0.070686,0.133929
6799cf59-c97c-f084-7d8c-66bcdccce08f,0,0.40808,0.311264,0.512598
953eb4aa-0de3-3edd-9094-e4ee96ba6d72,1,0.056096,0.042401,0.073873
50b8c722-e73b-bdba-c6d2-5fa10c1abe62,0,0.534544,0.45547,0.61192
028ad3c7-1103-cba9-dff4-ea076ef61197,0,0.2162,0.143872,0.311653
2d45bc58-3455-6842-64eb-d8ad6735ef04,0,0.21374,0.148445,0.297713
1ec93d46-fe38-888a-767d-951bebe74fcd,0,0.114113,0.088379,0.146139
1d6c13b7-84b1-0ec7-b28c-bd963b070c91,0,0.243328,0.175684,0.326694
586cc326-07b6-ee35-ee41-9d95de815b81,0,0.320924,0.240488,0.413613
c96bc3c5-a20d-5c07-8146-6923d75619ad,0,0.175074,0.108419,0.270285
36a5c0e9-6cd8-8e00-8155-0899e1376036,0,0.627044,0.515187,0.72678
1bb1d038-e624-852b-961d-20a09908f395,0,0.851163,0.782572,0.900857
307e7550-80a8-567e-7b8a-5f34aca83a38,0,0.923663,0.883449,0.950774
670e348a-b1e0-4099-0ec9-c10e713ae707,0,0.184742,0.129129,0.257233
2ac75409-7fff-9688-b80b-5044d7f5498c,0,0.560592,0.448884,0.666482
e8d4f867-8a14-25bd-55be-2756d0f7e91f,0,0.728313,0.604912,0.824362
f27b816a-208c-6d77-436c-a600735d2c41,0,0.281813,0.21129,0.364982
a64dfd65-1aaa-d4e6-7441-14e3a307ddef,0,0.221994,0.160988,0.297909
0f30dcaa-d219-a0d8-93d8-d59f870a218d,0,0.235595,0.174277,0.310376
3fb171bb-1e81-e86b-79ac-3aacc38d993f,0,0.67802,0.591889,0.753542
dff8a8b5-5396-990c-1434-832a2f29cc36,0,0.124346,0.088629,0.171745
0982ca33-83a6-d081-3147-6d51c9e3458d,0,0.296316,0.20964,0.400661
8292b455-d4e3-06cd-4b00-0eabf318f7f3,1,0.067265,0.047015,0.095364
ba0f3002-d1fd-fa5d-c354-b5b173d4b818,0,0.414838,0.313552,0.523872
96155ab5-ba27-c07b-9188-c72ea2cf23d1,0,0.167363,0.116463,0.234603
7134f45d-36b8-bc75-206e-3331d5bbf0a8,1,0.062663,0.048256,0.081005
cbcc2a9f-e5df-0842-91c6-d36ca83bdc11,0,0.093925,0.071007,0.123259
dd3ab5d6-6425-52f6-da85-fd30011711bf,0,0.162865,0.118082,0.220389
719d0db8-d660-fef5-054f-035d9166f1de,0,0.113854,0.08675,0.148055
4c590299-6cf1-4458-8cc6-7fa6dd18476f,0,0.11953,0.088812,0.159018
1e4368e3-2aa9-ec25-42c1-2ad1a4a689b2,0,0.284944,0.194815,0.396251
931d0349-36f1-4cf6-1e56-d102e2b6faaa,0,0.691105,0.599228,0.770004
b80f62f8-b092-778b-7408-f5469e647ced,0,0.92825,0.900152,0.94889
431f8851-9e24-436e-8bad-a62503977bbc,0,0.089588,0.066574,0.119539
cd6cfe23-044d-d6a1-7fb4-629792fe35f0,0,0.40808,0.328436,0.492864
817dfd9f-aa9e-f0d8-90ee-8249468cc7fc,0,0.304906,0.222815,0.401612
277120fe-8f9a-cb27-328b-d41455e91c10,0,0.333639,0.244523,0.436469
064d4c5b-f635-417f-d175-6824e3f5a2b4,1,0.06328,0.048609,0.081998
dd6a1de9-d033-aed8-83d5-04cbc4839559,0,0.40808,0.311988,0.511755
034ce3e1-6391-ac60-2477-672e56145976,1,0.080972,0.050947,0.126337
72cf8ef2-90b8-0193-bd83-affc9ddaa5b7,0,0.251155,0.179965,0.338868
4c1245e1-80d6-3266-003d-4b16f7a2cf88,0,0.529884,0.420847,0.636141
172aa79c-ae0c-844c-8086-f286e0ea278c,0,0.230713,0.165556,0.311928
8e35bb67-aff4-8dc7-f8bd-3344af019c71,0,0.560592,0.448094,0.667191
fdc5bbc6-99dc-0f1e-134b-fbe560e50721,1,0.064515,0.049256,0.084082
808181c8-d981-e8f2-a6e8-e4eb3ad07a55,0,0.157012,0.106155,0.226073
740b9f61-f368-74d1-bacb-17a8ff5e66e5,0,0.851163,0.778161,0.903132
b91450d1-0f05-c429-ba81-c66a53d90fc3,0,0.24959,0.192242,0.317326
3c37961a-3567-6762-0f28-3d660e8e226c,0,0.514045,0.407665,0.619167
801d01b0-92f2-1186-d175-8ce348895b7a,0,0.23834,0.173475,0.318125
f394db1b-2735-2755-013f-90692b152b20,0,0.452372,0.352889,0.555811
8467ee41-b515-91af-9491-91986e75d5ed,0,0.101651,0.067829,0.14963
c8b37529-b31b-408c-4f09-d0d14277ba30,0,0.165135,0.119671,0.223487
60bddc28-eaf8-28cc-5e8c-25cbbe1dffc7,0,0.207922,0.144675,0.28946
76c40433-6bde-3daf-01e4-3280305ae683,1,0.087293,0.063948,0.118086
a3b95030-2a08-05eb-df86-0f3f9bf1982a,1,0.064655,0.045659,0.090804
c3af7ecb-dd3b-f8f8-7d91-5af8f38e130f,0,0.338355,0.244195,0.447334
ed921e6e-5785-7ed6-abc2-b7c4545fe665,0,0.141626,0.087278,0.2216
b2bfddd8-1d7f-6413-3bad-c195b4aee5b3,1,0.085257,0.058419,0.122817
602bee42-3246-cdcd-9723-e1eb3158425d,0,0.314658,0.249488,0.388049
4cce8b5c-df2f-06bc-261d-8299f114a332,0,0.363786,0.281265,0.455184
43f7c78d-43c2-0d10-81b2-3d87febc366b,1,0.066507,0.051027,0.086257
b9a0062a-75f1-b513-8df6-934648e99048,0,0.444464,0.339819,0.554277
23083805-4a93-c88f-ef12-fbd511c97774,0,0.421209,0.314387,0.535953
b614bc0e-b721-0493-e997-304f52b4bf92,0,0.101761,0.067984,0.149626
5dccdc8d-638b-43da-5fae-6081d22c0177,0,0.124522,0.085341,0.178188
6d6e180b-9cef-326c-69ca-9ed6945c08e2,0,0.259062,0.187975,0.345592
afa8519e-2955-7ac3-c76e-ab7a408b1640,0,0.310714,0.229079,0.406116
5e03675d-e45f-4881-08ca-28f8439572c1,0,0.599664,0.49122,0.69915
604c1b20-5d21-845a-cb7c-f30a529476e0,0,0.838267,0.784681,0.880547
fe164542-ba1e-08df-9119-804c969b6562,0,0.24411,0.180597,0.321203
76627c36-9070-c90a-db86-a9caed50fa07,0,0.456607,0.369131,0.546845
61f019a6-f27b-2e92-6e0b-bc02bc848c87,1,0.062554,0.047524,0.081929
e26b7804-e533-87bd-b62c-3d30673a595e,0,0.534544,0.448109,0.618954
b80baaf1-5c75-536f-8f34-06d9943bcc4a,0,0.24411,0.195645,0.300102
234afc2a-bf64-8b9f-04ef-9bda7164e383,0,0.135773,0.095654,0.189199
8a03a5f0-5086-eb77-41d5-bc8292eccb17,0,0.153595,0.106293,0.216838
a337ac63-37c4-1857-a8ef-fa300555eedd,0,0.159448,0.113363,0.219627
f29c29b4-8838-eaa5-2e0d-7c3d6e263c16,0,0.147489,0.102845,0.207042
f34b8469-b359-40ed-bba5-6951243ef914,0,0.92825,0.900016,0.948963
04bb16a0-c7c1-be8a-70e1-e0a2eeeabf7c,0,0.097843,0.066983,0.140775
e6eb9f36-3b9a-47e2-4286-2a506fbf356c,0,0.114451,0.081975,0.157586
324596ae-c941-ce8a-d27a-3336d4054a48,0,0.11847,0.086,0.16104
5d8ddfaa-12a2-271e-63e3-72dde47d7919,0,0.244364,0.174281,0.331321
6f5e4593-e988-e995-d38b-41ac6c71e390,0,0.093654,0.073852,0.118088
fda9a353-a2c9-6d61-57f3-6b335c69dc60,0,0.242799,0.186417,0.309742
677e051c-6014-8831-920e-69b6fdd18ce8,0,0.187262,0.120833,0.278638
c660de65-8c26-0eee-eded-e0e84236bc1a,0,0.851163,0.783211,0.900521
4b31f2b7-d5fc-2686-4678-4a056c11ebcf,0,0.120776,0.084557,0.169635
6346647a-edff-e087-2fc2-0709c13f0758,0,0.141626,0.096972,0.202237
4314b736-2300-285c-7ded-5b17b043c1fc,0,0.20559,0.137181,0.296395
57688d88-b3d5-ad4f-09d2-b85b99ddc76e,0,0.122022,0.087632,0.167431
15e6f5f3-4d81-b7f1-c1a0-a7877ee50240,0,0.247241,0.180058,0.329421
64c3bfee-0d9e-987b-0a8f-c97cd3837985,0,0.72646,0.607881,0.81981
1d2635f8-2c16-7b16-be98-aca4d18a5601,0,0.333639,0.26437,0.410921
096aa43b-508a-047e-1e7c-ce589320fda9,0,0.251155,0.197001,0.314367
c538d0b6-2ceb-2d07-f1c4-c8accf29ddbe,0,0.247495,0.188123,0.31826
b3e3a9ee-37e3-5de5-e98e-9dc82594245a,0,0.234681,0.168098,0.317569
35e2574d-6d6b-6291-183d-f2d27c7f24e2,0,0.658312,0.519728,0.774275
7f441a79-d5fd-6549-cbbe-6e4941aea6d2,0,0.243328,0.180835,0.319006
1f7b2f86-198e-d9a5-abca-1e159a510909,0,0.265549,0.198214,0.345891
4cf2c7d7-b5b4-790a-f592-749bd547a4a7,0,0.316981,0.249793,0.392779
f9a14e80-8748-032a-f948-8c4e89e2b001,0,0.444651,0.335317,0.559621
