applicant_id,days_to_default,prior_underwriter_score,requested_amount,final_recovered_amount,sector,geography_region,has_linked_bank_feed,default_flag
d09bfa55-a871-a120-49cb-c919001fdf3c,43.0,0.4143218905602594,22280.44140028651,1812.743356436784,1,3,False,1.0
ba7231f3-8742-8484-2147-f25a20163974,16.0,0.4912606550587072,32169.200956172765,3148.942792664651,1,2,False,1.0
4e9296e5-4ee5-3e0d-052f-672b9cd661a7,44.0,0.6401399249408689,24626.539648399365,2154.145107429446,4,1,False,1.0
d4cac464-c0ea-bf5a-4c71-efa66af7b64c,26.0,0.8500211566255963,29616.543167476637,6096.749678070265,4,1,True,1.0
f7ece595-9ba4-d606-2e5a-e4e0a22d53b8,48.0,0.9416019301278724,32719.560001804515,1550.041625935226,0,3,True,1.0
f407b704-4c08-ae25-017a-6897e2411264,22.0,0.970556679550934,36287.991428581205,7848.232633521713,2,0,True,1.0
c32acff5-4760-2503-e438-42e86e158bc5,26.0,0.5351810531616444,33354.14769491054,6372.50272741771,2,3,True,1.0
9a917d82-7bf8-cbf6-b431-7a6e8e169026,10.0,0.9582046785833104,28592.89824887505,3221.147300116581,2,3,False,1.0
d653170a-8cfe-af60-9a99-9c80845e5cba,47.0,0.9548672838427696,28994.35826947359,1183.7351504316184,4,3,True,1.0
2d543c07-0723-743c-bc7b-6f03d5280337,18.0,0.6976786441517165,23594.51257418842,3401.5675926671806,0,3,True,1.0
a194de66-b606-9ce5-56f5-e460e5d30dd6,40.0,0.9490247015138252,21005.62354942347,1922.5580178021344,1,3,True,1.0
4f11fffb-9cb7-3dc0-5923-d388e61e5da0,30.0,0.3455670917656822,28930.19776707194,553.2256032693463,0,2,False,1.0
9673ce8a-44b5-3d66-d3f5-77df14a000c2,90.0,0.937904156835799,24541.62744751532,0.0,0,2,False,1.0
ade40b26-a42c-9002-463c-e5fa428fed85,14.0,0.7444727987556862,25737.835122722536,7871.93733872426,1,2,True,1.0
b3d9df90-feba-2092-51c9-ce7c7a98782c,21.0,0.3111532369276232,22186.57475189731,1972.1429438526657,0,1,True,1.0
b9f7d433-6cd4-e851-046b-d8df104489b0,28.0,0.4623355598606832,40129.249882907694,5180.969035325229,2,0,True,1.0
3babc892-407f-06c2-1fb5-996a99215cb2,36.0,0.9199042431989918,25294.19790470512,1257.0835525199798,3,1,False,1.0
fc6d6c6d-0d60-9177-aadf-8dc161e34fa0,90.0,0.3785157201845206,32495.519854367863,0.0,3,2,False,1.0
71cc17a5-5acf-8303-cae4-a185c1a5f7f1,59.0,0.305578162412806,38704.52133886804,556.3460163719113,0,0,True,1.0
f8adda3a-2864-e3b7-9876-9551ca8b06a5,3.0,0.4627472715509826,40578.10795582362,10145.553738340166,4,1,True,1.0
c35d229a-3acb-6941-5879-f28c8fe9c0da,43.0,0.9770652981282416,26614.80222949976,1191.3864566414468,3,1,True,1.0
88a532fd-5b77-5b84-9a70-3d150b47fbac,29.0,0.5947463198532696,27266.051968565134,4216.770496387729,0,2,False,1.0
f12919cb-5256-5936-fac8-e91440edf2e5,13.0,0.3901613802971045,33713.97453769513,4739.702275142593,1,2,True,1.0
befd0236-bc19-22c4-d438-553dc4a43427,40.0,0.9106055966030624,22789.525502090637,2788.751599248744,1,1,False,1.0
52566f4e-3044-1df3-a39e-cbdc1bb323d7,90.0,0.9715433701209002,35182.31122040019,0.0,0,0,False,1.0
afdd537a-2c84-2286-bd68-9424c85d39fa,33.0,0.3742778530797122,23004.673024490632,1851.759948126115,0,0,True,1.0
966317b0-e7ca-d6ca-6a67-5a8689c232c4,45.0,0.999786976614657,28721.308652245443,2494.126760728399,2,0,True,1.0
de6d3da1-c4dd-c2c9-ab98-6317470f55e6,13.0,0.6371981950246137,37628.681550336834,8475.747856632664,1,1,True,1.0
7fb6db0f-226e-7481-e793-268922e01e76,46.0,0.4597650228510027,19933.62461013629,1108.6372108516282,0,2,False,1.0
41b45c64-f01e-2419-3687-d4b9a5aa6848,30.0,0.3826702443390242,24957.12689608161,3016.123629032016,4,2,True,1.0
ce7d5a9d-cc5b-3ce4-441c-19accbef15ca,37.0,0.4151333562544039,28476.45185387088,3027.4084587369475,0,2,False,1.0
bea69537-585f-3ede-b6bc-adb08fd2b1c3,41.0,0.8275542619692432,29461.028702341067,2043.4115667181927,2,3,True,1.0
e8de2b26-0eea-a81d-6d95-74dab5eb5bae,30.0,0.9868083032148964,24809.81292807634,1802.3192654359868,0,0,True,1.0
53629dd6-53e0-3766-3e7e-2bc5a454054b,17.0,0.6329645544749056,23610.19504847932,3283.576405802076,1,2,True,1.0
0d02716d-ffc6-f909-3ffc-c5f35fe254f4,18.0,0.9775465480162648,38933.50466283601,6576.041090309908,1,2,False,1.0
68fcad24-a4b0-47e2-2d3c-807d3d4ac511,90.0,0.9211992563428326,15895.334838744006,0.0,1,3,True,1.0
68473bd2-ab45-5776-3c7a-65c77e6b7dda,39.0,0.9182633597376072,28833.379193674755,590.8081989519433,1,2,False,1.0
588c87c8-0dbc-d98d-84c1-fd9fee86a047,27.0,0.5455142335801083,25326.79060034188,2061.349337945668,1,3,False,1.0
fa1044d6-adaf-c8d9-c3cd-3654e1c27c69,90.0,0.987849014140514,22806.704035508246,0.0,1,0,True,1.0
093d3678-c348-08ee-1df1-c676782a6a35,90.0,0.9037156348937206,24491.972923108624,0.0,1,3,False,1.0
669393d9-8232-8f5f-802d-6b7bc1c3876f,48.0,0.9756596088536752,27799.969519977418,799.2776772065927,0,0,False,1.0
0dea9485-591e-1841-0a4e-14c149ef5032,90.0,0.7316971003499698,30530.67101059741,0.0,2,0,False,1.0
4a07913d-6988-7f58-1670-7f78649fb0b5,90.0,0.310554379266765,26628.57515722788,0.0,1,2,True,1.0
c269e2db-04ae-7cd1-8834-7ea23765738e,47.0,0.917504355672147,31069.13701955279,1827.1178727462689,3,2,False,1.0
86407b30-88d3-0a7a-866e-319e1e4a1182,17.0,0.9959838507998988,30619.194333443687,8739.128572155994,4,1,True,1.0
7e834c68-da02-aeb8-15f0-1c26cd5ae048,90.0,0.990036989658066,22784.168532434687,0.0,0,3,True,1.0
42c0194e-a8a1-5897-43ba-8a455589695b,49.0,0.4860816662024541,39522.98339201933,1465.9201733448986,0,3,True,1.0
0e42f1b7-09e6-2b71-bb4b-427cab83d2d9,16.0,0.6966377762155551,17946.521477065457,2130.8118643335124,1,2,True,1.0
38ec887e-c292-da2d-2854-1316fd66d4d5,90.0,0.9470878781111528,14429.435714952477,0.0,1,0,True,1.0
5257e527-9031-9e20-7041-e67182d48576,17.0,0.3260606613615597,32320.84365370738,6060.42805626368,3,2,True,1.0
dd887377-7a51-9359-c577-2084da362cc8,90.0,0.9609504876075268,29982.535578677194,0.0,1,1,True,1.0
41ae0b91-d425-5531-daac-6136ee90e50c,9.0,0.710433640982883,30557.761297213707,5334.715990267966,0,2,False,1.0
c08da739-a308-1f6e-d309-87b7eb326982,40.0,0.5424622369358392,31543.959271499614,1665.46399845945,3,2,True,1.0
b6024ac1-992a-d4b6-21b0-7fa96717761d,47.0,0.4143876736683436,23783.73029272464,2199.4449838046166,1,1,True,1.0
eec0f10c-334a-bd03-3ccc-27ff934a190a,42.0,0.706863974609896,27277.70394257558,3608.814382233212,4,1,True,1.0
7735e35c-4cca-63be-22c7-f037791c23e1,40.0,0.3448771484368491,35534.11549785899,1223.5272677322066,1,1,True,1.0
943ece37-66df-77d1-462a-c9d958885248,6.0,0.4368613561336844,22799.45349503201,4459.243300517498,0,1,True,1.0
6320c57c-ca50-3cd3-5055-eed1544241aa,18.0,0.9544852576169882,22163.36994027093,4298.798302988881,0,0,False,1.0
bcd226ac-1034-d8a8-cf7c-a0bee21b8a57,7.0,0.7546311783769986,27386.3809429182,9605.695497992754,2,1,False,1.0
a0d0c947-62f0-04da-1f09-6399250bc7b9,10.0,0.8869908939724913,38646.57411031455,6646.66458298442,0,3,True,1.0
3ca6f43f-da5a-e311-b099-8132aa1cf1a3,36.0,0.8761265718897273,36492.00825891504,3438.9638315315538,4,3,True,1.0
ea0cebea-7806-ed6d-1ee7-81881a3fc02d,90.0,0.986604414799221,20090.44766833853,0.0,3,0,True,1.0
4ae80cb8-4675-8885-d58a-21e176183977,27.0,0.7816075833851204,32462.0735347532,2119.234923905849,1,1,True,1.0
3d0e6cc7-416c-a7a4-c332-2361ff0584dc,56.0,0.3094473348153139,22414.785930795,247.4175013445337,2,2,True,1.0
75ebd58b-f9e1-d21a-9832-2321ae1f3fb0,28.0,0.3035134295604965,31365.7971967972,6275.14273233159,0,3,True,1.0
303f6843-bd8c-c72a-8f97-ed532d2ac896,57.0,0.95648024114402,18935.424492262973,16.47127362981435,0,0,True,1.0
2db6e8bc-3c05-ca15-a6bc-cd7506ff1732,11.0,0.6900880331775728,26851.575285376348,5238.973790698831,1,1,False,1.0
03984cc8-8b82-7bcc-6b88-4fccd42d5954,9.0,0.5290058585661478,26934.76682191697,3876.7697341671446,1,0,True,1.0
ecdba500-f39b-d815-2dae-9ca8b3697f3c,23.0,0.9530549746454088,27362.58974066918,5518.50039513688,1,3,True,1.0
f7f6f99b-e1a4-0d23-77a2-5fd3fac44ce6,90.0,0.9998628081453228,13058.322068014915,0.0,4,1,True,1.0
b3cde789-6808-ba4c-342f-36a28c79077e,8.0,0.9049024059308526,39428.72297404825,15924.589186406814,2,1,True,1.0
061d21c0-019d-e541-fc53-643368d8aa71,90.0,0.9761134862833036,27297.06404863937,0.0,2,2,False,1.0
cf8caa06-2412-b30e-7c6f-34b6fce982e4,12.0,0.8043864598137005,21628.745613180898,4926.102366575451,2,1,True,1.0
e0be0066-b73a-eaba-bfdf-a5e1f90ca69a,46.0,0.9279157740181212,20902.424620253874,558.2241225991363,4,1,False,1.0
9f0d58e8-49fc-7364-355d-2351e5942230,12.0,0.88745780867618,21441.78627092459,3134.228477782593,0,0,True,1.0
0de06c1c-c112-64bf-1de1-4009d7c6b0ce,13.0,0.9978454410794394,21371.0492852418,3560.999989109047,0,3,True,1.0
093c62c4-b0ae-8dc0-97ba-eb322b542554,90.0,0.7189684738286632,16881.503086338438,0.0,1,3,True,1.0
060840c1-561c-3b32-a854-9971e83ec9ec,34.0,0.98263163656998,23511.198239602956,1952.2918921884784,1,3,True,1.0
f7554eba-00be-58ae-3b7e-8b4cb3be9cdd,16.0,0.3483566459417861,32544.50184586721,7609.842229795994,1,3,False,1.0
91104d23-2212-1662-da0c-28d150773cdf,90.0,0.7723062775566907,20423.321292009685,0.0,2,3,True,1.0
d525dcb6-d384-06d7-2dd9-b616d31ca8f7,13.0,0.3560903573308496,20201.334659599088,3229.234619743213,3,3,False,1.0
5d84610c-5f23-804a-1487-faf462876ebc,13.0,0.450018595388819,28439.086790994337,1067.3783963392552,3,1,True,1.0
c83fe40d-c18b-87b1-f7da-5aef452b7c01,59.0,0.8339238675204891,19876.736378650683,75.30632269360723,4,1,True,1.0
b2de14cd-b41a-f2f8-4889-bb8ce4084242,60.0,0.8243279100352255,29442.906752450737,0.0,4,2,False,1.0
a9772f26-dc53-1bb7-c05c-a3655c02cbfc,90.0,0.9866437111066456,28818.783201201502,0.0,0,1,False,1.0
f386105f-dbf8-f6c8-471d-64937e7a3958,56.0,0.6282196704264404,33086.60031852288,960.6991844452562,4,0,True,1.0
bd87f21b-077c-1104-d296-b2c9d9635859,16.0,0.3953520069759768,24988.77341941132,2189.3692340797074,0,1,False,1.0
fea06494-13a6-25d3-f09d-924fe196567e,90.0,0.3645508566597768,21990.43913100387,0.0,2,1,True,1.0
2977e677-1f3a-5385-93c0-4fd0f09adabb,45.0,0.922612644901249,28725.30305172552,825.319384849877,1,0,True,1.0
daf574b3-a3f6-7e63-a544-ecfed4670d54,34.0,0.9262475758955409,21892.425121942208,790.8822884766713,2,1,True,1.0
7812849d-3c12-b771-501a-1ea5babe02e5,12.0,0.4215377153493859,32813.57238862406,11226.871228694035,0,0,False,1.0
b6ca6b7e-f196-18a4-717a-a80905a3e230,37.0,0.3871246070166456,25035.295322936887,964.731237646396,0,3,False,1.0
b2103fd3-f1c8-e2bb-52d2-1a568ef5442e,31.0,0.9998816975130578,20271.320498780748,1307.2647109203135,3,2,False,1.0
566407a0-83c3-e10a-5013-8402b28472af,46.0,0.9972194122304509,27424.217370906343,762.4483354663347,3,2,True,1.0
10729ac0-31a5-e930-bfed-9a96bc4b2f77,5.0,0.8476586429565933,27288.91211983276,12240.33856025908,0,2,True,1.0
b7f1c3ac-0d9c-5783-3fdf-9b72966fa4d5,48.0,0.2755080914717752,18529.99205505706,933.6018513288166,4,3,False,1.0
2dfa94d6-789b-9b06-d82d-2e735a3ca0e3,90.0,0.3362285885225012,24173.634424305183,0.0,4,3,False,1.0
d11212b5-3240-6821-ce5b-451e68ec4d57,12.0,0.979112172134624,19624.02667230191,2283.8577365727224,0,0,True,1.0
5c01e2db-0c1a-6014-1f66-1fbca4175414,90.0,0.4146654211636738,31945.896495817586,0.0,2,2,False,1.0
a7c3701c-a916-1b60-8443-b44a4b79d583,8.0,0.28979258589055,22484.940523939556,3277.8637763338456,2,2,True,1.0
3eaaff67-a778-a675-eabf-4557e8183f0a,4.0,0.3000621014842151,31867.696266356044,4565.683518404012,1,3,True,1.0
e73d4109-276a-75b7-1949-c84630525aa5,90.0,0.968593486714391,26454.397620295447,0.0,0,3,False,1.0
7ce5aa2a-f08a-64e3-fb8e-1a0bb9a3a661,22.0,0.4530311330131381,28479.779656661525,6104.916731253831,0,1,True,1.0
7c448f20-7d7d-af27-ca26-7ac7e01e58f7,11.0,0.5051300155918892,35357.350440787675,10059.250644158128,1,1,False,1.0
14991c97-944e-2abd-70a3-dc848bbec979,22.0,0.7376771282143499,28370.117545921574,92.65527309252256,0,1,True,1.0
e87fa7b3-4577-aaab-d62b-3a75203f20e1,52.0,0.9495718958664512,24736.85869191809,381.5116526774436,4,1,True,1.0
b14b4738-d062-adbd-713f-ed646a9bc669,50.0,0.978500212635417,26219.794230672454,1213.2550432853238,0,0,True,1.0
5c6e2743-0c4e-148d-c8d5-dbb8c6065980,42.0,0.3482109290643231,17467.90901297486,1308.289524849697,1,3,True,1.0
718b77de-1ede-80db-5b0c-8e8f63bb9867,90.0,0.5419803994511824,31778.39312467585,0.0,1,3,False,1.0
c66de9e7-5257-cfd4-6282-5c6c605b4ebf,22.0,0.8516805112966959,33863.838641301714,7080.053119957315,1,1,False,1.0
9e69adff-fbff-47ae-e137-b476e0686db6,90.0,0.9584410086586822,18269.58507453183,0.0,0,3,False,1.0
d69cdf39-7572-2d8e-a8d4-ba842a41dc85,18.0,0.784752804079236,32117.62258788397,941.3055721234985,1,0,True,1.0
aacc6490-0800-765f-ea8a-208da15527b7,42.0,0.6133658696035634,27937.39743592486,2646.3194443842285,4,2,True,1.0
030b2af2-9c32-69bf-5235-6df894ab1f27,3.0,0.909093432602568,22050.04266005631,1852.5700410970312,0,0,True,1.0
f47e7ee7-36ad-9072-318b-7720a78a295d,28.0,0.8588462826104313,30786.99330994466,3063.674163711641,4,2,False,1.0
728adb3e-5ccd-b1e5-f7a1-5330edc01357,90.0,0.8715955550208293,35660.849055041086,0.0,0,1,True,1.0
46ae80bc-a685-b6ee-a338-41561c0e4597,29.0,0.8353133901001927,31458.693886406974,4122.01052701644,0,1,False,1.0
4e5238af-1eff-2170-3102-4030a4d7adea,3.0,0.9536668486954452,22479.522047883383,1604.879355891145,0,3,False,1.0
b80183ee-b9bf-e9d0-363e-026ad269cb06,90.0,0.9965068991382396,25275.1345543316,0.0,0,2,False,1.0
90f5d9ab-4563-aafa-f7d2-d170920adc2a,90.0,0.3720679134801961,33428.310864478575,0.0,0,1,False,1.0
cd932ad2-8dce-053d-95f5-480ff502ff9a,52.0,0.9746469711740762,31666.79358708648,1065.1340775303502,0,1,True,1.0
192718f1-b48e-a847-ae1e-5f00a33ab11e,52.0,0.3363289555529974,18120.092191286505,514.6813869623014,2,1,True,1.0
aeeccf95-3ebd-dbc8-bb20-02d2485e4c63,25.0,0.3132798452833859,18631.17526031498,1890.0582431367104,3,2,True,1.0
11fd2f00-fd6a-8d63-6e45-c9a1cf1382c2,32.0,0.6361556737398432,33411.003981975526,3985.6921573040186,0,1,True,1.0
92711047-f846-e141-9f4e-06f9b7c90713,16.0,0.9997767576543308,28779.253795113906,9295.270790781571,0,2,True,1.0
b3f7d0f0-908e-2839-65dc-025fa064cb27,59.0,0.8552836372766143,27760.94737892857,283.33624619526194,0,2,False,1.0
25d66e21-97d4-19c7-cc3b-5c65b8ace237,8.0,0.9987955126816542,22767.02713923485,7014.927343482739,1,0,False,1.0
90e830e8-d521-e816-1019-31f75439cbd6,42.0,0.3445001798327057,38471.67363050248,2727.416420283719,0,3,True,1.0
2e5254ac-8122-7c8d-72e5-8fa05040fbe8,90.0,0.7464842345263241,28281.21971693827,0.0,0,1,True,1.0
346999a0-19f3-007d-ee43-e63e6ee95f7e,33.0,0.8554076050616062,32492.0690004996,4197.417772442684,2,0,True,1.0
e9b23cc5-ebb1-1d18-319f-e6ec53982f22,45.0,0.8671342581025783,25081.75497185817,1801.1230926094074,0,0,True,1.0
5c83e27d-fc5b-e283-442a-19c9b5e6e145,4.0,0.3460389925426647,23651.93766182291,5865.184682874023,2,2,True,1.0
824272a1-7748-b2e8-b5e0-a293264889b8,10.0,0.9973083939886628,24260.316048032797,6440.653285704548,2,1,True,1.0
945a2eef-99a8-eb76-5530-0fd0e5aa5394,90.0,0.9851997641226788,27433.972581845486,0.0,0,0,True,1.0
baf03b3c-7aa4-ec6a-b9fa-7373fcfb539d,22.0,0.7711317978429733,21034.37686016887,734.66695543329,0,2,True,1.0
ce451588-db34-e48f-eb4a-43a6fd61ce1a,26.0,0.971004946292954,33891.298013235435,8608.350866819059,0,1,True,1.0
3b336b85-4531-bad7-d09e-579887df5959,22.0,0.4991610056652338,22441.53403977036,3434.550090975175,3,1,True,1.0
60c0e7ad-5866-dc78-302b-73c0a71956e2,90.0,0.9855299249772488,19297.140158579303,0.0,0,2,True,1.0
ae867d27-4e64-7a3d-7fcf-d7758d961a94,90.0,0.9792815133206276,33551.74737990218,0.0,1,0,False,1.0
6f0ff725-52a2-bc45-45e6-0328bb888c68,90.0,0.899023410148948,21721.829246190977,0.0,3,0,True,1.0
6ea223f6-fc7d-e036-b52f-6136a1e9f322,15.0,0.4364090312417477,22218.44983555464,3260.926049467643,2,2,False,1.0
73db03a6-9f92-3685-d791-1fb6ee8674ad,5.0,0.7292776195900685,16351.565604779267,4150.623530342467,2,2,True,1.0
7265cdc6-5d31-68bf-98e2-ed2461e3f847,18.0,0.9951762046279652,17083.94983160973,2394.707050810221,0,0,True,1.0
c8505699-995d-3b22-3963-85e2802bc716,45.0,0.865791003731268,37551.1620530836,695.0901337427912,1,2,True,1.0
6c817c46-6fa0-8317-630b-025ee62e8d3b,28.0,0.8111810778451155,23611.548709012128,4232.791077629007,1,2,False,1.0
c75458ed-8ce1-d48e-5ccf-54641b6d49ae,37.0,0.9885586642945664,33159.53823406538,4882.5160137379935,1,1,False,1.0
84ea4671-4e8d-5fd0-a6e0-fa2fad5ce897,58.0,0.6399941346837666,32635.98583063783,658.160349963278,1,1,True,1.0
c19fab59-24c5-5c8c-9dbf-362a3b5926cd,29.0,0.5390178720283185,28162.01302770218,2665.742378757844,0,1,True,1.0
6c1523c7-2452-173e-d83e-cecb38d66f73,90.0,0.913441982869204,22507.898338767824,0.0,0,1,True,1.0
c2f9dbff-57b3-f541-8d7a-d1f8cec231b7,58.0,0.3165302231475256,26334.995190354988,542.0930878744242,4,3,True,1.0
6e705d6a-959b-d067-8d3c-1a4203f3cf4f,16.0,0.6001728799405545,28621.092021660228,5578.875068424246,1,1,True,1.0
f4fb45b0-93e5-ea8d-1190-baa4b90e983a,90.0,0.7520010959470922,21681.7698714669,0.0,0,1,False,1.0
fe881162-4891-ec7e-0673-28a5f803e832,90.0,0.9542116608540828,25814.787650757244,0.0,0,0,True,1.0
c0876e7b-c93a-4adf-fb9a-8f62f146ec03,34.0,0.8059042746477434,25878.011009433714,1810.5355597637315,1,2,True,1.0
66559795-bf10-d700-6293-ff08ae1605a3,12.0,0.3864952906462033,36739.648573495535,5179.598991282679,3,1,False,1.0
f3b711fd-4e33-2cfc-6ec0-7a9decca7a3d,11.0,0.740765567518574,26349.564218402094,3884.6811398120703,0,1,True,1.0
55140549-4d67-a517-ea47-9ed980781168,45.0,0.3228686441708676,31655.2512698987,1817.5936090848572,1,1,False,1.0
4ea0e7e7-ecde-5ef2-9ef9-4c89ebbb492e,34.0,0.7507105541350507,31292.231352531544,5109.685314156727,3,0,True,1.0
97a291cd-f1c9-49fd-660b-fe63e4aa0a1a,53.0,0.2825067257218224,26798.92497353143,598.9750133162682,4,1,True,1.0
8bbb7a44-3b92-e19d-d24b-afdea709b4c9,90.0,0.972390946944062,25575.697792315423,0.0,2,2,True,1.0
4d5d3ec5-a605-25cc-711c-91a3e4cdec32,16.0,0.9560966291391184,23737.16207287354,1935.452881442065,3,0,False,1.0
4dc0995e-ceaf-02b5-c873-e2e88f472f07,12.0,0.9181366945410346,22358.03857802217,6015.657112223396,2,0,True,1.0
7d1eaf8d-5bf5-c9a1-49e4-6a16eb9725c1,90.0,0.9709919410780464,14446.402368383528,0.0,2,0,True,1.0
3e943bdb-7f6d-04de-42eb-1985dcb21b88,90.0,0.8755360042578333,22449.92014016704,0.0,0,3,True,1.0
cbed180f-bd02-cbe2-1a6a-9cd7a67314db,7.0,0.4729434662130809,31693.47747517312,9162.754158828286,4,3,True,1.0
e7c88e28-50b1-d52b-eedc-52e0703819c0,20.0,0.4403379985311041,18787.89536462048,2517.5005406960317,4,3,True,1.0
6ad17f14-007a-56e9-5a9f-95c18d85447c,27.0,0.7306402325317252,30649.24701360135,1485.0601774246963,0,3,True,1.0
135e1981-518e-4328-358f-0cde97c92a7d,42.0,0.9871246914207826,30041.551523612503,1666.061704881728,1,1,True,1.0
ebc9831f-de0a-2289-5fb2-102f0f871903,9.0,0.9896548589694314,24646.039093883883,2601.5759643067963,1,0,True,1.0
e85bda3e-67d8-48fe-5c80-44822c64ff41,10.0,0.3792929466207875,26817.580421371906,6010.14872821739,1,1,False,1.0
a0b0d849-6d5e-6963-bdb9-3eddf234b1eb,90.0,0.9434407132106468,17209.488246596848,42.12680584645948,0,2,True,1.0
65f7c314-d8a8-b0e3-7c6c-85c9099df9d8,17.0,0.5696477445592729,15743.527404422584,1795.074714184031,2,0,False,1.0
2d8c6e70-f1ad-4dcf-a865-e3e440596605,90.0,0.7848092561549093,19538.68124068815,0.0,1,2,True,1.0
e6d0673f-e9c8-3ca7-527e-02f95532a09c,34.0,0.9728222890501076,21836.127730686727,2312.9075088359955,3,2,False,1.0
febf5aed-6411-b113-a9f2-40635649e6ab,50.0,0.3808381381552618,27847.29904799057,1534.236972018473,1,0,True,1.0
2e7ed75c-2c2f-db0c-505c-ed4b591a2b47,90.0,0.9997829108308351,18513.761775721898,0.0,1,3,True,1.0
daa28adc-edc0-058e-b33e-d4656e03a9ff,90.0,0.8283804870065938,20317.26356803656,0.0,4,3,True,1.0
27f7e503-1182-79f6-07a8-50aceac43ec4,90.0,0.7564080610443867,29044.52795006941,0.0,0,0,False,1.0
85e5e53d-2c4a-a662-7a1e-77b72ce344e3,11.0,0.7403358886677283,23843.16907342043,5039.99284942892,4,1,False,1.0
63695732-3d47-c174-b843-2cf627f81555,7.0,0.8701501599794197,22873.00610234281,3202.50369900898,1,3,False,1.0
c287ec60-53aa-2885-6e1f-1391b43fceb2,51.0,0.4872921620276235,16006.680359485768,455.02443638924206,2,2,True,1.0
e72dc3ae-247b-a1aa-792a-7d8dd0130c3a,56.0,0.3257851227157663,33208.46465953908,530.4760357384649,2,2,True,1.0
77b77ffd-1bfa-4142-dd05-c21abb1c2c22,50.0,0.2767841101758344,27405.322053357657,1488.412430963924,2,2,True,1.0
41e69a24-af16-a7e9-68ff-0173ae1f183c,36.0,0.5313247035212761,23666.016930261416,2364.942543902921,2,2,True,1.0
24bed534-2ad9-0b9e-4f52-5eb2dabd1b50,90.0,0.9986124873583392,19785.191765690797,0.0,0,1,True,1.0
1ce45274-4bc3-72a0-d19f-3e8691cb3c23,49.0,0.5667169365760135,31602.87299010545,1555.6755149478388,1,3,True,1.0
bd7f673d-4981-f335-3826-ac4b1d154a53,90.0,0.9862379562881688,31193.057988237968,0.0,1,0,False,1.0
812de9d9-afbf-9d0d-4ef2-d4b74dddf200,29.0,0.9670992787683536,17686.567675641527,1774.2114675605649,1,3,True,1.0
bf32077d-46e3-874b-4d08-94dd0abb3679,90.0,0.7604772336671186,19203.9524082247,0.0,1,3,False,1.0
5efc94fc-eb48-8d06-a97e-90dc501282b2,90.0,0.9982890112349336,16388.193058409433,0.0,3,0,False,1.0
14209af8-14f0-b3aa-4e66-9d89f3273b93,5.0,0.9996129842656124,23498.11638440473,8024.998965928892,1,2,True,1.0
c6da0988-0194-9030-8a9f-b23d8827c3df,41.0,0.4732197457787251,28063.795538294453,2019.342657171184,2,1,False,1.0
40b04f36-b78a-4384-7e10-45780adbfa40,53.0,0.8118399850257634,22546.83501017156,510.0949090225646,2,2,False,1.0
a5646965-397a-9445-50bf-ce7132b69fc8,25.0,0.5788248367238275,24092.819447788144,2121.492979666002,4,0,True,1.0
a023cae6-c9d8-12d3-3ebc-afaea98702f2,44.0,0.8923843408186158,28795.569156675192,1103.9631574479376,4,3,False,1.0
7590d63d-bc95-b5b2-e184-18967d845083,33.0,0.3384328493208513,29224.12530731008,1205.550119290998,2,0,True,1.0
06b97c59-c3ea-d352-b2df-37aa95d6b23f,41.0,0.3083495685367043,34136.11351480553,2490.613955954012,4,1,True,1.0
0787d1ce-3a86-603e-0204-5e9112ee2abc,29.0,0.4011738469591214,28341.581622769507,1719.5446300214203,0,3,True,1.0
d82f1ef1-17c5-ec48-14f7-66cecdcc4d7a,45.0,0.944771830054085,19567.488213202363,1317.2395556715787,4,0,False,1.0
3bfb1609-2018-24bc-c116-ff19b27f11ef,43.0,0.3866046667278817,21495.215907281527,1587.4687941115512,0,1,False,1.0
0377b812-c1d6-2d02-bcae-f7c60b8679de,90.0,0.9903659881632092,31579.658170511997,0.0,0,1,False,1.0
688958aa-7573-2db9-4af6-96f829ca608c,54.0,0.4221127709569583,16855.26837646625,325.24983665509285,0,1,True,1.0
7d4febcd-4388-0772-df83-fbbf949500bb,56.0,0.6032633215329192,23440.33557990235,412.98237194907927,2,3,True,1.0
d3e35c58-acad-431e-2893-42b19b61d0bd,8.0,0.30738504559741,32504.811503243247,2297.9792956747456,4,0,True,1.0
f6aca678-95cf-bb7e-36e0-1755c2093b24,20.0,0.7215423437112636,25600.323813013805,1546.5902787965658,4,2,True,1.0
1f09d794-d2e2-622e-f57d-a4f01f891e70,13.0,0.9446477148161952,22412.73377519392,2352.4658911263023,3,1,False,1.0
191d936e-e5ac-197c-237c-a1ae0a13d537,90.0,0.6611208666645048,27828.91745211293,0.0,0,0,False,1.0
d2435182-7f67-c397-dffb-c30828754b3a,37.0,0.356912393921695,37192.67080142108,2250.085254950756,0,1,False,1.0
2396ed7e-7654-66de-2256-5dd5c4a773d0,6.0,0.9729374737493468,19401.362931317806,4229.451777248239,3,3,False,1.0
1b464c7a-4000-b5d2-9d0f-4e498e404866,47.0,0.4507801692976581,17975.34524633056,1265.0254318413456,2,3,False,1.0
0c137987-45f2-3d63-14ee-da278e1aa9c7,60.0,0.6536378971010802,37189.4402595934,0.0,1,2,False,1.0
433923e4-98e5-98be-d9e4-67c3bc51d6bf,47.0,0.9718756551977092,21420.686789413325,1148.2173592635622,0,0,False,1.0
5a057114-8c51-a995-cbb8-514e367b6b7f,90.0,0.8217499930731151,16432.32002042856,0.0,2,0,True,1.0
4ec4edef-4bfd-72b4-295a-8b407fb191a8,44.0,0.7513485270961282,36233.67235251778,2844.9740207666728,4,0,True,1.0
4379c7d3-f98d-2ddd-c25c-20d63e98cb17,51.0,0.7696482340041527,25972.95927608362,1185.1825437424843,1,0,True,1.0
929231be-830c-7e99-2a53-c2c8a51d4f21,15.0,0.9639340578882906,24269.565914789837,4457.28489378954,4,2,True,1.0
58f935e7-5d92-bebd-8e2e-7f3ea053949c,40.0,0.5151059063463352,22454.179604770397,670.5442555027115,3,2,True,1.0
8d5f585c-9c1f-d8e6-3435-a457219c2454,34.0,0.800673372330615,27306.973389528303,5064.549613443957,2,0,True,1.0
8beec25a-047a-7c4f-977c-079828df523e,9.0,0.5471323328311174,36637.31568164432,10375.553192814616,0,1,True,1.0
a641cb06-3bfa-1e07-5f52-ddddf1551c1d,90.0,0.9381482328971676,32358.4123620143,0.0,1,2,True,1.0
2e8640d5-a212-3482-710d-6fe2fba81ce0,13.0,0.5526268403303762,23746.257397444784,6113.102928682489,0,2,True,1.0
ab810812-860b-abf3-7c0f-d66a42634a6c,32.0,0.3534291343492308,29096.602596138247,4604.0993553351545,2,3,False,1.0
5177e1f2-4180-4388-184f-a0da89b83910,25.0,0.6288126047267115,31934.51546816979,6024.975243518852,2,0,False,1.0
67e8c726-5bcf-3aca-2edd-abd15275ecf1,38.0,0.5966555757170194,23415.689943397563,1185.5447676318354,3,0,True,1.0
feeb4002-f028-117a-1eaf-bfedd31887da,27.0,0.9574935358357866,29586.471606614326,3890.66750155055,1,1,False,1.0
128f9992-8a7f-67ce-d532-f2360daf5ebe,18.0,0.9630295507901496,32314.082616143845,3596.1875999486897,2,3,True,1.0
4f1e59eb-685b-3b82-834c-8bc350fc355b,5.0,0.3366699764597088,30484.26144943875,8345.105349015535,1,3,True,1.0
8587dd6e-de0a-8fed-bb4c-96df4c2f6d5b,12.0,0.9855269511949748,26649.679220326638,4429.751907034221,3,0,True,1.0
1581206c-52cd-b14a-319f-d96078d0088e,90.0,0.9547464248052464,25074.825445361,0.0,3,2,True,1.0
975cabc9-3240-ba65-34d1-ddefba993c55,25.0,0.989765130622381,27327.73191852228,5990.560955609195,3,3,True,1.0
12e34ace-f44b-c507-2ee0-3322b0307752,42.0,0.2774252165989243,30722.130173996207,2021.697786714181,0,2,True,1.0
79fbb64f-1fe6-6749-8462-5457a57346af,44.0,0.925689783158121,25958.13929727013,1510.6936499616836,0,2,False,1.0
4a3ee7dd-c0b8-137b-c282-22fdda4d88e5,8.0,0.8928374296718233,30057.48719819787,10827.843410136938,0,2,True,1.0
60f77f2c-fd64-eb09-b33d-3ac8bae83e8f,37.0,0.6328508836306779,26106.320114671234,3113.570820042687,0,3,True,1.0
0a8cd9f7-25fb-4c88-e615-31fe20215ca6,37.0,0.6527890150745622,32798.07770190167,2751.464519268451,0,3,True,1.0
bad261d3-be0b-a46a-5469-e190e64e8d87,53.0,0.6077912412400763,37953.24186828554,2222.556982991733,4,3,False,1.0
6a11b98a-6743-9bc7-e5dc-539308d2a112,29.0,0.4707747818899935,24398.21686529941,4752.560600751012,1,0,False,1.0
b391a171-d682-2823-39fa-1cfacc8e82fd,34.0,0.9956190532426914,23651.629182149474,2032.4886166389103,2,1,False,1.0
794da68d-7ac2-f867-94e3-5365c2ce2d62,32.0,0.8529413141516268,28947.141944175102,1950.1896960768624,1,1,True,1.0
df5a63da-f5d6-bc85-e54e-5bbad0bcee93,44.0,0.9403103294107182,20872.275994389704,1149.970622120639,0,3,True,1.0
4fe5c69f-dbcc-9160-2c95-4ca34a98f8d0,90.0,0.4332395516190549,27771.53719952151,0.0,1,2,True,1.0
ff9f6000-7017-a2df-5303-32eb5835a99c,47.0,0.2793826596890032,33231.895984722454,4040.0481191114623,4,2,True,1.0
8e4ddef5-a6d4-4c63-7bbb-47466d504638,90.0,0.7200137831262752,30634.88666383889,0.0,0,3,True,1.0
a96fd8d7-ac66-17c4-7c52-8e9ee4f1b5d0,27.0,0.9104002278419502,27883.796225504106,2907.692497642601,1,2,True,1.0
6c41bb98-dfcd-458b-2999-d4af68b9273d,90.0,0.3186613175772066,28773.43231340896,0.0,0,0,False,1.0
3e556722-afa9-973e-8bb2-f75602593b98,37.0,0.3649434132215386,36859.00555614619,3273.212570959586,1,0,True,1.0
17f70600-7d89-1dc7-976c-496d4cce0f9c,11.0,0.8868995917145577,34046.670916790536,5451.430033374467,0,2,True,1.0
75acd85e-7937-3f53-d13a-4318e6ed3ad7,90.0,0.6154663873125331,24593.261873181636,0.0,2,1,True,1.0
7c69bad1-c4c9-db0a-dca8-01e3764c47b9,17.0,0.2879276125638324,32573.08956331537,4431.061346957025,1,2,False,1.0
1cb119ac-9f4c-6828-bc64-8b6b71a35614,90.0,0.9698987089611908,27730.345341503016,0.0,1,1,False,1.0
ea967f57-bedb-bdc0-0a56-11e3757d03d4,90.0,0.9280011364593768,19233.103895055126,0.0,0,2,True,1.0
5c6b538e-711b-5c3a-0b23-3c9522802af2,90.0,0.4783278942540587,21210.364074696183,0.0,1,0,True,1.0
f2a290e3-9e8e-1ea1-a256-2711857756a7,3.0,0.9997464202572506,23027.57855793864,7559.844899405556,1,1,True,1.0
1635637e-1818-34a6-c62d-d62245bea6b3,8.0,0.5578610742663676,33973.28055497106,3407.2192400482054,2,2,False,1.0
653ab1e7-6aef-dd37-7fc7-68f386113c1e,21.0,0.340975171136692,18475.949355346227,3389.045863590311,1,0,True,1.0
14d85ba6-9f69-a409-192f-eba49be1d313,39.0,0.8246448371549994,29196.39031072728,1555.248504200729,4,2,True,1.0
9ded97a3-a98f-2158-c756-310c55af2325,3.0,0.9620342741534652,36176.212582632055,8731.624813905864,4,1,True,1.0
1152a400-f832-d46f-6e43-bc13386ed5df,90.0,0.9771830953900036,19971.37065406389,0.0,3,1,True,1.0
6b42e6f7-05e0-22c5-6da3-68111a6e74a2,17.0,0.9964468054048377,18011.154966249967,5673.089898237776,4,2,True,1.0
77e45cab-7edd-047a-a847-9d4df1fa86b2,59.0,0.6893517362424282,20091.212405505183,66.9375273561814,2,2,False,1.0
cd6055cd-a219-ade3-4d42-d5b54c1bfb1d,7.0,0.5932206723527063,23057.90664297528,7528.548567824209,1,2,True,1.0
be53223d-c9fd-2582-678c-bf1fe8b6586f,60.0,0.8130366250068795,33249.58484463777,0.0,2,0,False,1.0
e5440c49-0cc5-1346-ef1a-dd2ed8385f64,7.0,0.9169454692085178,34725.58954634448,9907.359803597035,0,3,False,1.0
1c8e2aca-734d-62be-f639-2401b8816797,17.0,0.9595163781492366,29489.96451080885,2968.4646749921817,0,3,False,1.0
39d1e29f-8d4a-3284-8ec3-77b50621d869,48.0,0.3537884444778419,15947.23053100875,239.0329316282597,2,0,False,1.0
71768ecd-4157-27f2-2027-b6fd04671aa3,14.0,0.9136295529104548,21024.498596286958,5198.01902463141,1,3,True,1.0
7f0a1499-5baa-a376-de07-d13f2a9f2b04,4.0,0.9534268304043668,25077.86006007247,10160.504062892616,2,2,True,1.0
a06143d9-f5ec-9b3b-30e2-4737b9e71649,6.0,0.9772129593293232,29126.657069052613,8634.467816876691,2,0,True,1.0
25987e27-dc0e-5c28-1388-14753c2fa62f,28.0,0.9986634969226764,28365.61635876409,3077.430028466458,3,2,True,1.0
30b8eb28-ba72-8f99-4cb2-d4c76904ae51,32.0,0.9602221504318292,32691.1819724132,2944.099657758922,1,3,True,1.0
49b07c65-33be-4bc4-cccc-aeeb443f1f66,56.0,0.9181548800638646,24444.674786227784,547.2384373405763,0,0,False,1.0
95fce359-7ce4-3ca0-be70-3d09c26d1075,90.0,0.3636755668237002,35035.044576686385,0.0,0,2,False,1.0
0d1f59cb-8467-1d4a-8284-d6876a433cce,90.0,0.856830707368404,22428.88249551004,0.0,2,0,False,1.0
1db28a69-138a-a37e-f998-5a70449245c6,14.0,0.3893952513688727,23550.43020255781,4755.489026705529,2,0,True,1.0
21072201-f9bb-6809-dd93-bd5eb4ac6f51,90.0,0.9950631308629496,24315.470827341745,0.0,1,1,True,1.0
a003fb1c-bc16-6641-b39c-f5b6a2004a49,46.0,0.6822252685137135,22123.43544028161,1738.3433766489773,3,2,True,1.0
1e3d8e0f-d4d6-0541-1241-471ba5bf204a,11.0,0.9577431245357516,33028.401975937246,5627.907608449959,2,2,True,1.0
b7fef153-ae55-d499-e618-faa36142b841,7.0,0.7061859405511235,33766.64325653017,11814.897869531444,0,1,False,1.0
34c08981-0fdd-a083-b74e-e53a471d041d,49.0,0.6414549994536617,32150.088524462702,1975.3773807326763,0,1,True,1.0
9cff87c0-0834-dbb7-9207-d888857d4bee,90.0,0.9673343384753836,28299.10086744788,0.0,3,1,False,1.0
a46ba2a8-d944-ca73-8362-f01e5ad783a6,20.0,0.5967764825481158,21899.93460113403,4196.362100733547,3,2,False,1.0
e3550070-2701-ffae-ecc2-725d59a7b1f7,43.0,0.6988162267901928,34584.45375996684,2296.7520607118117,4,0,False,1.0
d7e99cfb-1592-74fe-6d48-fa04145fd2b9,19.0,0.4659063593938788,22632.9240053454,3913.5039174529943,0,3,True,1.0
169c7ba4-2ea5-b478-86ee-11ffefb5c97e,32.0,0.3795178028942768,31394.01786979974,1994.2181369920224,0,2,True,1.0
62a322d7-7d4b-027a-123b-0e4cbc67d367,8.0,0.987799829211778,30537.635427929195,6952.361617195028,1,2,True,1.0
e3c27671-bece-2009-00cc-ed8a566b651c,10.0,0.9375533774993056,25121.952314534385,7181.554271290838,4,3,True,1.0
4d50af2d-ff62-342e-ef2d-44769236f532,12.0,0.6031268311860198,26720.27375758832,5234.587852195383,1,0,True,1.0
ed542c22-0576-5ff8-c17a-3b6bdc00243a,7.0,0.991183950712407,28106.83888804712,7702.572220851638,1,2,True,1.0
fb85fe3a-beba-190b-4226-54082c23e70d,90.0,0.4977211103066921,28258.916137137152,0.0,0,2,True,1.0
079e7b21-9408-0c1b-2931-8d74cff56fd2,35.0,0.9980775834847958,28399.93072144452,1093.783799622971,2,2,True,1.0
760cad7f-b6d1-3b99-630e-7b0c3504ca07,26.0,0.4207225248015668,32211.75017013404,4779.628702869687,2,2,True,1.0
2e6e926b-0230-58b2-c9c1-c9ab9b56ae6c,90.0,0.971822536684,23853.20678413378,0.0,0,1,False,1.0
5c5e1ddd-bd3d-5927-07ba-af02bbc107fb,54.0,0.875961236230777,22097.524848083067,464.0044184366514,4,0,True,1.0
79c2bd77-2d2a-70e9-4d41-359aff7965dd,49.0,0.9683370748816016,20960.4905212609,852.5271480545879,3,0,False,1.0
080d2b4d-c34e-1603-61f5-43b40a66aa0a,90.0,0.9950306429199062,36210.25836386623,149.2012340884894,1,2,False,1.0
e9f0eaca-7f80-507c-4744-d30706f2cef5,22.0,0.9588454668131164,16713.72905548907,1945.4420630390707,3,2,False,1.0
0ea126ef-8ac6-b847-d793-26f3a12888df,90.0,0.6861736847256731,29818.820642376875,0.0,0,0,True,1.0
88c61885-b706-5776-9f65-b5aeb14b6c57,31.0,0.9994666218972555,32528.699430274897,4448.735888687137,0,1,True,1.0
e3615aa4-2283-55cb-a52d-4818cdbc7b92,90.0,0.9026485931501882,31292.885066188464,0.0,4,1,False,1.0
c9f2d3ea-18de-5f13-5ce0-b97a1fda5f59,55.0,0.9991167987943564,19542.787116716063,885.6931046747384,2,3,True,1.0
d5e707db-a5d6-4078-61d7-26ba66f3e3d6,13.0,0.9748226687738696,26491.24487621507,3188.3462189488096,0,2,True,1.0
43218561-a364-d4c0-aed3-657a0b8e07ae,24.0,0.9987135078787706,33946.68252568134,2080.3601976807854,4,3,False,1.0
40c901d4-17b8-747d-565d-434509c5325d,45.0,0.4616025923608259,28921.645370755392,1777.3938097068117,0,1,False,1.0
6aeb70d7-1126-1736-2845-5ffc7bcb6fb2,29.0,0.6772388164249598,18056.129861558777,2852.2779771606056,0,1,False,1.0
f12116c3-3e0c-6b7d-4e6c-ac17228185ed,36.0,0.5140963719358081,33402.25542410772,4855.946767884862,0,1,True,1.0
7e8ee5e4-d0b5-f70b-d9a1-c42382cc6181,22.0,0.6636357456599195,22328.407874249464,1764.36032769013,2,1,True,1.0
ece28f15-a1d0-c3f2-fadc-a1e9bb9093ef,24.0,0.2854805283726441,25270.193532327718,2841.1172885354254,2,3,True,1.0
f520f855-7913-8051-a058-e91685c4543b,4.0,0.9564592102901855,20314.924014701854,7159.018510833208,1,2,True,1.0
41d25f95-995a-87d2-38a0-56bd784dfa0d,3.0,0.6287544578277388,31019.786312033702,5723.563292464343,1,1,True,1.0
1c12f53f-c424-97cc-6b3f-cdb1c56f79b5,90.0,0.4483150071830128,26684.190270754563,0.0,1,3,True,1.0
430374c5-af8a-9d08-b025-00ec948d5e59,21.0,0.5105918311174223,24323.309971553204,4017.997155387147,2,0,True,1.0
f0a599c2-3c84-1b1d-6ad2-ae6d370e09ec,90.0,0.8528121159816286,24360.945632751514,0.0,4,1,False,1.0
f5c292d2-68d9-b7a4-85a5-676cc29a1639,46.0,0.9433451902220238,20239.024540569397,2515.804363599611,0,2,True,1.0
53d0913c-7a57-e49b-c1a5-379eca53b7e1,34.0,0.6901509431314203,27736.938076997307,1136.452831440604,0,0,True,1.0
3deed82e-15a1-036c-4c0b-60bbcaa8b264,25.0,0.4034874445955694,37747.57864268209,3662.060127733496,0,0,False,1.0
2b91feb3-b64a-1b6e-45ee-ee1dc223858b,56.0,0.3585296381219596,36089.25839737448,227.0835780111375,1,1,True,1.0
f169e199-0bfd-999b-4d56-30bd7a841d96,37.0,0.680876569173108,31946.541275755608,2192.1284298864834,0,2,True,1.0
f2532ceb-646d-0a11-20fc-c68d04b187b0,16.0,0.3185944160445146,22354.50228716853,1939.725705821277,2,1,True,1.0
fd8b370c-8ea4-323e-f68c-695c261a7d1e,21.0,0.9631922247992124,32745.86184918672,5183.821523539886,0,2,True,1.0
de8a5a2c-88bc-f960-f6a1-bcc21b571808,49.0,0.898338633053616,26052.703169584947,1588.5124730927291,1,2,False,1.0
eb79f5be-4dd3-a874-b7d1-7ffe9c5f04c9,4.0,0.5300826196238211,28705.388502317823,3377.0828959194205,0,1,False,1.0
e4498fb2-b261-d8aa-462e-cd236c9e04be,32.0,0.9659876546332272,21655.141758163983,3171.090720146607,2,1,True,1.0
2b62ace2-95ef-afba-71a5-8a985edfdb07,16.0,0.3406201082504034,29873.670872168725,3632.097625273453,0,2,True,1.0
87e202bb-b973-3bd7-8fea-50be0fb1b254,49.0,0.6108893092071945,17792.15786761608,849.112388096233,3,1,True,1.0
49e3cb72-e562-bf6c-1b90-3251e648fd6c,59.0,0.6360509005210697,28498.04376430527,86.14197923895273,1,0,False,1.0
9099ab00-730c-3c35-53b0-a62b3da9d147,9.0,0.5380784837391458,29155.872508308883,7292.265688588054,1,0,True,1.0
56e45280-7b1a-d5c4-4d12-f99f41f2ec72,30.0,0.4264043263682367,16968.309982911247,1024.2010197244704,3,1,False,1.0
0b45a12a-4849-a16b-12ee-7c8f2e821138,90.0,0.5455165084666863,27298.70758732815,0.0,0,3,True,1.0
72f70b71-6bc6-5ac8-7ca8-33289a15bf13,49.0,0.9162759317289988,23134.789148934768,684.5807375106685,0,3,True,1.0
d8fbd0e2-95c6-2c52-19bc-c3414299867d,34.0,0.6330557817205379,31329.31594195942,4803.330284358527,0,1,True,1.0
25fb6045-fc97-e231-6bd6-ad439117e3d4,21.0,0.876978534163807,31340.17321362496,3262.7754756317377,4,1,True,1.0
daaa1920-5bca-86d8-2e64-0a1c9748867f,90.0,0.9997309119757788,22386.718928269493,0.0,2,0,True,1.0
11a70369-1bf4-60cc-6779-afffcb184252,90.0,0.8716869670589916,17272.193214546365,203.9412841610764,3,0,False,1.0
ac29fe62-a2c3-d10c-f89d-893e97086246,90.0,0.9850829059100362,21624.896744105063,0.0,4,3,True,1.0
df554569-e74b-070c-6ee2-a96aba0f1f2d,46.0,0.7454409576976097,24677.722617096817,1556.8735285528603,2,3,True,1.0
1c8a97e6-ef25-daab-6c32-1b0d2ba6a13c,90.0,0.988341302024161,32208.21329415847,0.0,0,0,False,1.0
b716d9d8-b2ea-ec7e-6bbd-7b8a6f4bdd15,12.0,0.9297337432198184,22613.866938466817,1482.1005480172216,1,0,True,1.0
cef570cc-ff9c-e842-7b89-a2d1c04d57aa,90.0,0.6983975392300258,15691.035414562448,0.0,0,0,True,1.0
1c262139-f80e-e88d-136d-6c05ac774562,50.0,0.8025752433717003,18562.647515819943,774.0196771385214,2,1,False,1.0
e77f54aa-cd45-1157-203a-32b46545645b,16.0,0.9308814655029836,22516.52893108039,3875.380421644928,1,3,False,1.0
3a789ddc-fcd7-5441-161c-29a6b9b30100,90.0,0.2890137681083614,27495.562554421675,0.0,2,0,True,1.0
e86f0863-6b78-74f2-3d98-0e676ea32e21,50.0,0.9896501575005172,17547.37861890738,531.6367559259115,0,2,True,1.0
806432d4-1d03-0556-bec5-0a0df84c30cb,30.0,0.5487268664231773,28280.13680074699,4665.51952077527,2,0,True,1.0
f8fc50b6-c2ce-a013-6cfe-2f202dc49c27,36.0,0.7576594329435492,28286.05013523615,2638.5818952804066,0,2,False,1.0
287be360-5629-4f56-5b3e-079a3f32a5ee,18.0,0.9510832130588498,32926.547439524926,3680.211860346137,1,2,True,1.0
c4e0e1f1-be83-738b-6a4a-3c4384f24afb,59.0,0.6701275172770041,29591.32361733546,239.0971386439031,1,3,True,1.0
78b70d18-73f0-6bde-b4bd-a35c7d176bac,26.0,0.2890516114036304,26339.264128788986,6193.406917966048,1,3,False,1.0
48062493-5745-da7e-e443-361869735f81,40.0,0.3578163016821579,27599.25637783527,1017.9269068263606,1,1,True,1.0
13720cd7-858f-a83e-6820-6bdeee62eafd,12.0,0.4219884562984621,29994.898363806133,7265.1769593784065,1,2,False,1.0
6f6f67b5-4206-8096-776f-da4c6d1434a1,31.0,0.3796027547479181,34123.75767539584,4137.732057820931,2,0,True,1.0
11742a7b-a009-d7ee-1f4b-f6b6f99dad6c,49.0,0.7540043321158104,28134.30122841173,1562.5198537431954,1,0,True,1.0
052fb6ed-ff3c-5d1c-4c22-33a542e67ce1,90.0,0.2792617262268974,13291.45611101956,0.0,1,3,True,1.0
2019d240-0268-ee30-47f0-8121243a684b,11.0,0.9777262225715414,20857.682413139315,6137.057087400168,0,1,False,1.0
a02c5856-0861-c5d6-b279-ba5d19dc142b,32.0,0.9242881973593025,25114.11737647915,3353.8623653667005,1,3,True,1.0
ffe5d10a-1285-fdc6-ff4f-4b42def6d71c,90.0,0.8896887901621665,23216.09083157694,0.0,1,0,True,1.0
f42423bb-adba-2ea8-e300-c0c5807cd694,90.0,0.2816954372295709,14250.617664889774,0.0,3,3,True,1.0
0396ccd4-1880-c657-dc68-e5841472ed06,25.0,0.5470398243129988,29308.6238897576,2914.382006113792,2,3,True,1.0
3dd9e552-f1d0-62c7-3b74-feb0580f8b83,90.0,0.9769082432843098,21358.7131080978,0.0,1,0,True,1.0
c22cac7c-ae8e-cd94-887b-5d32c30386d6,90.0,0.8212379487934398,30816.1961613512,0.0,4,0,True,1.0
d2e8e174-4eeb-fb59-e0c5-47a7b24c23ba,13.0,0.6864708278326822,31895.781178129582,7724.178309104182,4,3,True,1.0
86e14b31-9141-3c2a-b97f-113eff94379b,90.0,0.622202589881495,28526.056827875404,0.0,2,3,False,1.0
54de9839-98ac-c419-8473-9e64ceced34e,55.0,0.723477645851456,22049.947933334035,400.6529823586496,3,3,True,1.0
0d2a5f6b-80ea-b259-2a2c-d4d30fb0e604,57.0,0.4336230154835679,19158.39719994605,299.60822906034326,0,2,False,1.0
b3d9b6b0-4430-3cfe-f70e-628006789085,26.0,0.9738834978126896,28452.036263504386,2283.6798022670478,3,2,False,1.0
f16bebe3-173a-69f5-aa7f-f88b8092a8f2,12.0,0.3317368402898736,25190.90994508333,3991.3372569555054,0,0,False,1.0
9e55ee8d-5579-691a-1439-eac77c3c4de6,3.0,0.9438436743688904,28556.641461441264,15868.168022712707,0,2,False,1.0
b0ac4fbd-3476-5e4b-19c9-bbfc076ead2f,90.0,0.8438388121699437,25349.39481464208,0.0,3,3,True,1.0
dff7bdff-1893-a91d-7992-2f8e38ca1033,36.0,0.949997803440892,21759.70528942545,2317.0057793011924,4,0,True,1.0
f5a21163-f623-d73e-c761-217ee581480f,13.0,0.6457166586104582,26988.569461578547,4220.263915720644,1,1,True,1.0
d684ca63-6f41-9214-59c4-5e8fbdf127b8,48.0,0.4831913186030523,27114.63865914831,1442.4076165016215,3,0,True,1.0
c7047ca7-a828-1d62-de37-e65191140f73,90.0,0.9896880740170504,18369.27239345596,0.0,2,0,False,1.0
07873c71-58bf-8aa6-e61d-7ac29abfa3d7,90.0,0.5320192590481105,31931.17565274994,0.0,0,0,False,1.0
6d086e54-182e-8f41-43ca-3c8ab1bf5b3b,20.0,0.7983813613839557,29681.75068937644,4617.600691990144,2,3,True,1.0
40d2b50a-63a0-b40e-c826-73b0d810d5af,10.0,0.9417301303196564,35457.17902994626,4836.489307107149,3,1,False,1.0
5b621420-6177-cba9-3e3a-eeb2f8a2aba5,5.0,0.991013247346041,33276.592067490805,5023.4920370655145,3,1,False,1.0
4c4d3e21-5713-8c7c-8356-5ff0f73dd0ab,28.0,0.958268311826472,20716.35331860684,3742.4882024835338,0,2,False,1.0
346be714-0fc2-6a27-be83-c59e99de2375,57.0,0.8622837563599786,23504.3648527868,403.2174915608541,2,0,False,1.0
7747da3a-c72a-9cc2-8ac2-8fd5a1fa1ed3,90.0,0.6190042012780322,25118.033055319367,0.0,0,0,True,1.0
3173541f-c4db-07ab-78c8-04fbf340e778,90.0,0.9803088063549878,26828.575199799143,0.0,1,3,False,1.0
ea1b4a54-cd71-0e0f-c81f-940b7006bdf4,20.0,0.8540927080538477,30663.957801143595,676.2105150882738,1,0,True,1.0
75c0c0e8-d938-9d2b-011e-cdfe75dd1f94,11.0,0.5632526946239971,27873.21713563197,4019.918047040851,1,1,True,1.0
99650ec0-9bc8-436e-cf82-641b80101641,18.0,0.3342977719457326,31938.66399622432,2881.9630796574984,1,1,True,1.0
3c3e305c-12fe-f5e8-b9d5-2ddcfd657148,32.0,0.8528733781838947,26343.909137406088,668.7272146041245,3,2,True,1.0
47f33f16-4cf7-c959-aa75-22afdebc15a1,90.0,0.5959538644276503,26036.91310590055,0.0,3,3,False,1.0
8c16be26-5280-b78d-42b9-494fb2c3c06b,34.0,0.4848535247215222,22817.431793604712,1319.45777190847,0,2,False,1.0
49ec9244-8159-08dd-eb38-42936705231b,58.0,0.5002349306591314,29668.57799691104,317.91983233723045,1,3,False,1.0
1427432b-36af-186a-5626-949dab23cb52,49.0,0.9187558755661076,17631.175672698253,443.0169180114434,1,2,True,1.0
e37a4e05-825b-f8da-afb2-17b797d2f20e,90.0,0.4268760186044699,39555.36092200897,0.0,3,1,True,1.0
a31db8a9-acd4-858b-ac39-9b591a44649a,23.0,0.9031603445062486,30023.438166799624,4303.563982894071,0,1,True,1.0
0533ac8f-882c-fd33-c13c-f50153fa8528,50.0,0.7706431788113585,26649.366587110344,1928.9926785616024,2,0,True,1.0
6bb8981d-c357-91d0-c243-40928336e369,90.0,0.9263985961022498,13186.512797582156,0.0,3,1,False,1.0
69e05b4d-d114-0dfb-610c-aafd158d08bb,90.0,0.9581900834528848,30331.64012326463,0.0,0,2,False,1.0
861870c0-5e9f-1a38-40d7-ff9aed58554f,90.0,0.7340153017820933,14292.829307922906,0.0,2,2,False,1.0
666b89a6-9d2d-0791-7259-4fd29221f46f,43.0,0.7581066142935005,22762.747954823917,346.61698854390244,2,3,False,1.0
b03c106e-1d3d-fec5-f8e8-751c2d2d4a76,41.0,0.753483567667026,15695.587880679948,967.2430150526076,2,2,False,1.0
c977638a-d48c-3014-00c3-fd89c6b6b7f4,43.0,0.4563068640208872,41977.47210888296,2087.8174046890363,0,3,True,1.0
fb529c87-1f5e-1360-f103-5b6150da62c2,38.0,0.9073887238578614,19148.01898756491,331.1044228256673,4,3,True,1.0
9eb5a750-172f-f5d7-d0b8-0b110904ae85,18.0,0.5075707912985904,26102.66117309601,5903.044101189155,1,0,False,1.0
49b3c085-b9dd-0a0d-e05d-7a3d153d98a2,90.0,0.8325654235949725,13609.481526846705,0.0,3,1,True,1.0
cb1d53b6-55a7-eb66-d211-7c2b8f317a60,9.0,0.9483773337026056,26608.037697183823,6409.566323739933,0,1,True,1.0
3733b559-8aee-a01e-f793-0c60a5c8a5df,17.0,0.9868355337658292,23089.924461495222,6061.256814191659,2,2,True,1.0
926a782b-8d4b-8491-8b12-b096f1ce5646,43.0,0.2869917056783465,19752.371501514852,2053.9240647764573,1,1,True,1.0
72f46892-5353-ffda-c3c2-a79639b38e64,90.0,0.3019231399737064,26646.42409719184,0.0,0,2,True,1.0
ac3f02d8-5cce-cecd-5202-5976d7a5f927,47.0,0.6975501295388242,25318.90462978036,3368.827615911256,1,1,True,1.0
4cf0c95a-5d56-4f58-c287-50c648c4c3bf,5.0,0.8923131752425753,31000.836986593866,6292.059185412379,0,0,True,1.0
f66316a9-6aeb-719f-3b56-36ccee40948a,35.0,0.774190620234568,27667.148389751645,2735.70096412507,1,0,True,1.0
99a3f5d2-7e49-f0d1-3114-417dfded87cf,42.0,0.8581765956109197,21877.13374070646,2185.395798750762,0,1,True,1.0
fceb1ec6-50f3-b8b1-eeaf-fb7ca8ac3042,32.0,0.7276693061220517,29747.801454518467,5620.707183524955,4,2,True,1.0
c254b896-af5a-acad-a3f1-956717d1c666,40.0,0.5716399334299559,25630.9207198071,4517.18187355716,0,2,True,1.0
08de8d68-3a50-6d5b-2824-2db2bec59fad,12.0,0.573179736634514,33354.17093262216,5211.734796778048,0,2,False,1.0
e5255489-6d9a-e940-880f-d87b6e3808fe,90.0,0.3260010050429524,12855.728876861547,0.0,3,0,False,1.0
c752d7d7-e901-7def-4c43-8c93c75f040f,12.0,0.3186405118562872,32536.892543877704,4141.736043968475,1,2,False,1.0
427e9c19-768f-291d-e359-d662f838b710,9.0,0.9999556018182156,15596.781371143194,5539.733888374294,2,0,True,1.0
32f41ada-1259-e89d-fad5-591c368215d3,6.0,0.9999071351323424,26306.800498185043,14934.676683036225,0,0,True,1.0
806e351c-d7b8-2f84-ed31-d08d879f7ef1,16.0,0.6030518800855369,27265.582098434767,3962.90479056674,1,3,True,1.0
50169f0d-f523-4795-b6b4-ef46a515428f,52.0,0.9905886261429476,27685.833952025623,1012.5520608754418,1,1,True,1.0
e098e0e2-6d54-4ecf-13b9-da93775a8c4e,6.0,0.5313376673315618,22818.112908000443,2879.134258282921,2,0,False,1.0
ae2611d9-f1b4-95e0-2842-13feb1670caa,56.0,0.9611528786818472,27330.085204129995,386.3374171444732,2,0,True,1.0
376fee0b-1713-c98b-9343-4c85e6d12058,45.0,0.5047094640106365,26956.565733506945,513.3417842110131,0,2,True,1.0
84a6a43e-acfe-34e9-07fe-4ecc424e6898,42.0,0.4479894175638954,21956.19765961726,1479.3478073117503,0,1,False,1.0
41341996-3ca3-0c23-18d4-73e4583f352d,47.0,0.6721778176605703,20490.148008968703,641.2031213177776,2,1,False,1.0
0a421572-819e-9070-7ccc-c7d7e6aaec79,17.0,0.7199017110560738,26897.576390318853,3530.161191310045,4,1,False,1.0
a19e8ce6-4c82-f632-738f-44cef201902d,51.0,0.4242369937393287,16016.67150745379,419.23456980661774,2,0,True,1.0
7edf5887-2b8f-322d-eace-d3fc8fbdf0c7,26.0,0.8681726498310394,19456.375507092103,1381.991588986284,2,0,False,1.0
685c2d2d-e98c-a974-bc78-454bbdbe1745,28.0,0.4211628437021587,26052.71262785656,3631.028953745007,1,3,False,1.0
86d1e00e-ef38-5f10-def8-d375d12a0fa4,15.0,0.986215430408276,25201.987469964588,4572.138658912311,0,2,True,1.0
b0da7390-e8f2-89d3-ef10-3d35c3b5043e,90.0,0.2881275533485796,22198.70101705318,167.8560135954286,1,2,True,1.0
c9b20b32-e6ae-c941-7ec4-5f5286c8884d,32.0,0.904207644619622,18364.34322659104,2611.9780762579294,0,0,True,1.0
fec36102-3664-ca1b-36bc-db98f7b36fce,40.0,0.3664365876656485,40193.30120134365,4439.954511286714,2,2,True,1.0
a7edbc22-33e1-44bc-5d07-67e8235356ee,90.0,0.8177887597647173,22068.45225611228,0.0,2,2,True,1.0
a01eb911-008a-1cff-abc3-695642fb6c86,59.0,0.8176983160014559,33116.35280356592,250.36196544711365,1,2,True,1.0
b67ba5ec-681d-ce62-5d1f-0ad7233ee815,32.0,0.9957115473731144,30068.630397780555,678.1356870960539,0,3,True,1.0
89f0f6bb-bca5-deaa-d88e-f28592959eed,13.0,0.968291355341651,30837.992471603862,8729.973432922363,0,1,False,1.0
e24e8c8a-0c74-f2a1-514d-79aa3f4c4f1b,49.0,0.9136909492086428,24789.154370117994,974.3382082778592,1,2,False,1.0
fdab9196-5021-76cf-1bc9-65e5f9247d48,46.0,0.4350096167159994,25976.347303252394,480.48920452671535,3,3,True,1.0
2806cac2-88b7-a3f4-63ff-ce5a7959bb58,10.0,0.93702133853292,36783.66675149153,8780.539033030047,1,1,True,1.0
c236e65d-4ffb-b2fc-eca0-10ec9910c757,33.0,0.4671498381057539,19221.383821603336,1889.638665952419,4,0,False,1.0
a08d8601-783c-ad9c-a36e-6ddd5c559fa1,17.0,0.9072919972024808,29508.077802072745,4376.033348517366,0,0,True,1.0
acc47e4c-26f2-c7de-9b4b-182719cb7f01,20.0,0.9915579659775116,27573.78440510125,2074.7365922985373,2,2,True,1.0
bf130428-1f4f-665b-eba7-ea521280db4e,14.0,0.5581595835254989,33223.00986576283,3365.605594649806,2,1,True,1.0
2374e417-1841-acf6-624f-80789477dd17,52.0,0.9962590515777412,35052.449374357966,705.6187046258193,1,0,True,1.0
03be262f-d19e-08c2-28ac-9b14d58c76a2,32.0,0.5930562148387613,31014.74837332783,6793.27437031565,1,2,True,1.0
8610ce82-fa75-e081-6d60-e2b6e709f0ba,19.0,0.5368676747709079,22248.616376210743,1280.4791615636689,0,2,True,1.0
409aa287-84a1-f8a1-e5be-aef4ef4b9521,58.0,0.3960955721175401,33951.48787366401,159.3892121597479,2,2,True,1.0
b7925238-b521-7a39-5a53-988465225c07,10.0,0.9860739223950178,20085.85418975673,4099.65708617873,0,0,True,1.0
ebb088e3-46cc-b85b-33b5-0b457e113d4b,32.0,0.753572729118099,28190.185753388465,2018.5795379305732,0,0,True,1.0
f39f1b91-5d54-690d-fc5b-471b553989a0,57.0,0.973454815878094,19580.208858142163,677.5670572435193,1,2,True,1.0
0c991610-8e19-3917-a678-4a49529cb86b,37.0,0.8937670472227682,27863.647618015115,1972.784211289676,0,3,True,1.0
d7efd765-7ab4-49d8-a872-3cfe2e2412ab,90.0,0.9928006213336078,14515.586123275869,0.0,3,1,True,1.0
ad50ade6-5e1d-b648-ea2d-41c3badde27e,59.0,0.3022410494397499,30978.401231462423,332.424648909813,2,2,False,1.0
df08bae8-4444-52f2-7ca8-c55dfcb569f2,4.0,0.3429223381660237,30034.870058337205,1674.6795118538032,0,1,False,1.0
9c8e728e-ca8e-b13f-86ed-1d37ac742bfa,22.0,0.695385713317461,26832.52824306196,4527.640495045122,3,3,True,1.0
88bdf6b8-140e-08fb-1763-08f57629e686,51.0,0.967002041735302,23068.164648530088,1013.374132149812,1,1,True,1.0
5f065c78-b38a-926f-4968-f60e5dba5329,13.0,0.9464844329938172,34213.06918296295,6912.072649972068,0,1,True,1.0
a4e003bb-526f-47d7-cc4e-c834c19b39db,42.0,0.6884220805885274,20140.518234988755,923.1028850369836,2,2,False,1.0
a9a9c555-acec-be85-a0da-563a27856ca4,13.0,0.482489269579257,31359.548620111116,8101.070499999913,1,1,False,1.0
e3f143e6-d96a-edcc-cd2b-376e1b9b233c,47.0,0.4514979406045657,27781.19192814181,736.8619642364769,1,1,True,1.0
fbbffcfb-cf76-f0b7-d06e-05d2571a3b1b,27.0,0.3316100275959028,32868.5193376611,4376.947610982887,1,1,False,1.0
0543cb47-ebed-6f2a-92e0-4de309078aaf,90.0,0.8975774607811441,26896.41621805608,0.0,4,2,False,1.0
de35ce33-34fc-2317-5bdc-15d4880ec116,90.0,0.953790653208094,22601.25773997309,0.0,0,1,True,1.0
e203af68-213a-9e61-faf3-dd7faeb39f56,35.0,0.9774291440245668,32365.134771005258,1605.59050944905,1,3,True,1.0
ce23dcd9-e368-3c80-75a2-7011a4cc8349,6.0,0.8603428023286531,28811.418472373603,3947.312030712444,1,2,True,1.0
948a160c-1ba6-a4a1-7023-42f4316b8ea2,4.0,0.7817754695357481,29775.881060181768,6331.203547383382,0,1,True,1.0
51e6ae90-1ee5-a7df-2782-f0a2162fde42,52.0,0.9077598807786142,35652.35399020965,740.6196026752556,1,0,True,1.0
86f65e8a-5068-31fb-7ac6-113d567d587f,18.0,0.8752069819489011,22534.11005553201,945.1987295219049,3,2,False,1.0
587aeeba-b90c-5a8b-2101-92133b12c3b7,6.0,0.3920262066392921,36218.476854657565,14814.02894132888,2,1,False,1.0
9a61593d-f731-674e-3072-c9826013fe56,29.0,0.7481791179514675,41225.99468038921,5467.828389587244,1,0,True,1.0
aa8c664b-f671-141d-70d0-ed003874b8d6,49.0,0.9780371675823518,18140.050771348564,1493.5974463740886,1,0,True,1.0
4e0e20fd-bba2-4ad9-de15-1bca61cdaa76,56.0,0.9973644540405264,24145.04152959924,354.347275342224,1,3,True,1.0
fe561d18-b3ce-0444-e758-b5d4a07b8b71,90.0,0.7935733426008286,29226.21315007392,0.0,1,1,True,1.0
1b05d3e6-e389-45da-9479-a54c321986a4,23.0,0.8355058041168686,38246.94901197334,3738.3647427987926,1,3,True,1.0
6dcad962-baea-6d16-4bc7-a2a097dd3ff1,90.0,0.2785719625586233,26552.1449401146,78.6624048002439,2,2,False,1.0
7ebaf09d-f947-114b-e1fd-0c7a93648518,37.0,0.3460647203012438,24298.424064203413,1449.690028525523,0,1,True,1.0
8baefd5d-b074-a2ea-4c1b-fe46390cd438,34.0,0.3852121194218658,30715.547919820205,2672.9118206617704,0,2,True,1.0
35923e0c-cebc-eaaf-96b9-cd966a5ec070,90.0,0.6066622779899751,31051.77548465671,0.0,3,2,False,1.0
8f406e8a-ea78-1811-ab0f-6691c844debd,9.0,0.4955339192013503,39477.00677766918,2493.684030620886,1,0,True,1.0
4a82dd62-4234-dd82-b0ef-470359d2b102,27.0,0.8807929855805217,18886.85120131064,2452.5206448237004,1,2,False,1.0
f900ed58-23ce-66c3-562e-3d663186b726,24.0,0.8773820066499595,30508.564536672875,1762.3143827284612,0,2,True,1.0
8c6e7f8b-d67d-ddc7-8ca7-c6ad388853ad,90.0,0.9971171651125288,27141.462352680814,0.0,2,3,True,1.0
ec1938f3-8a98-206d-8164-be88d156b421,90.0,0.528139555222763,27556.496088915384,0.0,2,3,False,1.0
dbf0b51c-d98e-4fbc-57e2-124e62554c24,37.0,0.502413808798692,28339.89735765104,0.0,1,2,False,1.0
af29dd1d-9864-d8c8-8f1d-f0a337c08a8f,90.0,0.99600856307615,31734.99612368628,149.59871929501818,2,0,True,1.0
5d138b14-e88b-9773-fc73-73bf2d16bcaa,22.0,0.6312724288413712,29541.3229942878,2262.635251822521,0,1,True,1.0
2080c76c-185f-0fab-8d45-6ef9c081964f,37.0,0.9924557243477324,18055.74486924849,653.4370619977796,0,1,False,1.0
d0fb90c4-0524-11ba-51c7-43e2c095bc2a,19.0,0.3959050620726183,23407.247218410183,2403.905598808692,1,3,True,1.0
078634ce-0db1-671f-2e8b-0473b6d81bcf,39.0,0.3693928487347841,25634.16445487805,1805.497880746952,4,0,False,1.0
666710bb-a046-b6e8-d53a-e2b120222299,37.0,0.9971107890412616,29431.6069438786,3174.9630512307385,0,3,True,1.0
0156b7b7-1bb2-0de9-96db-0e36f9f144f8,48.0,0.2830669052637302,33344.96661033541,1991.7224063720512,0,3,True,1.0
b702a891-dcd2-5c0e-b023-b3f239b1827a,4.0,0.8096132915047446,24933.923274381446,4759.045648375258,2,3,True,1.0
6d6d9dff-dc75-d609-81f6-a5670347dc16,25.0,0.9220532324813576,21512.919234430537,1828.16139487488,4,0,False,1.0
ad03d41d-4a4b-631f-0462-f065abb328b9,32.0,0.8458004491181176,35113.71258435602,3270.562737329526,2,1,False,1.0
c34a3ac9-49d9-6b53-7702-8b3cff701136,90.0,0.6448893185386577,15683.70184975736,0.0,4,2,True,1.0
600fc267-454c-4e97-ef5c-9289418e90dd,11.0,0.6532892436389733,26903.027258256272,4543.092093386874,1,3,True,1.0
a1670632-aaa4-222f-9a62-6f931018c092,15.0,0.9984900603961988,32698.31998371906,8734.272420404443,1,0,True,1.0
e8490f5f-82cf-867b-85e7-7aed8ad3dda0,58.0,0.5553468768841224,20559.890105074293,92.0640465858718,1,1,False,1.0
b7a8d7cb-1f87-3d1f-8a6c-34ce521031a2,26.0,0.3715060001341181,23029.13016836523,2265.426779252121,0,2,False,1.0
1c785fed-a3f1-632b-c1f8-2f4b18a2c207,57.0,0.5997455014178505,20059.76315064174,145.91723351663404,1,1,False,1.0
03260cd9-4c4d-bf64-ad7b-b57482480e9b,90.0,0.6812612402302856,19053.02690501589,0.0,3,0,True,1.0
3ff657af-de4c-6420-0e57-7fa9c1dc763a,3.0,0.6611923636483494,33843.06871472993,12677.151796201006,1,3,True,1.0
508abfb3-e539-2113-ae9f-f94c3fe1b7bc,38.0,0.9640051329605328,25930.86023653417,3184.988050140926,1,0,True,1.0
e52e7f1d-9339-6281-a9be-3309fd68d5c4,90.0,0.4669643925558236,22796.723786886163,0.0,3,1,True,1.0
3526d0dd-f99f-0d6e-805b-ca375645fcc2,90.0,0.9185220948771587,16616.122700588923,0.0,4,0,False,1.0
91b6ba1d-783c-f48f-4305-a0edf09ca759,90.0,0.7802647431056485,23064.69258984299,0.0,3,0,False,1.0
1658a7c9-c6dd-f5a4-a02c-39904eb773d2,20.0,0.3148743583568859,21308.311941032916,2286.037194840316,0,1,True,1.0
de335e16-057e-582e-0665-ed18eec6812f,8.0,0.7753995202261522,21587.26817152474,3596.291172366096,4,2,True,1.0
14f6ceb7-c6cd-aa5d-2ef3-7c2e45afd742,39.0,0.9943480954566396,29681.57792542949,3399.007407825188,1,3,True,1.0
f73a63d9-e68f-981f-4947-3af7cd5762f5,8.0,0.97961966514394,30476.944232744256,3718.3795428076864,1,2,True,1.0
aa3ca59b-f1e8-5b12-8f24-988d0c117c62,24.0,0.6036532786546022,28752.490618057687,4657.553587328082,4,3,True,1.0
5b172b22-b1aa-1cfa-fd9e-105e5b3e818e,41.0,0.680693379223422,21525.442920797188,2352.753256081293,3,2,True,1.0
6c6a0280-f75a-a253-ab6a-081f5dc2eaaa,52.0,0.7388424559935405,30093.82918647817,969.835788612984,1,2,True,1.0
d15bec5c-4685-3726-72dd-2faeda6c4c25,90.0,0.8788664587210473,21385.322414051643,0.0,0,3,False,1.0
2fc6bbe4-3df8-13bc-7b4d-a430d33c3409,43.0,0.8484291016959566,28117.010634646693,2064.922238745589,2,1,True,1.0
3fa73d76-b1df-6373-33a7-9a6ead55a017,44.0,0.9521308997595578,31609.23317033774,491.85340726245977,0,2,False,1.0
05d68b45-3c7e-d446-b011-a71cadd363a2,90.0,0.7159074288153165,26307.73687379072,0.0,4,1,False,1.0
c4935e17-4fcc-d734-ec83-6d603141dbff,36.0,0.6626108205234419,25285.31182783528,3775.337160392794,2,2,False,1.0
ae37e0d2-340c-b241-5483-eb29e9f55098,21.0,0.8877836568505819,25169.80851649673,3869.182937406632,1,1,True,1.0
2bcae078-79b3-8812-ef09-07cfa21c0a49,18.0,0.9843896053450272,28349.46087597037,3536.789901791227,0,3,True,1.0
e5b8de8d-2360-e536-47f5-348a46f15537,30.0,0.701145250353792,26092.139166876284,4285.159073837383,4,2,True,1.0
6414f68e-cbf8-ae61-baac-5e2fa518386b,90.0,0.9351565001396048,17660.84599286739,0.0,3,0,True,1.0
61ccbd9b-436f-90ed-0227-89cdfe89b547,48.0,0.8842226980136135,27510.82979215984,1060.831376472156,0,1,True,1.0
2e60fa80-2065-229f-a984-641558c8165d,50.0,0.5062188794853845,13172.095407878893,432.51728983586906,3,3,True,1.0
ea804482-79d6-7bcc-231e-0a9d09494a20,6.0,0.3786319822834048,33781.486061681964,9793.52267053123,0,3,False,1.0
411804dd-64c3-1f7b-b19b-618eef880482,51.0,0.6524844043193442,17830.21870329069,828.5883284350323,0,1,True,1.0
c445a598-a756-9cd3-1e9a-38189685900c,90.0,0.3050605586244179,33227.719531662224,0.0,1,2,False,1.0
0b72be8b-c924-e9d0-89d1-b26d0a9dee5e,35.0,0.9571142672201532,25371.537487891404,2187.1095106098364,3,2,False,1.0
2ea2dd62-ef7c-b83c-5cbd-6ba6953d5046,11.0,0.3365636576317601,28097.37427550904,5887.66247032634,1,3,True,1.0
e89e3259-5978-e27c-4f1a-fe1b253621d8,29.0,0.9198289509486618,21013.246042149345,1162.6853254994176,0,2,False,1.0
6a8b437b-1d31-1972-79fa-3806151eeca4,38.0,0.7517473138887942,32574.052732678665,2766.0148084892526,0,2,True,1.0
30139a49-2c93-ff34-b607-46814bbf5dfc,32.0,0.7460465045329335,26478.31698632894,2280.6480028119718,3,1,True,1.0
73479576-a679-3929-facf-4818b9d6f376,54.0,0.5498250456627652,19758.21815616912,449.0489103551589,0,1,True,1.0
cc1dba49-d6f3-b261-b42a-d49414b07e5c,38.0,0.9811054652128112,16431.239149983056,1784.265715479295,0,0,True,1.0
d438a2aa-f42b-d257-7b5c-9adf45acaeab,90.0,0.8426996980169746,34145.34256333745,0.0,4,2,False,1.0
1afbaa32-bc35-ea8d-e704-b63f345ad9f9,11.0,0.5978880836095158,27186.91794792556,5068.00676016988,2,0,False,1.0
9342dac6-d633-7181-615d-9a39b299c897,14.0,0.5217777844853264,22373.04738412545,3719.759593435269,2,0,False,1.0
384dedb4-aec4-2de2-f2b7-2ba6480a9394,45.0,0.6249828717979539,26348.526825758978,727.0125989329465,0,1,True,1.0
0edd6d78-2a78-fdc9-3e48-c811205428f0,43.0,0.6894478937907649,23057.304847480373,1585.4565105199451,0,1,False,1.0
7ab303c5-63c6-813e-0720-16c7fe74df33,90.0,0.997950886319232,11966.11203833311,0.0,0,1,True,1.0
574c20a8-86ab-af12-cbd7-074a7b3f8ba5,36.0,0.4675349117047156,30647.42217071505,2365.709762517873,3,1,True,1.0
835073c7-be7f-e6c6-e270-2a48c4cd1367,53.0,0.2902997576163519,26344.1225932038,673.0475556732287,0,1,True,1.0
7da6c805-11f6-8e52-31bf-6c80dd8a2103,9.0,0.9933419099866994,30346.688293001134,10855.15281084294,3,3,True,1.0
15f93d81-6139-4acc-64a7-ea0aa661e021,21.0,0.503537678338453,37060.429909037375,5964.486903647293,4,1,False,1.0
7e0bafcb-cf04-9c7e-cb31-2af6a73b0422,34.0,0.9383862690899728,36948.68500540008,4428.560158500349,0,0,True,1.0
4663f9c2-8f70-d988-7a23-7afd41c9454e,37.0,0.7777987348015696,31367.097352793546,4342.373142866715,2,1,True,1.0
54f64fa3-569d-c53f-9a4b-5859c727e496,90.0,0.9225372801363791,21730.87856116545,0.0,0,3,True,1.0
56b9385f-24ab-476e-f9eb-7e439d76ebbc,90.0,0.9759314498861482,13885.843127994116,0.0,0,3,True,1.0
b6a0188b-aad8-8099-f114-4a4545fc0e0f,90.0,0.9963824240638082,20672.062613564573,0.0,1,3,True,1.0
e01ec3cb-3d09-c55d-0f1c-1cd7820a66a6,36.0,0.3376510955062534,23997.25322342608,500.6678782701548,0,0,False,1.0
bf2bb20b-658b-bac7-fe31-0f64899a26c9,34.0,0.4500172240456543,17636.25708554186,310.7248822844853,0,3,False,1.0
43f121fc-0dd1-bef3-0269-777291af153e,90.0,0.8222336365045924,23432.820490229333,0.0,0,0,True,1.0
044f8745-284c-b066-403a-a531edaff42f,18.0,0.2765942474934857,33176.87916066967,4468.339892235906,2,1,False,1.0
a16fe823-740c-9c72-c5e7-53922f2a945e,19.0,0.8319411067831557,26372.710293740405,1978.5197610380087,2,0,False,1.0
eb60cfcc-7983-5dd6-5da6-bcb3e56ccb65,31.0,0.8690795060206086,24025.339449331488,3925.050314516442,0,3,False,1.0
564a2593-1611-5d4a-55b7-c7c6ba3104f4,90.0,0.9903455407944948,29727.68031446035,0.0,2,2,False,1.0
45ae7cd9-bdcb-01a7-d028-db75faa74b7f,46.0,0.7739555088751199,14838.279123911634,373.3711581025261,3,0,True,1.0
3140c283-ff10-948b-84f9-203078e81dc2,51.0,0.985649202916925,23795.50156441382,860.6239595744423,3,2,True,1.0
b8722dd3-a644-e262-677d-74b19ee6774a,90.0,0.3770997628572183,26837.417223110704,0.0,0,0,True,1.0
bdc6c6fe-c5c8-7d18-1489-bc2ca8227e5f,44.0,0.390809822776925,31488.34978547284,1231.2494534411865,4,1,True,1.0
b81920b8-a3ea-f6b3-3614-571280956406,5.0,0.9853816452154702,19916.39791549819,1759.0085600282416,1,1,False,1.0
2a79a14c-62fa-41a4-f97a-8609d3ac3980,45.0,0.9957603886751824,29285.31908999417,1798.2636502745077,1,1,True,1.0
06001862-a270-33e3-ee8b-84c473906e59,5.0,0.3225396792169157,34473.201879042754,8519.390502243496,3,0,False,1.0
bf79863b-8fc9-9689-fcc9-9c0203b74d0a,15.0,0.4090156321839477,19166.488673164968,3955.431904606184,0,1,False,1.0
ba9e4b30-e075-2467-36c3-d2f92d3f7357,90.0,0.3914125660052187,29271.092816180044,0.0,1,3,True,1.0
54e7a1d2-8bde-6388-a3f3-b9739b7df36f,13.0,0.9607080463130584,21263.053280107924,2534.5873827051,1,3,False,1.0
537c7b86-9a9f-115e-4dee-9669fb756541,12.0,0.9420188366242344,21699.857314790617,3727.482336835862,1,2,False,1.0
566df754-aacf-3eda-c10d-4db61faba48c,39.0,0.9225273137786798,22698.465738758918,1460.0366282526306,2,1,True,1.0
ede94635-3158-5b1b-f3d9-d3c8a723a6a4,90.0,0.8861290541460776,24921.85879304627,0.0,1,0,False,1.0
30145922-fe9c-fb49-64eb-8160c0cbb209,34.0,0.6246674375850848,23660.755966777564,1634.4039851873165,2,3,True,1.0
e443230f-8c4e-ca81-43b5-bfaf0f8d9756,7.0,0.861937843450769,18566.35500651868,3007.8379005828137,3,1,True,1.0
0d80fd40-3084-4430-e04b-bbf5ed27f719,50.0,0.4227753155199219,23610.66437373781,110.91049758853592,0,0,True,1.0
1fbcb4a6-dc4f-bee7-3614-21b7298021ba,33.0,0.652951321229225,23107.186708953,4314.464891658565,2,2,True,1.0
90693f40-2792-e8f9-7f3d-0f65a63fffd9,90.0,0.3457063319384348,26997.30793013097,0.0,0,3,True,1.0
9b94e8b7-ad03-3857-e260-c44f8a80ab4f,57.0,0.9928231966805698,35926.49892967401,302.90663291625384,0,0,True,1.0
5b7fcbf8-34ca-5b08-37fe-9f711dda3b5c,90.0,0.6274414673962324,28649.03627171442,0.0,2,3,True,1.0
a9c5c2e8-08bf-ee84-e7bc-3ef9d25beb3a,3.0,0.3431639251318438,20104.874057576875,2676.6508502064958,1,1,True,1.0
11862a1b-2abe-f339-3c1c-202678a7c5a1,15.0,0.959039475296312,22650.61607209586,4199.096033043501,2,0,True,1.0
b5fd3488-6e62-7f20-1293-45968a800b34,47.0,0.9838659176401876,25152.108508789304,1303.271372898678,3,1,True,1.0
09573851-aad7-3022-c3ac-98815a4ad24a,15.0,0.4804595208643926,32099.62590889877,6767.839444373644,0,3,True,1.0
3bf4f813-5f8c-4e94-ee65-2817dd2dbb54,18.0,0.3630357937044505,18607.356081957027,654.0385537924487,1,3,True,1.0
77c689a9-f8e0-fb6d-727e-e6024ad3d3b8,13.0,0.7850607633973158,35970.931490713905,9074.36492189362,1,2,True,1.0
91d4a738-b833-08bd-bdd7-efdfc9daef7b,55.0,0.8012922779562103,37507.52089474973,1216.9563418048344,4,2,True,1.0
d1d05b42-ea94-6527-b3e1-0ec938f5379a,23.0,0.5127021946835446,16843.201645239096,1458.1301749834115,0,2,True,1.0
c9556844-8bc9-c8bb-d8ac-883d6fcddf6c,6.0,0.2872529857567454,32374.731113798127,5395.578745013296,2,3,True,1.0
fe4b2715-373a-6551-4a10-09e5b6eb22e5,52.0,0.9995695029329766,20442.800580333304,743.6391111999139,4,0,False,1.0
5594dfdf-ec7b-9aa6-b739-efe6c587309c,13.0,0.8863210270392905,20944.716533793107,350.2497855666397,2,0,True,1.0
49f573cd-4688-c463-b344-afca5c491ecc,40.0,0.344592647323084,19037.423720410414,1030.3374344252406,0,3,True,1.0
567e6709-cea5-4a27-4e7e-2279e79abd1f,4.0,0.7951748924552401,29898.4929090927,4706.803850808945,4,2,True,1.0
2ff05764-0963-08bc-25f4-8d58e61f06a0,40.0,0.8363573198100843,25902.671752070597,1346.0085693513818,3,3,False,1.0
c1a0e285-d4cc-55ca-7c11-c12a5740395d,90.0,0.3856300712614842,19038.17070242172,0.0,3,2,True,1.0
9848e6ba-db6c-0bcc-b294-d46044e1d5c4,39.0,0.3214666667576306,25956.49017764886,2937.138639286185,0,3,True,1.0
ba4dcc1f-13b4-0db8-e469-42ef4b15e3ae,90.0,0.990228382468714,22509.96912004752,0.0,0,2,True,1.0
7fc9d7bb-042f-df05-edac-7bd387fd1b53,35.0,0.9595605705652676,25899.54831973056,1403.5690649865105,1,2,True,1.0
e626e1fb-5574-e1db-bbb4-98ff5b758f71,3.0,0.7163563868631633,27888.61586457601,5519.492017888751,1,3,True,1.0
bbdb35ef-4916-3373-1832-48a61fab9339,58.0,0.973476908879674,22821.73068054685,196.35149952800364,2,0,True,1.0
8eba7f0f-6a52-8fa2-1c30-174025407c30,27.0,0.9419698876943142,26481.60407645217,1786.780522526844,0,2,False,1.0
2d10e3e4-e037-48bc-036a-8d9fe8e7b1e9,90.0,0.9710943231437046,15439.189517730763,0.0,2,0,True,1.0
b79d7ab3-f224-d265-f779-d72102e537c0,17.0,0.9574328369440293,31019.66927528706,7643.164256471501,2,0,False,1.0
35304833-56ed-8e42-70ac-c41d958e63be,90.0,0.5661821866624737,28136.26483651532,0.0,0,3,True,1.0
24beb41e-c72c-1633-0cef-c256f3638dc7,90.0,0.3854344102083182,26017.754305796625,0.0,1,3,False,1.0
7fe50899-a965-4883-1d27-b6de789b3e99,53.0,0.4598231903578436,18675.72231676712,584.6078779028632,1,3,True,1.0
3b153de6-7959-00e2-668a-9c9c77aaf7aa,48.0,0.3204400616642474,23003.811378484417,1700.1946960684998,0,3,True,1.0
3083a4d9-d38b-2698-5fdf-7d7384fdc8af,20.0,0.9669326907421762,27135.698114629657,3515.0128057350544,4,1,True,1.0
29d91769-6aa9-7007-056c-eee600b035cf,29.0,0.2762294594531065,28783.41014999916,2971.1117181848167,2,0,False,1.0
1ee13cb2-ec3c-9220-ecdb-1f6a5e95bcca,90.0,0.2938596622080652,36807.06572794667,0.0,1,1,True,1.0
352783b6-c6d8-3515-b3ba-51b4159a8ea0,21.0,0.7947802950015738,23989.09825256172,3318.691752980687,0,0,True,1.0
42e4f052-63cd-ac7b-d613-da3a0e97cdd5,30.0,0.9683472564700422,27686.874146151826,4377.132390255737,2,0,True,1.0
2a3aa069-71be-4620-88b7-3843ae43cac6,38.0,0.6771171737789501,25838.088993088288,3208.7959064224574,1,2,True,1.0
5e88c3c7-12e2-f601-f509-2da50cc532b7,15.0,0.9910488482451588,22722.20691718272,4813.492923171736,1,2,False,1.0
e2e3645f-584f-9c59-4d45-8a9ae5b5d635,54.0,0.3068365657087097,29837.88309660938,481.5483221419736,2,0,False,1.0
9f933c6c-aae1-7dc1-8c3c-7390174ffa8c,52.0,0.994864850063316,32569.79106454372,497.18499181704834,1,0,False,1.0
54911087-373a-76af-7e02-2c34889822ae,90.0,0.994245608676448,22348.04702293853,0.0,0,1,True,1.0
8521553f-2c77-6285-7171-8d49c8d4e876,17.0,0.9348490193079168,23590.99797068176,1508.2660382532144,3,1,True,1.0
6d6207cf-62d1-3cb4-5d1a-ed07ad00c70e,19.0,0.4839110017730082,20107.61628412596,1923.6978593350284,0,1,True,1.0
89525e6c-b193-a4aa-d0f6-0da1379282e1,51.0,0.9941307430176932,23153.81227692029,878.6456435942126,1,2,False,1.0
ccff0d90-1f80-ed0c-f849-d5c10b462ebc,90.0,0.6755044276068612,28150.17119901087,0.0,0,2,True,1.0
62b3efe3-af32-8d29-9379-c1d8fca70e86,90.0,0.9964936015652276,13959.471072584363,0.0,3,1,True,1.0
92718dae-04ec-0634-7b07-492be23a5a43,35.0,0.9680944602554424,17969.751727058265,2094.0709451187554,3,2,True,1.0
7186ea04-1f55-8cf8-535b-f9e3a1e217b8,16.0,0.9909973325264037,31625.034545523853,9660.72846112486,4,0,False,1.0
361fdb61-ee0c-e3ea-d28f-a0f64f9df2dc,90.0,0.9185337185785966,17600.37927805086,0.0,1,2,True,1.0
6ea5f9de-2c35-9959-6446-7b872220a521,90.0,0.5533439609700875,29989.354234016675,0.0,3,1,True,1.0
7fabff61-7974-ace0-5ec7-83a80631c030,26.0,0.5059510614572451,14686.396372880788,1188.270323877396,0,3,True,1.0
cd994612-ee86-5843-c3f0-31e095423d6a,37.0,0.8386354861440944,28528.36370878559,1803.2875647759645,1,1,True,1.0
7705325b-8103-8122-bf30-08d792ec0d94,19.0,0.6636309868589376,18540.45622808377,2624.549087105883,2,2,False,1.0
322d339e-4096-ac89-7c8d-10e6010334ed,90.0,0.783539184139656,26616.359116359617,80.93840145021309,0,2,False,1.0
8e259d28-b5c6-ba03-07ad-dfea4350b9f3,55.0,0.6080153636598719,29066.12120267982,1156.688807737051,4,2,True,1.0
cc451e0b-7af5-90b3-10e1-891836d8230b,21.0,0.8045594847717734,24271.95809852212,2831.7905238129647,1,0,True,1.0
dc0e8048-1b1c-948c-af86-097ab3f4dfff,90.0,0.8796278004990169,24463.90737897376,0.0,1,0,True,1.0
e50a71fa-02a9-335b-4993-cf3fb5ad21c1,90.0,0.4440915023497844,14021.319277498002,0.0,3,1,True,1.0
af9250a6-86d9-7819-87a7-bdd5cf443d7b,51.0,0.810530392831543,21587.56587182908,921.8625877409848,2,0,True,1.0
cb5cdab7-c1d9-97f0-6d10-304bd36e7f69,30.0,0.4447392536668935,32600.389239626697,5680.305578811167,3,2,True,1.0
8973791b-a728-70d6-67bc-ad71c1070d49,43.0,0.3288665470914577,19652.840515805125,649.5680258974965,1,2,False,1.0
efe73029-a1b5-812e-17c2-f7440e407a32,90.0,0.738230033768284,28516.05831545702,0.0,2,2,True,1.0
f8a2c1f7-af32-83b5-1d5a-f2ac420d1388,6.0,0.4104178408076233,37314.36278272861,13559.605481738936,0,0,False,1.0
0daf5212-06ba-5e08-30c5-b81620b7df3c,35.0,0.9090134908230656,32902.89528761066,4809.652536702714,4,1,False,1.0
a2eedf63-3bb1-3a9b-53fd-d4b7d119e582,16.0,0.3550008294309669,23308.961139885272,4531.802364187009,3,0,False,1.0
e9debf70-f8ec-696d-86b5-1485d3723b35,33.0,0.9984126659600596,15500.32146944264,2113.085162555395,0,3,False,1.0
12eabcc5-d2ef-77ef-857b-21e9bccf98ea,39.0,0.9976266572640042,27756.5597688832,0.0,2,1,False,1.0
c3542b6c-4e8c-70eb-3b73-a9649e1a5055,24.0,0.8628978683772816,31883.43689528893,3545.211710817502,1,3,False,1.0
45275304-c672-fc9c-4873-0d99712c001a,90.0,0.9755652829065916,20517.65677983437,0.0,0,2,False,1.0
f2479c31-ec2f-1411-9d19-a7811cea43f1,17.0,0.4902743552371775,29952.04389579103,4237.222167730322,0,1,True,1.0
da5d928a-ee4a-9222-c051-6d676981030f,3.0,0.9773725543766856,32841.572882103326,4469.137054446346,4,3,True,1.0
38feda1a-66bb-b320-38ac-5f65ac39ad2a,30.0,0.7322870097673437,32520.347761596167,6776.957204712289,1,2,True,1.0
cf5377f4-6165-68fb-ad43-04526f2ec310,27.0,0.481268099940856,36241.187462997405,1079.2158312875536,0,2,True,1.0
4122859d-6240-9707-fa53-8e45090d4b4b,90.0,0.4609794276688025,24845.602551506912,0.0,1,0,True,1.0
50a1a955-dc0a-379d-bc47-8d1dc9264210,19.0,0.9887046508580272,25109.41122826357,2832.369525554869,0,0,True,1.0
b0ae9327-7915-c704-df40-fb2600ff2ea7,9.0,0.9068078008232467,27780.262542377077,1628.840760596,1,1,True,1.0
72437516-55d9-eb4a-6b0e-5648658b465c,6.0,0.6199114992837699,36946.78914419956,5786.024171651013,0,1,False,1.0
1fb2d14f-6b5d-58dc-7634-18d049c0af9e,41.0,0.9314822109723976,19193.363418573277,1849.879699642364,2,1,True,1.0
8f45305f-41d3-8184-ca96-127568cd4a2d,90.0,0.9876978423242938,24913.01846590812,0.0,3,0,False,1.0
a9d220fd-8d3f-7df7-740a-9b84acca58a0,23.0,0.9320054937586736,21851.38894688671,4670.059201157351,0,2,True,1.0
f33ae59c-ccb1-9b6f-4a10-4c2971ef074e,39.0,0.6799564046021914,23390.044727337456,3559.500123401985,0,1,False,1.0
ccf2eb73-24e7-d276-b5a9-4e430b5d08ee,17.0,0.9206264209402856,19372.325252201423,4613.406576832077,3,2,True,1.0
6a10d48b-3f19-5211-2888-9f58086df7c9,8.0,0.9318999380191904,34173.05149014985,7831.970236485121,0,1,True,1.0
e114edf3-12b2-25bc-55a0-b9a66a08bb2b,90.0,0.8767263711721838,25578.519813084324,0.0,0,2,False,1.0
442d0621-2139-1248-7ea4-0e5d4de25c6c,90.0,0.9654758838345108,15837.567636557593,0.0,0,1,True,1.0
3bc674b2-931f-d87f-3cb2-82562bca7ed8,13.0,0.7931381869037567,30059.202012271093,2378.7747261387703,0,3,False,1.0
426b2e2b-06d3-8ee9-808c-2357cc0abda3,33.0,0.936135927177948,27408.920521952616,3141.554968447392,0,2,True,1.0
ddc775a3-54f4-02fd-2f4e-a5e497db2a8c,51.0,0.7210673842118602,25992.67767054676,1087.5950501683,0,2,False,1.0
591b94dc-db0c-d51d-3a21-66660bdae10d,44.0,0.9968253800476644,13208.13352885393,1286.7373498504426,0,0,False,1.0
c03c6961-755b-4c90-dcb0-c6a4280f5c96,90.0,0.6316468055612726,25917.46411485461,0.0,1,2,True,1.0
ad586837-f7d2-0861-6c0e-c1d713837e85,19.0,0.9177594776090394,30875.93057848203,2657.78074427738,2,1,False,1.0
992442bd-1bce-512d-da5b-612863375c73,90.0,0.9978416871653136,25275.463125902625,0.0,3,3,True,1.0
7ffcc50f-383f-93df-94a0-6bfbd8ce655a,90.0,0.9531196031071828,27068.060928984592,0.0,2,3,False,1.0
142337bf-cf3d-b8a3-402f-c506ce2d8a3b,8.0,0.3264260616803455,35219.95895666439,5183.952163837755,0,2,True,1.0
2cd5e80d-9711-76d8-35fb-6d39740f505d,18.0,0.6488024652095785,18674.781016784906,2165.1132028309567,0,0,True,1.0
156346b7-73f6-ff48-e20b-0279ec26d478,38.0,0.8418521321951082,37511.78201054996,3585.1672686134093,0,2,False,1.0
510c1b92-9a73-de68-7b57-fe2ccf09c642,24.0,0.9902116392789364,26844.725502045967,3530.663940877544,0,2,True,1.0
2d991706-a80f-5896-3646-8e1a832be72d,31.0,0.8757085968062985,24897.67216690941,3537.2526035936658,1,2,False,1.0
54123fb6-b5ee-191c-753e-712b6e759888,19.0,0.8915280928729755,32514.934951881136,3767.3459346609184,0,3,True,1.0
5561e84f-4201-d6ef-7c33-5d14d84fde55,35.0,0.9937323063352056,15616.84705703051,2635.2008492334817,4,3,True,1.0
8c4b7062-cf2b-7437-6672-9eae849f58b7,46.0,0.8029621624972915,27090.479926033782,1680.873722381222,1,1,True,1.0
c35baaf5-d58c-482d-dd8d-7839a2fefa2d,13.0,0.3889631814635241,19217.73588882881,1033.8241073044048,1,2,True,1.0
4e61bd36-1c3a-7d38-76ae-7b96e935e035,54.0,0.9712539757194328,17243.04571840624,460.60051665458246,1,2,True,1.0
c0926cc5-5d6e-3f26-cc42-dd0ed1030503,4.0,0.971583580685612,27334.89399231104,9517.122107906847,0,1,True,1.0
27700c7c-418a-2109-0009-80d52384b75b,90.0,0.9998264770221034,19875.939074953887,0.0,2,3,True,1.0
37df2a4e-03fc-f942-f8d7-850926f3991d,41.0,0.8819864365535114,23338.02217543949,1600.4831917570298,1,3,False,1.0
d73401f9-891b-683d-a36f-ad2d0ff3130a,90.0,0.9937681231789828,23100.83775511816,0.0,4,2,True,1.0
89560e91-cc32-4585-7d57-30312986f809,23.0,0.977529962340083,17193.2305757149,3213.5135749595597,1,1,False,1.0
b58f13e9-405d-90c3-8e7a-10cea101c700,30.0,0.9726060795291848,21392.909995047336,3930.5774926939102,0,3,True,1.0
d0016eae-e46a-1875-566b-a3d21a0e65f9,90.0,0.992777953634408,31083.25349421345,0.0,0,2,True,1.0
18f1623e-b034-1404-f74d-d6aceddeb556,16.0,0.788073228065763,32183.20988563552,5265.414653085261,0,1,False,1.0
3e8c686f-35e3-baa5-2c7e-3b4182ae99b7,46.0,0.9259431823325184,27641.090558051183,1516.5255535124345,0,3,True,1.0
1cf3ba83-2ba9-941f-87c0-4f055fe73383,90.0,0.3592333072965104,27195.14998299763,0.0,0,3,False,1.0
9cf9bb81-e53b-534e-1c2d-41cda467029d,60.0,0.4264765447179089,25000.23641478774,0.0,0,2,False,1.0
c6250856-0484-f8e1-1568-bbf80f6b7f4f,33.0,0.9675666489925744,29648.576721976817,3386.3398612062138,1,0,False,1.0
ffd51413-832a-6464-71e9-c8e4bdb5354b,90.0,0.523265193214215,36245.47374838217,0.0,1,2,False,1.0
dbca1924-7496-939a-fc2a-4b6061a44bae,59.0,0.9167981083889546,18095.202393947948,46.87250297256872,1,2,True,1.0
7db55cb7-f3b7-7444-a8e0-bb892f5b7891,29.0,0.4338716889181114,30252.89902850481,3469.553444376439,0,2,True,1.0
80064f72-d092-cf0e-d117-3e05057d5354,45.0,0.2811096169246784,26382.10697005865,313.29743815650096,1,1,False,1.0
daad6d19-5574-f23c-a564-4d64d176e178,50.0,0.899043744605647,23174.725957119925,827.2965514791945,0,3,True,1.0
e71bbd19-4291-6899-c102-78623f5dcc29,7.0,0.916767991999856,32851.45483413662,3314.4993370788447,0,1,True,1.0
5f8732bd-e48e-2df1-2466-a3f057044802,90.0,0.5634654041575072,22431.70203627511,51.64625129949105,1,3,True,1.0
f46e61a6-e8b8-b370-7902-48206f5f4574,47.0,0.8716158935690937,29878.1451422784,2073.532717946891,3,2,False,1.0
90381c56-e3d2-185d-125f-e0508e1472bf,55.0,0.7952868160004,25624.658746136447,1142.3672746165305,1,1,True,1.0
e4ea3f88-5da2-e481-357d-f2fed4d56f3a,90.0,0.5901195335891052,26518.733211312065,0.0,4,1,False,1.0
05147587-f1a7-39b0-ea93-c7f8f84ff3b3,59.0,0.7010186350355353,18429.45790521593,35.55656896976567,0,3,True,1.0
391e4310-f8df-b3ab-c8e8-56a6cc9b7810,53.0,0.9247747711793975,24898.73133792981,1030.6743140403964,1,0,True,1.0
465cea74-e4b6-f00a-0427-c68f28d2b8f8,57.0,0.9556889379700326,26431.282529803502,32.224715130402735,1,0,False,1.0
073a18c8-385a-d0f5-d117-6ac22074d1ce,90.0,0.3409600141511574,25893.44055457747,0.0,2,3,True,1.0
4911fdaa-6b42-c728-eaa4-5563957c68d6,31.0,0.8923671841836481,21463.37197246923,2744.1636076449586,1,1,True,1.0
2566d1e4-3a3e-6ce2-ee98-ac4783483d88,90.0,0.9189905243291449,24481.68918285075,0.0,1,3,True,1.0
2f3dd975-4ec1-65d7-a90d-0d6acb7c327c,58.0,0.9744962942381392,22166.62381399439,609.9916833068243,0,2,True,1.0
0c40dc25-fe7f-3f8f-bead-e32fac0bddd7,53.0,0.4598204827169369,30860.63682589358,1387.673500006831,0,2,False,1.0
cddf51d5-dfe6-3638-a1a1-fc72ae457ef5,21.0,0.9965019804025886,29393.117767364827,7683.436325592695,2,0,False,1.0
43e138f6-207a-18e9-2366-d291075c507c,39.0,0.4663842255073472,25232.568215665437,1867.211602129428,0,0,True,1.0
de262e66-1358-a68b-7d2d-f7ef5ec2b366,90.0,0.5471006721634467,29097.157971802462,0.0,4,1,True,1.0
44701137-cab7-9679-b504-5a5fcf08a2d0,59.0,0.9970310209164672,18090.64288101696,61.74825561260598,2,0,True,1.0
96622e4c-a3b2-60df-14f6-1e72fe4ca127,90.0,0.8931921772432561,35535.69192867012,0.0,1,2,True,1.0
446e3e18-82f8-0532-8bf2-80db3b1c59bd,59.0,0.5516705537220302,24414.82032171912,105.26069974818198,4,1,True,1.0
11cdb157-de10-5a34-18fa-174cae795e2d,55.0,0.9258529800358788,32080.7831834378,709.0349121212182,2,3,False,1.0
379d23d2-98a5-2866-7ec2-426770d521df,90.0,0.9841651015745094,23292.92032605148,0.0,1,2,True,1.0
ab75436d-b963-ff2e-b5f7-ba75f50b8c4b,56.0,0.997712625890674,33899.76640854963,949.1772608575526,1,0,True,1.0
2f7ef968-6d62-0654-5d8b-7b5ba4fb205c,16.0,0.9481536214623256,25904.27749590376,4354.613086920369,2,2,True,1.0
53f42606-a2c8-e672-916a-f42c57dff297,90.0,0.999728948527895,25842.103567496182,0.0,3,1,False,1.0
4eaee90a-bf9a-69bc-aaff-4558e379d9c9,8.0,0.9845171284973642,24831.593823295734,3309.549390848976,0,1,True,1.0
bda58ce7-e31d-b8ff-19a0-c2699092e556,20.0,0.9057192605608744,20549.62520743967,2282.603218364168,1,0,False,1.0
5ece1eed-7ea1-6c1c-7b78-1c0d76b4f883,22.0,0.9408253437186582,15528.866666255042,1155.9961461861762,3,1,True,1.0
0c6a79a9-5b14-7998-6e68-6070a9c75434,55.0,0.3029079153137088,19542.35836230396,74.42704011996835,1,1,False,1.0
67bd74be-aefb-ce4b-d8fb-75340d45ba0a,5.0,0.346261327213723,38698.40632314693,11253.405504700777,3,3,False,1.0
d9d0f7b8-c142-a733-8b58-4ac0c15cd539,90.0,0.9995329944445184,24186.692018476824,0.0,3,3,True,1.0
78c456d6-e6e8-203e-3250-23395be47a84,31.0,0.8327385027030189,11536.789881011257,2050.984100758399,3,2,True,1.0
2157c1d3-b7b1-edbb-717a-bd4dc1ce7fb2,25.0,0.5779906215406682,17645.437004225056,2669.363673232852,3,3,False,1.0
24cedd31-7cfc-4976-f3e5-38a4dfe6d4e7,38.0,0.2829621532861247,22748.4366004861,2391.884091800581,4,2,True,1.0
55177afd-6d1e-2956-3e7a-9aaa9b0e8a93,22.0,0.9249969048558864,19651.519475948,1046.4151305766336,4,2,True,1.0
700b9ae8-d58a-cf80-72c6-a1e732036221,90.0,0.9728596535289802,29384.004115987867,0.0,0,3,True,1.0
caa53110-ce3e-d853-ef6b-967824e3ccbc,16.0,0.9837074911178016,19488.33096439732,5463.964904367987,2,1,True,1.0
8cfd407b-a8a4-3867-92ce-985842ecfe61,35.0,0.5576446748087551,26541.599558438156,3015.4502730698314,0,1,True,1.0
0c40711f-dc49-8693-63ab-ef4bca749bff,39.0,0.6566225210837364,29897.586209401263,1177.7505735766035,3,0,False,1.0
a63f61b3-e5b8-ee50-1e33-952b24b2a3e3,21.0,0.8999106312351998,31736.135756910106,5894.028327001292,1,0,True,1.0
ac079447-de44-91c9-d36f-b3af6bc0a879,15.0,0.5826017870557358,21983.601125280096,1971.7820625978052,1,1,False,1.0
eb17db3a-403a-53ba-c8de-138e0eb70815,7.0,0.5002298432692253,18285.533800546626,4501.954439584832,3,3,True,1.0
cf43edf3-9991-8991-82db-0dd2c218d380,43.0,0.9818011049000996,19158.804927701323,664.8809991653828,1,1,True,1.0
0e376c5c-066a-4ee6-c933-f1ebb96eaded,90.0,0.6122200023852555,29896.016881602136,0.0,2,3,True,1.0
9266f5bb-4162-ab77-4a87-cc06e01c8cad,16.0,0.6800720640461695,23464.164360668427,5914.531472123083,2,0,True,1.0
481f0717-8638-1a2b-2d51-96e068871363,47.0,0.8965565413204811,28888.991785783688,825.4300880832835,0,0,True,1.0
2dc91892-bcab-c633-14a6-1dd76ddb9f37,9.0,0.985048895093482,28598.377149326105,5506.0093012896905,0,0,True,1.0
598ee181-af28-e969-4746-a8c6b0f35cbc,15.0,0.3772058967371627,21749.102608160894,4558.805786586435,0,2,True,1.0
4f629010-21b4-ee36-f533-85492f484c30,90.0,0.4869013831993573,22585.34425472641,0.0,1,3,False,1.0
dad34b7c-0463-7538-32ba-e0ce95a0ceb8,90.0,0.934817291987081,24071.696765742825,0.0,2,2,True,1.0
bf593058-e986-722c-41b4-b5d55e3e1498,58.0,0.3610825323763172,24812.121416503465,191.9422949667833,1,2,True,1.0
2208e160-15b6-ffdf-5c67-ef159d468cee,90.0,0.732920124132614,31315.920558517828,0.0,0,2,True,1.0
d2232d74-25e9-8fd1-0545-66f60072d798,33.0,0.951685688172653,22645.953910777556,4357.899712740147,0,3,False,1.0
3fc15db6-08eb-c9ae-de77-044423ecf252,9.0,0.6447236149157405,30094.999143177305,7421.711269494624,0,0,True,1.0
fad69cfd-6f38-049f-1824-440071622252,3.0,0.2788331145723529,24758.946974320857,3348.6857687403285,1,0,True,1.0
fb5caa28-41be-26b5-78ac-14eb79d89056,49.0,0.4571398565243864,16351.95408186851,2061.3826407110414,0,2,True,1.0
bc0d7ebb-0cc2-6e4a-9f26-821afe5732a6,60.0,0.5073708079076108,35101.853000273564,99.81167834696316,0,0,True,1.0
b7968ddf-6c7a-8056-8081-82c3f1648953,47.0,0.989344428583455,20186.589710525128,1153.1177040178072,0,2,True,1.0
9be4624c-3e31-099a-96b5-6c6c028ee8e8,12.0,0.3482708907668455,17810.89858574503,4789.321588385907,0,1,True,1.0
92e902bc-0c1e-480a-401a-00e68d122bd9,20.0,0.979269732555204,23685.730515879903,4987.32010988181,0,3,True,1.0
a369976f-b4ab-f7ad-382b-554ec0547aad,44.0,0.7035590219614279,14607.903666296725,620.9013817855555,1,1,True,1.0
6a94f5d8-1c33-6ce1-6114-d6f3793c130f,52.0,0.9907848220019037,28876.717388673696,972.2141007797012,0,0,False,1.0
26d2a382-8e3d-7782-4750-efcf7f2fc648,52.0,0.9995626403950753,23358.86801117316,877.0578104849105,1,0,True,1.0
c5e6297d-0919-ae1b-17d9-27b83e61ce29,43.0,0.6511104913632559,23592.627854761973,521.5021554240396,3,1,True,1.0
449f7231-4af5-bf09-c437-b384f6fa0b17,90.0,0.3587278754582216,35824.73284875396,79.7787135149014,4,1,True,1.0
3bcb0486-b5fe-cf28-3148-7eb32439bfff,45.0,0.998244488665839,22123.83814089652,1682.255124935012,0,1,True,1.0
76660362-83cc-febb-84b0-ac33d82f43c8,39.0,0.8566761427297981,20185.19936735137,1892.7440625754305,1,2,False,1.0
5d470763-5063-19fe-af2a-c40ecb0b1ea1,90.0,0.7582523000670215,30059.201703242707,0.0,2,1,False,1.0
8048e699-312c-0b3a-44a3-00d1f45fa74a,46.0,0.4963758028646081,19632.09387732649,2261.6810618710533,1,3,True,1.0
12774eec-d196-70fa-d9f1-92b51bc35931,34.0,0.6364706097822671,30106.166859339337,2906.9970730671894,1,0,False,1.0
a327b6b9-6d53-f4c7-45ec-9cca260daf08,11.0,0.3025252643346046,27577.704613292248,3513.583054820313,3,1,True,1.0
fed981ad-2ae6-39ec-ed9f-ead8f8d6f063,24.0,0.9074035148891256,26117.80827222852,1986.1563045741605,2,2,False,1.0
a4b4413a-e95d-c5a6-621e-c7b54063e329,23.0,0.395782378550398,32525.960147641825,7239.005641263797,4,1,True,1.0
07c2403e-7588-a8e6-3ad8-37eaf6de802a,59.0,0.7618117539722252,30713.96618244595,182.83205051676111,4,0,True,1.0
65e54a12-1157-d6f8-b245-cb5eb945e0aa,90.0,0.9989821854272388,21899.981321276664,0.0,4,0,True,1.0
1b3cf0fd-89c7-0120-df30-199d54ad351a,24.0,0.8714855947740041,25282.652261788367,2676.257044269511,0,0,True,1.0
0ac37a61-f9dc-1652-1652-9888b554847e,90.0,0.6039651381214947,16923.727841197477,0.0,1,2,True,1.0
b48e39d4-a582-e773-92a8-3ffae17fa076,90.0,0.4657072804262364,30011.182233595893,0.0,3,3,False,1.0
5fbec8ce-bf0a-73a1-1a82-8c0aa9407220,5.0,0.8890599518572295,28785.5101881742,4536.631050535615,1,2,True,1.0
d30c0c31-ff83-9477-533e-357350ee4827,17.0,0.856224361067416,26255.776032107897,3968.3888014234312,1,1,True,1.0
f6eb347a-5e2c-07e4-6d1d-d073b1fe7c72,47.0,0.9828467186148788,32812.23908425879,2539.360788185238,0,0,True,1.0
5283c717-84ab-4d41-a3d9-11c3d2e5bb38,18.0,0.9665851423561416,31274.15978742762,6582.077748318356,0,1,True,1.0
7df09525-fde4-aa56-74f3-eda6ed63c161,55.0,0.9989294324505128,25113.759442332102,773.899510704319,0,2,True,1.0
aaa8e74b-0cd5-50bd-df18-5772bfb2bed9,23.0,0.8814850175276998,26235.352303871376,4827.104599204319,1,3,True,1.0
eba59c90-2f69-a509-b34a-7b075c649c6d,90.0,0.2748848958481562,28876.480418139523,0.0,2,3,True,1.0
a5566308-5e81-e1b9-77bf-0bdbe0bf8d03,43.0,0.456351095393077,28736.259658548108,1843.505595921057,2,0,False,1.0
cb8dca5b-c8f2-f986-233f-3118c76f0923,11.0,0.3922573633361547,28226.996621132384,3717.508590738404,0,0,False,1.0
9f8ff456-54da-0f9a-bb8b-4e850ab86f2a,25.0,0.9699627675924778,22895.381528015903,4329.546532508394,3,2,True,1.0
c4a69ac9-8ef2-0d9d-7270-883140db807e,90.0,0.9951122358125384,22039.51140259546,0.0,3,2,True,1.0
4dee466b-b2c7-da6c-e54c-ac36c706bcbf,90.0,0.984419185964052,31813.537355745357,0.0,0,2,True,1.0
37385ddc-4419-74c4-0ade-e03601b035f7,42.0,0.5608278051318671,21314.21517887734,400.10554025005536,1,2,True,1.0
dfb590e8-ee55-7aa5-e1d2-520665ed033b,52.0,0.3688943458305828,33657.57413550265,1318.8771444300785,1,2,False,1.0
f97aacf4-ec90-29ff-4a3f-8b7e454c0f49,5.0,0.3792804133954802,38779.57746354992,16223.049478762654,0,2,True,1.0
5a505c2a-5e16-db27-fe9f-b8a63035a226,23.0,0.996674952522046,23417.123957491574,4009.824176394264,0,2,False,1.0
f9d0d0f8-d175-0cfc-b94d-d011d701deee,41.0,0.987980204419452,26908.44302504193,1350.5252928302532,0,0,True,1.0
77cceb7b-f765-eed1-f079-bc5267d603cf,16.0,0.8429560803419972,33358.84638949622,8750.589478187758,2,3,True,1.0
f7e2ef5a-4687-7040-1358-de8c07d25cc9,39.0,0.9784820457255896,23639.47547640255,0.0,2,0,True,1.0
1d69860f-a270-7ac0-023c-4114656424dc,55.0,0.3635827208608568,28372.2786481531,448.9111418096067,0,0,True,1.0
656acb0f-999c-7cd3-bb36-e1b06c041cfe,90.0,0.7288024227994674,30230.50865435423,0.0,0,2,False,1.0
84c975a9-c677-1e27-f69e-280088152416,26.0,0.9714402649980216,32195.087112117628,7976.756274658309,4,0,True,1.0
8618ede1-5296-e013-7b5d-f8b99664d6e5,3.0,0.9746668091483662,22263.63130402157,4517.867091414596,0,2,False,1.0
132f38e4-cc57-aaf8-565d-e9a758dd710d,13.0,0.5685951231215342,19759.641154171943,1548.1836829130743,2,0,True,1.0
798090d8-cfef-ade5-f24d-f9f2950fd4e0,15.0,0.8956104452129985,19885.44410851697,2907.187832952594,0,0,False,1.0
f7caf045-6667-202f-337a-b760205f6fc2,31.0,0.4128320847464498,39512.05779653986,1986.203130158364,0,1,False,1.0
4e203276-fd55-7f6a-c8fc-4e1409a06bc5,38.0,0.8999659838501946,28423.221489271127,3160.824846031013,0,2,False,1.0
b7d06ffc-d145-e3a3-2b84-58db78b2b992,35.0,0.9819851805333834,15725.08719892198,1497.889448171318,2,3,False,1.0
c9b99cdd-c687-44fa-7f50-bb59fd9b4e5a,3.0,0.6371515748179516,33731.55105953374,6558.409168693418,1,0,False,1.0
11ef104a-8370-1f2d-0fe2-b3a009d0cdbd,55.0,0.3064996702138952,26459.950252673472,517.2160486012973,1,2,True,1.0
08acb95f-c22f-977d-157a-219fc489c1a8,42.0,0.5115494040409794,28156.084417217528,2339.766059506421,2,3,True,1.0
31e67733-1573-1173-7f5e-c661bf8da6a2,49.0,0.9998583220416992,25320.14645948632,1221.357314963065,1,3,False,1.0
932f156b-d0b3-54ef-2fc5-b41f3a641baf,10.0,0.9031098598459312,24617.33631072009,2649.3294524406865,1,2,True,1.0
afb63fe0-2c62-63f5-79c1-1cf5c47c31b4,53.0,0.620526693168176,35796.74399429293,849.2165733649616,3,1,True,1.0
30412bc6-e979-a068-cd28-021aac4ce429,43.0,0.984038310037839,37181.5052411097,4684.105436689564,1,3,True,1.0
7fb79b4f-edb2-e532-0bcd-1eb12995f756,5.0,0.979408984324616,22804.35220414275,5239.896115715318,2,3,True,1.0
f91fc94b-82b8-e76b-b2e6-882776c56363,90.0,0.7981591232491968,26061.12697821773,0.0,3,1,False,1.0
6c8acc0a-4d60-eb43-41c7-9e933f157f24,90.0,0.5642858610809219,22103.72223100535,0.0,0,2,True,1.0
7a86c0ec-0ef3-787b-a50f-adf0cd44a089,12.0,0.686515896690469,26662.26247297952,5186.936932112814,1,2,False,1.0
bc68958a-ee12-8cb9-37d8-50f946546541,13.0,0.9991865704643864,24079.507271127222,4846.910558257223,1,3,True,1.0
43307cc8-4adf-d19b-c196-c64f0a94fd3a,8.0,0.778000039147631,26664.45490365804,5424.785129943565,4,1,True,1.0
c75d153e-51e9-6566-ab24-e1b1958318fc,38.0,0.8663207577170023,23110.513456626857,1053.2006418363078,0,1,False,1.0
e0f0d46c-dbfe-8cab-062a-a4dea27830af,16.0,0.3708723914416794,20025.154367205723,3587.985323408199,2,1,True,1.0
b6c73b79-8e20-28e2-fd3a-0649aa6df40b,44.0,0.3080710092637097,32546.45415382052,1076.3264792545483,2,0,False,1.0
406506af-ad09-2278-06b9-519b6fdfc645,9.0,0.4963037986449888,28246.93033594473,3916.014284098285,1,2,True,1.0
f5c799f3-9fe5-8b3f-43ad-08b5d9230081,90.0,0.9918180589364756,19480.35944273013,0.0,2,0,True,1.0
1cba9457-eadf-d5dc-f46a-e935464da226,37.0,0.7443180781498898,21856.938927419924,2130.723182433938,0,1,True,1.0
24447572-146b-aa5a-0dad-9dce240ac8fb,38.0,0.4171089353599646,19700.17795921149,3001.944512584205,2,0,True,1.0
d836395c-f8c4-b55a-fd17-87979c1f9e75,44.0,0.910409147719936,37042.03812528413,1879.444255522733,1,0,False,1.0
97dd4997-59df-bf55-5395-776ce08ae1c6,90.0,0.8078454998489528,28901.974096701902,0.0,1,1,True,1.0
e32189dc-870e-41d5-2448-c89e27a9ebd0,36.0,0.8072778221540444,38862.09730904426,3156.665590041397,1,0,True,1.0
eabbcf6d-40fb-4c41-83d3-0725a217edaa,13.0,0.8976730720461614,30223.91447667773,5859.467311161671,0,3,True,1.0
7cc5ed7f-466f-7d28-e8ba-97e4af5b0a75,46.0,0.98807922592879,26603.252165549988,640.9943548484479,0,0,False,1.0
0f6eb6ae-135a-c906-453e-c2c07dcc0f62,30.0,0.8337861721485055,23634.72117080512,0.0,0,3,True,1.0
35a679f6-27d8-a3cf-4e3e-8d07dc5b130c,90.0,0.3437183198723205,22371.301943690018,0.0,4,1,True,1.0
8dd42cc0-9f1b-113e-d74f-1ea8af4d6fa2,34.0,0.98519878768375,24452.26740374552,244.33365109893583,4,2,True,1.0
bb1866d9-ed2a-cc52-39fd-5af383e1ab4a,59.0,0.8805813957740473,19793.568631591643,44.644167152793486,2,0,True,1.0
8f09cf80-11f0-60f1-b46c-82bc1ce01387,25.0,0.3847192692126612,27654.05598612329,3563.866063173406,1,1,False,1.0
8092c6c5-da7d-b5b3-8c7a-ff50360b9b75,90.0,0.425931959228792,20809.5151362826,0.0,0,2,True,1.0
34c3a080-3c03-ea38-c0ae-ff5468196cc7,49.0,0.3928684563253526,38498.18572931731,687.2671088687579,3,2,True,1.0
2d057e13-15e5-ff03-03b3-135a798cd401,90.0,0.73356233182925,21911.898225092857,0.0,0,0,False,1.0
7c7e8538-1272-959d-6575-ee8cfbd20a11,11.0,0.3452827869243955,19318.314552422256,1985.1960693495,1,0,True,1.0
fef4bd9b-7206-0562-328a-641bf0c58d65,14.0,0.9099193504715204,28598.3810959643,4499.348297794424,3,2,False,1.0
9226911e-b3de-9ada-7485-79e4e401e7e1,3.0,0.9571626075324512,21594.50483500264,909.97041060498,0,0,False,1.0
7e96b0ec-f2cc-18b2-4d42-ab345ac6876e,28.0,0.9867900758484364,29561.501646217886,3624.348074451013,1,2,True,1.0
2b6a2547-7719-fa46-ab24-5bfbe2551476,38.0,0.9871687468753976,22246.65933303445,1830.7617937533032,2,3,True,1.0
52edad3a-2139-4fff-b96a-f35708717578,48.0,0.4434592506485834,25083.877639757065,721.1757580125635,0,3,True,1.0
4aeb4178-bf91-00b5-0be6-20101a43a8fe,90.0,0.9164743605909278,28288.535551490462,0.0,2,0,True,1.0
c752a4eb-dcc4-191d-d580-97760f27b8cd,33.0,0.9966870830039328,26512.74448527343,4722.685180302777,3,3,True,1.0
1eccbfb3-59d9-64cf-f8a9-c676858ef589,12.0,0.933847761986338,27075.04810760252,5517.691907450197,0,0,False,1.0
c4e2f1a5-fcc2-2d0c-ec49-2e5095ecf8ea,6.0,0.7268525972318548,30012.375482013795,7005.31990687874,0,0,False,1.0
060f2fef-9e1a-7c5e-f2f9-c4ee58c531ff,6.0,0.2959865763368735,16380.891359670914,5035.132142003141,0,2,True,1.0
b4cf0ac1-31e3-8cad-14ee-28e4d5ad984e,24.0,0.833553783459262,25408.13839923839,2482.589315238664,1,0,False,1.0
e201f998-534a-c8ab-e8aa-62baa5d648f1,53.0,0.5008663385822939,33512.885201253324,777.0991125763294,1,2,True,1.0
b95665e7-b4de-d31e-8e99-449e78aaf9e1,90.0,0.803893728534979,20977.881625828337,81.56434764081303,2,1,False,1.0
2061b85a-9366-b133-e2c3-aebbb6c68e9e,90.0,0.4202544049270537,29158.339340715254,0.0,1,2,False,1.0
9ad292b4-b03e-a288-0aab-4998e36ba40c,6.0,0.3238423696516522,27708.343238552105,4317.599774116067,1,2,True,1.0
f84f72c6-31f2-62aa-d5a9-dda6c116831f,55.0,0.944986828545208,30110.506526258065,311.62712924932003,4,3,True,1.0
501dbbe3-7b1b-7213-1ac8-1ea5ee17dd3e,13.0,0.5253431823805365,20848.068744108157,3625.081859559773,0,1,False,1.0
bd6d950b-02e1-81ea-fef2-38d50d3259cd,44.0,0.2993033602489218,20721.655064120878,802.1889801502039,0,2,True,1.0
d66a54f7-b1b8-3960-8d4f-bc3740d7cafd,90.0,0.593673733812711,25794.47300967021,0.0,2,3,True,1.0
fc5b7eb0-973c-ba72-7bc9-c844a98f1756,90.0,0.7332954485379931,22470.7701747082,0.0,0,0,True,1.0
be82994d-e5d6-0358-b22c-b042e2aea698,60.0,0.4635361332193851,33307.30974420946,0.0,0,0,True,1.0
57ceaad9-2a31-6a62-36fa-5bf3409fe1e7,57.0,0.7502320563917763,19651.353161535502,429.87837223343934,4,2,True,1.0
135dbd0c-3c97-f38b-553f-8a2372477a10,90.0,0.8859432068490402,15905.42145888962,0.0,1,3,True,1.0
4fda86db-3044-dc1a-c845-14e14c43ef0e,59.0,0.4786097045583369,25444.260680252915,223.9929611015621,1,1,True,1.0
b4594f84-47fe-aa93-5ba2-ee7356950a79,24.0,0.9009496296693572,32279.83013933093,1806.4743498302375,0,1,False,1.0
bc343395-4e88-deb5-a9aa-abacd21bef41,15.0,0.4595003376295133,28893.73347382637,5427.474187008563,0,2,True,1.0
7efe89ee-b9ae-2c39-c5b1-e3ecf5dbb6ad,90.0,0.6132644698667852,22031.00038330725,0.0,0,2,True,1.0
85a53b33-8333-5123-7809-48b63f8f77d6,33.0,0.998079089675535,22833.8774090438,1794.6391386295404,3,2,True,1.0
d87268d0-6754-6365-01cd-256a61cce777,41.0,0.3871311441714054,26165.54149610117,2349.835513703611,1,3,True,1.0
d27bcf0f-f6a0-0222-612a-ce30921f6e9b,17.0,0.961148506002088,20766.42048445731,4016.195783118348,4,2,True,1.0
995400f3-9506-fce5-694e-fd11df6d9da3,52.0,0.9963462984938414,28591.109191243297,1229.95026040556,1,2,True,1.0
8b6b5e33-9968-ed76-52ac-f1d447ab0906,90.0,0.9892484425696482,15022.859638752949,0.0,2,3,False,1.0
58b99dff-ee71-94a0-e3e9-af705328a9b3,12.0,0.6301573410949248,34185.420026341846,8791.85574009012,1,1,False,1.0
bde9a8c2-f815-138a-9cdc-b0f686ec2428,29.0,0.3794576444855249,27204.43868113954,5278.670968056089,3,0,True,1.0
03bf1a3d-9e52-ee25-6908-4a8bdfec73a8,36.0,0.8818407776138003,28504.10908799244,3205.437754798795,4,0,False,1.0
b805ec3c-8ed3-8642-2233-d8088151b630,8.0,0.6330142530576517,22605.80745252477,5388.351828098039,3,3,True,1.0
3eb9ca17-a319-cbf8-15c8-db133fffb312,90.0,0.9497733162324232,32818.18722850869,0.0,2,0,True,1.0
122022be-1710-2a08-dbf5-283a5451bcdb,90.0,0.5111298900037133,30418.2916980468,45.74656334778847,0,0,True,1.0
38b01916-82ea-37ba-4011-e668ea516976,90.0,0.3479822431373374,19716.58812803485,0.0,0,3,False,1.0
b9108952-786d-dedd-f28e-87c422050dd3,15.0,0.7633547837904082,21421.874948747238,2628.545141634532,4,2,False,1.0
7cca6150-7680-1069-8f7d-e40302350af3,90.0,0.9452046055677716,18617.878314637943,0.0,4,2,True,1.0
2e200d89-9479-506d-b423-b253a0329f1a,26.0,0.6456112900405518,31547.944800511606,7469.385026709379,0,0,True,1.0
af54a930-910a-3423-f825-edf41216bff3,52.0,0.9864320999182454,33907.35333582391,978.4035972685604,0,2,True,1.0
e8ab80c5-28a5-3a8e-3c77-540ce2646d29,22.0,0.9553268223267112,10773.165357724964,743.4964867026208,0,1,False,1.0
5243b82d-6e63-3263-f85f-dd14073d0640,10.0,0.7869864628566599,21264.404116659734,5761.812161464544,2,1,True,1.0
958a3496-7e80-aab3-9e0c-1c714d57d4c0,18.0,0.2961855123866569,26058.969751441637,4660.612428783317,4,0,False,1.0
e7bcf0df-f06d-be7a-975b-7d4a65beaf3c,4.0,0.4252618599846511,30708.954801658336,5833.861262441256,1,1,False,1.0
af23a75d-5cf8-d899-fd10-3e6b38eee761,51.0,0.6329112205120826,32520.21616040101,1071.2839305868135,1,0,True,1.0
6eb9cb59-76d8-2b41-62b0-a05aef7a997e,43.0,0.9501832926578728,12928.532960040666,1025.367351682498,0,3,True,1.0
8ba35b68-1188-3ca6-28cb-81c14b8c1302,90.0,0.3193189204883415,27113.2194964569,0.0,1,0,True,1.0
d3a9581a-e6c6-b6c0-0892-af15a212f4cd,12.0,0.9940681922103028,20619.191882267893,3107.122088413649,0,2,True,1.0
920086b4-851e-e87a-c851-01bdee367f19,7.0,0.8088235363775372,24699.035052532832,1800.7794037299398,0,3,False,1.0
c5ad3e45-b833-d465-073b-5faba7e9afbc,26.0,0.5047614886343729,28303.88327906332,4044.253680792352,1,0,True,1.0
0f2b4441-0976-549d-2d3c-4960554b4233,13.0,0.4105944556814928,40051.410940735805,9826.675061578284,1,0,True,1.0
c89d2d99-d630-0f59-818f-1349af7544e7,90.0,0.8738559830322081,20878.219959851063,0.0,2,1,True,1.0
6a3ae48c-e138-4063-c73c-d4cfe1c42ae3,90.0,0.7014261050021293,24084.042159390843,0.0,2,1,True,1.0
a148d65d-0e2d-b80b-95c4-7d5de005daed,13.0,0.7655448090669222,24333.46735959805,2917.52103150025,0,0,True,1.0
5f4e4d58-4b6c-c3c5-c051-191ba2539e3b,26.0,0.9998079319288944,12022.197276374509,531.8619197336914,3,3,True,1.0
db35199e-66bb-1d26-8259-34124559590a,13.0,0.4266140099624497,30630.11227073117,2771.4738449864053,0,0,True,1.0
9f51a76f-74f8-9f4d-fd53-1108514e660b,25.0,0.9873140080038508,27724.313341988345,5751.900191960521,2,3,False,1.0
3cb4c098-a1b9-3f9d-183a-c8c67fed9c79,30.0,0.6885359045503037,21405.65994984681,2174.3211286427845,0,0,True,1.0
6fd46057-4dfb-544e-6d94-c12b9b14a8ed,90.0,0.4284266028196549,13665.250054317836,0.0,3,0,True,1.0
f6466eab-9e03-480e-99e7-e1a2679b4484,23.0,0.6809559444556054,32215.739222418448,5625.404356390121,1,3,True,1.0
e1e4d98d-98ac-9c95-a5a1-147bf5f22849,25.0,0.9265028247511048,20596.09555805493,3348.2268686193183,2,3,False,1.0
eb75273a-3934-55a7-82b0-601acb54aa3c,50.0,0.6794401957518765,30421.858101522343,1030.2800489556555,1,3,True,1.0
49e7c675-e16a-cc94-14c5-fa97c45109fe,50.0,0.930895505400548,33631.43170714277,1250.7929420462997,1,1,True,1.0
cabc4c1c-015c-9db0-2553-04bc254a2cec,29.0,0.8044151485314063,30321.860490944106,3591.8433331041333,0,2,True,1.0
2e140ddb-c6f7-7f63-f2bb-5e9661f04f3a,51.0,0.9506619028220984,17158.54640959783,831.6026701704902,1,1,True,1.0
39322d2a-63e5-6e56-4f14-299b85f451c1,90.0,0.9999177947344602,13928.954236655109,0.0,3,3,False,1.0
e79fe643-bdc1-414c-e880-33d1df38ece4,48.0,0.8591420185278598,30485.5851694812,1303.438448715197,4,0,True,1.0
f0397389-dd46-19b7-5ece-cc4f32bfd1cd,54.0,0.8720892118050709,22602.284983605045,651.3597724499185,1,0,False,1.0
f9d91dd8-c8a5-569f-05ac-2cd183a9f669,11.0,0.7399616346647556,35708.752006821545,5598.933651213261,1,3,True,1.0
0b1783a9-0da6-b9bd-9c18-fe2c21763ebc,23.0,0.5181056297719562,35346.2443039144,4775.459197515099,1,3,False,1.0
247deca4-6c06-f2a9-1e21-3d1f8e9d7e05,19.0,0.9953488831433304,24145.17093472549,6921.115409573585,2,1,True,1.0
dbf2f3e2-2cc0-53a7-1494-0ce8653e5484,90.0,0.994271485259745,22092.06610076819,0.0,4,1,False,1.0
d8fb8ee0-34f4-dc03-9369-e6b584f87928,34.0,0.9146170440688296,32241.75710881338,7208.854720357571,0,3,True,1.0
fcdc8ce2-a752-ee0e-ce07-7bf7b9782141,16.0,0.7313276489296281,18865.885646120754,6020.65476425573,1,0,False,1.0
a8ced4f8-79d5-f614-82ec-a5b7b81912ee,90.0,0.9949350527393442,23158.643832088237,0.0,1,1,True,1.0
2a564d23-e282-8941-3992-dae451887647,6.0,0.7470097923858856,31879.88959584688,1551.3580693858703,3,0,True,1.0
9298274b-8c31-c2d3-f28e-e535c5d43b51,3.0,0.8786580912242898,29123.28020109984,3554.042015052941,4,3,True,1.0
8d3d8761-1fb2-12a5-fe5c-a4deb5845629,48.0,0.9040775657728732,35815.322234283776,3124.5760446235745,3,3,False,1.0
d15e5a1f-f9a5-61ef-3c11-124b1ff9dcff,90.0,0.3450786929920004,24672.37358625582,0.0,3,2,True,1.0
f720cd92-d8c3-056e-1a91-5803a8fca224,45.0,0.4016887306576704,27424.71587111824,1847.0254107640917,4,3,True,1.0
652bd17c-1fd7-65ee-babc-9a6d8c4e0c9a,55.0,0.999557520142374,15228.476527592744,410.28183658203454,4,1,True,1.0
cf73552a-2e7d-0923-5d08-c79e6b03ded6,9.0,0.3477969647233442,19625.85628231494,2088.757829169653,0,3,True,1.0
b0b9e490-6f2a-3376-5985-9b160228852a,12.0,0.4302287505082504,21787.919484990576,5383.863245512588,1,1,False,1.0
721ec8e6-5b1a-39d3-f882-c373f04a10c9,90.0,0.6170325901936115,16070.7178565037,0.0,3,2,True,1.0
46beef18-fd32-8317-6e89-3c17be76c015,15.0,0.9286923097928268,29651.211536989314,6924.970950217052,1,3,False,1.0
5a77a7f8-7735-9737-8639-f1f414719eb2,33.0,0.5302614134181683,30643.37695785705,1704.056344355014,0,0,False,1.0
955e7546-8173-f2f9-ea68-ebaa396106b3,46.0,0.3278913382471147,26377.107710489527,1315.429815444151,0,2,True,1.0
5ec8e247-0fdd-21b6-2a9f-37c071c3fcc8,58.0,0.509094495585593,31387.695232903017,153.65720431031838,1,0,False,1.0
c90f00e1-1e62-9d91-325d-3754ab64a683,31.0,0.9829429210562776,37238.098770117154,4955.867717281475,2,1,True,1.0
ff367a93-b7e3-7d69-04e4-f2f2d12d4fa9,42.0,0.3353549211913972,30294.2872349094,1648.0220318037252,1,2,True,1.0
1b573191-a9cd-de62-3cdd-a2ac553bd725,52.0,0.5651439458851295,32921.79320802663,1104.207204486023,1,2,True,1.0
93ffd41b-8736-aff8-17f4-db254703d15a,12.0,0.6301698817365423,30839.81318337697,10761.047840013172,4,0,False,1.0
f958fd55-c09c-e6fd-1c36-0352f6984b70,14.0,0.8830370178937054,35078.600826015696,6780.319266403429,0,1,False,1.0
c9dd5b5e-cc2a-fcc6-57d4-e0465615952f,90.0,0.9920425642094028,17303.86132443419,0.0,3,2,True,1.0
e2120b05-f06d-90a2-2e2a-57590a3ec046,20.0,0.9946501969105128,28099.552084078096,4620.251693512891,1,2,True,1.0
358aa51e-d646-4f0c-afd8-a766dba32258,57.0,0.5163895286428102,34425.26915049642,487.5020583356503,4,3,True,1.0
de9560ce-bf39-db01-4efc-f9e159104ac2,7.0,0.620407104259338,38146.59185265168,2814.9005026940663,1,3,True,1.0
3869760d-d1fb-62ad-a403-f9344b192322,54.0,0.4267319973293653,29761.404863041626,911.7360083263322,0,3,True,1.0
5f2d2b5c-1ffc-e9c4-62be-5a662f04ba26,50.0,0.6005832773206242,18901.37037931105,321.3328672446136,1,1,True,1.0
b84e141a-c54d-64f1-d217-2101fd7aec85,24.0,0.9654597187486408,20557.199065473047,3471.877597814354,0,3,False,1.0
bd0f5da1-7ac9-9852-1a8f-f0df36145c4d,90.0,0.9897312015081328,24430.71564526489,0.0,0,3,False,1.0
b647a4d0-5247-840b-18bb-d8b164e24027,49.0,0.6455454930244799,27106.033523459177,965.6996981899116,1,0,True,1.0
be3f2945-d987-3e26-5d7e-e36815d4c4d1,12.0,0.9937803175321456,28985.556101021804,4486.267382898883,2,1,True,1.0
9c1723a8-f727-722c-3160-d3a2c614bccb,47.0,0.4708850331655414,34945.7006820512,1708.5976141039616,3,2,False,1.0
ac5aadd3-b987-3b0c-c384-1bf09261a1ad,90.0,0.5382535647256008,22766.739898152056,0.0,0,3,False,1.0
541fda18-11e0-6d4a-9f6e-7895eb79477b,90.0,0.9525389504020026,19938.67552654708,0.0,1,1,False,1.0
11fc6cbb-7724-421f-defc-180a5a7c91a5,53.0,0.5276601564489013,32521.05371051824,487.0287516527716,3,3,True,1.0
acdf3112-dec4-8929-b3e7-c1932ebfacb7,53.0,0.9980082242029188,23218.56124899667,649.1775377186792,0,1,True,1.0
eb1dc845-9f75-28f8-225d-841911bb795e,9.0,0.3626209530628883,28689.16753669363,1261.2105577297414,0,0,True,1.0
783f9b6f-95f7-0ef8-2539-a84f9a7ea29a,17.0,0.9441946858541284,31864.297486585103,4699.016801655023,0,0,False,1.0
e2154761-b12c-3559-c57d-1f2ac8f83f43,90.0,0.9807110161197784,19794.926029235998,0.0,3,3,True,1.0
7bf204a2-8540-1482-c9d5-b6c1b9f322ba,21.0,0.9323232891301818,16782.092833069066,3827.580840689414,0,2,False,1.0
c5505455-9107-750b-8d85-fcdacebad0f3,10.0,0.97817161060978,29038.15517231916,3388.2672799667102,1,2,True,1.0
cf65d6d7-a13d-a625-47a4-aded7694d7d8,51.0,0.9994213675699886,26281.5853706756,837.6440125604594,3,3,False,1.0
0e593a06-d2a5-135f-b0de-8ee3f0bb88e3,20.0,0.9746941519446828,26199.257356691734,3640.948499295248,1,0,True,1.0
ff38928c-5002-1b89-f0f8-9273ba4e19e3,57.0,0.986763370349702,32560.343781111947,370.01896423912285,2,0,False,1.0
23765675-69e2-03d7-1425-3f91343371e9,90.0,0.6137797796599954,34147.43478237811,0.0,3,3,False,1.0
adc833b6-f656-f40d-9c5d-bf3beae7de70,32.0,0.4357303637880582,16559.014999441508,339.6479264782957,0,3,True,1.0
552531c0-b8b0-a7ec-10db-4b41f70dcc13,38.0,0.9200293259928748,19437.02685552962,1050.3704260976997,4,0,True,1.0
2857687e-0c72-fb71-a654-d959329ffee1,4.0,0.7459650245860641,33754.65247214388,5955.252253458658,0,3,True,1.0
9d2fee18-d597-f15d-3cd3-cb6cd2c00de8,24.0,0.8489597848830344,18550.95795227385,4265.223410516606,0,3,True,1.0
1632496d-e070-606f-abe1-4e865d1294e0,42.0,0.6556442690675988,42590.35625967873,3170.125307699703,0,3,True,1.0
24593dfe-eafd-6e46-52f2-4d8ae6c9080a,55.0,0.6214620779001738,35739.235735137656,618.8499176807476,2,1,True,1.0
6591beab-4890-0e93-d7cb-eaeb81e3a0ae,8.0,0.7920939285772343,40179.02639263125,3832.563911908111,3,0,False,1.0
619a9c21-c431-1c29-38f5-ca80d3696170,44.0,0.3250296391760334,21494.73051950032,2720.726661620446,4,2,True,1.0
e43589f2-7f72-ac49-18fb-37ad35a644c5,90.0,0.3907098331315178,27460.367726526576,0.0,4,2,True,1.0
5b4b53bf-5752-8021-bdc3-78c2fea7f8b9,5.0,0.9610240790568656,31206.25426565373,7453.874422542869,0,0,True,1.0
208288af-693f-08bb-a456-257d0e810cbd,90.0,0.8019827427788573,16406.545670034553,0.0,1,2,False,1.0
fb887df1-d88a-7e61-c2aa-5278634e5cad,16.0,0.8467545549249335,25047.92835166646,2368.1785664907434,0,3,True,1.0
5b74ef0a-2576-2d62-c234-aa76d38a4729,26.0,0.9930964342934094,31640.87240562943,6837.396774237146,2,1,True,1.0
90cb6182-bde6-abf8-8960-b884b440d167,57.0,0.3020095857382122,19944.088485487548,195.74705515650072,1,0,False,1.0
cc5eac64-7581-0b26-5150-72971a9a5334,27.0,0.865733302676929,26749.46507717264,844.7157780038929,1,3,True,1.0
d8fa9a6c-3e2d-280e-36c5-110263b40f6f,8.0,0.9470602895602788,25522.75595205125,1306.6369075213536,4,1,True,1.0
ee0000b9-4ebd-df65-5ebc-d7fc3eff7741,29.0,0.5384271153737521,29736.173493179034,4060.215421212408,0,3,True,1.0
2251cc3a-43b6-61de-d49c-64674d038657,58.0,0.9277299686416768,35639.96049646824,418.0817550143567,1,3,True,1.0
27bf7757-3816-5551-4be2-dc0c4252b139,47.0,0.6027649784401062,20424.368404782912,493.22286536257377,2,0,False,1.0
7b06f180-3c5a-255a-1b3e-fc8efcd226e6,10.0,0.9616332355895686,22535.77706088506,3395.231731555917,0,1,False,1.0
068512c8-289d-e1ef-5220-559279ba6290,56.0,0.5735382051842104,30667.436443388287,356.88087519608695,0,1,True,1.0
c4e496bf-6856-1e96-4491-65bae6e95c8e,7.0,0.733947381835385,25689.88048274386,2025.4689317831933,3,3,False,1.0
951a3682-5485-43c3-e38c-53ec68c36d9b,11.0,0.8566022909780048,19222.73917873035,1594.3455836147996,0,2,True,1.0
d81c41fb-f2df-c403-a06b-8d31f07d277b,90.0,0.6089019814123253,18465.1636354319,0.0,1,1,False,1.0
cb5d0a53-3c86-72f6-8b2c-ffb4f32cc1c4,90.0,0.5038266596386329,32162.07843024162,0.0,0,0,False,1.0
b62af53b-61d8-cdde-f443-ce7424bf44e6,51.0,0.3389036988367859,32190.45518152413,1617.5823375285488,2,1,True,1.0
61fc109c-9a2e-a891-9230-e802b7386220,57.0,0.6145245793387146,40475.86478258448,406.1703266976667,0,2,True,1.0
1f0b1fcd-3000-cda8-e70b-61dd783ddbba,54.0,0.5635002655858463,26448.40769245477,502.6688806566125,0,2,False,1.0
d55549d8-7d67-76ff-d434-15f837f2d0df,26.0,0.999300038239058,16561.34208613835,2880.4781238608384,4,3,False,1.0
178d10bb-a403-21ba-6341-d43d048b0335,55.0,0.817322284268392,26671.016504039995,554.935644537612,1,1,True,1.0
ef59fe35-95a2-dde8-4d77-468f37b429b4,90.0,0.99976734210428,17772.45758784239,0.0,2,0,True,1.0
1600a028-0536-7df2-4de2-33ab607d81a8,32.0,0.7085300160944605,24022.19202829544,2692.79608230736,0,1,True,1.0
42ee9f2e-42ec-03e7-386a-e85b7c0cdfbc,49.0,0.9293568497592044,25926.73792407519,1915.8162515070487,1,3,True,1.0
8325a6b6-6e3c-ca28-1e62-fa03bf8c0b42,10.0,0.4352113572030174,29035.339601845444,3436.2084121686507,1,3,True,1.0
f6e6778f-7dbb-6e26-e8bd-9625b0815c66,5.0,0.3375690928011771,37598.41507111236,0.0,4,0,False,1.0
87e1d106-0835-3cf7-98bb-2dd16e8fc8da,10.0,0.9050806819200852,24293.133881847974,5296.257838777937,4,3,False,1.0
47ef20a0-0978-76e3-4226-b888483fbeaa,49.0,0.6686601401209562,34939.063190903355,1337.6454602143128,2,3,True,1.0
8e4e6e28-bcfb-b6a7-5d3a-211e7bf128d4,31.0,0.8947675512185279,23503.911841133635,1137.8372924504722,0,2,True,1.0
fefe7eb2-309d-998e-e18f-7077db69fcc2,15.0,0.9262920824048828,32353.15701340548,11385.64589970727,1,0,True,1.0
d1cb9df3-ff08-2aeb-b0d3-0256a2a6ea03,90.0,0.9896746378881878,31066.844266633536,0.0,1,1,True,1.0
fac769c5-65f2-c2f3-1528-e81aa6d20119,43.0,0.6426240547749456,22316.9281685078,2965.56300871794,0,1,False,1.0
9edf73d4-7157-0c77-c4fb-4fea5afa1281,90.0,0.706209503191403,30688.81875653679,0.0,1,3,True,1.0
e34875f7-e7de-7edc-129c-9806721ac2dc,27.0,0.7755787746595184,31596.589751061947,3259.731820601715,1,3,True,1.0
8652d23d-66f9-5668-06e3-eaad78f7aae2,44.0,0.7514927000425854,34959.21703219823,1958.1374005425805,0,3,False,1.0
60ed8f32-265d-c254-872c-c514c8c41b75,90.0,0.8331336326609489,32739.1294039301,0.0,1,0,True,1.0
223bddb8-b6c2-0dcf-0e76-3a2f1847f14f,41.0,0.9250014970538656,38458.77699925499,4226.368913734476,1,1,True,1.0
e62ba403-4bc2-5f12-5b36-445b793ab0b8,18.0,0.8952524181204352,27516.57507235057,7146.112686341623,4,1,False,1.0
a550b8d9-085b-e473-54ea-40b07b3c64f3,90.0,0.4881624171323148,31674.198036966893,100.23384470514422,1,3,False,1.0
bcebbd3e-33e1-c8f5-9df1-4b1047882ed7,29.0,0.4505209701690164,25962.355077728076,2136.470011666794,1,2,False,1.0
e0584bb3-4574-c670-15cf-4cece2147c50,6.0,0.6215811853221709,35698.38646409828,8102.381430374575,1,2,False,1.0
5d4c5660-3f81-87b0-c841-536c6f1afe06,53.0,0.99780492485998,22186.843457329407,989.0770856023372,0,0,False,1.0
75ccf7b0-6afc-7bf2-4fe4-006182819ba5,58.0,0.9961717569837752,34332.61128518169,202.40450002263668,1,0,True,1.0
34ef5c37-a96c-9f30-f9fb-5de07494b2d8,6.0,0.8161594360534696,18736.360546185744,3770.37430152003,2,0,True,1.0
61fe7f9a-a485-d23a-afdc-0bdd8201fda4,54.0,0.9075969473801536,19436.55366467355,582.695008452949,4,2,True,1.0
f1b9aa5d-0409-2f08-d45f-81d0a96b8b1b,22.0,0.7822442702145029,21982.347206430568,1524.7572935946775,0,2,True,1.0
6af58ce3-9639-aa4c-260b-9a4140cea9d1,7.0,0.7459499712330174,19776.56914626104,3980.054608827618,4,1,True,1.0
18545a51-3368-ba89-7848-0d99f61e1ccd,5.0,0.9127725207157098,26252.88102444889,5348.284022138231,1,0,False,1.0
50b7792e-b829-daf8-933d-17ac0f9be305,45.0,0.7784348709105583,32627.492071145723,961.0294049571886,3,0,False,1.0
4397bbff-c1b4-c6f0-bf51-9102ddf20f73,28.0,0.9246648325678728,28384.789298879183,7882.332355120732,0,3,True,1.0
2df72ed4-150e-ee6d-b10f-3fd0d0674a0e,50.0,0.9953015661372456,23543.20441476392,683.1768826500241,4,0,True,1.0
86206165-df8e-6eb7-892d-cb887ce50128,8.0,0.6777888340640149,32638.33106640842,5767.554198192357,3,2,True,1.0
9fe49e70-f0d1-4c37-4158-6793897a55ef,45.0,0.9861329533980774,31285.01370195494,1273.4666884194255,2,1,True,1.0
d8967fc8-e7d5-500e-d092-576e0fb884bc,50.0,0.9382556533026994,30452.00836402913,471.558241776625,2,2,False,1.0
d6e738a6-0903-2ef8-fae6-9fba11cc4e55,14.0,0.9157506495237562,27053.766965568782,2896.1551883053053,2,3,True,1.0
7ff89b7b-ea1f-8e42-ea10-f044c4bd696b,34.0,0.6189419226570408,18009.68370007426,148.82167363014543,2,3,True,1.0
0757052d-3444-76bb-ce62-ee645590580f,48.0,0.9943684005757903,17910.231741756492,990.3403753557728,4,0,True,1.0
22055de8-d85b-0f31-5f79-249f91c43ba5,29.0,0.6508567179467664,29784.80432202223,3873.336184781526,1,1,True,1.0
4c224a56-f1f2-834f-2680-2af43a64cb39,17.0,0.6468530229547731,23923.298026789704,859.7269769609885,3,1,True,1.0
2000597d-5ad0-1cac-662a-49b26f61897a,45.0,0.5368315892731621,18979.068528145486,653.6807866505333,2,1,True,1.0
cfcabd03-1e9c-146d-92f2-ed49440af232,23.0,0.8244245356543892,18119.02667935232,788.187255464564,4,3,True,1.0
853c65e0-4924-9b32-d7df-55f8f95e4bc7,28.0,0.7455545341451559,23850.528408074268,3699.1561007722366,4,3,False,1.0
40869050-49ce-9363-b10d-75b5b96749ce,90.0,0.455614423340815,22994.02952289454,0.0,4,1,True,1.0
664e3046-94e1-5a94-ec0f-ae06912dd8f3,40.0,0.9751446286361318,28673.762965032103,3729.092762822061,1,0,False,1.0
294a3691-4b23-7079-8a52-3d34e5fb0850,10.0,0.6190449960869284,37218.03762350882,10179.180701190216,2,2,True,1.0
cabb292c-9c91-47b6-aeed-cc9e54faa0a1,90.0,0.9256088105307652,26840.517368593155,0.0,3,3,True,1.0
8be234c2-220f-f100-4e44-45c463190ab3,49.0,0.7211930088021314,31951.53662214741,1336.0713627554214,2,1,False,1.0
3be8d149-d4d6-b419-8dbe-22572cb04ae9,7.0,0.9889329261809364,19048.494266776437,5821.092398960896,0,3,True,1.0
47f23605-ad8e-ddb9-b508-77ec8e8abb0c,90.0,0.3392925914633907,11551.26882125087,0.0,0,2,True,1.0
9f98d12f-8195-8e84-e32c-06442bbf66ad,55.0,0.5830250736273279,41595.22139368657,361.3918023337952,1,1,False,1.0
22229b4f-5211-41a6-18e5-62580db9b9b8,20.0,0.8933359918584781,33921.30184116558,3723.391198416819,3,2,True,1.0
f7b8219e-575b-d032-e5ab-c2ba344df711,36.0,0.7228662983152937,26908.940231723915,2689.012345057405,4,1,False,1.0
39dea3b0-e23d-2b58-6977-0cf988a2330f,39.0,0.9184437682426816,38030.71254819664,2785.797908197617,1,3,False,1.0
cfb57d42-6111-afc0-b74e-efd3b55ec10a,6.0,0.491532410864791,29203.11273384577,0.0,2,0,False,1.0
e5bbb987-b235-d377-0310-2cf15c21aeb8,36.0,0.9062662143328594,21948.719496630147,2669.8802848051537,2,0,True,1.0
f55acd23-f726-66aa-90cf-24d02f7dd728,90.0,0.995686924480292,22799.2019368053,0.0,4,2,False,1.0
9747b7a6-122e-a841-a3b8-262527682913,90.0,0.9994579279106264,14334.4905315436,0.0,3,1,False,1.0
8d227d9c-9f5f-34cf-d1f1-fe92c6f07415,8.0,0.2923289904955062,34594.80100055458,10766.138892001878,2,2,True,1.0
a24b7323-6191-88ae-9be0-c617b932f026,17.0,0.2988561524911162,21139.92350567756,3028.989098475816,0,0,True,1.0
61dd2ff6-3dad-8679-cd97-4f52e82875e5,90.0,0.8890928884426389,29913.77046495528,0.0,0,0,True,1.0
547a2300-d6d9-59a1-7a8c-944bf5f05e48,16.0,0.4556446440765373,26982.503488801503,4771.404247813711,1,0,True,1.0
35ee0c9c-7fc9-f025-3a18-621498bd0bb3,37.0,0.9403248732360648,26978.328559818943,2165.4018198658646,3,2,True,1.0
da14a4a7-d745-b16f-114c-a1e2c8a9ce77,52.0,0.9951197894691892,25921.939773310125,801.7414456232382,2,0,True,1.0
f06f71f1-3b32-ce00-02e1-aa085c8dcef5,55.0,0.4965978025570161,32636.613470825003,703.9843445489582,2,1,True,1.0
ad3c6b58-db5e-0618-2355-ba24aa903671,17.0,0.2768692119569413,19371.02404560587,7457.360861586909,4,0,True,1.0
eced093b-a6d2-e49f-ac6d-a0f3dc8c5d86,53.0,0.8781076975720638,28054.55353416615,744.9238669546693,0,2,True,1.0
a0dc4f43-b649-93dd-dee2-1bcb7b0ddf97,52.0,0.8752631335419723,28106.21666093317,345.21242043582475,0,3,True,1.0
74f0f829-b7c5-5860-8ed9-aad7e889e0b4,27.0,0.98398672267496,12352.274817175208,2158.781548500089,0,3,True,1.0
6c100c29-7f8c-838e-47c1-08839a208173,90.0,0.9089284853373856,26279.27689334504,207.4664573656336,0,0,True,1.0
3614af1a-416f-af04-bcea-f3c019385ffe,17.0,0.710951784344453,35211.70082426086,6054.252967208708,4,1,True,1.0
5d170972-7e84-927a-2f0a-67125d4397a6,90.0,0.7436337396761443,21713.58381790276,0.0,1,1,True,1.0
26eb7396-b1e6-5339-4991-5fd808a135fa,4.0,0.6878416050177613,27239.497424335503,5613.864466787954,3,3,False,1.0
af6b6954-6207-d20f-ec13-86b16c5a2c69,15.0,0.6148504555252381,32980.63448029814,6756.363184850587,2,0,True,1.0
0fd07705-4b22-75ca-5f17-0fca993d22d9,30.0,0.5077910999537332,21207.828574323543,4091.964438948883,0,0,False,1.0
65c47eb5-da2e-340d-b470-46957aafecdb,27.0,0.8353528918231856,18603.313806292103,2257.8362092039174,1,1,False,1.0
26d1b8a1-3c37-b06c-8874-a40227fc2e9b,30.0,0.7027301731884822,22368.802424569007,2865.979701794813,3,1,True,1.0
be397b33-6fcc-2de3-334e-9e30683d0584,24.0,0.9444737619292436,32281.327824126416,4856.708236622985,2,3,True,1.0
c706887c-71ae-c445-6d10-f1fd98994e3c,55.0,0.9644854256790064,30098.16103759145,694.9688337791736,0,3,True,1.0
f340f771-1d9c-15a5-8702-3366d79673e3,36.0,0.4286436028428302,16705.230630159218,959.6964870146044,2,3,True,1.0
324538dc-73a0-28f3-94db-ea199691b425,56.0,0.5768988477224947,21716.09898455395,350.6031328782249,1,3,False,1.0
c3a91392-b702-cf9c-a0c4-9651d7b961ef,90.0,0.461274591555451,35519.47186399589,0.0,1,0,True,1.0
ec8131c7-2b47-bc56-b351-2ddb1411316c,3.0,0.873801368718067,25889.71026184414,3758.9235929724073,2,2,False,1.0
1d29c9fc-9cbf-8e27-727e-ca69a70817a4,90.0,0.569029037105902,24494.293844645446,0.0,1,1,True,1.0
f8079c33-5046-f66d-14bd-0e888add9d2d,13.0,0.8153401619337859,27084.477307005654,3834.006999141378,2,0,False,1.0
e336fadc-7158-9664-4034-7c8be275cd73,90.0,0.9396021971193124,17690.128025427774,0.0,3,1,True,1.0
96f43fda-fe6c-c21a-06da-f024361824ea,60.0,0.9939084728645678,19476.26783003669,0.0,4,1,False,1.0
61543273-d559-2f6e-1fa2-1d96831cc10a,41.0,0.8678384819186529,35595.209543614306,2298.013316146069,1,2,True,1.0
fbcc295f-42b0-64f6-360d-3a09ea7ba818,35.0,0.7899381074768969,35099.277663077155,6463.097658872353,1,2,False,1.0
a5d2e2c3-068d-f5e5-fbe8-03d2a57f9a81,90.0,0.8298937199420222,14924.795795686334,0.0,2,3,True,1.0
c2a47bb4-9cc7-3d01-647b-83b9de7385ef,33.0,0.9884501718989313,28674.929919908125,3540.132796246418,0,2,True,1.0
ee19337c-ffb8-4faf-52f4-2d26c0b20fc7,53.0,0.9781343585515984,36196.54935321766,1878.3175783732524,4,1,True,1.0
ae476ed8-73c0-821b-5cbb-8e3bc45b75da,90.0,0.7821421879152957,19310.48285601324,0.0,1,3,True,1.0
01b0187f-67b3-f06f-ead4-316f5c65cf96,23.0,0.394627998229688,24214.04442889834,3750.4845739881966,1,0,False,1.0
ce2db492-74e0-3064-a60d-6799eeb405a6,26.0,0.7435547733583352,40687.86833796907,3134.560881254834,1,0,False,1.0
c1310244-69e4-d0d9-545f-03bebc78ffa9,14.0,0.7185337406355687,35375.44640622649,14501.810178618687,1,0,True,1.0
0924995b-455b-6075-5434-742942563f0c,26.0,0.9604856691081972,33370.1154455263,5792.056283647693,0,2,False,1.0
c0b0ebb1-0324-9b8c-91e2-3ef2128f3950,28.0,0.6904052682460273,25194.29850743625,4101.124456550871,1,0,True,1.0
046e0fe0-a1d3-602b-79d2-ab2292e65dc6,55.0,0.6251572234044007,28018.554830809266,374.9070345557763,2,3,False,1.0
9a11dfe4-824e-a508-3b90-81873f8aa1b7,16.0,0.9696859493378336,28933.97211174604,5956.9039782773225,1,0,True,1.0
9e1e082d-ce20-3753-37e2-881a61356fa6,14.0,0.6492318251392142,38848.13613702109,3662.439651443003,0,1,True,1.0
ebe699ee-b8a1-6787-547d-9518ef370e59,38.0,0.2902657329626599,25677.34490611599,2212.704035113533,0,3,False,1.0
3a152865-443d-b965-8052-bb091589df3c,9.0,0.4237035263475096,24103.79437462412,2989.588125388355,1,0,False,1.0
bbf86b0e-7907-be1c-5be1-06b5b723bf75,13.0,0.4697863980359273,23625.78754325956,4876.925255310822,0,0,True,1.0
cb9593b1-8df4-e03a-9e3b-b7ad0997ff0a,3.0,0.5128280072011014,24559.58555625923,3665.621664576194,2,2,False,1.0
f09d1967-6a05-a391-afb2-376f02aeec02,23.0,0.451780543312209,23608.959404408743,2189.751999033623,2,2,True,1.0
deb0c586-34db-9fa2-8e5c-8db2404b9e5a,59.0,0.6603368617170446,27793.71994415697,33.60483155660361,2,0,False,1.0
ef011fb9-5f5e-bf4c-205f-4a64003508c5,90.0,0.9311689431022632,23522.180624856024,0.0,2,0,True,1.0
a7d3aa83-4e83-c586-4dce-1eb3efad2368,45.0,0.4689644206344282,31241.202700868424,1290.7519055911855,4,1,True,1.0
1eb8e752-3af1-8bd7-53ba-ffa8564514ee,42.0,0.3934762507772538,20725.9925950798,1384.2582299252042,0,0,True,1.0
3306cd6e-5141-0a04-e328-1101d2f6f278,21.0,0.997183830292892,23837.55176712891,4203.227692416349,1,1,True,1.0
0065d627-4cc5-7d1b-57ac-5d3d282e305c,25.0,0.88235628610598,24280.784007230035,3492.592175515738,0,2,True,1.0
340920eb-94be-2363-e5b2-bba1eb2a8103,90.0,0.991512394238144,22644.63413591716,0.0,3,2,True,1.0
82456c69-611e-5eae-bf17-b2eee61a216a,54.0,0.4972605341577585,30607.13851834594,430.47319498903545,0,2,True,1.0
3ea7e577-8870-c8cd-d968-a62849f395ba,38.0,0.9148221138408686,35979.09478003999,4314.869384754796,0,2,False,1.0
c151f8ef-f82a-1a76-75e2-adee36ea8c80,90.0,0.4712374070086401,23261.873247599684,0.0,0,2,True,1.0
57b11a49-616e-cfa8-e8ea-8f61637937c6,10.0,0.277441869631308,31575.3459589694,2328.556229467617,0,0,False,1.0
f72cdea0-dbcc-8c3f-2f90-58b4ba1950c7,47.0,0.6882405263039642,32352.35292495904,2794.7934385445037,1,2,True,1.0
d57e5038-aebd-1d9a-3383-67935eb4480d,10.0,0.4452744163023754,32881.27229532048,1298.153687297844,3,2,False,1.0
10893ef6-e071-41b1-646a-af3e93bdeb51,10.0,0.3294988016973359,27849.846534007,11031.65603711976,0,0,False,1.0
d4e93d4f-3fa8-bb0c-05e3-629156787f21,37.0,0.4295943551267677,22586.121113562916,1530.4843131567725,2,1,False,1.0
04ef7eb3-0402-edcf-76ef-4b4cf67ea672,16.0,0.7990841566883248,19972.974292854487,2444.6436023307165,1,3,False,1.0
2d9da0d5-e2f4-0d47-1f5c-ac965ff4a4e6,56.0,0.3854235214617312,25502.180395064668,308.6896526894165,3,0,True,1.0
00d207e7-ec30-3f1e-4e3a-d48e304369d8,9.0,0.4570220598521425,37153.49022284552,8908.528487726437,0,2,True,1.0
c6f39fdd-4a2c-82bf-7e15-ef38b7dd9505,22.0,0.7688202086109419,32829.62842137525,3356.1257461032046,1,2,False,1.0
8b9197ac-a1f2-6bca-206e-eae960d48345,3.0,0.3160802641764897,35254.02674365785,4087.443051918801,1,1,False,1.0
f60efb25-e6b6-857c-2dc8-209cdda9e65e,4.0,0.7022120490603895,38680.64736659048,10219.6926601686,0,2,True,1.0
c0a69e67-2fb1-98be-6f3a-347618fd5c49,6.0,0.8376657056225166,33144.52858032378,0.0,2,0,True,1.0
ac543e98-b9b4-d4ba-e1ca-291f89381194,23.0,0.8885951358380042,29685.40436875821,1831.835423803236,4,3,True,1.0
d69ba8c5-34f9-2224-e4cf-9b0ce8240403,11.0,0.8744921096380696,28796.973563228672,4055.024782405318,1,1,True,1.0
a4b1449d-853b-dfa9-fb85-1cdf7bbaf44e,45.0,0.9558556555583272,24795.57346366638,2344.390417362718,0,1,False,1.0
324cd702-79b8-bf45-cffa-59ee183f6216,27.0,0.4607311194381286,23024.51773151138,1793.6704493508437,2,0,True,1.0
af4ea92c-1fbb-a3bb-e677-7bb205cbe1f6,15.0,0.6014770252297903,33164.10011022285,3131.4435190065533,4,0,True,1.0
fac1ee96-3233-9eae-7bd2-8e598da06fec,32.0,0.2999327532800767,35592.51031155168,3898.070922987568,2,0,False,1.0
cb1128dd-16f1-afd2-db5b-1cb7254c7d7d,21.0,0.5583388426097056,35471.86900577207,5628.806654448755,0,3,False,1.0
c3258428-ca51-63d2-bdf0-ae19963407b8,18.0,0.7995074983523358,35384.12444627375,4003.174813784239,2,2,True,1.0
2950dd98-408b-f7cc-b87b-fd974d492e84,34.0,0.9243114230027336,29525.907452948577,3070.638658114412,1,1,True,1.0
b2a533c2-1406-0fbd-fec3-6c369d110f55,14.0,0.7714199063496864,33417.41149947681,5662.236553642864,0,1,True,1.0
eddcb8aa-ecc0-e769-8eee-8c3272a83e3e,90.0,0.9486928840773428,26945.068495420062,0.0,1,2,False,1.0
7e849282-3bd1-8841-7ada-b45f6679504d,31.0,0.7441679627382034,26418.58476836277,2797.8326449694973,1,1,True,1.0
f9c97dbc-a6f9-26e1-5011-a32176ad8ad1,51.0,0.8325397740785668,24104.035255808885,956.1280395327328,4,0,True,1.0
fb461a55-ae18-4a1a-357a-3286ed130a3e,11.0,0.8247794036261313,12880.033257112736,1450.776310080763,2,1,True,1.0
bd8100ae-7ac3-6fe8-fb70-abe87b886c63,31.0,0.4166396856272891,32597.640667077078,5315.737664536255,4,3,True,1.0
12b25109-3367-d3d7-25e9-2d6dcb0f0cf3,13.0,0.7866364831355519,20098.99043563261,3296.8739469520165,0,1,True,1.0
1378e682-3c77-9b15-aa66-9d698c9fc93a,90.0,0.9932206230970656,21745.46538625908,0.0,0,2,True,1.0
f4148855-6ab7-ba8d-e5aa-0265da95bc3b,20.0,0.993574923426767,30060.157193004343,8327.543124352804,2,2,True,1.0
ae32fe9e-146e-d1de-76be-ead98a22db6f,90.0,0.9565759606056008,15539.902030586634,0.0,1,2,True,1.0
2387fca1-b3d3-b972-1ff0-9cd1bde53293,13.0,0.8361771582504071,28457.02613998432,6981.637671955815,2,1,True,1.0
f51a3ef5-925d-180d-8d23-aa9878238b86,90.0,0.9967630595390008,26053.46112621508,0.0,2,0,True,1.0
45920df0-c61f-dd67-9352-3495e411de28,29.0,0.8322554742506661,39142.03503706124,4435.760027346163,0,2,False,1.0
51bd069e-8893-3b6e-da95-4388d6d221a4,29.0,0.8997810986232186,26736.667047925333,3268.996614682168,1,1,False,1.0
21879e5d-c7d0-99ca-6f97-0422b77abdea,54.0,0.9405070365098042,26785.494299298283,363.9146650987872,3,2,True,1.0
601a9416-8e3d-5c7d-a8af-0c6a13d0e33d,90.0,0.9815178106041564,21218.385581590403,0.0,2,1,False,1.0
20de54fc-9a1f-6b6a-2124-9aafb0169031,39.0,0.9365305426159828,25780.71656262952,2135.1183925945534,3,2,False,1.0
aa675c4a-e94f-2cf7-f935-5a691f59f1e3,3.0,0.9061364884009788,35063.26252286554,1935.254631479819,1,2,False,1.0
a8d55e52-f063-b4b8-1d3a-2ab54d6bb053,90.0,0.8991278057641242,28762.22662204429,0.0,1,1,True,1.0
f9c1f34a-56a3-9ad2-d27b-53551f436503,14.0,0.9883957336583644,23297.49671436578,3308.020500918183,0,3,True,1.0
7ecf0591-e4b3-3ced-4dfd-2cd6f50d987a,50.0,0.9907696566048572,27539.23620393769,298.0249327927009,2,2,True,1.0
04366965-56c4-804b-8c7a-7073aa1ba0eb,90.0,0.5010720353249956,36221.19327433704,0.0,2,1,True,1.0
1ba68ebd-abe9-ee47-f36e-effb4a4449bb,29.0,0.7721021290730213,20287.67304640364,3561.306620599184,0,3,True,1.0
42c91867-07c9-b0e8-d2aa-34a49189bb65,31.0,0.3330964247554404,32388.992513260106,3360.379103492386,2,1,True,1.0
fa0611e7-d1a7-5fd0-b043-3713b479f67a,90.0,0.6933666614246671,34567.21408306118,0.0,3,3,True,1.0
062bcc5d-579e-550d-d086-547d841491e0,48.0,0.5550969153071346,24445.71735920837,1302.1233319306582,0,2,False,1.0
a4f6c271-dfbc-f7e3-549c-68d34e344563,33.0,0.9876137818506252,15476.658710142812,861.046777158679,1,0,False,1.0
3853a744-8330-1035-b131-3fdab329525f,36.0,0.7136285673268565,21619.145922769385,1465.1678253608775,2,2,True,1.0
fc7645cb-da11-33fa-a57f-ee58bb7c6b0d,90.0,0.3325294847367801,29788.359313156543,0.0,2,2,True,1.0
470e48a0-b9f1-ab64-7bf7-47cc97398034,90.0,0.9817774055771418,20101.25588881747,0.0,1,3,False,1.0
5f92eab3-6302-e72a-7da7-8170aa9d5268,90.0,0.7853365318334277,29404.184961603696,143.76725828964638,3,1,True,1.0
7bf6d775-8178-659f-7bff-366650d3a688,10.0,0.8641554337856695,34295.926506757096,6085.597272152137,4,0,True,1.0
0d8e92af-965e-70b9-05f3-11876b062403,13.0,0.3455050485326052,32821.27061890842,2253.410955500499,1,2,True,1.0
5e1fed00-6532-6cf1-de4a-56729061098e,35.0,0.9140432090044625,31871.232850886867,1515.596494671718,1,2,True,1.0
c7a768a6-33df-912d-c694-be1293679077,37.0,0.4066253359816139,25351.458646594878,3016.9320471790024,3,1,False,1.0
11c985da-cd43-2133-ba76-560f94769070,90.0,0.5480478218175735,19843.55890723752,0.0,4,0,False,1.0
2ea47c4d-6b8c-6685-9bc7-7f0372380e16,25.0,0.9202256518997228,28478.84103324713,3016.334894588352,1,2,True,1.0
f58deef4-94a2-ccad-c5ab-ce430ae48fd7,16.0,0.6526435517721337,31342.183113551426,3812.1689986080073,0,0,True,1.0
c719bc20-f366-b058-7e07-feb196993505,90.0,0.978897355636709,18896.374346026405,0.0,0,2,True,1.0
c6ef7c12-3fe8-e9a2-8a06-ae99af9cc807,56.0,0.4484913410652668,17417.13458796469,187.99389959755172,1,3,False,1.0
7f07ebb3-84ad-3bc3-c27e-52fa9c387001,18.0,0.8408252073820145,23999.73547894213,4513.314837976036,3,2,True,1.0
6efe3d75-0f23-3f96-a821-ffaadca761e8,40.0,0.4990592733687349,24596.47433166654,142.86566995548506,4,0,False,1.0
b29be0cf-815c-480c-16bc-9b5621e50486,10.0,0.8773160795028531,32049.91504055835,2128.5899843822317,2,0,True,1.0
48bcef1a-53cf-6fb1-b349-e935e34585f3,20.0,0.8426922478794673,28878.440056007847,6509.758496061283,0,2,False,1.0
ca87ee47-b4c1-8e82-af8c-5d5160e10ad8,90.0,0.5788823940125948,26923.7524604514,0.0,2,3,False,1.0
e4ddcf9d-9aa6-1674-8910-1f4c8a4e3f5a,25.0,0.9519897553421284,27551.495752040395,7350.42797707874,1,3,True,1.0
989b739d-e7a7-68ec-7ac1-f09f6cb6c3a7,49.0,0.3731457643619213,28130.508467705036,787.9584194702472,4,3,False,1.0
945dd757-8471-61cd-15d7-345387c44e7a,22.0,0.999268265622469,28859.35925262772,7657.507815257365,0,0,False,1.0
24217db3-60f9-3e4b-f1f5-14115185a465,5.0,0.6276208648249946,31078.73554070884,2341.2551454309546,0,1,True,1.0
21739374-ccfc-0679-c485-82a02314590f,18.0,0.3304650529033197,31501.388401386943,3696.42487228218,4,2,True,1.0
37231bfc-1e37-e5e7-e771-55cb2063838b,4.0,0.9338049322826908,20574.989456599003,952.9384100237096,1,2,True,1.0
2df22b12-9c8f-db10-9d9f-056e48be8d81,42.0,0.8384893778113691,24184.33991439371,1779.4343519029292,1,0,False,1.0
61d00527-2b4c-08da-5e4f-2e16a571d080,11.0,0.946340568748094,22221.384901693255,4452.9290414047255,0,1,True,1.0
1f91f631-71c2-16cc-4628-440aca13e9aa,47.0,0.4600791774924025,40403.669678268845,1396.995961840175,0,2,True,1.0
5f2e2adf-e013-9386-3feb-241e5160e718,90.0,0.439306146110254,17135.480116050538,0.0,1,2,False,1.0
c29091df-df2a-85ef-cd08-2a046e631c9f,36.0,0.4956436253071325,25177.6303914245,1073.9403717489274,0,0,False,1.0
06d27ead-8d2f-ee17-d162-a726304e54da,48.0,0.5007686365908435,31760.43804782933,260.57357988656446,0,0,False,1.0
dd0c11b2-0e08-f8e7-71f0-c56dcaf94c74,90.0,0.4932190258919209,38826.77736397333,0.0,0,1,False,1.0
15775edb-8a50-276d-7da0-971dfc0dc1a8,19.0,0.403503438155403,21832.5558987058,5252.29436625147,4,3,True,1.0
244e28bd-aff8-fc0d-2453-1262b8c3ff6b,9.0,0.9255667011592408,19109.67130670705,489.9508012458917,4,3,True,1.0
a2f74216-8099-8a3f-4e20-b3f0dbf6b818,20.0,0.9997147847684228,22971.864024143542,5728.214112322081,2,2,True,1.0
65e244e3-e5ef-bfc2-0f21-4f24d1a42026,38.0,0.6406553455592398,24595.79720502536,1207.989073705798,2,0,False,1.0
006856a2-3005-2f83-2ec0-73f151e1d129,31.0,0.5305361861487287,31733.182534218333,1840.1468651413584,2,3,True,1.0
502cecac-cc7a-2759-0f7f-58176750fd3a,26.0,0.5166872607918296,26441.96578636068,4229.659942474839,0,2,True,1.0
9ed08201-d51e-8bc2-a33f-5e9632478975,42.0,0.9257199685424176,23583.213610291958,2460.604214919253,2,1,False,1.0
e1c5d5da-2e1a-b152-3654-c635be41c580,22.0,0.7947478269975741,31316.709408546456,1816.78470025566,1,3,False,1.0
a92582d4-2612-ad3a-aa51-6572382a1619,22.0,0.7068321618970985,37517.70113383292,3672.399211301532,4,2,True,1.0
c5c90d76-f4de-0a17-f452-b3e330013ecd,90.0,0.977418735636086,21283.794020029,0.0,2,3,False,1.0
d75a335f-9c7c-b7a7-1afa-e092fd5b81f9,27.0,0.8324892191724752,20359.7746702882,4310.067008406557,3,1,False,1.0
d35b3432-c547-28dd-c732-100437728078,90.0,0.4258969012860107,28050.83003237396,0.0,1,1,True,1.0
8bd7b337-13e2-7e3e-af75-4212efa56400,6.0,0.3337909994382755,36651.836457181525,2086.311806983659,1,3,False,1.0
8879707d-18f7-5eea-2a0f-bf2a701325e9,45.0,0.507843032598074,32095.01592913672,2238.806312683964,1,3,True,1.0
448a81f2-5884-26a5-6b4d-a064e4be3946,90.0,0.8185499315014875,21935.803125981744,0.0,2,0,True,1.0
c63307cd-9cb9-9a02-a5ea-762d365ca277,8.0,0.3173336192322303,31048.803419046275,7105.413632100524,2,2,True,1.0
ecc98d7d-21aa-2d0a-b02b-2aca3b0c0f72,38.0,0.924186984163436,29224.120065314408,3581.3041739809305,2,1,False,1.0
a949e595-1e27-a537-c811-27ec1b245d7b,31.0,0.9490798021115474,26707.564445240765,3413.442564319219,1,3,True,1.0
5e67ec42-0a52-2e86-64ef-00a1fce39858,5.0,0.3834266139125107,25058.115352820743,4165.896390918221,0,1,False,1.0
2a1d8a77-e1c1-d25f-85df-16eda05757a5,5.0,0.4252707610277227,29989.899798792805,7063.015154863015,0,3,False,1.0
f0c5e3ce-c782-b5aa-088f-25ecfaf5e08f,57.0,0.6107183635333393,21962.62825126926,254.76557115696943,0,0,True,1.0
1e6b4400-1c6f-279b-597c-58660e8f32c7,40.0,0.8748470882144179,32894.09186087762,3016.8453416753805,0,2,True,1.0
3475dacd-1424-0510-8abf-a1e669854608,11.0,0.4789168392944128,20095.763939368604,6465.550724418104,4,2,False,1.0
a409b366-9352-919a-be6c-4b83ce6bd264,43.0,0.9278307209779432,24553.39160300961,1731.9917666433323,4,0,True,1.0
1e84a8ab-d884-9006-a8b7-d1418a9a3c88,54.0,0.7205728397618288,25314.44722618644,747.0995168866788,1,1,False,1.0
1f6c73af-9830-a714-0a09-01a5c7dee976,5.0,0.954376598692475,30447.762232182675,5956.090175325374,1,1,True,1.0
81f49b2a-e437-1cb5-a6eb-b53c30d9d902,42.0,0.8376880369622481,27482.178551895267,2518.676247473595,1,2,True,1.0
9331be11-55c2-b8ff-940a-852b5eec99db,90.0,0.3337006605188377,23098.57377928108,0.0,0,1,False,1.0
11e05397-48eb-8233-01f0-e209e339fc5f,90.0,0.963237980892788,22692.60441401233,0.0,4,0,True,1.0
116aa50b-3aa9-3e28-2536-bc9ee9142991,44.0,0.4095379269353753,27694.625668221328,1549.0402256528046,2,1,False,1.0
2fc84b7d-2aca-8ca5-3f55-d014fc645fbe,90.0,0.7164819110918549,19332.916002036876,0.0,0,0,True,1.0
02a8f91b-e433-dbc4-8592-2641c83b95f5,31.0,0.959603065012056,25721.197895274043,6440.8048020730985,4,3,False,1.0
64fe20c7-c541-55f7-4340-03496d2a7f1e,23.0,0.5232205520678568,35066.133051687124,4477.0719325157415,0,3,True,1.0
8fc8c61d-31c2-6a2f-bfab-373d2511370e,3.0,0.4208609188608168,28229.63458337206,2212.924196338968,2,2,True,1.0
cd8ec2c2-c9f9-a636-ec94-e25195de7f6c,55.0,0.6133776042150619,33199.632281577506,409.9134245777383,2,3,True,1.0
4e799537-427d-34bb-dd48-dc5e43d16cb4,90.0,0.5753585381977019,16514.305380134658,0.0,4,2,False,1.0
3ad358c8-c6ab-5288-ccf7-b8b430a17056,14.0,0.853299921390532,39438.79406570207,7377.094399676933,0,1,False,1.0
985d3f71-d4a5-caee-d1bb-8372674bb6b6,21.0,0.9990759985887108,11301.029602973718,1349.1873337123443,3,0,False,1.0
4e767a0c-e6a4-b9ea-a764-4ab93fb09c58,48.0,0.6059970129403383,33266.30486381762,1481.2569059981245,3,2,True,1.0
e7748e53-2c58-2255-cbec-b60490c7b848,36.0,0.3712099724478703,26354.755647233047,1474.2258394452988,1,2,False,1.0
eaf42469-2207-02cc-0b7f-775a75dcf9ad,90.0,0.339270710200964,23595.758730712743,0.0,1,2,True,1.0
3e53e094-065d-8141-f2f6-72d15bd88b5a,6.0,0.570440693457808,23759.527097488557,7205.720640566586,0,0,False,1.0
270f3bdf-d3e4-38e3-d500-3dad0b188c01,14.0,0.6164548238372022,29910.39955637042,5416.657337828627,1,1,False,1.0
7e3a51a6-d09d-0186-a94b-5bf09b372aed,27.0,0.5585832717521748,27119.335393613383,2733.6231484411774,0,2,True,1.0
49131708-8481-d3b1-0f08-bc8b2c4e8d86,90.0,0.7657648303615178,30760.389859353345,0.0,0,3,False,1.0
da9bcd31-5dab-c469-74c7-34af095c75b1,59.0,0.5285844971949941,24553.729082510585,87.94831549056894,0,0,True,1.0
1161324a-873a-946f-d145-73fb3da895ac,53.0,0.4615700710608112,30996.06333523436,228.44764025557524,3,1,True,1.0
f9ff6aa4-f51b-3c25-fe2d-2a1c7e21aa59,17.0,0.5098594000925015,30331.686976907175,2167.43039294904,2,2,True,1.0
fdc75bd8-b9b5-19d7-b555-88cc21415923,50.0,0.2994135195783935,26598.595124390195,0.0,4,2,False,1.0
07ed7a27-0720-ec68-d4e1-5e5610c7b2e8,90.0,0.7132586347986916,26742.734410318768,0.0,0,1,False,1.0
827b592e-2f84-a974-c8eb-b2e885c34ed9,53.0,0.4255533609670445,27653.83281860824,507.0523359286728,0,3,True,1.0
c77765a1-3540-0e0e-6a82-ca6849d8a48e,27.0,0.936178258646211,36677.71081971568,5592.440285393949,2,2,False,1.0
0089e59f-5d48-3d8a-29ee-b9dc3f8014f7,90.0,0.997602072067614,22714.018821199057,0.0,2,3,True,1.0
858c23dd-f771-2e1a-6da9-09cb87613822,90.0,0.546519216345074,32659.97267476713,0.0,4,0,True,1.0
e0cb3448-88fe-8be1-b762-7f9e73d5ac37,12.0,0.8149284805049295,29395.96848103457,10191.60350476938,1,1,True,1.0
460d6b6d-0c8d-8d38-14c0-71f28ef22c43,37.0,0.4052622326897055,25503.8128476404,1641.1252300246294,0,3,False,1.0
e421308a-010c-a84d-e2e6-e8321b8a4a8b,29.0,0.9331824507340452,32021.456281857943,3601.0781620421453,0,3,True,1.0
aadd5696-fb91-c0a3-cb3b-f56cf907c01a,30.0,0.9579218637697092,19702.29245672415,2506.19432864928,1,2,True,1.0
d8c1fb4c-64fa-6d07-2376-fcb2c2b5edaf,90.0,0.3136248049389235,27788.52656904731,0.0,2,0,True,1.0
9130c807-ac04-49ec-260c-25c0001e8593,36.0,0.4176759632329078,30624.465025572063,3135.978295176653,1,3,True,1.0
933490e6-613c-8606-c32f-170f51ec77dc,90.0,0.8072389269469865,22191.15322379457,0.0,0,3,True,1.0
54cc9239-6a84-5a96-a66c-8bd169aadb3c,30.0,0.2848909763295714,25952.943083285147,874.5859666651078,0,2,True,1.0
5cba2074-90da-de84-b6d7-c4e2bc14e555,90.0,0.7302155354403751,22774.413043344568,0.0,0,3,True,1.0
65dd7db7-7102-dd4e-7933-24a69e30da69,16.0,0.5256611935111553,28453.26558178411,5462.179591305353,1,2,False,1.0
4554ab9d-d1f6-29e2-9922-cb773aa0f7b2,90.0,0.8543709535615199,14853.745755781809,0.0,3,1,True,1.0
f6c4d3ab-447b-d86b-a4cc-55a3f0908440,90.0,0.985890395046359,22280.97814255797,0.0,2,1,True,1.0
7e306c44-5704-1c88-582a-bd903ffe120a,33.0,0.7148678259147593,27414.40400343163,2322.8663858425293,2,3,False,1.0
c19ff981-0a9c-1c38-1e57-7c795fb7bb27,90.0,0.6403569090433535,36130.61825796521,0.0,0,2,True,1.0
2a7608c4-0992-0af9-16ec-5937fe65b027,45.0,0.7712386130996954,32617.67138773083,1314.2631876478492,2,1,True,1.0
1f589db4-b5d1-7689-b31b-687af3e73334,50.0,0.4010120479305641,32180.62216122989,1892.052524551096,2,1,False,1.0
3cb0bdc4-6f77-68b9-73ab-34b53d6ed613,90.0,0.8332698269383652,28795.525589845736,0.0,1,0,True,1.0
17f5ab52-e409-94ad-5631-810cf76a7d1b,44.0,0.8929411769304038,22834.198813940937,1243.91691700991,0,0,False,1.0
04eb1b84-84f7-f32a-6b00-f0bc1c2a320f,90.0,0.2856415311412156,26300.932743674413,0.0,1,1,True,1.0
f58fca2f-6197-1eb9-07a4-28a7394f2c25,60.0,0.9164649794271412,27982.103592383817,0.0,3,3,False,1.0
1c4e5120-0dc1-1487-7aae-c9951fad7060,24.0,0.6349265300371019,28254.55319482085,2047.9950195362735,0,0,False,1.0
f66e2bb9-3091-ad9b-14a7-f6fb18362820,10.0,0.6837747338720814,29103.551647311026,7817.369820619502,4,1,True,1.0
6272c687-1a2e-7681-fee1-6b471a809d6d,90.0,0.8285992917069626,23983.003399461457,0.0,0,1,True,1.0
d5579c95-deb3-876d-7836-488fd5e98ddf,90.0,0.4126410652535275,28671.68179949674,0.0,3,1,False,1.0
ac37db51-21e1-b151-1731-8f6f24689710,46.0,0.8688754662543562,31817.766982090838,3261.413661755382,0,0,True,1.0
39fe21fa-b509-f7d4-6641-1dc7646d6f85,37.0,0.3439657860645742,33341.55801731489,4377.358848678065,2,3,False,1.0
215dc4d0-c9c0-d66f-d298-78109b127503,39.0,0.3968815459971004,35845.19018586687,2997.2471728483524,4,0,True,1.0
5cc5c9e7-09cf-17ca-2a00-4e25f60dc0bd,12.0,0.3336355674023113,34035.18660101062,12471.21307365504,2,2,True,1.0
5dc2222a-d9c1-83b5-901a-87b3a1faa047,3.0,0.3437727337334527,21906.91937409103,3570.115195243252,0,3,True,1.0
90059d3d-558c-cfc1-aa21-5b38dc50b5ec,90.0,0.9965769407159828,20550.085823455865,0.0,3,2,True,1.0
b3a9381f-12ec-172f-7f82-28aa668c418e,30.0,0.2787069641601022,18261.571643446383,1814.013993018492,1,2,True,1.0
187d37f2-deec-91b0-e5de-1257582cd938,45.0,0.9714487858809464,26138.32977003933,777.0864002619213,1,2,True,1.0
fe0007e0-ee14-7bd6-0e44-8098794242a1,45.0,0.3933353786948169,36119.51307557623,1739.767304945729,1,1,False,1.0
4dbd1a8e-77b5-dd75-61c7-0dea6b819b8a,22.0,0.9233730105281628,21681.96514773185,1940.5992578422697,0,0,False,1.0
d733ad74-43a8-3998-b4ef-46e2751a4f69,20.0,0.9911620780055715,18439.423321960458,4855.900910657541,0,0,True,1.0
11dcb543-7388-72ee-b8f1-91035f443635,30.0,0.8718278426424477,24018.29607905245,4045.849010989189,0,0,True,1.0
377272ab-9863-1fdc-7346-7bb6310902b1,90.0,0.99914968725464,34422.21471246588,0.0,3,1,False,1.0
be5f50d5-5ca6-9b87-0854-c6c40020d661,90.0,0.944402257947244,28027.973030594523,0.0,2,1,False,1.0
3b81a926-fc50-5cfd-80b7-bbee11018ebc,6.0,0.9899667009730774,30245.034544034366,3430.7589421275907,0,0,False,1.0
cdc1a47b-a1ff-9779-291f-71eeb92f7765,36.0,0.5657103973234122,34971.839850961536,3427.492715420972,0,1,False,1.0
0527b6fd-ba55-0978-786f-9a2e3602b1eb,5.0,0.5897985661394284,34225.17923651477,8059.290322729475,3,2,True,1.0
19f3972b-1993-a73f-b30f-d6e58dca65f6,24.0,0.9123311168093472,31843.371518929765,2794.798232364006,1,3,True,1.0
7622f171-3eee-6629-634a-831bb71ca488,19.0,0.5125334128301985,34972.859700085246,3385.753301621944,1,1,True,1.0
ba4cf8cc-7ff1-10c8-1608-92303f5ef5ca,37.0,0.9443957236616896,22983.79061105893,2183.496961384338,4,0,True,1.0
6b034759-3cf0-7df2-b6db-2b46cf28ac30,60.0,0.5799399893562089,30197.8924890014,0.0,2,1,False,1.0
54fee413-c917-7152-cfc4-88a3cde8279b,90.0,0.7463400978057347,31401.03096588858,104.64652462634074,1,2,True,1.0
c37f2d28-0a01-3f32-962e-12d4d0753e71,90.0,0.9592395325134216,23661.60268155829,0.0,2,1,True,1.0
90cf8698-3021-f6f6-8f7d-a7255cf68bf9,17.0,0.4314135638874837,22658.65624000236,4639.373630261001,3,3,True,1.0
c0c58c0c-82ff-318f-0f41-df5e29eeda50,90.0,0.7584782363957405,41360.60052023098,0.0,1,2,False,1.0
36646a9d-65b7-9fcd-f5e6-7e8019905d30,11.0,0.5212357533172717,28670.90076506981,3945.709320703363,3,0,True,1.0
08ffea0c-7507-1362-21c3-9ae84724a69c,22.0,0.8582997993007278,26629.382484861173,1420.2846516742593,3,2,True,1.0
ea1c3e0c-2afb-c688-dad2-d85870a2e3e5,90.0,0.3783857210684517,21285.90827949855,0.0,0,1,True,1.0
e7981ccf-6c01-15af-d2b8-c40664da8b3f,29.0,0.7122452705545714,17524.6436756415,2411.30630121483,1,1,True,1.0
4d70e3bf-e71b-190f-c8f6-bd3ad9fe8b4f,44.0,0.9590112371843612,30870.83731595938,2276.528869366817,0,0,True,1.0
408bd7a7-8c34-5709-b61a-2af34c20219a,20.0,0.6740506479060688,26272.37828340867,6867.218976165245,0,2,True,1.0
a3a86e19-5872-5ea7-14ba-2106d9ce4162,34.0,0.9539845201335212,19031.77680063065,1562.9927333090584,4,1,True,1.0
5cf886c5-d96f-c308-19eb-495a08d053a7,90.0,0.8057362128668454,25238.03072383656,0.0,1,2,True,1.0
6686dcf1-50c7-b0d0-1d18-00658c3c51c3,90.0,0.7855940226864357,25701.621548807307,0.0,0,2,False,1.0
af609f12-7a77-0e07-2843-4184bfba521d,7.0,0.3785513605504171,37666.15401710916,0.0,0,2,False,1.0
0b7edf5b-e387-2a3a-5a84-fe5eb479618d,37.0,0.9468593812282872,25247.770793610605,2373.33427469613,2,2,False,1.0
2249d9b1-a10f-aa66-3bca-23b2503c0658,48.0,0.5070550920495202,28477.46721235569,1541.3007476451423,0,3,False,1.0
b4d84ff0-d36d-f5c1-b13b-5a933b3ef724,90.0,0.6708909316610343,24519.483553806225,0.0,2,0,False,1.0
89c93592-f66d-e357-96c3-db6a9b639920,13.0,0.9783979770781788,37934.03586271945,6517.017883393529,1,2,False,1.0
e8e31fac-6c24-d650-d6a1-d2956155b859,21.0,0.9789667983204628,24243.041746567967,3626.727937687975,2,1,False,1.0
6391f96b-ccf2-e093-e344-3fa2545143bf,90.0,0.6468317166792064,24129.36223744246,0.0,4,3,True,1.0
6ddb5939-dd12-73cd-2035-dbbfbae7ce63,90.0,0.925270071615532,24516.0523417809,0.0,3,1,False,1.0
976fa629-100c-c441-f3e9-abf83e1c6122,24.0,0.9777472325111324,26495.196802409573,3402.129454004208,1,1,True,1.0
32c610e9-964a-c96d-9499-804675daaa79,36.0,0.9909433489188838,36882.1605432762,4451.186350111213,2,0,False,1.0
acba6567-7778-e984-3592-46a67a3c6548,90.0,0.5459330072832352,26306.971908853942,0.0,0,3,True,1.0
95b629a6-d0e3-f20b-9f9d-54554eedac46,46.0,0.9892163185743736,28319.915647932383,1433.0489596226164,1,1,False,1.0
a9aa2265-175c-2e99-4d78-7147c85f3d21,90.0,0.9588635074212302,13490.349478688251,0.0,2,0,True,1.0
e7ebec92-85e4-86dd-6fad-99694d38b404,37.0,0.9942737769105496,23365.265532621528,2543.242894445167,0,0,True,1.0
3ac1e593-2e14-b8ea-7eb4-f44eccea98ae,58.0,0.4571738004533653,18560.15990617671,189.00894751987732,1,3,True,1.0
b96c2c59-f38d-681c-7d57-ba98cbeb83d7,90.0,0.9478620988978615,31287.56050517476,0.0,0,1,True,1.0
69ee78fc-c4e2-3c5b-1323-029cdb57e0d8,13.0,0.8626600001603033,32519.145948339265,5662.515911521768,4,3,True,1.0
52138b7c-52af-31cf-67f8-83f05c3a07f9,54.0,0.9548839108995648,35021.146713341644,633.0492197581011,4,1,True,1.0
226be523-d6df-e792-75ca-2371fad0c395,6.0,0.9040579229512044,24218.105074914933,1306.7881549758515,3,2,True,1.0
c80b1921-6959-7e57-1c9e-7d9cba113b1a,26.0,0.5906241051401594,25143.6606102381,4769.789478730534,1,1,True,1.0
822c32ba-ffe4-ffb7-2965-9f6c3ac27496,57.0,0.6609203854177135,21579.009604164767,309.8275807452287,1,0,True,1.0
378f0724-924a-c01e-6180-8803cd130b22,90.0,0.868529923120895,29729.087628125217,0.0,0,1,True,1.0
09776a9c-4599-6d51-609b-5f95f4b321fc,55.0,0.9937133299142892,29203.10796612235,422.9720576336744,2,0,False,1.0
1c1af9c1-5e93-6eb4-64bd-7e8d548395dd,30.0,0.5596102653118881,20696.28575926285,1892.585791430376,0,1,False,1.0
c4e80691-b7ea-f340-eaf1-95f67720e162,90.0,0.3722248338752359,16280.584211194622,0.0,0,2,True,1.0
5c0761d6-e97a-5330-3572-40f2f334afe7,90.0,0.8650926769665794,18615.226109431464,66.02834142076513,4,2,True,1.0
98031598-7a94-4fd9-7837-5129a42d896e,9.0,0.9286828063303992,24312.558467877832,3588.6037845124333,0,1,True,1.0
b28382e8-05ff-d1bb-6e64-e2e07e34f14d,90.0,0.5562536817776924,20065.633672807813,0.0,3,2,True,1.0
b9b4ee7c-8dce-39e3-568f-1af8859329a9,47.0,0.9922153168355604,15990.155595873117,631.4184166720298,1,1,True,1.0
2090832e-1080-0de9-1801-1065d142ec66,42.0,0.404209096141949,30611.49984160326,0.0,0,3,False,1.0
5fb213c2-060c-56c4-8b82-fc5a405418cf,14.0,0.90976172272755,36675.64136747202,2138.8201941644347,2,2,True,1.0
b50a994d-aa22-7f55-cd4f-68cfdb44306a,50.0,0.727873984222317,29851.795668048264,1792.1592188677116,1,2,True,1.0
d9c571ca-35fc-abf7-c259-aaf13934a81e,60.0,0.4658922490467423,20481.49701800052,0.0,3,3,False,1.0
d1eb33e8-7f00-db66-a041-48de11bbeea5,14.0,0.8088510323071764,25919.225343541413,6229.105772127015,1,0,True,1.0
64385770-b62a-d1d1-d27d-9e0ea0ec5aa8,16.0,0.4929670150193001,31668.1856426783,6383.489244103642,2,0,True,1.0
3d1c7063-1a3e-bdf9-b84b-c20f1bc1d8ca,18.0,0.9864355469612404,23580.861085953176,897.3594965709315,2,3,True,1.0
d8f60858-80c3-b7f3-7488-a9cc37616ba2,23.0,0.9832290841803232,24259.59931940726,3996.745949527919,2,2,True,1.0
bc54c74b-44f6-d0be-39ed-05a2b956f91c,3.0,0.7261516528341536,29880.217590654607,2590.3246486945127,0,2,True,1.0
cb8dd1df-2a6d-f26e-39f4-e7398d19ab4a,59.0,0.4693986234741314,29814.80271553177,85.23041671820464,0,1,False,1.0
7ced142c-1d8e-c76c-26ff-4221f575265e,50.0,0.4236807876933416,30251.02592880618,468.3365420270768,0,1,True,1.0
0d50cc18-ab39-c464-2c25-2c2dfb4c2b92,6.0,0.8481827583392445,23521.49148678255,4882.5370320696165,1,2,False,1.0
23d73caf-5131-da39-fdeb-6a5574da5176,90.0,0.7358504333191044,28421.139565064477,0.0,0,3,False,1.0
4c48434c-802e-e173-dcf0-74a20df9aabf,58.0,0.5971134324719984,18928.354168235768,220.11546705252985,0,2,False,1.0
4fdf3e6a-eb30-f4b3-fcaa-0ef5be6c07fd,18.0,0.3183849903959143,23915.925346784403,1219.089739100679,0,2,True,1.0
1311cbc2-d9bc-3760-3a69-aca3d45ff4de,47.0,0.8042730692171751,30379.180902729106,2383.046501733544,2,3,True,1.0
ba1006a9-8594-c3cf-b87e-dea8fa2fd8ae,8.0,0.8730084444195378,30031.493121982203,6581.467316642176,0,1,False,1.0
f0aa27a1-8da9-5ddb-f7f4-526e7fb9e134,90.0,0.8321848080746308,22160.75162399873,0.0,1,3,True,1.0
f236e5c2-bff2-b442-6692-ffbddebd49b4,90.0,0.6848738942740714,21062.40363027569,0.0,1,3,True,1.0
b89e9886-784d-4fe7-088e-a400c6a2e243,90.0,0.9976031649030116,26234.89476125892,0.0,2,1,True,1.0
a3898480-6c80-9cb0-9e14-fa2084002b7c,13.0,0.8142499461631374,29276.616122743588,5766.749116206813,4,1,True,1.0
e129f183-cdc5-e043-da05-a213e6542021,12.0,0.8452654274884924,36886.55706710096,5414.804235775739,4,1,True,1.0
8c7d22e1-f6cc-aad0-6fe7-40088d81b971,35.0,0.9031670594941602,34897.11343098451,4828.758684322008,3,1,True,1.0
1a44aa4f-ee88-ac18-1ce0-815d4d2de7a8,55.0,0.7952600721192181,34363.39730461316,989.1002624438232,0,0,False,1.0
99feeb74-c806-f5f1-5386-87c4bfb097f0,13.0,0.6370693449299122,25283.12240545941,1065.027399917094,2,3,True,1.0
c7af4aab-f044-f964-eb54-e7b4284bd308,8.0,0.8627944554293558,23401.704235036203,3889.937084412477,4,1,True,1.0
a7cb8a81-181e-f940-2a55-85cee33b56ca,38.0,0.8790870052299259,24680.95259255758,2788.5379489309707,4,1,False,1.0
b17e9674-f324-75cf-fada-7edb7ea4f941,19.0,0.8820505936959605,30845.559977291243,2924.477638389248,0,3,True,1.0
bed2b663-091b-396c-7269-5dd3668e7a0f,40.0,0.6491356439574263,20416.21106049112,858.4846395897558,1,3,False,1.0
96ba16d1-9f69-e4f3-10a8-93e7b01967b6,28.0,0.9837240623001532,38460.723725613534,1645.3707448636826,1,0,True,1.0
7cda35e5-3078-213c-fe1f-1b994054695a,59.0,0.8358521077476722,29581.614436680837,58.19462140529952,2,0,True,1.0
20e08916-13c1-7f6c-d8bf-28be396e6262,24.0,0.9846606372495804,31146.617510945176,6930.891768087306,0,1,False,1.0
e61589ea-e575-12d0-c4dc-c155bb547b8b,50.0,0.9789785425034122,30470.04771023632,1458.14546188269,4,0,False,1.0
54cd92db-868a-8757-aff7-ede8129811b0,6.0,0.8921792668715843,28139.40467868939,4286.90370755716,4,3,True,1.0
1b6e9af4-b9d2-7248-62f0-5fe3101fe092,4.0,0.8915542583910593,26869.35434687002,6372.798216471205,3,0,False,1.0
dd02a309-5b42-3e11-3bd8-162573a5ccc2,48.0,0.3020744841598617,31335.59715529015,580.2738870051547,0,3,False,1.0
8ee6d59d-a3c6-1dd8-e0a3-7f851aa75ceb,22.0,0.3335691434204054,37769.9276518123,6681.755096401193,0,2,False,1.0
7389bf97-e460-ea19-9fd1-f472720c009d,3.0,0.5896199551690954,29005.81738718376,8701.906469255531,1,2,True,1.0
4f85bfa9-c134-dd59-f81c-27d49af347e8,43.0,0.4225320380649229,21935.85331305059,1399.0506805428113,2,3,False,1.0
241be459-cf75-a363-bf19-4d145f138918,7.0,0.5335319216949159,20286.723646590603,5865.208440176853,0,2,False,1.0
a9d7276b-514f-48fb-ca33-cd767c3c2f67,22.0,0.9159729995736182,35615.32733559821,3130.10027936583,0,0,True,1.0
b80e9b4e-190b-cfd7-48fe-737d95e6edc9,21.0,0.9999360773220636,20064.054688651915,3078.88630651183,0,0,True,1.0
3fc7ebaf-ee8d-ee5e-9e45-7f7862393dcb,11.0,0.5183828479097226,33793.158357561275,459.7803294221284,1,2,False,1.0
25ad5fa5-bd57-fed3-78a6-695d0a88ef4d,47.0,0.5464568708268239,36903.30672696736,386.0166176751343,2,3,True,1.0
3d81e9a5-e8d0-2b19-0972-bd53ee98250f,21.0,0.9316264442677088,27792.192825704093,1392.130035355258,2,2,False,1.0
86e55959-cd35-a970-b0cc-20202fa88e4d,55.0,0.9979511316656844,20043.90680810388,602.9862818761972,0,1,True,1.0
9670b0b3-1742-bf2d-1be4-27d17712804d,20.0,0.4204194178812135,32431.02614595113,4240.85221634607,3,1,True,1.0
057e0d09-3a8e-4264-9040-687278eee7f1,47.0,0.9986378168640404,25701.247721958534,1481.82616305479,3,1,True,1.0
ca458da3-af1b-83ff-dd53-b1ea9ae0b551,13.0,0.760059913001529,31821.582473171467,1930.2857095443408,0,0,True,1.0
0892283d-c5e7-95d8-c4d8-5ffaa7461f93,53.0,0.5784446912488687,34112.19260661876,2267.544662211714,1,0,True,1.0
f7710b6d-9d7f-6a35-93e9-fb3440b2e015,44.0,0.4460131679267771,19521.951273469487,680.5136572206405,0,2,False,1.0
4767c43f-f2ff-047c-a931-6030c09367bf,53.0,0.936032670856307,29792.300241049878,1118.7484043573209,0,1,False,1.0
f4948514-2f86-52ef-a64c-d35e6177530d,32.0,0.4433932382317544,26802.648099266826,1297.641622934804,4,2,False,1.0
dc3da469-d3b0-9187-f383-0b03214e9ad5,14.0,0.2788690769185452,29771.99588833694,2459.7200861354995,1,3,False,1.0
7acbcad4-b73d-577d-49a7-295157861a1d,90.0,0.5454306628966715,27787.842734795573,0.0,1,1,True,1.0
6bba23b1-917d-2393-19d1-6f188d2f3816,3.0,0.9875849715853394,20608.126558350898,1230.7177747434823,2,3,True,1.0
41276fd7-6c45-4d48-33e8-a0e2fe44afc6,45.0,0.3232001131714045,24886.00346264707,2219.9516918874447,2,3,True,1.0
17da2422-9758-53ac-d6d4-1385083604fa,7.0,0.9511796064652488,26180.295936189177,7517.431623691109,0,0,True,1.0
77f1e943-95af-961c-110b-b5c7fa652a89,25.0,0.8921910906838372,27375.09813653076,3768.018144450199,1,3,True,1.0
a2090430-3f54-c73c-dd73-ea3c104572ff,57.0,0.5784346263561664,37838.15536158728,593.8860155442507,4,1,False,1.0
383a91b5-4b2a-e082-d92c-6c2186e7e25c,58.0,0.7499014211540964,18946.123555096667,200.9931451324057,1,3,True,1.0
8c5e9734-4552-5786-7373-1153429bb83d,44.0,0.5388802900359403,38860.192841619406,2265.3975205666165,2,1,False,1.0
a1b82bb1-b0cc-634a-4c2f-4e093f6cec71,7.0,0.9494395393235828,34639.51920630527,10199.8453398769,4,2,True,1.0
0c1d9be1-e2d0-8da2-c997-5cc4590feaf3,35.0,0.7679835571142491,26107.99243950472,2538.709047641308,0,3,False,1.0
673f84e2-51b4-f374-9888-c75dc43966a6,6.0,0.8267570674821421,33316.07981849726,4643.182784890772,2,2,True,1.0
1a1b62ba-da79-984c-81aa-265390eeaa05,60.0,0.9183526525761904,22332.074358088576,0.0,2,2,True,1.0
1776e666-9e51-c5a6-6304-23893f61407b,32.0,0.4197404546524446,40238.26042145581,6122.451057845078,2,1,True,1.0
d69fa431-5918-1d4f-3786-0077ef79714e,53.0,0.6557127958574668,32898.38384802079,910.1472879593832,0,3,True,1.0
747fafca-6bc1-943e-4025-8693d3525cb8,45.0,0.6638230241997392,34432.2481553288,1519.4567428449632,1,0,True,1.0
6d3fb12f-93ac-743a-a79f-17ef30865aed,8.0,0.5678549849947597,24662.65821337722,2734.551770103937,3,2,True,1.0
b6a09f04-c67f-e958-a501-c623ddc4dd95,90.0,0.8533564924726729,27080.377008602674,0.0,0,0,False,1.0
56762d95-97ff-214c-4390-adf13b4ab68d,4.0,0.3318803958454733,36090.55834302836,12902.426528819176,1,2,True,1.0
f8a16206-0744-ce65-1f1d-7a00a93fc3d6,13.0,0.7762622082037549,34402.78144013565,5233.048115560553,0,0,True,1.0
94f80dc1-b5c2-5787-928a-3f08ede42824,22.0,0.9546590394045305,22926.68780448277,3248.107266853734,2,0,True,1.0
7ca4caaa-75f5-d74e-7a9e-68bda110328c,90.0,0.8774705790335372,22797.18509722089,0.0,0,2,True,1.0
3d500ba6-5906-26d7-2d23-428360d15244,36.0,0.9941262223646022,27762.45461507096,2395.6273096516293,3,3,True,1.0
8c6e6e53-f817-56f5-5ae6-77f5c117b36e,6.0,0.5294389184957183,23806.169472199213,6928.520667499235,0,2,False,1.0
a06f3b95-6c77-b6de-cdac-601ac83dd777,18.0,0.5604224795031655,23823.75191653073,3313.5350292050043,0,2,False,1.0
b3ff895d-e18f-9219-5782-ac0c16f57dad,90.0,0.9947388380061228,19431.919352326404,0.0,0,0,False,1.0
fda08a7a-254a-11e3-8999-37912d4a6414,7.0,0.6446706160515775,28595.275491347405,5075.995181338546,0,3,True,1.0
72e9f752-4649-685c-6639-a2caf75ccf13,40.0,0.9906322825677986,18527.031835551243,1592.7324008742391,0,3,False,1.0
369f2f8c-7205-e4bb-d71e-47ee23d6aa89,53.0,0.9980727001567824,22168.948105950814,571.7659015178251,4,1,False,1.0
4fb3a1c7-491a-ce33-6a51-a79c7129d9f9,6.0,0.9174630248345446,32589.61913828789,6279.365262771763,1,0,False,1.0
f28fc1c0-c8b4-b1aa-1440-9d2d7157a7b6,14.0,0.7199522012639381,27481.890628307257,8711.094810705417,1,1,True,1.0
ea1fa067-433e-db37-84d7-43f66d51d729,90.0,0.8525882429146199,28519.908487797788,0.0,1,0,False,1.0
6cb4b6d7-f238-673e-6fb6-442d2ca78602,9.0,0.2763783851262547,27833.516915003274,3729.101312984618,2,1,True,1.0
059c4ada-939e-2a71-2bda-a25bf01b6e88,4.0,0.4274447715145149,30679.446334804165,3887.063184282455,3,0,False,1.0
9bd916a3-0ed7-59bc-646c-5c3d32d04d90,43.0,0.7973415811080097,24531.39286239406,1686.106043610317,2,3,True,1.0
c5eefea9-04ba-a44b-3343-5fbf39a12aad,40.0,0.8766091765416673,31899.668599887467,4002.217069606872,2,2,True,1.0
985f6d27-ca2f-81e3-ca2c-8b5efa215a02,90.0,0.8903932818503721,25928.47002879151,0.0,0,0,True,1.0
bbc211cc-c2ce-10c3-7f49-91bb8d08c9c4,29.0,0.999905244271304,28841.442712603064,1193.3769053634414,1,1,False,1.0
2fbd76fb-9ad8-98fe-8c72-df7ff9ffbd71,46.0,0.999959710906352,14405.473525775884,1304.944534862604,3,1,True,1.0
2b653c42-6281-2b3a-f800-ca42e7f088e0,39.0,0.4211706282698182,30447.02691446957,2053.725358910307,2,2,False,1.0
9bded5ed-2151-6a4a-e58e-dec1c0a3964d,17.0,0.970716605091156,13635.07832051235,2171.2727559999234,3,0,False,1.0
d0f4b62e-e4a9-b45a-b99f-ddd713af9d24,11.0,0.8854180456511114,31799.200692837858,5031.967345693412,0,0,False,1.0
6a8eda74-3e58-ddcf-1ae5-f25a00bb8349,10.0,0.5565991856248399,20159.57001910459,6517.821790801546,1,1,True,1.0
f1c2efc8-bf61-abc6-34b3-207612fefef6,90.0,0.9292367662677418,16736.521199076793,0.0,0,2,False,1.0
c61e64b2-1890-6487-f4ac-0d9615f99ea3,25.0,0.4673446313977328,32448.387936556905,6376.222466688239,0,0,True,1.0
b2ce56db-c68f-3b49-82e6-f1496e015286,29.0,0.840283795983159,34219.45587430335,6551.4301932165845,4,0,True,1.0
3047cc70-1ed9-3c9a-7662-d5edfaf5e985,90.0,0.3754347021277239,19726.43536725005,0.0,2,3,True,1.0
c5733c69-012b-3391-ad08-c3144b84c61c,38.0,0.4622803122058468,21616.493888035475,1222.3642817012408,3,1,True,1.0
bb4e4d2c-76c3-440e-ec0e-cc4ba8ec0dfe,90.0,0.499657754671019,18897.00789693054,0.0,3,1,True,1.0
e86e7370-b312-14ab-98d8-15ad762cb5c3,18.0,0.343389830825472,24609.31098662903,3155.887011947793,1,0,False,1.0
e1f4c550-a67e-92b6-36ac-07536cd448cb,41.0,0.5271503654435717,24874.57183645998,1771.3651987274525,1,1,True,1.0
1e98e7cd-b052-24e8-109d-9eac41573c60,38.0,0.9762557915384308,23813.663097420173,3205.2532767524053,1,3,True,1.0
c81f555c-73b1-226f-a261-7dc9633c5e42,14.0,0.9047424261761144,18506.96958896335,2025.0723215694925,0,1,False,1.0
dc5de8d2-24c2-f46b-199e-67af33dd6505,5.0,0.9648998626583514,17596.05903767709,5947.783748993542,1,3,True,1.0
6946a935-6e14-001e-7046-d3bb86a52859,90.0,0.9999507680254028,13395.208236721768,0.0,1,2,True,1.0
86a471d5-47d2-62d7-e375-54e6a00ee158,12.0,0.9081567482464168,29277.048984884612,5764.128090411199,2,1,False,1.0
e58a1e08-8640-49a3-6941-8a13ff42e997,51.0,0.9032644479609342,39109.26433104925,2440.688771109951,3,0,False,1.0
09f21605-d5c4-8d22-910a-a4f235b4c5a1,11.0,0.2810953492658681,28771.34994938317,12008.858433623443,0,0,True,1.0
c6f22078-4079-d3b5-90dd-7cd5f434d3ac,90.0,0.996824647566554,27365.43082488498,0.0,0,3,True,1.0
635295e4-5684-cbbf-9918-214d7f278369,34.0,0.7185951293474282,26082.96238911632,1742.7193138239927,0,2,False,1.0
5b0be4a1-d573-bf59-ee03-d1f3794ca5ba,22.0,0.4095437306952252,32713.13155734356,5610.611160339741,3,1,True,1.0
dfc9f29f-3d56-20fc-08d5-fb41b67e64b1,16.0,0.9993480557583928,18349.921764620238,3476.883307365448,1,2,False,1.0
b21ef47e-53f1-e587-7dd3-3984b7169438,9.0,0.4769358730327163,22766.253470059637,3596.667111026594,0,0,True,1.0
a987fca2-306f-2bb5-4d66-f29875409574,29.0,0.4450762782555987,30555.25510741451,2067.53056674706,4,0,False,1.0
716251e6-9c93-d3c6-85f4-4c9e2c2cf10e,15.0,0.9979162260734568,16449.73423802358,2366.409238352985,2,2,True,1.0
b2a67060-f16e-64e8-c627-9d96be12f690,16.0,0.7680764419445851,18989.550602094343,5326.6447288061545,3,2,False,1.0
a7146829-1677-b9d8-e320-7a585304d07f,90.0,0.998125772595265,22120.61780769652,0.0,4,1,False,1.0
e128334d-5500-9927-7652-ef0e5ba2b3de,6.0,0.7647697136939632,22668.50606055987,5776.3875308984725,2,1,True,1.0
f34260da-b7d6-7754-1776-bdfe4eca46b9,34.0,0.2994961546379147,24529.9012193119,2201.5247106343622,0,3,False,1.0
81dd5a98-7901-dd70-0929-c616a6b1acb0,13.0,0.3455386345942493,29970.441255162765,4178.554683488928,3,3,False,1.0
1771f111-b585-f8e0-8f75-1947b0f50660,90.0,0.4119733554096764,22693.262944481565,0.0,1,2,False,1.0
10ca7559-36c7-f7ca-7ef3-05f5287c1d87,90.0,0.9841048480215304,18606.50575515308,0.0,3,2,True,1.0
6a4b756c-848e-3b40-9979-8da73c326a11,90.0,0.9990235277764082,22810.052675377257,0.0,0,3,False,1.0
1381294a-bda0-9fdc-92f9-1eb78d48ff21,20.0,0.8607592968784858,26595.014727787468,1919.4858777544991,0,2,True,1.0
3aeaa2c2-1035-78e4-565d-5545a0ae3f49,23.0,0.4901739180690832,27427.701562826263,3163.454603118948,1,1,False,1.0
93e30448-6ac5-62a6-4bb6-bdcb6882fb91,36.0,0.5596168046708284,21063.493139666545,2928.251815643855,2,2,True,1.0
d84858f1-afc8-ca40-4dd5-f87ba98d595b,21.0,0.8843808695476041,21817.68116813192,1585.988937885972,1,3,False,1.0
001411c5-9cfe-8db6-e4b7-aa0920c7ca38,60.0,0.3719646286517178,31323.4650959342,0.0,0,1,True,1.0
62a5696d-caa7-bdd3-d284-e1e5e571e5bd,12.0,0.806595985219096,24417.17506091942,3917.773431296441,1,0,False,1.0
253e9feb-ba65-36b4-14c6-0aaa5a6bfc73,90.0,0.9927348674905456,15484.514294973043,0.0,3,0,True,1.0
2c8ddb38-71a2-37a5-49e3-bf00d989938f,33.0,0.8797012030405932,18885.80651346711,1838.004365020773,0,2,True,1.0
262e400e-c4eb-050c-2502-d89cd24741e9,9.0,0.3021923020169818,28412.13166336244,4803.782241706422,3,2,True,1.0
0b2c603d-940f-2667-6804-7391de8f2c7e,5.0,0.7721685475957843,29798.106272235065,3764.581422423477,4,2,True,1.0
dcd59d66-8bd4-daca-6805-56abf7d1e1d9,9.0,0.990586551914215,23073.09354163636,5712.977025487314,1,1,False,1.0
10611ca4-165b-8027-12de-4afefbf0baa9,10.0,0.6328366742411852,27548.442481822636,2182.038306688163,3,0,True,1.0
d651f53e-656b-c6f7-d223-dcad9d659c69,33.0,0.9798480632494212,26489.524176600506,5092.6291035877775,1,0,True,1.0
289ebb44-b15a-f195-adb3-3d5c16fb5c55,56.0,0.8933154565894676,17997.01791621062,458.6974386937965,3,1,False,1.0
4e26f646-176f-e68c-c720-42f857975b23,56.0,0.9841276385786856,24378.559677479123,573.5863311828825,1,1,True,1.0
b46bf5b5-5cbd-1a42-02af-f8f163fe6850,5.0,0.609768530812662,24040.564991991243,1476.2164788285015,2,3,False,1.0
8c877a43-922e-6375-77a3-b1d48e6650c3,11.0,0.9660381857043896,27042.249123553396,2456.9784389074625,0,1,True,1.0
13e1fd69-9b66-489d-9164-cd7815de8f0e,37.0,0.965800425080482,23345.63153193012,3258.226388546129,1,2,False,1.0
8af16006-7752-8006-7a4c-95d768907566,27.0,0.4705962868207466,26764.247933448856,3602.3568446246613,2,1,False,1.0
f9a3a14c-91c7-c913-0247-c54b95360882,4.0,0.9996462526048429,31899.90082586137,5094.582309409469,0,0,True,1.0
32af8ad4-6a97-b0d0-b7ef-8ee34d6d5153,90.0,0.9580226068154376,16413.496479035555,0.0,2,1,True,1.0
6da7335f-c063-8169-ea4e-f949a2e4e423,15.0,0.4382590739562952,35672.87178116945,7680.115233117859,1,2,True,1.0
2ea3b91c-a7ae-a88e-31da-47440159a8e6,90.0,0.99880200522593,21061.874677411237,0.0,0,3,False,1.0
02c791ef-ec1e-c4c9-687c-67cd50888f67,27.0,0.4664369112727234,22269.4288120228,800.4109127192132,1,1,True,1.0
4bca3583-09fd-473b-5555-0f67defcc988,46.0,0.3821259979683302,23951.361916192905,1950.0924536113669,0,0,True,1.0
ce0efaf5-2c4b-f503-904c-b6d3d8902a39,36.0,0.8928024369399566,15518.497071765818,2012.5132270615,3,2,True,1.0
4db07716-fc74-6f4e-1148-b4eeef5582ee,41.0,0.317576109958628,22198.15764852073,778.7747044433337,1,3,False,1.0
1059121e-5e11-3a1b-74e1-7abf2e661c90,14.0,0.8007253353922226,27588.856606246984,3231.656125556652,1,1,True,1.0
1e940cc9-15fb-cf78-c0d2-239befef5fac,10.0,0.5372256757655328,23413.565641107078,5586.010515365711,4,0,True,1.0
d9337019-9b54-d659-afde-defed2c8b23f,90.0,0.9812302085712228,21703.801625899287,0.0,1,3,True,1.0
d8249d2c-328f-f123-540d-206954f0ea2d,29.0,0.6873027799871948,22180.038356125584,4202.266430723969,1,3,False,1.0
9fa05653-cef0-95e6-1218-cf22c59202a9,22.0,0.2975305055232822,28190.966491861607,4976.06424425246,0,2,True,1.0
9c6bb1e9-580b-c361-ce3b-fc6039091847,90.0,0.4393292199713322,25324.81212697293,0.0,1,2,False,1.0
484e89fb-39e3-c161-f7cc-73f7349cf187,90.0,0.6614305392653904,19450.722269114944,0.0,3,2,False,1.0
ff309a1b-4681-0193-c39e-ea52f57a3999,18.0,0.9450936284985296,23203.482211173297,5594.8538138696695,0,3,False,1.0
a30923fd-9b17-d7b5-ae75-704604f0e6a2,35.0,0.9985149282249788,28021.518747987197,1222.4413357731385,0,0,False,1.0
f2aa24a3-3072-57e6-e8b6-33beeb5152f5,90.0,0.9754424162998816,30103.030484266597,0.0,2,2,True,1.0
6e46e568-1d91-d519-3334-f6001f36742b,54.0,0.3872377747987712,26819.93383686499,379.37054930435903,1,3,False,1.0
c517c7fc-7fa5-cde6-531e-b766aac3f02b,32.0,0.4434811082392333,25090.25782934643,4327.702618451721,3,0,False,1.0
1bad6b51-be2b-0bc3-e333-c8e2f9d4f763,43.0,0.8621969274087843,15637.9999124859,1198.0753021602984,0,1,False,1.0
4fcb1976-8790-884c-fe8f-5aa54d235512,41.0,0.3732891158469442,28164.60939432857,2472.715216876716,0,3,False,1.0
9634080d-eca4-8e90-9427-9eea3c173a5d,28.0,0.6466755838139632,27810.074650676757,2811.4056661622726,4,2,True,1.0
94b44e18-6e2d-abc3-1502-883fc5c04feb,90.0,0.7302535989479637,31001.56066707978,0.0,0,3,True,1.0
25006670-2348-a275-5dc2-6bd061a0bf43,90.0,0.998564535947458,15449.907573441042,0.0,3,0,True,1.0
c026e12e-b5e6-be87-be11-0521e164e836,90.0,0.937918621027241,27707.47341558596,0.0,2,3,True,1.0
859742e3-280c-47ec-c168-45557d31d1fc,29.0,0.993991365553679,28267.018253800616,1589.8828469019654,1,1,False,1.0
c1907c83-1fe5-e5b1-57e9-64ccaf36c157,56.0,0.991556543582984,28577.381497493567,304.1927109400832,1,1,True,1.0
0aaadce0-9190-8d4c-12d1-a0eba185a8d5,3.0,0.9691288559026036,19498.37802051162,4594.711818390287,2,3,True,1.0
f47bd322-8bdd-a6fb-574c-1fdcc89b9471,3.0,0.7589105689182689,26524.919704839653,8161.965606021556,0,1,True,1.0
52b54c14-4bef-245e-77ab-39bd4aaffed4,13.0,0.2746000678530481,27947.935012434977,3126.826697165233,1,3,False,1.0
46d641a3-c278-fae6-d0d4-a2e06165c3e1,90.0,0.5091005594553997,26918.30971209064,0.0,0,3,True,1.0
0dc99917-df42-86b9-ce1c-d162cc3c55b0,90.0,0.5401763835616287,23796.713716907387,0.0,0,0,True,1.0
af324121-c3eb-1967-8ddb-b6936a9955db,38.0,0.5293221788290505,36927.50172874851,2089.911845287521,1,2,False,1.0
0ce9e0d8-6831-20b0-af40-685b50f00b43,30.0,0.9913227277427544,23984.84700357599,2958.9815506932496,2,2,True,1.0
46a8a8d9-45b2-70be-e333-c302a3f47ad6,47.0,0.394257303781089,30543.41444998645,2090.2674885293018,0,0,False,1.0
ef5ae9f0-82ea-28c7-da27-9ee27434b0e2,55.0,0.9939965482569688,19091.58908074522,465.63295768137647,2,3,False,1.0
0a3e260f-374a-0522-b7bd-0edb0a172764,26.0,0.8815419629951947,24955.969569652745,2356.643954532854,4,3,True,1.0
1a36f046-cfc5-14cb-d70e-68d324c4b2df,90.0,0.90962028880941,21159.06812541048,0.0,4,2,True,1.0
f61e9df5-8318-955a-a87c-8f2c37557147,23.0,0.969520688224594,27108.82125738621,3640.9053569013454,4,3,True,1.0
6cb82b2e-44a4-af1e-e923-5822f0cb09ea,34.0,0.3917842392224875,33695.79058492727,2820.015317103407,2,2,False,1.0
ac80f426-a284-9103-e2e5-9d77c7b8779a,90.0,0.507391764927627,26646.00783216096,0.0,0,3,False,1.0
a4c248a1-95cb-167d-2dfc-67de06dabe17,15.0,0.6198778884182948,34345.1077698947,3342.3388607831757,0,3,True,1.0
b2f8b877-8682-cb76-8a83-9507c6dd4b36,40.0,0.4099306532332153,31278.220219631705,1175.3955137939197,1,2,False,1.0
e96584d9-6b50-4762-2691-70994af8db2d,43.0,0.3003793509518848,31774.048436069817,2315.5925132207603,1,2,True,1.0
f78b8fbd-ea01-13e6-19c8-74df54a7b612,32.0,0.8725083645333013,27326.771840846217,2645.8780465540863,2,0,False,1.0
8074255e-c2d0-00b3-846d-abe0a928511c,90.0,0.9946321499148826,21306.43853056553,0.0,2,1,True,1.0
875d1aee-8921-d1f1-d993-95ceb57e4a92,90.0,0.4487089645585874,26759.948365516524,0.0,2,3,True,1.0
49d42860-9ebb-19e8-4cbf-c8dbc0113dbb,90.0,0.591986482406272,25814.824781115454,0.0,4,3,True,1.0
64e2c2e4-a434-dc63-f05b-8c330471f1b5,26.0,0.440000760099438,21414.388129697265,1366.1099471778984,1,1,True,1.0
bfc8ddff-f8bc-c2bb-cf54-a77e46ef3d30,90.0,0.9617727585511368,12942.748443151904,0.0,1,2,True,1.0
a0696367-30f8-eaf2-7706-104ec6e759bc,6.0,0.6488318929773339,29903.049102399305,6250.962673940016,0,1,True,1.0
0fb312ce-1271-363e-69b9-9575d42ad233,90.0,0.9874503812705758,24745.50884870476,0.0,1,1,True,1.0
009ea632-a681-f445-fd24-9c86ff157d14,47.0,0.8146308302513097,24669.32385405501,1655.050431037047,1,2,True,1.0
ba7e494b-298f-a9ee-f5d9-d9a154528114,8.0,0.7126155312277602,16050.44089205834,1642.706234868693,2,0,True,1.0
3590ddb9-6510-b226-508b-e2e19447ea2b,11.0,0.997276256779006,29839.781083352937,11024.620215237856,0,3,False,1.0
153e7e39-b9c9-192c-8994-5d1556cf5b7e,90.0,0.9811375404019224,21539.49146436415,0.0,1,1,True,1.0
a5d753eb-ee85-11ce-63ee-248e1f557aab,47.0,0.5758876042170984,29059.96306073632,1777.8164800366535,0,0,False,1.0
85f771ba-35dd-02bd-caaf-671e83b854a8,21.0,0.6342381326153076,21565.81146309096,3150.1309025247765,0,2,False,1.0
c814d03f-6bf3-1a6d-ae2b-019884fd5cfd,58.0,0.819348783395155,31294.030362904905,204.43492020255636,3,0,True,1.0
b82d8cdb-4679-58a4-01b0-9944072fe9df,8.0,0.6814202962997025,30421.850433600503,739.1071282681902,2,0,True,1.0
6888f9cc-697b-f03e-9510-043ac2355b5a,90.0,0.8353338199843289,18028.576258009387,0.0,0,3,True,1.0
d01f6e5a-292c-3fa5-20b3-ffa10dafafbf,40.0,0.6913229723746386,18586.83532954699,1358.9028297376103,2,1,True,1.0
0d260abc-d48e-32b1-2ab1-8175005320c8,20.0,0.511129184091257,15249.492502081044,2866.593955069679,2,1,False,1.0
d22ed3db-d44b-d15d-4eea-6af65178d921,90.0,0.9393110101455664,34222.17678291524,0.0,2,3,True,1.0
99d71462-1792-d66f-a21e-56bb3edd5d32,90.0,0.3804999853959462,15799.72883347565,0.0,1,1,True,1.0
88b6f7a2-3fce-26bc-90b5-7aab03c78e5c,9.0,0.9856378444521868,22226.60022812252,2246.302864102431,2,0,False,1.0
6c2aa1e2-a5a4-3221-67ab-3317b4bfe1d4,90.0,0.39499892601604,28158.15942948389,0.0,2,3,False,1.0
92a27c15-eebd-da35-4875-430301325250,38.0,0.4491915434084078,25262.11169879829,1366.6712072903488,0,0,False,1.0
17cb167b-307b-56f0-9c8c-374795673a1c,90.0,0.9735248955385007,33945.27775226964,0.0,0,1,True,1.0
b79d79c6-3f2d-3883-7ffb-9772e466b970,22.0,0.6348786406480267,20106.494850611445,4294.007315601006,3,3,True,1.0
d4df774d-4ae3-1d5a-8d59-2fceec83e692,90.0,0.9936127276472096,21069.0472438548,0.0,2,1,True,1.0
1d5c772b-ab98-754e-f7c0-5bcd6307dfb5,48.0,0.9707806073169571,24682.86866127252,469.98087704514177,2,1,False,1.0
2760b909-f0ca-c522-a820-30123c487312,33.0,0.5171923612768456,19038.101524481277,1668.8572261524184,1,1,True,1.0
e3f32f2c-b697-f494-37bc-3f67674d93e5,53.0,0.6674333839941856,26965.7950447956,1049.0568717025965,0,1,False,1.0
91e38610-97bc-0f57-2229-8be557d5360e,51.0,0.4756045858294788,21048.54191881449,908.9186903696068,0,1,True,1.0
d59b637f-c352-7d9a-d238-6ef5dbef8b4b,29.0,0.9768684825330616,33016.284138137955,1691.554363242342,4,0,False,1.0
36b7a431-62f1-84dd-f018-ba8d84248c43,45.0,0.9032170158125464,19316.43937498355,1530.8604362664164,2,2,False,1.0
5327653e-b436-67c6-1405-43fd15560212,33.0,0.9651257816317484,13831.89196723278,1839.8534758090475,3,3,True,1.0
b0774e24-addf-6abc-d1ba-da0ef9c0116a,36.0,0.8462920705454852,34664.054381969,3056.590242221316,0,0,True,1.0
9f82511f-e368-b882-27f1-195a90988d88,13.0,0.9821715934681128,28449.63423338172,10831.354076139218,0,3,True,1.0
2b15d2fb-6681-b3ac-a376-e3d86c1cb59d,6.0,0.9967387530474884,18004.91153482246,5753.431874813039,2,3,True,1.0
a1b51d6d-be0c-4583-cce9-9e665577f54b,90.0,0.8374924619747427,23723.185727961674,0.0,0,0,True,1.0
2202cdc1-b22e-16af-c31d-ba65651ea4d6,90.0,0.9778100387857962,25602.446756359397,0.0,1,0,True,1.0
43240e68-b7b1-8a11-b71b-758a246a98e7,12.0,0.6518759632569112,23296.265049225574,6765.776133486209,1,3,True,1.0
bbe0fece-850e-0e7a-9c1c-862833f6c2d4,18.0,0.9785216029123468,31907.33818044691,5524.45593420899,1,3,True,1.0
0b8337a5-9a11-565a-1c96-7f89c8971cfb,37.0,0.7943188331813398,31498.604996682545,2800.182450705667,0,3,True,1.0
bfe485b4-5891-311a-9685-1a4929c60b40,90.0,0.8157715647377092,25551.40051158625,0.0,3,3,True,1.0
7d3db92e-c96c-c243-f260-22de1746a289,49.0,0.6715039261818927,18898.47759709642,881.9213918829556,0,0,False,1.0
e92c2953-3884-bb9a-0b56-f25d103a0f9e,9.0,0.7350793240924564,32657.37325312665,3529.796063816034,0,1,False,1.0
1799b401-23d2-6e3f-ef49-a8f31c9ac9bd,40.0,0.6003768188149402,31832.609643693035,3474.737504070754,1,3,True,1.0
69319ec7-ebf8-2d51-a68f-c2572d742552,90.0,0.719057747818841,20503.72136131377,0.0,1,2,True,1.0
97854ca7-41e2-4e90-21b0-644eb725c381,29.0,0.932319386694274,29251.68004331683,3176.6404489684514,0,0,False,1.0
5a0fab24-1c52-76d8-c4fb-29201bc514d3,90.0,0.9138106067949074,17148.41433285205,0.0,3,0,False,1.0
6d8905d2-0931-eebc-9096-8f746a8339c0,33.0,0.9507353562001905,20106.97266466593,1615.4263230208928,0,2,True,1.0
b144e433-4b0d-e33a-d4bb-40d269bf9568,59.0,0.3302364391839614,27710.776243482655,883.3270823138806,2,2,True,1.0
5ebe688e-020b-d2b4-8f40-e84ead3fa39a,50.0,0.7361390727313828,28081.798133351476,838.6563616059572,1,2,True,1.0
9c6e119e-5fda-0c85-dd99-a08d83230465,22.0,0.9926585797854288,22134.8703876156,2778.55495379538,0,1,False,1.0
ab8f9a57-2933-c289-50ec-6f082f857b70,56.0,0.9865851558970188,25760.779002205592,559.9508094913177,0,2,True,1.0
c7c14638-c22a-46b5-87a4-f63d94c2bd53,53.0,0.5595235178278309,17098.78628823899,378.7818817615108,2,3,True,1.0
4629618a-5e20-f158-54ff-eaee98cec7fc,17.0,0.3125817338813753,28929.331897467324,9015.52041939694,2,0,True,1.0
7eeb2718-e157-40b2-d283-4a4ab245ff4d,90.0,0.994106137359532,22588.765813705097,0.0,1,3,True,1.0
31c3e044-6b63-a87b-f281-3ed7e4b94eef,50.0,0.5709071018803513,17460.641110963832,0.0,3,0,True,1.0
792f1442-5803-2b04-2474-911830e3ad28,21.0,0.9611354807632114,24820.864176342457,3303.687114793762,1,2,True,1.0
0c6419d7-ccce-3fa6-de80-27c2c333372c,36.0,0.578295313913723,28322.122831177065,2357.4459983724746,1,1,False,1.0
f75bf79c-6a3d-c128-102b-51bed7640f2c,15.0,0.6967864648551215,19747.31590240849,2452.2074482309254,0,0,False,1.0
cf37c23d-271d-df30-d2cc-63362ac7227a,4.0,0.4493623461713397,33485.2326097833,5269.817883849337,1,2,False,1.0
1101d825-9ac9-b694-a0cc-edefd1f0d688,41.0,0.9598994924323284,36899.37895177036,2100.9236097964044,0,1,False,1.0
d4500954-4369-27ed-74d8-a8d11ec4c992,8.0,0.964489154098559,39562.465411800615,7292.91687237217,0,1,False,1.0
483d45bf-0ca1-8afb-04db-47c3f7a23715,90.0,0.9750996754753763,33794.25375691005,0.0,0,1,True,1.0
6ea60289-fa41-50f7-8d88-7c89584cd7a4,14.0,0.6685694975002605,34317.041712501086,6688.804958830536,0,2,False,1.0
ae7b916d-d1b2-d131-969a-a445d8be0524,11.0,0.3612268570291046,34342.235342255866,7795.889243564722,2,0,True,1.0
35d2cf5d-9070-fefc-aa24-37d1961a92b4,8.0,0.9116348287499276,25904.786299443425,4076.804462939722,4,0,False,1.0
6954ac3c-ea07-7128-a900-3b378273002d,43.0,0.456842466747488,24127.01938380737,836.8517054040352,0,1,False,1.0
4b3189a5-1bfb-6d21-651e-56921babc748,39.0,0.9016199083982002,36581.7033383216,1400.443166240753,4,2,False,1.0
a87c423b-65f9-e8ac-e284-f6ec2c34bec7,54.0,0.8038226440864493,39612.38881881288,458.9637198890256,2,1,False,1.0
c76e61df-f21b-c1c5-8cbc-261914daf688,43.0,0.9196428201102674,22877.496798829507,1683.955107157694,3,3,False,1.0
d9c742d2-49f0-f130-5cef-7b71e911c695,31.0,0.713428069965372,28551.174255120077,3243.125747485001,1,3,True,1.0
c63efc98-ccc2-90c7-f99f-58a6728b092b,32.0,0.6654483118036678,25296.86617484725,3022.424121681199,1,0,True,1.0
1257390a-0fac-ea54-7c9f-a789c083d850,20.0,0.9716041110358196,24046.58620452408,7410.385134023986,1,3,False,1.0
d40c66a1-4920-7228-b456-d78d2ebb4053,90.0,0.8314310058626795,27724.33058479777,0.0,0,0,True,1.0
fbf83d63-f92d-218b-a686-7193da27661e,90.0,0.9730413448587386,28386.12646221704,0.0,2,3,True,1.0
62b27bf2-7b23-f2bd-281a-bdaecd8d8aa8,90.0,0.8256846263844736,36049.0418332588,0.0,0,3,False,1.0
68c6dcea-b9d1-24ed-d0fb-5f4553f4875b,90.0,0.4377535028992523,24522.47888199753,0.0,2,0,True,1.0
d30c6d1b-b7b8-5b4b-b60d-7e4571a40261,90.0,0.9508440763039132,18905.454274476568,0.0,0,3,True,1.0
cbbaead2-d12a-4db5-beec-4813d686baa6,25.0,0.4585110462360383,24942.18590962529,2316.2551453159717,4,2,True,1.0
a88a2bb6-5269-a888-ddfd-51f76e23c2a5,49.0,0.9994295085585184,29397.967883257697,1111.4502990090427,3,1,False,1.0
361c577b-ccfb-9b81-47e9-eb1e40f7a237,90.0,0.7392968257937494,22329.934416063745,0.0,0,0,True,1.0
a9422235-4243-321d-9330-b0ae395db15f,10.0,0.9990901176228816,19361.426659348028,2458.19775852981,2,1,True,1.0
d58173e8-2916-94ad-755f-ad2280647fb2,25.0,0.369341699393971,22418.729782785667,6235.918449765238,0,2,True,1.0
8368a89d-f181-5324-5ae2-ea56fe843b51,29.0,0.9203836354383028,23229.10018027641,3334.432196678453,0,0,True,1.0
5b3a440d-c7b9-f2f8-62c9-f76c812b60ba,59.0,0.5200648290907613,32803.286528778815,182.99306786841228,2,2,False,1.0
da1470e9-ea36-ff2d-77c5-e3a2941def05,48.0,0.9703542859914992,25699.820569958745,1808.1098303332924,1,2,False,1.0
aa0447d1-550a-ba39-b564-e1483d21b1d5,56.0,0.5897134423309051,18534.022071492524,105.25333564960462,0,3,True,1.0
b49245e0-24d3-763b-72ac-38877fb6c71a,52.0,0.3766899715240656,28051.64856317461,1293.0771823714324,0,2,True,1.0
d5c04cb6-bb3d-af45-2c13-5bffa0d08fa7,11.0,0.5135358604538045,27409.793221463115,4360.189884098001,0,0,False,1.0
144a1243-8637-326d-a3c0-e2095cb9bfd5,15.0,0.9742926813613192,21664.614793729328,1882.583823420056,2,1,False,1.0
64c301fd-6611-05df-6a46-4a768ed21770,90.0,0.8941382303878109,23173.419493803067,0.0,3,0,False,1.0
3aad64cc-eec4-da65-65e8-c5bd51babfa6,90.0,0.8691578448625285,19978.094960861992,0.0,3,1,True,1.0
d0682612-d8a7-a2e0-4598-e7df67b7d7f2,59.0,0.9992516076183696,24875.157594016768,104.12768475126973,1,3,False,1.0
c1e13e22-1e3e-6ad4-6c96-8ad23a3e4703,55.0,0.9836704604839376,21433.255079090883,661.1674344800665,1,2,False,1.0
57ac6bd7-5d9c-0869-16c3-911aa6051ce6,90.0,0.9990530778057,22856.00231018804,0.0,1,2,True,1.0
fe3a6044-1d00-e12e-0e40-1d282335ae28,90.0,0.9984631999810414,18169.637235955845,0.0,2,1,False,1.0
ee45554b-fcab-2f35-9149-9481b7951cd3,90.0,0.6413753167013496,35813.52916815934,0.0,1,3,True,1.0
2c952000-1795-5207-0cd7-69f4c2d42063,16.0,0.5631688060897775,31538.93088470588,5065.040274728523,1,0,True,1.0
535426ff-78d6-27d8-2b62-63e2269628eb,60.0,0.996014438003126,22788.213004625824,0.0,1,3,True,1.0
087754da-7bd3-9c37-bc34-651f5d6496e9,9.0,0.9986568491983564,26421.9867112834,4146.159405067574,2,3,True,1.0
86b95355-5db1-b5dd-35ff-688428b0ce58,27.0,0.6089717282813997,28810.440356633662,4681.6283294635805,1,2,False,1.0
420a94ab-8767-b445-0dfc-e9748a61961d,90.0,0.9997582665501036,21107.817861934232,0.0,0,3,True,1.0
afb23d7d-4090-26a8-1119-c5841e9e6fcd,21.0,0.5907382649172138,25178.306336956288,2789.4204097645866,1,0,True,1.0
db4a519b-a9e2-b9aa-1ab5-88f0dcaec098,16.0,0.8122138145813834,22876.54673110132,6889.452144646937,0,1,True,1.0
06f8cdea-5e09-bdc3-fc42-54830f2a581b,26.0,0.405877031443335,35297.37605404517,4968.015735332704,2,0,True,1.0
d9894b53-f54d-c825-5fb4-b898ec823a76,90.0,0.9423892217957344,18641.270158818294,0.0,1,0,False,1.0
b009467f-8694-3965-8e2d-e571b7622c88,43.0,0.904408842534697,27910.146067437683,566.3694235511136,4,2,True,1.0
4f056b5e-6073-3195-d756-0160b7968314,53.0,0.9138382674358854,38492.84575332002,1149.8666584912023,0,1,True,1.0
539dd45e-39ca-0364-047f-a448517d630a,9.0,0.9857186490178158,24428.167352221077,866.9984328877244,0,1,True,1.0
cb16db64-db12-f061-87ff-2dd7bb5edaf5,23.0,0.9997498314445616,21973.2256852553,3417.0916107543776,4,1,True,1.0
e98f9d66-1a99-59c4-a007-a44781bb2ff6,90.0,0.9341533386252378,16651.54526556451,0.0,0,0,True,1.0
5ce97f99-b6ad-5cf4-6597-ae1cc465af5a,33.0,0.946905499928238,25930.39937896504,3062.388004816501,3,1,True,1.0
2e31cd79-1f25-6f61-5306-fa3fc3350962,22.0,0.9289672909158064,23629.99266631271,8372.453224842026,1,2,True,1.0
4f8b530f-e491-a742-6fc9-8c6e83f6dfb1,90.0,0.9832331025950258,16849.745465280503,0.0,0,0,True,1.0
9885fc4c-7fcb-78ab-6521-73fa37dff20a,53.0,0.716162794865933,34089.21636098933,1068.268568383076,2,0,True,1.0
7858ac1d-26d9-4fd8-3ff2-5d7906c0bf4c,30.0,0.9973863580309452,23319.79744479363,1049.86414507253,0,3,True,1.0
dcd64e8f-6c42-7d4c-c72b-23f908df80e2,41.0,0.2756958709689207,31778.616368908944,2237.229670878015,0,0,True,1.0
b047dc6d-6360-e0fa-7f54-e5666d02e603,14.0,0.6530101858501618,29314.209254755715,7312.856727617398,0,3,True,1.0
923a3286-b0b6-c275-dbfe-42d74da24bef,24.0,0.9801630298441236,30299.143730848704,3064.000594425433,1,2,True,1.0
37aa0398-b36e-4dd8-b089-c81f349f9ed1,57.0,0.7205919641255701,26887.43935396166,348.35023943787525,0,2,True,1.0
48151cf9-8428-9890-9735-aec48e764822,9.0,0.7241844793965109,31283.893040978783,4101.272997156502,0,2,False,1.0
bc950f9f-daec-d5d3-302c-da94698e1e65,24.0,0.2885208969561645,19712.222680282463,5474.531479947537,2,2,True,1.0
ca35322d-7558-be6c-f5d2-ae6c49b15259,53.0,0.3344332730944078,36043.99789050138,821.1240811367446,1,2,True,1.0
c2a564d4-c23b-8392-921e-176ade36f743,29.0,0.7066895480107462,22879.28340894544,2054.34107070367,2,2,True,1.0
9375c3cc-b796-d68d-0025-da71d4e0b32e,20.0,0.7630976167692768,28848.90681479242,2805.142446332473,2,0,False,1.0
6833f1af-7860-3e82-bd5f-fae3d45b90ee,23.0,0.5609173320601042,33425.46977546338,6781.527752628111,2,2,False,1.0
aba25431-ef49-b6eb-edad-023a0e516f71,36.0,0.3454762406548508,19804.21265445213,3045.0593469042906,0,3,True,1.0
67992773-659e-443d-74a3-2a1494644750,90.0,0.3097636584712432,14793.327737835025,0.0,1,2,True,1.0
fe02410a-17fb-d123-0797-4b2eb7825d22,11.0,0.8924117060654005,24925.730121409568,6775.610604270431,0,1,True,1.0
6573a66b-2a3a-0ea3-09ff-5c0ce6a3ce3e,41.0,0.762332914765443,33778.214239687455,2609.380899360348,0,3,False,1.0
3bcc2479-5be1-d0b0-0aa6-8a4f65620276,32.0,0.7220243713975135,23508.714627446097,2498.321873109249,1,2,True,1.0
55222907-3a2c-a45e-2b07-026fbf990247,90.0,0.9297329563530964,31724.925252511377,0.0,4,1,True,1.0
6b879040-ebcf-3295-6066-f0e8e180a3e4,33.0,0.6437737926927146,30296.05738987465,1665.5008424658383,2,2,True,1.0
020c39ed-4aa8-1b1c-f1f8-dfdb0b3e53b3,23.0,0.5007730576368266,29256.157034930027,1094.9878935441443,0,2,True,1.0
a633e7fe-908a-7338-518a-b908ba2fe4fa,19.0,0.9312125603279094,26451.37141045151,5164.701501695341,0,2,True,1.0
08a67490-6324-9258-9058-3cb187c344e3,90.0,0.4932413965426253,27223.57401789863,0.0,2,0,False,1.0
eed43b58-b2ae-bc52-8a44-74b84cfabca1,42.0,0.594319846010288,23949.19288440153,2765.106719980796,2,0,True,1.0
b9fce42b-5057-8126-0330-837d1eb6ff99,90.0,0.4148305877270189,17695.215099673143,0.0,2,3,True,1.0
651fa494-9db1-efd8-8bbc-9270dee0d71a,17.0,0.6060598308109839,16174.513046850823,3676.1663355392375,2,3,True,1.0
46494cf5-24c7-8fce-4423-161b0a0cd906,26.0,0.696800004290473,25501.32778205985,5949.245858743955,1,3,True,1.0
f1c5c708-bee0-6d3e-3fa3-e9a0643fc548,24.0,0.3567874230461629,31213.058933017903,4357.07097811568,2,3,False,1.0
8765a6fb-3bb6-a48e-c723-d762958b9378,57.0,0.5452530324784872,36008.668892614005,265.7478216104344,4,2,True,1.0
455e4f70-1e6b-c9e2-5537-0dfd8676647e,12.0,0.3344530438945515,21990.1390698781,6604.554274835436,2,1,True,1.0
c7182aa0-a253-33ed-5238-524d4e35c22d,36.0,0.3280971829680382,31820.889079914865,3713.447178298396,2,3,False,1.0
073b6553-ceb9-0401-0bf7-4a1ffa536e48,15.0,0.9882047855872496,25848.036940877708,5158.439724522365,2,3,True,1.0
c993039d-6198-8c2b-b029-0ceb0402f2ef,17.0,0.5426525170148638,27923.146336776084,2356.5726697159207,0,3,True,1.0
1625234e-e4a3-a956-e068-f2ae9f6c3bf5,22.0,0.9849980589520554,34771.005106181576,4413.13666454201,0,1,True,1.0
618df8e8-32ac-9192-605a-ff6eb8bed70f,60.0,0.3366547620417593,17356.59495119714,325.1506358395253,2,3,True,1.0
7909cc37-a4e1-d5c5-8bf1-8763aba66193,20.0,0.975931984329223,26515.722254298325,3924.916771876212,2,1,True,1.0
0ec48373-55c3-ac7e-ff58-8e703abffde3,49.0,0.935981073153567,29261.86158356982,543.8371997040258,2,3,True,1.0
ac99f5ad-ea70-9775-97ee-df6b91dfacae,90.0,0.8318136537301906,27674.196502293704,0.0,3,0,False,1.0
42be49c7-ed3d-dd9b-39d9-d71aab3f08d8,90.0,0.9929198632733236,32307.11834768631,0.0,0,3,True,1.0
ce4afb2c-7c36-e80f-fad6-1ea736865321,90.0,0.9964563241257612,25022.728589460374,0.0,1,3,True,1.0
7abdf206-4b51-859d-6c2f-08f1d517ffa0,11.0,0.9720515980750392,24604.487328453,5330.2556180145,0,1,False,1.0
0996d2e9-6499-a59a-c43e-933db7258a05,5.0,0.5770165611037564,25378.42963102425,6985.538895023084,0,1,True,1.0
001b703f-d7be-79b8-1b66-1f2209bbe020,51.0,0.9653692295737656,17684.660364394345,1464.3815842216245,0,1,False,1.0
9f762c1f-0683-f7da-8e2f-d8eac892b616,90.0,0.7417160588142085,34980.79487423855,0.0,1,1,False,1.0
8d4a3544-0aae-e6d4-25a4-d6ce08a29fc5,7.0,0.3784651829713043,33438.05241462107,3234.988880186976,2,1,True,1.0
c3dad871-cdb4-8246-8233-cfd8302b594e,90.0,0.7490458161444467,25616.145547659653,0.0,1,3,True,1.0
5813d120-ef42-dfad-3ad9-d594ea5a8516,18.0,0.9049181195996008,18043.89121382126,4533.5338315480585,4,1,True,1.0
cce2b02b-4ec0-c02d-5554-5e587d96d9f7,18.0,0.4303707509628303,26610.75389863321,4946.580153398286,0,0,True,1.0
343936bf-103c-0eb7-a519-0fdf78196a7f,29.0,0.8788197880241639,33903.19383677371,3589.2888400162324,0,3,False,1.0
9a5087df-7390-6d3e-b8b6-d3bdf97a9307,47.0,0.7770964045075548,24660.31716896448,1014.3718604949825,0,1,True,1.0
4263a9df-49fc-4e30-8090-1ee104b5f013,90.0,0.956022324100473,24118.503826553995,0.0,3,0,True,1.0
ae1f737c-bf2d-8eb2-ddda-5266069f6144,24.0,0.5299224277023056,26328.853809593165,4685.148856833523,0,2,True,1.0
d1dd7c7a-419c-7da6-9b6e-a5b7a8f24e92,90.0,0.703121754824677,26672.517211836483,0.0,0,1,True,1.0
f4f0e5e8-308e-8800-c99e-9c280ff33d5d,7.0,0.6632693791649225,22759.42068336199,6101.775019044025,0,2,False,1.0
b5ceb1f8-b773-1305-4066-ed394eff5415,11.0,0.9373431017093586,32815.93467782953,7218.122402280657,0,0,True,1.0
fea154de-56aa-00ac-9bcd-da94fe8385f3,32.0,0.7956916235844365,26867.95889211464,2741.9175941504222,0,1,False,1.0
74605983-7772-d769-eaf0-4e2e742dc0d4,9.0,0.4004588343037257,20145.701952562165,5401.019233242402,1,0,True,1.0
5fd9f60c-affc-d7c0-f49e-3540458608ed,12.0,0.8201501061509957,40067.73691313021,5379.564300283911,1,3,True,1.0
28919777-a16b-95d9-56c1-49d9d6113b54,33.0,0.6980151647391966,36889.14090843149,2049.809674129374,0,0,True,1.0
79333791-2257-b61e-17f1-29979e3142cd,13.0,0.992919388922859,28752.914880615903,4216.16393463355,2,1,False,1.0
bed25aaf-7133-6888-7e92-d63a1169d6fb,57.0,0.9716795286710294,25991.66577524436,307.6405271518348,2,3,True,1.0
1af7dfe3-6059-9c36-6f3b-fba52f343959,44.0,0.8674034884004942,22427.373474923566,1135.371437290096,1,0,False,1.0
cc40f3b8-4aa8-2467-c17c-55f786b88482,17.0,0.7927692768896375,21142.51309777212,3364.5603096701034,1,3,False,1.0
3708fb62-7fa1-f7c8-c8f2-e699c91a4fec,90.0,0.9943660618243972,26845.252405872525,0.0,4,1,True,1.0
6bd1f2a6-e0d2-702e-dcae-986ef0faa791,14.0,0.4451055720605685,20562.71266022944,4362.156034889545,2,3,False,1.0
be4c0056-fbb6-427c-56c8-6a659c6f0a5c,23.0,0.838358312811454,20724.828805051337,6063.711432570669,2,3,True,1.0
3e783dda-c7db-9e17-475e-971a9d150a44,43.0,0.5612530263224808,26481.883429274043,1166.670526398363,0,1,False,1.0
7da38670-b0f7-c44b-8890-80194367befb,32.0,0.2946436023772002,33600.76966980842,3093.314802985255,1,0,True,1.0
7658f16b-8335-e9ce-7b5f-6d45eee0579e,56.0,0.9948477584376118,19768.56026122147,423.8096731221934,0,3,False,1.0
6e0efa53-2df1-5f08-f111-b837c2ad3729,49.0,0.9861724778892222,32401.44135720173,1530.743395793051,0,1,True,1.0
c8fafb02-e852-c676-d45c-ceea334cab8a,48.0,0.9586107564200808,18978.881335554743,1398.705798827713,0,2,False,1.0
f6900827-e44e-ac99-58bb-f3aed84db5de,27.0,0.3403726085262873,30847.35050074058,3085.228435119676,0,1,False,1.0
28f91636-74c6-7939-9f66-535f4151244c,41.0,0.8855987430656007,26527.966526419063,3203.9720553232787,3,1,False,1.0
198bc139-ed5a-ef88-80fb-98d073437524,43.0,0.9741454904918976,18627.07748746655,423.3738772615032,0,3,True,1.0
a7c15193-4f7c-6d2e-5654-8f28ac4d5f74,58.0,0.9274535185069686,20741.772828679317,125.1224896159156,2,0,True,1.0
9f1dfcbd-15ee-67e0-4974-0dd123ee9068,53.0,0.5189395568741223,20960.692310933176,830.2188743495597,2,0,True,1.0
039a254e-d066-e66c-0ec7-64116560cbd0,6.0,0.8313168183352984,18524.79841298618,4571.875615170972,0,3,True,1.0
b6c12f50-f392-f421-d4e0-879ae287b5e1,12.0,0.5456824596972619,37237.79024561223,7444.384818809536,4,0,False,1.0
ef1538d6-d854-5355-89b8-397822da549b,9.0,0.5224381095045184,37009.032446942176,8170.046224127982,0,2,True,1.0
995bb0f4-2ffe-1a50-14e3-132f25ffed58,90.0,0.996899458329698,26037.23427811989,0.0,0,0,True,1.0
714f3196-ffd4-9154-6f59-c7402e393605,21.0,0.920691047204412,32317.97980028917,2782.9328337214997,4,3,False,1.0
0421ac8b-148d-32ff-c47e-d3269c4ea905,90.0,0.9824782009934118,30034.90725750038,0.0,4,2,False,1.0
a5ab5094-ce7a-c872-9974-cfdb1dac15e6,56.0,0.390955870777585,37682.08564840572,39.63112351666749,0,3,False,1.0
c5137981-b964-0ebb-901b-8b198cd113e2,58.0,0.9931814253694312,26473.385238186696,304.7882714524737,1,2,False,1.0
6533dcfe-0916-d3f9-1fd9-8aa64e388a24,90.0,0.8923783632922034,29712.18116675458,0.0,0,3,False,1.0
f88583d6-0305-e032-ab75-021d4b0b38b4,90.0,0.8968152134730674,31036.97084414858,0.0,3,0,False,1.0
22f9b937-d613-11be-1a36-305fb7b67085,90.0,0.9610096434798222,15455.434559979753,0.0,3,3,True,1.0
33581d17-1179-6cee-15a0-7d17fb2b58a4,90.0,0.9984314137239576,26048.54548946562,0.0,0,2,False,1.0
6c3dfcc6-9146-1be8-6628-b1a5b591a5d3,34.0,0.9139523616493382,22073.592253857947,1443.3998985475544,1,1,False,1.0
b0b7a6a3-00f0-e9e6-2662-a206cc64d096,3.0,0.9982701878428268,19323.84961347215,4765.662662362465,3,0,True,1.0
3047332f-b2ae-c196-778f-d30b8fdbea80,11.0,0.7907581762889669,25409.68010157999,6088.6332559252805,1,3,True,1.0
0c420f4e-52d9-0e5b-d4cb-f2ad3306151a,47.0,0.4745273177906063,19550.395849118548,1417.351412073641,3,3,False,1.0
8cdef9da-c99e-4bec-c752-1cd196489b0b,58.0,0.7575984582187676,20434.305071476,252.90337714360288,3,2,True,1.0
e8f25f85-1239-bfd4-7b38-05de520804d8,90.0,0.8789579406513556,27678.14274493131,0.0,1,2,False,1.0
dc74b203-84d7-9322-8c2b-6acf12291dcd,21.0,0.9939901165523984,18002.507623509955,4913.654861438978,1,0,True,1.0
50810cdf-29a7-4fd8-edaa-7c4d3946a223,90.0,0.999778630287796,22781.99894099308,0.0,3,0,False,1.0
71b27e5f-0df6-0fbe-2050-0907d04225d5,3.0,0.3074399880744136,24762.157794928586,637.1822985540456,0,1,True,1.0
3c8814f5-2c06-7ef9-9b1d-a2971d76c69a,48.0,0.6439458429803143,18442.02146261409,1319.319536706396,4,2,False,1.0
34914505-71b1-7c30-f58c-d83fdb7826fa,48.0,0.9394823228358254,29119.80956216944,394.5681350215254,0,2,True,1.0
6073ca40-9e83-4197-3696-c8f114a40274,40.0,0.2865964474063945,28477.85650373024,1953.200453912739,0,3,True,1.0
dd5c885b-d0ad-bf35-6683-ddad8bc17bf3,58.0,0.99580757640962,24531.314975573816,112.88509747200033,3,2,False,1.0
17a31438-d35a-2a0d-0521-ffbcbd2cb19f,19.0,0.4981494835022556,21196.903963269146,2433.9732256377715,2,1,True,1.0
fb2b51e3-a8d7-cc1b-3f52-08c601af3915,90.0,0.7917287544855014,21241.105595608904,78.59422645625831,4,3,False,1.0
b4d467d2-d6f3-1285-2a65-3eb4d7f9934f,8.0,0.8877590955015244,25991.023692984967,3871.205304103366,0,3,False,1.0
43f7b1e7-d31f-dc9a-edc8-b41bd519425e,42.0,0.992935844071155,31889.92828862423,2497.288182632197,3,0,False,1.0
2c0d01cf-bbf3-5857-3197-8a345fb324d6,44.0,0.696237982162306,18316.334762936214,1668.0537443359492,0,2,True,1.0
19816e3f-8ce5-ba27-723a-1292a54726d7,90.0,0.708195691728241,22127.308746396357,0.0,2,2,True,1.0
592191a3-d335-3810-a563-a5d47434ada4,42.0,0.99926650242027,28302.919550989107,2086.3821760615074,3,0,False,1.0
a30ee27b-2a1f-a58c-1173-11723bb5ec74,90.0,0.9993314176708388,18850.21323560193,0.0,3,3,True,1.0
8259f5d6-96da-dacf-aea0-069d9338375e,20.0,0.7186361434535697,23648.703207629547,4423.340438487406,1,3,False,1.0
d0475fcb-286e-7d39-6a76-939551a0171d,4.0,0.7429490929180723,22902.28452333022,4653.863850617155,2,0,False,1.0
d3244e96-d0c5-1458-e52e-f57085eae685,4.0,0.92564275548318,32377.93702257696,13882.116155332878,0,1,True,1.0
0226d80d-9dfc-08f9-4c06-2f68d67698f8,13.0,0.7651313669617394,29241.101358746622,3311.7741946164583,1,3,True,1.0
475d1da7-88f2-aa2a-03cb-8df69fe5bc06,52.0,0.9720065988418598,23456.725327774424,934.8743350305308,0,1,True,1.0
3eeb65e0-6c4e-6826-6a4a-dfca83e1a51c,90.0,0.5241261410757749,21403.64100735029,0.0,3,2,True,1.0
890b9377-8d71-156c-b284-8aa407009da1,37.0,0.8376711930025924,23921.707719646914,3852.015393443931,4,1,True,1.0
db9dc2e9-7061-e7d3-f7d8-6cbbe2c35c3a,29.0,0.9270658685259356,30006.36500425293,3643.098539785699,4,3,True,1.0
259bb930-3e80-0547-5681-8ad7dc910613,47.0,0.9983157639389704,22674.689958284176,2012.382183278728,0,1,True,1.0
05af734c-2dd1-a139-f28f-174478b760b5,90.0,0.8475422412789302,34885.3843066497,0.0,1,2,False,1.0
b38cc6e1-3dd0-c778-b771-33fc54c5fe38,49.0,0.617030168865426,26040.30680814481,1209.8067144280265,0,2,False,1.0
206734f0-1c39-cf1c-3169-5dc063715d8d,90.0,0.8182262645053413,13218.67260706918,0.0,0,3,True,1.0
4594da22-9737-ff12-57d7-283623f9fa14,51.0,0.3278745713903399,29600.015402566394,695.5263231317807,2,1,False,1.0
fb0ea0ba-16c7-bd3b-2f9b-62bd46b0c605,37.0,0.5367419254816522,32906.94682402788,1788.92438298383,1,2,False,1.0
ca358f05-10f5-640e-bdfa-9d6916c0da81,49.0,0.9589957588097386,26083.696718848,1209.4374882824843,4,0,False,1.0
a0ee9e90-7552-bf9b-1a9c-15ecd37e52c8,90.0,0.9757754393741956,16163.160134265814,0.0,3,3,True,1.0
8d4721e1-2275-5876-bcd2-0a2cc7072821,55.0,0.9165536128505088,26091.80136174022,306.4651499651616,2,1,True,1.0
ddde9abd-3767-6af2-a05f-ec5db7434fd2,90.0,0.7916881925739283,35394.84440066923,81.98135750048633,2,0,True,1.0
7d5e15a9-4b4b-1c19-2814-481a8c903b1d,20.0,0.3930796686159474,27169.487683559742,4136.282845466305,0,1,True,1.0
bafa65e0-5782-0774-c481-b5d7d2e9dfc6,25.0,0.5782875668977762,28744.73322905285,7290.699575393365,2,3,False,1.0
883b04f7-c3c6-368d-6813-101b7349bfd5,90.0,0.9255403857631198,30614.80697129915,0.0,4,2,True,1.0
516bfcea-e3be-de94-9cfd-39d05b931167,90.0,0.8526218077041113,32086.67812202192,0.0,1,1,True,1.0
70c486d4-f95f-e28e-8501-674ea86f606e,23.0,0.4185226121532164,15127.84267846917,2110.1585257064567,3,1,False,1.0
a6bde68b-d845-5cac-6482-2e442e4ecdd5,18.0,0.990348551825546,28587.5571589384,4957.25441723175,3,0,True,1.0
68850913-bf35-97a7-093d-7e8c7a938e43,15.0,0.3664853656518511,28010.933143461665,4165.679344704115,2,2,True,1.0
65844213-a3d2-c71b-528a-0f4027c920a2,43.0,0.998148241197144,20886.82198412405,768.0266623679745,2,0,False,1.0
d4f80135-9a0c-3bdc-687b-75f37a754818,90.0,0.9162739533782198,20323.318974616817,0.0,2,2,False,1.0
226f3e8b-606c-73c7-b4af-891f483be84f,90.0,0.4651629628368915,26068.050062607243,15.467905303965043,0,0,True,1.0
522b8f36-eaac-5fe8-460d-903145577fbc,27.0,0.9950415470836352,32842.02397735735,4311.8066354855455,0,0,False,1.0
bb8f98a3-fa44-bf92-7046-2c3cada06e80,40.0,0.3918313001785398,33008.9836863325,2444.486267621264,3,1,False,1.0
9b1b7fe1-a2ef-e37a-9e6a-8cbdfc006bee,56.0,0.6826419516567854,19998.845123032934,363.2436595064292,0,2,False,1.0
2e071a73-8328-ea71-5560-8edb4ba82fb0,17.0,0.376283100373145,35115.34352163059,5474.409845002544,2,0,True,1.0
7eb8af3f-0099-a317-1f09-5006523cdde0,41.0,0.3861969040809404,31413.24088642388,522.2118522160941,2,2,False,1.0
9208d250-25ce-30f6-ef99-fc1d55dc38eb,15.0,0.6147835396544992,26369.475838294165,4383.017492212356,0,1,False,1.0
e6f20181-7715-ec5c-ea20-2e9031bb8fae,24.0,0.8737912704615063,31418.047602731403,3432.8374781381526,0,3,True,1.0
ea0ec79f-8e4c-b714-e7d6-c30b51d2c608,58.0,0.5132262225697262,26649.72774874579,380.07369142856766,2,1,True,1.0
bc53b89b-a795-3973-a144-0f4c7c5b378d,12.0,0.7419287626719513,29296.29477047337,3572.263278672933,0,0,False,1.0
e0b25e01-4eb4-81ce-a93e-ffb370811160,19.0,0.8256659760488589,16672.93484369588,4649.877220534394,2,3,True,1.0
df7c1b5b-cda6-4965-c723-d1e1c382f990,60.0,0.99993479436652,20737.44251424318,0.0,1,3,True,1.0
7accabb0-3a92-7699-4d7b-a7c02dbd5c1a,90.0,0.7924502977535085,26734.603260787608,0.0,1,3,True,1.0
5a5364bf-b30c-b1f3-e76d-bbae493ebbc3,25.0,0.2873783282304157,34660.88712914256,1650.4952781958511,1,3,False,1.0
d1833baa-2c99-6cd0-346d-26f63257fc38,56.0,0.5769236768421587,25149.968736022944,439.1058840677382,0,1,False,1.0
ee180710-b863-ad76-64b5-5f2369b81382,53.0,0.5487965059388443,28906.557302048797,608.8373316580565,0,2,True,1.0
95cd2cb4-60fb-f34c-235e-081dc6061fd8,90.0,0.8418089485157243,35955.812561785235,0.0,4,3,True,1.0
a62bdd7e-5e4c-1c88-204e-ec8b26ab77b2,40.0,0.7531073659398108,33235.25461958899,2050.212334396035,4,3,True,1.0
f2645647-50e5-6351-1568-4eef40a4f3b8,90.0,0.4287473599789461,26232.96442057324,0.0,3,0,False,1.0
491d4f9e-1d6d-25f5-8837-201be05f668c,59.0,0.2890007378214932,23996.496642003272,42.49520535184808,1,3,False,1.0
920ea818-9791-d3ab-d62e-fb7ed18d1ec1,11.0,0.5148903573571927,27212.725611258746,1266.7858973485118,0,3,True,1.0
e98cb63a-4f57-2cd9-29da-591f0beaed55,26.0,0.3898388717270001,39949.704887988926,1167.3173050456471,2,2,False,1.0
1afd34b7-af91-59be-b578-9cfdf594ed81,15.0,0.731688484311766,22784.33329645968,6111.801182420231,2,3,True,1.0
e62a5e3a-4936-c7db-b99b-8251ee2339d7,4.0,0.9403286959437296,21799.69058499764,7710.803189035337,0,3,True,1.0
cf7ac04d-4677-1d9c-85b3-7d9623eb1371,25.0,0.9766012159714348,32204.002320302832,4632.299821022176,3,0,True,1.0
588e2d0e-f0fe-a521-6d16-da478e79557b,8.0,0.6632698394130502,34649.63584864244,11576.847913848182,2,2,True,1.0
02fb95eb-0793-b149-b58e-ac0eb23f89c3,51.0,0.8673528038915952,28165.57803929065,1526.3999200331166,0,2,True,1.0
f92c11fe-85b9-6ea6-50f2-ae39bc7868ec,35.0,0.5827105916765911,26862.47212691896,2476.131059986582,0,3,True,1.0
bfae39c2-a90f-0fde-18f8-8d2007caa6f4,90.0,0.4337697383594637,30549.47978787975,0.0,0,3,False,1.0
afd041b4-3d93-c3ee-dad6-d49c4fae15bf,47.0,0.8358377232471728,32885.7914943293,1460.075278315369,1,1,True,1.0
e26c9178-78b8-2a86-3b5a-ab93e3d026a6,25.0,0.9775148237399268,22870.66566841611,3065.5718957137124,4,3,True,1.0
f79cd682-658f-4b79-2087-14ec26264ce6,55.0,0.3677380809816277,30473.46561508502,546.068527610076,1,1,True,1.0
6367745c-d142-59ee-c315-98b312d201da,25.0,0.8101540468566351,25240.80734124941,2475.228517485086,1,1,True,1.0
8ebd936f-cce0-f3af-985d-f71ae16a9a49,90.0,0.9988973052415472,15019.76125740839,0.0,3,0,True,1.0
e25145bb-aa3b-b133-daff-631773d2edf5,30.0,0.8752310096181867,40779.64485813303,0.0,2,3,True,1.0
1779ecf0-7fea-5da6-dbb8-328ea77c3593,7.0,0.9999432060844464,22619.740475703213,9351.09111162116,3,1,False,1.0
dc966bc3-a29f-10c0-3c40-f3b5df5dcf1d,90.0,0.9994796848352524,18136.864958726,0.0,0,1,True,1.0
0c41e153-de2a-a4d9-8ac5-67c94578f11c,36.0,0.9519598685224948,21039.055465525467,329.1897897389378,2,0,True,1.0
09712296-3cb4-5226-7aa1-b4e2c0e45ae8,28.0,0.981893492259984,38985.76415406006,5054.597328371882,2,1,False,1.0
553f8fdd-20e5-5d42-6641-e4379e85e7b7,43.0,0.5117268034012177,21429.40023495674,1578.1655481652172,2,0,True,1.0
399fe954-2348-d3e2-a53a-2d21f6cded75,43.0,0.9933346208077836,32404.287881561293,2750.4781215858925,1,3,False,1.0
a9901bfa-341b-cf83-2e3a-cea5427cc870,48.0,0.7067948311024131,34519.37612948836,0.0,0,2,False,1.0
6f784404-f9f4-3108-a7c2-a881345cb780,33.0,0.7439965856019394,18154.634117145262,1122.5324477325812,2,2,False,1.0
feb41efd-c5c4-cc3e-eb24-987b56d187f6,14.0,0.2972994870106519,25199.63528286688,6856.466731359969,0,3,True,1.0
bf973327-2f8e-0f0d-3b81-5058d8881fbe,24.0,0.8628057381447127,20756.00994245218,4245.448427344888,1,0,True,1.0
d1ad002b-8ac9-99f7-9414-2257aec2ade0,20.0,0.9892952139797762,31438.13250749545,5497.493625236414,1,2,False,1.0
1619a12d-f990-91f6-03bc-048a6a1f957d,57.0,0.572168403446509,34358.66636512611,670.6816920491123,2,1,True,1.0
4b22009a-71a8-8b8b-2d35-df1a1d12a907,41.0,0.7904147829225566,23655.88956510657,1895.497688657612,0,1,True,1.0
5dc76fd9-e8c5-5c0c-0c9c-37010ea634e0,33.0,0.4943691943856478,17421.434560277572,2086.221628193532,2,1,True,1.0
6ba53ace-ba5c-a99d-58f6-f3123ca1be3f,25.0,0.2959643477946661,25560.897614564252,391.70449024380713,2,1,True,1.0
a50459bd-d582-2b7a-1d49-a1341653c82f,90.0,0.9165208285221632,21267.23786691848,0.0,2,1,True,1.0
df8780db-9894-c72d-1801-e2ff9a3d8900,90.0,0.3498385808773579,30268.95237165776,0.0,2,0,False,1.0
63b3f731-d733-b083-e0f9-7968a3de2777,90.0,0.9421259115633616,32125.374897339127,0.0,0,2,True,1.0
6394580f-7f96-4d27-170c-d19ec0b32a13,90.0,0.9615159155177154,20137.37961555405,0.0,3,3,False,1.0
5df58261-9a17-3e39-d084-f931c58bc61b,17.0,0.6375284377056422,35161.842193109704,4697.749305822719,1,2,True,1.0
b7468deb-e994-c38b-b6db-d1bd45afed17,43.0,0.9906437486925592,22850.361908057872,1633.332843259347,0,1,True,1.0
0411a68f-f025-0b9a-5ff2-6bad5b4445d5,10.0,0.6845201591166624,21698.74709956363,7687.118504641085,4,3,True,1.0
3dbfccb3-1957-4e8c-1117-baf009ff8d71,5.0,0.5631763577213734,27008.21680094968,7318.639918487176,4,3,False,1.0
8ced9622-0f47-e32f-a7f0-040d7b999ab8,53.0,0.9601968964332828,20903.9620527824,768.6477039780513,4,2,False,1.0
9c9fba7b-db8f-7d04-933d-c237c7d80fd0,31.0,0.708166910430397,28442.631489966974,3312.517500190745,2,3,True,1.0
4d5879c5-5161-831f-ca3b-4e1599ba97e3,13.0,0.3168860033420016,27801.34679428825,4504.091401319226,0,1,False,1.0
a0bf7bc2-d1d4-e223-f06a-453737965547,49.0,0.7681410316798805,32549.01718219401,866.6251218280379,4,2,True,1.0
0948c974-a06b-ef29-a5c3-f867247bbcae,42.0,0.6311184245869699,23883.344053410183,2350.219987664798,0,3,False,1.0
69bc4053-440c-9f7b-0946-3982a3142b03,48.0,0.5918447979486535,29386.315285070785,1441.5997946518096,3,0,False,1.0
57d823f8-dcf4-0d67-f32a-62dcf270bf77,24.0,0.5130489522724617,24277.107391449637,3435.8620915425204,0,1,False,1.0
0d3aa7d4-4009-ace3-236d-84e4d49eb1ce,90.0,0.7586179394598046,21407.980793522544,0.0,1,0,True,1.0
ce4396d2-5ee4-92d0-d31f-2a27084e94ae,40.0,0.2994081707922299,26561.01005272193,1639.8442677208582,1,2,True,1.0
29f1cbe1-6773-be19-583c-65ac30aa9813,90.0,0.5105331124330195,32458.55154875635,112.00555528965852,2,0,False,1.0
e6dbbe5c-70ee-870f-d188-da846f6db5fd,54.0,0.9972603755189714,27163.780409847463,725.2978823111938,0,3,True,1.0
094218ad-d94f-2a3a-218b-e1dacb64f603,31.0,0.7448953422194816,26457.91481463605,3689.437219256075,1,3,True,1.0
0624cffc-f095-ec22-6b47-13ba62b5e8a1,90.0,0.8118961699304403,19871.0643739581,0.0,2,1,True,1.0
99f0bd37-0e44-088a-b009-17a95a87402d,9.0,0.8116152726836832,30277.88962614404,2961.4826792823706,0,0,True,1.0
62b55b0b-7fc5-c4a9-2e38-af93d56a86cd,51.0,0.96225275621424,18007.773874830305,180.8130311257424,2,0,True,1.0
4b6a81a7-420e-af7e-088d-a711628811f1,90.0,0.9616203009298618,16924.39072226607,0.0,2,0,False,1.0
4ded2d11-684e-cfcc-7881-7eef17caedf2,90.0,0.6463176147203175,22648.35416927456,0.0,2,1,False,1.0
86e89f78-0512-987b-a212-228465796e0a,30.0,0.994285340234592,29593.044673700908,5233.31240833077,3,0,True,1.0
bc4b4d18-b1d2-e16d-227e-34e2f4f19550,41.0,0.999738938887936,29850.428010726304,2187.3374070144487,2,3,True,1.0
2abf7e93-03e7-c67b-d72a-52d97e47ff22,90.0,0.9202408351138344,31291.57523837137,0.0,1,2,True,1.0
d7ca1855-1c00-cf4f-01f0-4bf9b4cfd5f0,90.0,0.9251346906033266,15057.31983783885,0.0,3,2,True,1.0
3f576fb4-3ac6-13f4-13fe-3994746e493a,90.0,0.7557675226134074,26944.28937405961,0.0,1,3,True,1.0
ce2f13e8-cbc8-6dfc-43f6-d5d0039c602b,29.0,0.476152461507487,33774.75928116214,2696.068588509521,0,3,True,1.0
f6e7daf7-7aab-ddb4-dbe6-db1d56809a38,90.0,0.4619199220724558,26533.512009519945,0.0,1,3,False,1.0
267126e4-30cf-4873-ce77-c4880269d490,34.0,0.3071941461410357,31084.93877771984,5724.781691130584,1,2,False,1.0
d8c68438-2f63-578f-92ac-6606fa322610,30.0,0.6886756286448884,24981.974910917288,2595.13247927129,1,1,True,1.0
b1582b2b-fbc6-3923-15cb-f70272686ec0,36.0,0.837493986944122,36491.62951627668,4074.79958576157,3,1,False,1.0
30409510-2668-19bc-866f-06aa84626eb3,90.0,0.5570142710965416,25323.051885266614,0.0,1,3,True,1.0
8e54090b-d5b2-229b-eca1-a7d892249b84,38.0,0.6605544284941848,37073.2542721498,2505.845480131836,1,2,True,1.0
a377476a-4645-bc8d-a3d2-6851245f8d46,33.0,0.6729551002184823,34578.74849910285,6188.408653882279,1,1,False,1.0
30c1e7a9-711e-f6f4-a266-0387615e7691,90.0,0.5906488021011607,21679.42486552479,0.0,2,3,False,1.0
27dbcf7f-fed9-fc65-75fd-17172d67561b,90.0,0.2830956259417025,27400.22528180858,0.0,2,1,False,1.0
4b4962ae-8bb0-0b6b-c155-e5600eb11944,90.0,0.4904210859295328,27178.55695681045,0.0,4,0,True,1.0
6dd58274-702e-a856-a665-35047f541e33,23.0,0.7320054795314658,33802.46320893423,3591.590447390681,1,2,False,1.0
c79a17b3-dcde-582e-32af-a9ad5f77ee51,90.0,0.9713361466073432,27235.14932600255,0.0,3,1,True,1.0
457bef3c-786d-7519-09e0-12389d810450,9.0,0.9823516025650252,41670.43341437593,3305.4007649439245,0,2,False,1.0
b168fca1-576c-be81-0caa-adf242a1a716,90.0,0.9722556775668912,28853.20231297754,0.0,2,3,True,1.0
e162c270-4197-a602-5a24-98774e3b9132,47.0,0.4518741425740822,27041.061256714805,1737.964280530789,0,3,False,1.0
d2939007-2f04-ebf1-aa3a-0d9932279a38,90.0,0.9998465669826446,21980.82297003711,0.0,2,0,True,1.0
843de128-d5fe-5451-1240-d011432dc170,30.0,0.3215079827235885,36558.21859291434,3282.045879950256,2,0,True,1.0
7c726cca-60f2-e1b5-0101-bab8da750999,42.0,0.9500359368298152,34344.23059749232,3777.424769924326,2,0,True,1.0
eecbc70e-4c8e-6700-706c-5c20f5aa7b9f,53.0,0.2767600030420195,34105.10218499988,438.19679051870713,1,3,True,1.0
5f7b3979-5330-e9a9-84c1-60abb2646378,4.0,0.4626469475410401,18839.15486436944,2820.573341374623,2,1,False,1.0
5ab52e52-f259-6d52-e956-a06ef1922e0f,43.0,0.3314302395018422,27506.11332989357,2185.14455973052,3,2,True,1.0
91ce7085-eff1-780c-6c84-40f2b9e18c79,20.0,0.8750808976947613,31105.246276095477,3863.1178771707623,4,2,True,1.0
b4427ca3-ae7b-3e8d-36c1-27abd94dd266,13.0,0.9532870886646596,28015.528867892805,7018.573037171633,2,1,True,1.0
262bfb82-d792-5088-15e8-3873ffca88fa,90.0,0.2798845568850269,19946.51588796867,0.0,0,0,True,1.0
70b9f225-d25b-7661-8ce1-eabfb47d5bab,90.0,0.6600491819544078,15097.048750961172,0.0,0,1,True,1.0
8eeced53-8c52-c0de-737d-c5265ea5d4e7,90.0,0.2763608797233357,31941.95868215956,0.0,1,0,True,1.0
a4d7668e-1c50-2421-5848-1b7e96eb079f,20.0,0.4469308602194899,22179.255562045128,3175.3324354499728,2,3,True,1.0
d433b608-27ce-e3f4-9ef5-0e2bb3453c55,16.0,0.8784720769371234,19552.18243734865,2654.3931599256944,0,2,False,1.0
849827c2-d170-7751-3f74-a8ddf46b883f,90.0,0.4202379918604305,32711.69150302957,0.0,2,0,False,1.0
a100c4ca-407e-108f-bfc5-17079001cf0c,36.0,0.9705779180012852,35148.099063277805,3548.588731779547,1,3,False,1.0
74744ac4-dcd8-fb7a-3557-f3c5199a0864,14.0,0.9937673728432396,22178.894799523656,2674.3083724351704,1,3,True,1.0
5c9a9737-e0d7-7355-c651-cabc93e2550c,46.0,0.7736889534583008,15852.456516662394,408.8470858249613,3,2,True,1.0
49807e90-f8cb-96f3-3500-d4162d62578e,21.0,0.7202860975880263,28859.28148151401,2405.275981901352,1,2,True,1.0
38ac0a6d-8134-17c0-2e8c-f14d0d309240,90.0,0.9510824876169464,17269.629272310453,0.0,0,2,True,1.0
96ece66c-5c3e-26a2-5aba-d7f4ff48166f,90.0,0.6311606843122998,29714.39732671607,0.0,1,3,False,1.0
a4bf7fc3-756d-16f3-7f30-4b5afe8b24b2,33.0,0.372679156713376,33859.682413856244,1916.521074827241,0,2,True,1.0
6c581b7a-12e1-ba23-4557-ebf88dd5d70f,90.0,0.716404120803312,28314.16903545939,0.0,1,0,True,1.0
0891f345-5fb5-247f-af3b-6df298af4364,23.0,0.5857897478275823,17436.111435653438,4453.3773474398095,4,3,True,1.0
cff3a0af-d8e5-794c-7290-bb9570e16c81,27.0,0.9954518616290884,19651.41862319575,2326.1438495646325,1,2,True,1.0
044cfbc0-fec1-c084-5414-0ccb28b72459,7.0,0.9789510437510502,24542.214446634556,6549.724150469408,1,2,False,1.0
1abbaf75-f271-6e33-c897-76d79de08ecf,29.0,0.9158598154508726,24158.36273907525,2258.5513637045874,0,0,True,1.0
354b43b3-f6b5-b772-410e-ede46d422d7b,32.0,0.7009214992718689,15042.524600977176,965.9808880061915,3,1,True,1.0
101cd128-9925-dee8-14c2-14eac0e48806,43.0,0.6912013161852186,37031.26892853341,3397.492147905376,2,1,True,1.0
673c40b6-7f14-8f57-8884-c252424f605f,22.0,0.2948824016495341,27797.42438189828,4076.919601767953,0,1,True,1.0
7e19f206-80ea-303c-9d7f-cda46af2eb70,34.0,0.9204951983436408,23145.58587455726,1263.3878722741465,3,3,True,1.0
c9c1ff8a-ccdb-0617-c3f7-6149a9191a06,5.0,0.9487944227391422,29439.14319851399,5858.4754322708295,1,3,True,1.0
9fbcc1de-f85c-4c5d-e2ef-27e7ee7f58e4,41.0,0.6047164020166453,29488.981238636512,1649.8457058565054,1,3,False,1.0
6aeafc6d-f435-c56c-2d68-f3759c200fbb,29.0,0.7478172641500355,28070.50205376429,3885.627265069215,0,3,True,1.0
e670f202-1ba0-7055-9dbe-236a87f6ffb3,18.0,0.7672316777959859,27201.11024063151,7040.074902679147,0,3,False,1.0
e0aa6664-c6bd-8678-9c08-fcb8b20738ad,90.0,0.7612214901255686,20773.54346052066,0.0,2,0,True,1.0
02c25f99-7acd-ce90-19ad-6c29ca44ff8e,11.0,0.4853153556277095,38960.43038726578,5782.4089115055285,0,1,True,1.0
58287356-69d2-d9de-6994-e8e03fd8eda6,12.0,0.863872292791599,38534.31576785207,17663.171808039544,2,1,False,1.0
f135ab4e-427f-b0c3-0086-b943848b4af4,26.0,0.9115134454562124,18253.970233305918,2937.993546742451,0,1,True,1.0
60a7dfa0-e02b-1015-de09-3fe7332e6ea0,27.0,0.681764799974048,27557.63229549624,1895.874392666088,1,3,True,1.0
c4cb9eb7-d780-764c-2bb2-b3c2a5f08172,90.0,0.58416158381311,25829.47494827344,0.0,0,0,True,1.0
7edfb3fa-0ad2-b6a4-d051-310a519e94ed,15.0,0.9856810790096856,32744.5135301312,12217.031041351056,2,1,True,1.0
8dc9375b-811a-8447-2cd0-1b272928a7af,90.0,0.849870313594522,11724.841572523514,0.0,3,1,False,1.0
0eaac0b8-96cc-44cb-9c85-f9dda56fe981,90.0,0.9514961488122514,17824.930901398322,0.0,3,2,False,1.0
6c4b2886-f684-4dec-f826-034ad24ecfb2,42.0,0.2775376532101039,19768.897098742596,2396.25110919613,0,2,True,1.0
194eaed8-019f-91e1-cf96-fffde2c52c75,47.0,0.3414514240378902,17296.75041184955,798.5915136987335,1,3,True,1.0
a9b31019-cefc-7386-e5e0-b06689a69583,39.0,0.3426164978473037,25249.21971674844,1711.6723717428813,2,0,False,1.0
f5f79c1a-f02e-c22c-7e29-75fed0d66d1b,4.0,0.9315331514061964,21639.731473459327,4897.3378693137365,1,0,True,1.0
e3e64943-9a0b-fa54-4531-e99c7a3179a6,55.0,0.7980937761589223,37320.84315278605,1171.2077883499803,2,3,False,1.0
505f9aab-0023-44ff-dc64-3552c0c4dec2,9.0,0.4163647393498539,12804.71346381694,2119.289885663192,4,1,False,1.0
e9f47c4c-2cc3-f9c5-92c2-b1ef8de9e24b,53.0,0.984993347038392,21509.669855656142,575.6654389202428,1,3,True,1.0
a07ec237-190f-9822-ab61-856f60c1cd68,21.0,0.7646220702320328,22400.15399312,3773.21005005688,3,3,False,1.0
67136455-b3ae-bc1e-bfbe-c79d2632ef03,34.0,0.7317358230449007,18676.322443354424,2861.3121022938994,0,2,False,1.0
6cfd4b0e-fa4c-cc25-8a22-7b65b8e84569,50.0,0.8721512806320382,23637.7704293786,760.0854726227553,2,3,True,1.0
08ad0f1a-2860-f78e-a723-31f2f1c5929a,16.0,0.2856847864549941,22570.05737217105,3485.49609829363,2,3,True,1.0
c99b9436-76e1-375a-dfe5-c7a2d3bcf889,90.0,0.5153097333313922,29833.977739984133,0.0,0,3,True,1.0
2633091e-a24b-558b-5dae-6feeb99daed8,18.0,0.985068692851994,36889.43793135086,8553.32201885917,0,3,True,1.0
74ea4dce-972e-3e6c-853d-c4c2e515a47c,59.0,0.5644919792344875,16188.445900791949,59.161688497806175,2,2,False,1.0
6f78f6a1-0bfc-b788-6620-6eb9c0eae0e4,58.0,0.9942812440932574,25954.134001181566,336.48107819103075,0,3,True,1.0
6ef4efbf-37fc-7a45-0bb6-4c25147cae5a,90.0,0.7413731813451025,21047.411691539844,0.0,1,2,True,1.0
6a8a330d-c728-ed60-1e09-d10743e1e848,52.0,0.9595386322802476,37860.57972711934,1474.1477041952492,0,2,True,1.0
85394244-213e-2876-25c2-8181f9eb9ba8,38.0,0.954017004353595,39531.69014224444,4157.673024522767,2,1,True,1.0
098c2ee0-9ca9-8a8d-f365-b981caa1b6e3,44.0,0.3322491497786624,24869.99437231171,1888.0961510457807,4,1,True,1.0
24a836b3-1b98-3b92-b64c-9c6692bb310f,90.0,0.9982881138429128,16038.10172611906,0.0,4,1,True,1.0
2edb5c6e-bf6b-2de2-64f4-5aceaa84a040,53.0,0.4774853001498376,26547.922012944044,1032.5388237802963,4,2,True,1.0
5a7584b3-9570-9758-47d1-60baa7ce3e4e,53.0,0.4736324361455389,17878.590231896364,1114.8890212944364,3,2,True,1.0
95c5b5d6-6235-67f0-3b41-10edcd0f6381,90.0,0.88832571081428,19400.13471528656,0.0,2,3,True,1.0
f7eea0df-b72b-d165-be47-4467711e6ced,59.0,0.8491659446522924,27426.35709881977,40.45911133310846,0,2,True,1.0
bba42eaf-a2dc-2b4d-83a2-ab9dd40dbc13,90.0,0.99023201130355,25446.47555841269,0.0,0,2,False,1.0
9c280d45-ec44-2030-3e5f-7a5163d76f0d,39.0,0.9773540297732808,21659.143457083144,863.5042226793596,2,0,False,1.0
aa8c7d5b-1825-fec5-1d89-e636c48581e4,44.0,0.548673465093774,27492.242544853776,1050.0441595410014,0,2,True,1.0
eed92c17-8dc2-0e9e-298b-bb7aeedee595,90.0,0.8101158558178785,29109.79251448078,0.0,2,0,False,1.0
a2f3e5a5-0c78-a6ad-5587-f34b2609d5b2,60.0,0.7023727315606473,25459.598789326483,0.0,2,0,True,1.0
e14935d7-1ba8-a357-9216-b416a4155151,90.0,0.9597509513416232,13857.724647989884,0.0,1,3,True,1.0
096cf5a2-6295-5721-1029-39c39be0a754,90.0,0.3177718852109552,36780.60997653141,0.0,0,0,False,1.0
28a9921c-179d-6b6d-7d64-81cda9a1db13,55.0,0.7810671996295381,13427.777637315943,254.98555193901723,1,0,False,1.0
b2e06b06-be82-280d-0d61-6650e1cd3980,41.0,0.9273612470888476,29244.48932654414,727.352275868975,0,1,True,1.0
a9bf67cf-c89b-8565-ef50-b194869c6643,46.0,0.9190028905033608,27836.390170395225,1065.482001831615,1,0,False,1.0
4fb00b6d-9df3-46f6-7dca-9076cd3a96e4,58.0,0.6350450252816756,21218.18884862536,199.3755331866488,2,1,False,1.0
53b56f16-6cff-1348-16ae-52cfb8ba512e,90.0,0.9721564290477844,18748.18239270701,0.0,0,0,True,1.0
a80ce01d-41f3-cbfa-32bd-4fb2aad7a172,90.0,0.5432859931068765,24153.73851262596,0.0,0,0,True,1.0
0940d473-ac95-498a-fa0d-c8d514ea05fe,53.0,0.99934205765396,22060.466544883715,709.034706432799,4,3,True,1.0
154c4647-befc-947d-36b8-ce655322098c,90.0,0.3857411346178829,24212.933335101527,0.0,2,2,True,1.0
abf94bbc-6967-af50-aa3f-48e868b50b98,90.0,0.5409182230342654,30574.521030857508,0.0,1,0,True,1.0
62a0da41-eb90-2ab5-4ced-68a548683bd4,15.0,0.3610220005576247,31586.179094563093,7609.88853140265,2,3,True,1.0
3427f8cd-effd-d191-be60-5790c721dd11,24.0,0.5438592249492962,20192.280988781687,3556.780717367061,1,2,True,1.0
a3398878-378a-b18a-cad8-d8340fa2fbb4,47.0,0.5564874898391644,27787.929312603712,793.3609062067824,4,1,False,1.0
fbdac989-551e-ee0e-85f2-0a6e6c65289e,26.0,0.7328346516776273,20095.544370955344,4999.717391067123,3,2,True,1.0
64e3a587-8a3c-ae61-6394-7a79969fad8d,90.0,0.9926545178615888,21334.75265273192,0.0,0,3,True,1.0
1a7fd6e6-a92b-a5e5-9dfb-e13f83c42080,5.0,0.4541965078067656,33009.31308299315,11806.68561662044,2,0,False,1.0
9a16d6cd-b31f-7103-8e9a-2752db769cd1,90.0,0.9072679151215294,19572.775018018336,0.0,0,3,True,1.0
2ad765dd-1660-8104-1c85-cffd7e57f019,90.0,0.9144480660417142,22293.96626932701,0.0,2,2,True,1.0
a7546918-3aa1-1804-ef37-0adb06175380,13.0,0.4087862009705063,28645.76429284473,1810.8851522519867,1,3,True,1.0
f830d6a2-bf0c-25cb-cf48-fdd55dc1b795,90.0,0.3324304178069418,27874.386731217823,0.0,3,1,True,1.0
e395badb-023c-f6e8-8257-6f66b43ceaab,25.0,0.5108018061380486,31713.309608454834,3696.092396498744,4,3,False,1.0
c35c9176-8af2-5b6b-5e45-63672a3154b8,5.0,0.9999261865433112,26076.11511131788,8658.63189973803,1,1,True,1.0
b1ecc02e-26e1-4431-9f4b-5ab582137511,11.0,0.6193937429320004,21528.12806378536,1909.568115740967,3,0,True,1.0
e1ea84ae-082a-a894-4297-94ecebd99505,12.0,0.6645226744356011,32418.088532169342,3003.4461327855847,1,1,True,1.0
ccb12906-0d39-79bd-9708-256b05130f15,90.0,0.2814330003922122,16651.810780278676,0.0,3,2,True,1.0
38537293-a43b-d954-85e9-9036311399ad,11.0,0.7095050360859476,34730.444477919504,8193.164957283565,0,2,False,1.0
eb841da9-633e-f0af-0389-fd88c0e04ae4,57.0,0.9268422663203232,18874.396810903163,367.3365486564641,0,0,True,1.0
a0587703-33ce-f57c-3315-5c6e36d5dd5d,13.0,0.2872450193337952,31292.86494867025,2955.278700502543,1,1,False,1.0
b43036e3-d02b-6adc-304a-4f743d87815d,37.0,0.7516141020367952,35851.56955888584,1294.9160907612825,1,2,False,1.0
db947704-54d7-d9a9-82ff-f32f89b46a84,90.0,0.4096373697144662,25060.47369854997,0.0,2,1,True,1.0
3aa99aff-980f-909d-f29a-8e558c331919,47.0,0.9602420400293352,26177.842606365357,2745.663922435985,2,1,True,1.0
6f9cc772-9ea9-2dc5-9c47-60262668e030,12.0,0.3626093408298428,23613.66616200251,2062.615840606242,4,3,True,1.0
3faad1d0-10c4-cc69-62ac-b16eafdf817d,90.0,0.968573375152502,22613.49674663252,0.0,1,0,True,1.0
c04836a8-da2a-876a-f278-10cb50a39336,36.0,0.9971524375395444,23095.15158039641,3131.181556635477,3,1,False,1.0
fae9c198-5fb4-9165-8262-f3402b6c53e4,5.0,0.4442902749687684,22061.416093699365,3769.156685418147,1,3,False,1.0
b068e3cb-626d-e0a2-e45d-ccfa36ccbe05,6.0,0.6010889271833303,29200.61547365456,3640.239922499525,3,0,False,1.0
e262086f-e924-e13b-b287-30e4efa2968b,20.0,0.9759117745259956,23759.02426571445,4825.857239384924,0,2,True,1.0
954f5328-1a01-307d-e9c6-440b3f372fe5,33.0,0.6754932012874232,24926.51346654285,1260.1033079413485,1,1,True,1.0
0cf0a2b1-81e1-eb22-21d7-78426da6fb19,50.0,0.4666261944114895,34139.51118355374,1088.206326264618,1,0,False,1.0
a0f36679-d494-293b-caae-63f162b95131,22.0,0.5993681282181194,31305.1764628936,1991.7275756240128,1,1,False,1.0
26aab61f-b2da-37e7-36be-1e2fce44e022,14.0,0.6650411308435288,36026.5932675372,7488.249684556318,2,3,True,1.0
e13b60a1-04f0-780c-a8db-05dbb8864c0a,23.0,0.2776607412656244,32202.030397923867,4117.759501923791,0,1,True,1.0
1c9e91f8-ccff-d21a-85e9-5b50b7f8f967,14.0,0.6902156925258035,24989.96547875713,4121.591820771872,1,0,False,1.0
77b80d73-2404-5325-fbfb-9eae459183a2,27.0,0.9864385092640507,29488.762516083432,2943.673710935069,1,0,True,1.0
934bb53b-c53a-0353-8101-f1c5535be7fa,90.0,0.2818108175225755,37869.41603315166,0.0,3,0,True,1.0
2199df5f-295d-962e-8f5a-d007fe504451,47.0,0.9521829803271432,15512.071432549714,494.99224694570034,1,1,True,1.0
98f45c3d-02c2-47ab-bf41-ad3eecbce686,23.0,0.3326512033337321,27919.45725598217,2729.090936771228,1,1,False,1.0
dda8633d-3c54-a00b-2782-e4f617b5c1a6,14.0,0.4452293021510519,25204.91074268684,5017.953038360634,4,3,False,1.0
a5ae4777-239a-c158-9025-64ce9e29c807,40.0,0.3471172568970674,31258.880332980538,4087.9649542742704,1,1,True,1.0
40eb02d0-814c-8b5a-f6a8-9e97325c23df,90.0,0.7395997919947377,27089.270320873093,0.0,1,1,True,1.0
c62e240d-7e93-0a0c-40e0-a89e849182ec,9.0,0.380817092813521,43922.89872146,4312.596219898834,0,3,False,1.0
4415cadd-ff51-796e-fb8e-a236fdf21724,51.0,0.7370816929919626,24960.668281800583,1665.9387210976836,1,2,False,1.0
8b4c1dec-96b4-2a55-54fc-4977177f8d51,37.0,0.7862723712855921,31176.09014285086,3039.949199525585,3,3,True,1.0
81068298-77c9-e23b-565b-e744a414d7d9,25.0,0.3782243626037055,30055.27704332311,2869.691070778728,1,0,False,1.0
cbd673dc-d592-ad67-960a-35742670ad1a,22.0,0.9977095712146222,27694.83461155803,4477.697421725911,0,2,False,1.0
98c7f07b-9e87-b137-e08b-8b0f29b81fcc,15.0,0.9938306782623798,23762.926978968,0.0,3,2,False,1.0
0f1a158b-2701-24b4-95e4-d58ab8b58378,90.0,0.562346129025685,29943.3135047314,0.0,0,0,False,1.0
5b4592f5-21ba-824b-17f0-75bf5b797d13,53.0,0.3874327475836445,31884.94745130832,724.8755867535128,1,3,True,1.0
8bffa27b-ad25-b7e4-29d4-c13d1a749cb0,23.0,0.7535519588072639,20204.385506643528,1830.3746530606816,2,2,True,1.0
6c33e20e-7cc1-42d5-13a7-e9edf3bcb6be,90.0,0.5002168332416601,35487.702015856295,0.0,0,0,True,1.0
67e0fd16-413e-fd30-f9ac-ab7198a97359,9.0,0.3573978955091371,25858.025479053307,2927.928327680287,2,3,True,1.0
7ceb50c6-4db9-25c7-025b-4079352daaab,15.0,0.4682002117203871,31231.729531378463,6672.8567919505085,2,2,True,1.0
20385518-85ca-fcab-efef-89721da5161b,10.0,0.6628018694008687,24997.617192763693,9675.99719941214,2,2,True,1.0
3a1b8c1b-3dad-fac8-4b0f-55606ae7a9ec,37.0,0.6123649426694914,22112.906170834565,2033.29557917211,0,2,True,1.0
0521e058-51bb-f4e7-b04f-f324fad66eb6,90.0,0.812879825570702,32609.854696969607,0.0,0,3,False,1.0
3cc7567a-a6a6-5931-b9d9-2ac9a1bf3c8b,45.0,0.8893166031894371,14030.546619964613,394.7852699632048,0,1,True,1.0
d36af3ce-0771-2be6-7a4d-a3687e394df5,6.0,0.7633259494231054,24594.28401131771,4971.036315893462,3,3,True,1.0
ad5b769c-864a-575c-f099-f9c8b586aa24,55.0,0.9787317012027126,13201.260881419372,303.08693894195187,3,3,True,1.0
59c4befc-19b7-0db5-6cf9-89d0a099ab6f,31.0,0.3388398057498191,33740.71912937084,1459.0388138419548,0,1,False,1.0
1fef8c03-43d7-3960-dabc-146fb14a60f6,40.0,0.7643677911723532,28286.36088776873,1369.3987083783582,3,3,True,1.0
a9dd88fd-fe1a-a2fa-7a4c-df9572fb3f1a,15.0,0.6301623553919845,27510.163475617443,2191.936791688157,3,0,True,1.0
ca30eb70-a108-bb5c-99db-b2233c96c0aa,41.0,0.7098225746678649,23339.359786442117,1112.0602946623485,1,3,False,1.0
22e51d18-2408-b194-de86-2f25fd5ffe79,42.0,0.949161580185447,36275.44669469894,1768.55999306588,0,0,True,1.0
5df35cd9-3541-f57d-9bed-ba98fac6d007,90.0,0.9955046880008076,15244.0050094608,0.0,1,3,False,1.0
7de5bfde-81a6-1c19-de32-b99b5d5d824e,14.0,0.6667107707492413,33586.40789245488,8729.248865083056,4,3,True,1.0
04106cb8-52c4-3d5b-1e2b-7a875e26e8b2,21.0,0.907376854893364,34775.23824723966,3766.416417791832,4,0,False,1.0
0c1598f1-c6f0-f759-cf78-585013f6636a,35.0,0.8654336877845277,20334.022204064157,1518.6924916617395,3,3,True,1.0
282d406f-e0a0-e95b-92a5-e243664007b1,41.0,0.9928288138437076,26899.404303959374,3251.465201593729,0,2,True,1.0
39c9423d-4190-ee85-630d-b91de32407ae,17.0,0.3400506842438241,16690.39533210344,4699.401498850735,0,3,True,1.0
f6d4c208-41b6-e71f-0ab4-361b83b7a7d1,8.0,0.6787315641677478,28276.99286502424,3492.8643733079184,1,3,True,1.0
1a3e82a0-bbdf-bf8b-8c7d-584ec310308c,3.0,0.9044610502902511,23689.021010343346,2975.669079282286,2,2,True,1.0
7be1adb1-677c-cf51-28be-5d74f27aad25,11.0,0.7082787912982039,28446.20866371481,6341.063815361283,3,3,True,1.0
1dbb5b14-647e-8c40-bbc6-955db1263ae9,54.0,0.8413112325764138,20222.02123724689,234.3208603501303,2,2,True,1.0
5c2acdbc-c67c-a807-9471-1f8f3158cb39,27.0,0.3667055307662681,23220.466989187746,4474.311190100251,2,2,False,1.0
b6148f1d-490d-7daf-bf0f-02dab7b27d44,4.0,0.9975713838638792,18664.64516921794,6714.910890177385,0,2,False,1.0
2d94e5f1-0ff4-8a6f-c214-aaa65c7774cd,90.0,0.3739958072763868,36374.27871603769,0.0,1,1,False,1.0
8c8407d6-a3dd-c910-2212-abe3a654b332,30.0,0.9791383915482932,14544.062595525204,1285.9173620218685,3,1,True,1.0
4050b4d9-729c-8c5d-b0cf-ce63fd93646a,19.0,0.4718266704965013,29319.39032825904,2092.8690600268405,3,2,True,1.0
c0bdcd10-f8bc-7cd8-c3a5-9f826d150a5a,36.0,0.9878507640470532,33849.60943903591,3371.8152208796014,2,2,True,1.0
7d7ed462-0e93-2932-2458-43e3a312fe8e,90.0,0.971929754417164,23343.060654677687,0.0,4,1,True,1.0
3a84494a-ae88-64d5-ad58-fd8d1ee5012e,59.0,0.4260124328110688,20924.63119124461,104.71478079305332,0,2,True,1.0
1ac4db2c-f4d8-7d11-a770-70a7be03b8d0,16.0,0.6190841269053171,24007.951721526828,2355.5579089386183,0,3,True,1.0
4f53d10f-4af5-a695-761e-6aacb1d05229,21.0,0.3252088912107477,19919.054369102258,3184.481485453739,4,3,True,1.0
c0ebcafb-d7ce-6e15-9537-1cc225905e75,10.0,0.9914689409643052,17168.581670675714,5932.862552796044,0,0,True,1.0
cbc88210-320b-36d9-71c5-8fbb94985294,30.0,0.610186023964512,27414.24236300646,3527.553588836354,4,0,True,1.0
2b7e1ac0-6529-85ab-915c-fb9cccc3d9d7,90.0,0.9978599157702188,22986.50694801852,0.0,0,2,False,1.0
9d29fdb7-3de5-a5fd-b91a-3f72b68fed2f,13.0,0.540373997636743,23261.46777841097,1538.186007968904,1,1,True,1.0
8382332d-e70b-25b2-84b6-71a87492ee8d,20.0,0.802129017515671,29762.4514680449,7916.061714657032,4,2,True,1.0
ed897206-4f74-314b-a48c-b3ea2fb68849,90.0,0.8965160290623925,24787.45114850869,0.0,4,2,True,1.0
101421f4-132b-24db-0423-7d23ab111f9a,54.0,0.996865119190952,21309.76465933238,992.477406833126,4,3,True,1.0
3e823941-014e-99a7-6356-0c66b626fc54,54.0,0.9954263093848272,37967.65766134202,1025.825005082053,0,3,True,1.0
f90941cf-6134-0606-3554-3cd1d93d285b,90.0,0.9958746232668676,22898.63730002828,0.0,2,3,True,1.0
5f11bbe8-a3fa-0725-c493-040bcb3568dd,50.0,0.993809602039654,31778.44537018606,2348.1736119143425,0,1,False,1.0
5e3a2fb3-ccb1-6595-7892-7ccab82972c1,9.0,0.9369703092145528,24195.34150602366,2825.258588700957,0,2,True,1.0
d1b8c061-72b5-4c4e-740b-a61844880563,49.0,0.2783869475536384,23737.257370884217,775.606608584806,1,3,False,1.0
0af4ec31-9d6d-d693-4b47-6e12a74e36b8,39.0,0.9965871840570666,22080.42549883589,1260.4963664359136,1,1,True,1.0
6daa30ec-e214-18a2-a607-6b1715e1529b,33.0,0.9993885936159176,24048.447716615432,1777.4175153821911,3,0,False,1.0
716378f4-a670-9e23-9673-be7bd24bdebd,42.0,0.4270784266395037,35440.1878183486,0.0,0,2,False,1.0
92394e80-dd32-7f77-bfd4-2c9fea13daca,47.0,0.8432965758529711,18307.10273129112,857.9709530141903,2,0,True,1.0
42441db1-6a81-51de-127b-b3c70e0d43a5,13.0,0.9555368439952556,23984.720284659867,4667.809684148099,2,2,True,1.0
414305bd-fe44-afe8-2553-fd1cbd8def32,48.0,0.283003753577033,25033.43678818678,812.452529508805,2,3,False,1.0
9cd9e2bb-7379-2ff9-fd84-687cf43492ef,3.0,0.9995831856491644,14174.211526103789,4229.899083592851,0,3,True,1.0
c164a962-4579-c8eb-65e9-16204d33bcc6,17.0,0.7355895384008155,24802.95522413516,4599.38328061512,1,1,True,1.0
3a783a41-90dc-8bfb-d284-ad4923840670,23.0,0.8410412219458407,17532.36515770874,2591.174551499093,1,3,True,1.0
4d5a7eef-b361-eeac-0f4c-8133494fcd99,31.0,0.9236172483332098,17959.460279753454,1315.797515043274,2,1,True,1.0
dd144485-097b-78a5-c272-20c1d7449b39,90.0,0.6216713852062017,24885.80806047471,0.0,0,3,True,1.0
e658898e-76f5-3556-7786-5eebb3c0dc4b,11.0,0.3972846536702811,26608.21350161667,4965.88097117916,1,1,True,1.0
1ba09e5d-f2df-366d-1a2a-cd7cfc0d3426,22.0,0.89759547019968,31512.633997277648,6010.351835953575,0,3,False,1.0
93ab9080-aa18-a808-a188-8d4f19f31b97,5.0,0.6773000377684363,23481.248151185384,7207.433635810963,1,2,False,1.0
30d35792-8959-f040-98f0-cf3c5a6a6ef2,24.0,0.381335031243728,22728.39922098848,601.2343000956711,1,1,True,1.0
1cefaaf5-b8e2-e036-67fd-a245b03ced50,57.0,0.4233121340731923,36153.6728365639,423.1609662992408,0,2,True,1.0
f072c289-fb9e-6e82-daa4-e30f35b5639f,39.0,0.6133251663593332,18907.96719856985,1745.8745832225163,4,3,True,1.0
74efa821-5f0e-6244-6a64-09896a7530f2,38.0,0.8984505092448609,38529.287439651416,1935.0058533785584,1,1,False,1.0
5b523862-139f-4415-1fed-bf4ad6eb9483,27.0,0.5373240192400537,20726.632396219888,2961.935695416492,0,0,True,1.0
80b0112b-082c-7366-28db-38bdbb8b90c0,90.0,0.9541284532085724,27106.77006453488,0.0,0,2,False,1.0
06f8d02a-b1cf-be7e-7a87-4e8c7cdb8848,26.0,0.8389799192221774,27128.547156270903,1111.1954878112467,2,1,False,1.0
961d2303-ca0a-fce7-2423-47fe730b642b,90.0,0.9973257880367042,28069.02744990735,0.0,2,3,True,1.0
4fdfd82b-8d0f-2f30-36c5-f494beee1852,33.0,0.9975707052268136,26494.193028729725,3541.273004783128,3,1,True,1.0
f11b6889-862d-b041-4ae1-4ef826564566,43.0,0.4749232919141232,26878.249120687924,1650.3393561504467,3,1,False,1.0
52751561-5a73-f1b8-7abf-d24d3edc51b0,14.0,0.5594656434552145,38432.30023981456,8009.922235788629,4,1,True,1.0
108624b9-fcb1-9ab3-2daa-ad85b7038284,90.0,0.2966249690393914,30101.95849037491,0.0,0,0,False,1.0
e82dad3d-8a85-444f-fb35-9aba88f3ba90,14.0,0.9918266927915772,23433.27342954599,8208.21668026755,0,2,True,1.0
e8b073ea-b68f-f4d8-0322-0a012b5e5030,39.0,0.9903945665023856,26385.268928009995,955.589667829647,2,3,False,1.0
f25b02ed-29a4-69ea-4a7d-cf1b57e24c7a,90.0,0.3997395408456584,25046.541422920844,0.0,3,3,True,1.0
bce24721-0914-cfc9-bdbb-55027c04bd02,56.0,0.9983249881611886,19450.13762753229,214.29095681842392,4,3,True,1.0
3c96030c-70f4-4721-fbf2-73fa63fd52e5,10.0,0.7429940001035956,32045.884472327147,7538.104417403962,2,0,False,1.0
768c1fe7-9f95-7ae9-8faa-7963b36ad70e,90.0,0.9775812356090422,32008.734114645948,0.0,2,0,True,1.0
6c1df593-eeac-929a-d861-d70f4f500339,90.0,0.3239901335773295,32397.64905094233,0.0,1,0,True,1.0
37377fb6-ce14-8a4d-b71a-d5f46b773bec,8.0,0.7963392016367169,23434.951419499044,6456.887194205765,2,3,False,1.0
a09882cc-4083-fb59-5ad0-bf4825775574,54.0,0.8114711116569949,30883.30763577792,710.2980548983571,2,2,True,1.0
cfa45090-c1f4-60a2-e549-15544be5b0fa,48.0,0.2883899673234089,37112.51069771347,1919.3658228916995,1,0,True,1.0
d44a7e0e-ba8f-35fb-b53b-0d0d69983237,8.0,0.3698644539906056,23648.385635590523,6555.465237927048,1,1,False,1.0
8a3f4184-8736-46bd-f325-ad09cef9ef98,17.0,0.9720488584997004,25744.244441032843,5890.136813786268,0,1,False,1.0
e811cf61-a4cd-8898-972c-53d0d31c5822,40.0,0.5308600292317872,22148.81953776296,2316.3956263917016,0,2,False,1.0
197f2156-bfad-ca0a-9e45-e35bfff7cdab,90.0,0.999846214353326,30324.49379496132,0.0,0,2,True,1.0
2a137027-babd-64d5-c222-4dd87c6e43f7,90.0,0.3670610295285503,21079.622764584212,0.0,0,3,False,1.0
898dd56e-35ab-9489-ff81-a0169931a446,51.0,0.4303085195138887,25471.849489980432,1137.2104773850333,0,2,True,1.0
a59ebde4-df5f-c2b6-02b0-adfce1090589,32.0,0.4098557659117088,20248.40879061048,2687.642472729337,2,1,False,1.0
d0258a47-3040-e271-3eca-ab63f5174b10,30.0,0.5860634338430084,17174.423311736657,2884.820413696764,3,0,True,1.0
64bb84a5-238b-9161-4e11-671383372dfc,6.0,0.5582602198422744,26997.77940895884,5276.678426683207,0,2,True,1.0
b0d45bcf-7f6b-0ddf-b42a-93712af98f48,13.0,0.8620567360400128,27303.93853253794,4725.438093713524,1,1,True,1.0
e4d92e99-2d58-e461-991c-5430efbea670,3.0,0.7096079356090157,26654.513119793257,2899.2105914226618,2,0,False,1.0
a7320b6b-3d9e-e8f3-13da-f7dac39801fc,22.0,0.5302631340957507,32605.38466908528,2803.7730787763803,2,3,False,1.0
82dec07e-c1ff-016a-55fa-4cc5f6372d3a,9.0,0.3156775704522382,34442.59607498979,7695.730696223154,4,2,False,1.0
24baf94e-34d7-14c5-f0f3-da9887e62da7,13.0,0.6678063793173693,29258.597439855424,2967.775081234987,0,0,True,1.0
9fad7fb3-1b14-4a0d-a46c-dfddb76794b3,59.0,0.8890131556672202,30079.509150463586,81.06699777963803,2,1,False,1.0
80011183-ae26-ec57-b894-3cbb8bde1137,55.0,0.8983604476083371,24108.980724704656,281.9678346632132,3,1,True,1.0
c1822e29-a40f-bc1c-20db-d045f07cc6d0,48.0,0.6146785015281324,30597.73949609384,1714.147044139398,1,2,True,1.0
56b83d06-91d9-49f2-b9cd-5f3872822f56,18.0,0.599923565945996,40488.61905379809,8388.15911739644,1,0,True,1.0
1d0fe4be-a4fb-8007-994a-3fd166a6f4ea,15.0,0.9887620050677496,30811.88968267004,2590.2291060836883,1,2,True,1.0
c03f3d12-58ff-d46c-4f7a-362aa8c88864,59.0,0.5565440562204796,36568.86464534845,861.9645484027569,4,1,True,1.0
28a5375a-8657-7901-165e-ca65fcdeb892,4.0,0.6408849262898099,29398.436888887107,5030.335224360108,0,0,False,1.0
2c4f5bdc-f9cc-1773-8c6e-1bb5af5cc978,90.0,0.8060590418567263,18058.36991110508,0.0,0,0,True,1.0
02ff5fcd-9205-aa51-58f4-aa52596ee852,36.0,0.674164445290937,31984.82947987493,1374.583841797246,3,1,True,1.0
26f51add-0eba-f0b2-0565-6d45d33def01,33.0,0.4072682107009938,36446.03839174855,3955.968852706391,1,1,False,1.0
6258be9f-a7ad-0899-d247-8c97610c2438,51.0,0.520530704777408,24511.55591647309,596.4684074580596,3,2,True,1.0
a2c4dd78-b60d-d230-7ba0-ddd199e98978,90.0,0.4215156664437652,21855.39270906773,0.0,2,0,True,1.0
283b5d9f-1672-5d1f-c0d8-f32fafaec985,38.0,0.8746240428017756,21744.931695551903,2219.11825618885,3,0,True,1.0
fb903c6a-2492-dc5e-56cf-1dd8a7f9d219,32.0,0.3426948604425514,36781.82018469929,3332.490176493101,0,0,True,1.0
46cc5f65-fc95-b294-43bc-026d37ae324e,12.0,0.8847361773169553,24595.972934076224,0.0,2,1,True,1.0
eab4a210-9cc2-3a1d-00b2-1bfdc37e9dfe,10.0,0.7786814026155648,35189.87979601609,6905.646127760122,4,2,True,1.0
885c7b7c-61e7-2ad6-97ef-2f2f56b6c630,90.0,0.9276003033070972,23124.14283341364,0.0,1,3,True,1.0
d1fe4330-a287-f622-7f7a-038d391b6b48,3.0,0.4322011993660721,34009.1761955159,7701.928278265858,1,1,True,1.0
6bfbd76b-a667-88a3-59c5-c7ebf7a7b5d4,90.0,0.4678781592461465,19065.8602653052,0.0,0,3,False,1.0
e696b50b-c5ae-ffd4-6ab9-833eed390cd8,41.0,0.6379576241144523,19751.459458650454,1110.9242783198852,2,2,False,1.0
85a29713-dd14-eeb1-e452-559cd4b30350,90.0,0.9147872543162476,28254.016075141422,0.0,4,1,False,1.0
48f3fe2a-70e2-b5a4-48c0-e8c747b721e1,37.0,0.655852947507988,18397.641484120373,1728.1276564938337,0,2,False,1.0
b411a8ec-615d-dc89-4fd8-e74ec661ba8b,19.0,0.9841846763985516,38393.75504571081,4825.9840933096,1,0,False,1.0
68323c6b-cf31-849c-2744-3eb9c397b2f4,42.0,0.4167952102412027,22467.640649013167,1088.5941511357366,3,0,False,1.0
246add47-56cd-feb6-e5a8-9cc7a7b4b2bb,38.0,0.9951170546334848,22177.797389014337,2661.1775079029603,1,2,True,1.0
d5380001-dec2-7527-475a-6ffcb4dc1cac,9.0,0.9974645619585014,28492.664852502272,7305.767599702325,0,3,False,1.0
6a4fd151-455d-3d69-523e-9bc4603b22d6,90.0,0.3027741198933844,27628.4516298585,0.0,4,3,False,1.0
01a28648-d8b3-9c35-142b-f8a0bffa792d,90.0,0.2951838668243551,27579.65486475852,0.0,3,3,True,1.0
32390ff2-9d5f-aebc-8aec-daf60e02d8b5,28.0,0.4279808331153857,29182.73711848228,711.6043759766653,1,1,True,1.0
a14043bc-f1e8-7679-298c-a92f44f576c1,9.0,0.4486674017859514,26514.93430811484,5633.214264378621,1,3,True,1.0
6257f6c7-d1da-d24e-97fc-98a1895ceb73,49.0,0.4064875368207605,32456.347919223797,670.8761543233588,2,3,True,1.0
b4689738-1d11-54f6-e681-66a91b24be49,34.0,0.2985166210067958,29752.55246497965,2900.667594596898,0,2,True,1.0
e634f5f5-ee4e-db49-21d0-1fe19b302de6,22.0,0.9481604412152016,30756.48120343422,5074.323283091772,4,1,False,1.0
5b3fac24-7aba-65f7-31be-3d7ec85359ac,14.0,0.8091656989066404,29881.782150058472,8445.29244834265,3,3,True,1.0
4823b7ed-af8e-17fa-fb7b-df2b530dc996,16.0,0.7063430252201371,27113.94485300151,5287.32472300581,1,2,True,1.0
3503f41e-bdfa-7146-db9a-b50f3fb486cc,8.0,0.9983595445585224,20257.10274380979,3623.394292743665,1,2,False,1.0
3cac40d5-d754-6f79-a0f7-13bbf938e967,90.0,0.6284802023193468,16526.82490244139,0.0,4,0,True,1.0
539b622e-bb62-1a9d-3f5d-283638332ef9,23.0,0.6731297946051674,30764.554744511657,3680.284699166868,1,1,False,1.0
31edde95-f69f-130e-6741-2a1a3f68641b,7.0,0.625494927233013,34786.58226140507,6119.666083508912,0,2,True,1.0
f1bcb85f-182c-a26e-f482-a85c4f973d7d,38.0,0.6745667651022739,20127.912302144006,1938.9345949473625,4,3,True,1.0
15f70636-0b31-26d1-ac9a-a0e73815efb6,28.0,0.8980486795856429,27665.273008638043,3991.361521613313,0,1,True,1.0
386e4059-3a1c-be21-2f89-2d32c78cb350,90.0,0.7286652789048386,20249.97723346092,0.0,0,1,True,1.0
472a8ef8-6c4d-aa8d-81a7-2b646f8f7b28,4.0,0.701702234393706,30867.23761949341,5294.63842070712,2,1,True,1.0
bd3a57b0-16cb-7c49-fe78-2b1984f05969,90.0,0.6435265010285521,22818.94702898608,0.0,1,0,True,1.0
d9ce0cac-4f8e-0edc-66c7-4d9d571d13f3,47.0,0.9686787358525152,23302.254194950936,2780.0944189021798,2,3,True,1.0
69f18d01-ba3a-3860-b92a-aac4b236ff7e,30.0,0.958497699616358,24756.26467062416,984.1547221024048,0,2,False,1.0
d076272c-76b5-379e-3607-1b7fb1389ee6,90.0,0.9719296848960118,30887.92995817568,0.0,4,1,True,1.0
005b075a-fcc8-fcf9-6338-bf8ee7800a30,90.0,0.7445744027768976,27842.137222810008,0.0,4,2,True,1.0
4e4d30ec-280d-bcf6-60fb-82ce610ada86,31.0,0.3429822846039337,28949.10901472867,4425.029960760577,0,2,True,1.0
3ec91ffc-d953-a893-66c7-3e14cf92556d,53.0,0.820791082123539,36149.90809119325,364.0266512353561,0,2,False,1.0
9ad353d3-66c3-c659-4373-9183840a741d,90.0,0.958306827820244,25554.69908687692,0.0,1,3,True,1.0
36201be9-073c-fc33-72cb-31c25bfc0a56,46.0,0.9263848684045944,24394.07167109898,1554.3188678810684,1,3,True,1.0
ad9dffdc-8d80-5529-4853-bac0e42438eb,90.0,0.8838797136753731,27967.116589426067,0.0,3,1,False,1.0
c9b7c47d-9ef5-1e72-8a93-a8d88f0eb1f2,48.0,0.963795425588722,24665.90963343515,2428.142952382977,3,1,True,1.0
d1a69d3f-9c77-1a9a-7e1d-a8e881188580,90.0,0.999702731522347,18034.702136901917,0.0,0,3,True,1.0
fe8ff2a1-8936-6f24-aa82-746fe0d926d4,3.0,0.895422241865815,30937.294383604672,8391.728669518418,0,3,False,1.0
15f6a0da-36cc-739b-bd3d-8c34221c906a,90.0,0.5267024809977172,20798.78332685104,0.0,4,3,True,1.0
ad7990ef-3fb5-c3db-1bf5-33901b5daab9,90.0,0.8500773350678534,24337.51472439996,0.0,0,3,True,1.0
d8af93cb-677c-9dc1-01be-e7c9f3826d9b,32.0,0.7016729808333134,22073.082464778403,2104.556285228168,4,2,True,1.0
6279e9b8-bec8-fa71-5893-a1e097a8dc3a,26.0,0.9527844897034256,22768.875943910487,2746.755815724708,3,0,False,1.0
fd4fcb2e-2daf-4c4a-40c3-a68cb90dbab3,90.0,0.4800091844610103,17562.75435841916,0.0,3,2,True,1.0
9eda6207-1c3d-036d-ca9d-eb2e0adc7a5e,90.0,0.3629165247118786,30523.714187472426,0.0,1,2,True,1.0
4ec13fa0-117f-109b-d701-a16ad4e6b2bd,52.0,0.9431708548963884,17172.24984643275,487.7470104104932,1,1,False,1.0
e4a54efd-37c2-14b9-e831-ed9e113600a7,13.0,0.6008097620664167,29158.286396777108,7737.860106366312,0,0,False,1.0
423e661d-3a12-625a-e1ed-ba93a2b71395,23.0,0.4247826635320378,22209.75311574336,938.2893124421844,0,2,False,1.0
f1698520-31d3-dd60-d062-8d55e4941faa,90.0,0.998740336868057,17643.16278259504,0.0,3,3,True,1.0
81ae5c5c-ee1b-7545-97f4-747c9b59a079,24.0,0.997080814760662,22723.961564748097,2667.0970034740258,2,1,True,1.0
cfffdc17-d784-3d81-0165-973afe1fe063,44.0,0.977930827496398,19397.305020554217,692.479495109678,4,1,False,1.0
f66c8998-ad75-0066-acc5-6757a5847973,55.0,0.9697849584581718,32578.091275936167,528.4142027667783,0,2,True,1.0
e13881d7-c92b-069c-f25c-0ef6849f71f2,90.0,0.9993728289149292,19094.10762557065,0.0,4,1,True,1.0
b4b35aca-8805-9309-03ae-582d64360de8,34.0,0.2758830379349849,20188.612120344747,984.6888625504904,1,2,True,1.0
7ee63539-2ecd-f7df-a395-536db03fd36f,90.0,0.9627696467077456,32991.46863752311,0.0,1,0,True,1.0
36df77da-bf1e-d135-f444-64613300a583,16.0,0.9973307822404456,21912.84947599904,6248.923130916417,3,2,True,1.0
df713241-5366-7d1b-4e47-39365c12de6d,40.0,0.3274259204294769,28672.38833298325,3071.4014133085807,0,1,True,1.0
01df6df8-16cc-4a42-0b0b-8471093adbb2,21.0,0.6924836819960739,28319.5364519338,5057.504236029443,0,0,True,1.0
77ceced6-35c9-fc78-930c-374c5d8a294f,90.0,0.9920855432314328,31163.92604357583,0.0,0,2,False,1.0
22ac9c12-b1e4-796f-6217-7d9992ea0f4e,11.0,0.5277054329603804,31644.80520986353,5871.432093135568,0,0,True,1.0
2b5ce82a-80ad-3a5e-eea6-f03d06d7b27b,17.0,0.8651586032478621,17472.932750218664,2960.3660103850016,1,2,False,1.0
73b1a126-9e07-3c44-c319-1119e69695ab,7.0,0.7374526644874257,26468.48567363624,5368.759523881916,2,0,False,1.0
a5951005-e8e9-b9af-0ab6-da4f4eb5e145,33.0,0.7943983358680757,19062.55528296625,2377.215640396042,2,1,False,1.0
b2ee9082-f1a3-eafd-9c5e-8343d65c363d,58.0,0.6336315037997742,27595.29859141099,242.15321954462752,1,0,True,1.0
b8afd100-3093-f3d9-34db-49d6a9005a1d,11.0,0.9145130469793956,26874.371671146164,5438.875604031682,4,3,True,1.0
14a76f61-5ade-2541-2f8a-4699544abf68,12.0,0.283705570335148,30901.106885699533,11296.335077094056,0,3,True,1.0
7cbf0342-b956-66ef-62d4-5279ca4b2994,16.0,0.4452745252822797,28528.80174969132,4328.960717829195,0,1,True,1.0
234629f1-c722-f776-4966-b229b0a16332,90.0,0.9824908974334308,21163.932175257272,0.0,0,3,True,1.0
c78cd02b-00b8-5ad4-17d6-4ff6f784f4b3,21.0,0.9285399632093232,30808.638286986403,1137.6024704013646,0,0,True,1.0
d9099b77-7104-7e26-6ed3-6008b67fcff3,55.0,0.9935435966034298,24196.709115665515,1116.812601337558,0,2,True,1.0
57459b0d-0a5d-6f2f-9cc1-d127734c61ff,6.0,0.807497439681884,34643.515586670095,0.0,2,2,True,1.0
696977c0-f227-1fc1-629b-1f1cb6cd2499,32.0,0.9160656095052282,25819.171034912488,3349.851750165853,0,3,True,1.0
be26fa38-78ff-cd8b-3788-5bbbdb04a754,40.0,0.9274672660303912,25096.33470248627,2416.0857736243843,3,1,False,1.0
d55d1f9b-4f25-87f0-1c1f-69b780f9fcad,46.0,0.989601832503658,23409.123608519047,2136.180927993051,0,2,True,1.0
0bfa2481-d9b4-f1c1-9658-80470de89d41,47.0,0.3663818321421512,21167.369287696278,566.4006709747462,2,2,True,1.0
c87447ea-89af-bb1f-983f-05b3ea09c79b,15.0,0.5879251171686044,32415.886960738007,12401.60970362408,2,2,True,1.0
87d11ecf-17f3-524a-36a4-9f14846ec97f,90.0,0.9958052790987796,27573.717765410285,0.0,2,2,False,1.0
eb382a50-500f-c962-e6b6-d348c641f264,13.0,0.6784389356687232,12274.414158826004,1476.8392385046898,1,1,False,1.0
b15eee46-1d99-c056-a25e-34c9e44abd67,90.0,0.953428336643115,26134.470851217346,0.0,0,1,False,1.0
36a1c0c6-e055-e726-20c5-246b45243035,20.0,0.6123765649493712,15178.194245563136,4727.718318833033,0,0,True,1.0
88588db9-be4c-5b0c-47ac-4e3c782397a4,13.0,0.6683350349861278,27312.63074267628,3819.113085541252,0,2,True,1.0
cf333635-5c85-d7f0-541c-5a04fd80f0af,58.0,0.9969103292740028,27825.26600105311,891.9307177613314,2,1,True,1.0
e285fe83-8ce0-de94-e7d0-ebe510333049,19.0,0.6345245026951907,31284.822825870488,0.0,2,2,True,1.0
adb37982-0e58-923d-5994-69f9a8c7dfb4,90.0,0.802775338168837,18636.976918775348,0.0,1,2,True,1.0
7d56430c-5773-253c-8e7c-746e63082448,30.0,0.4996637716450481,22210.097777186093,1026.7570286405198,0,0,False,1.0
b942945f-d555-2463-104d-42e4f0fafb9b,90.0,0.4370280194340519,28790.14204275173,0.0,4,0,False,1.0
5a97644e-613f-e4a5-7805-a1f8e2480660,90.0,0.6502327872071421,20990.574825896256,0.0,2,2,True,1.0
39b4e96a-2c33-831b-02c1-af8548f790b0,47.0,0.8115569296121394,17433.265793690734,1060.5194910416424,1,3,True,1.0
d04e34ec-aa66-491a-58a3-a634863009a3,5.0,0.8950845510828569,26594.82676735647,3429.0603188436903,1,0,True,1.0
5afbd539-23be-44ee-cc8a-045ec03c991f,35.0,0.3300400088990609,23224.9167458822,2049.474497373019,2,3,True,1.0
58043dfa-8922-865a-633e-ba60e921ca83,90.0,0.8875978983794691,32914.4276391184,0.0,1,1,False,1.0
c39e93f8-651c-e623-8748-e553b514713d,20.0,0.9476526416658178,19936.63161547488,3035.4037080643434,0,2,True,1.0
b24604a9-0910-f974-04d8-63a7de63f7ad,20.0,0.6679619446476387,32956.23931201261,6401.976170887202,0,2,False,1.0
9e51836d-b275-3bf5-0305-9f994c772698,90.0,0.9728501497124132,28960.000593631103,0.0,3,1,True,1.0
86bb0d49-ce8b-b8ec-0f10-36f3ec162fd7,31.0,0.9596136716156294,28733.730992025477,3813.555918725682,0,1,True,1.0
498d13a9-8154-4336-63c9-b6ae8c532e9c,12.0,0.3391134633831488,29937.26066299134,5281.732477468813,1,1,False,1.0
fbd0c107-e752-34ed-c88b-c50127348d0a,30.0,0.7734697860321441,28440.39843819085,2030.509735136577,0,2,False,1.0
2230fcd0-289b-064b-034c-d20729a78b1d,90.0,0.9402610529475356,33698.89633453857,0.0,0,2,False,1.0
50f6925e-02e1-ef8c-4fe7-4ef989a2ced2,20.0,0.675331593010137,27179.34625374451,5380.569322944977,0,3,False,1.0
7088598f-9615-a1a6-c4cb-b2f609c915a7,49.0,0.7438003114787934,20007.6984685267,1250.4507262062075,0,0,True,1.0
62ed66bd-3e9d-deea-4952-806d0b039ea9,90.0,0.5214097113262269,40801.75798486368,0.0,0,0,True,1.0
d678b793-e47a-0074-799a-f40c45425b35,90.0,0.3404118835128128,21509.632306522955,0.0,2,0,False,1.0
90477fdd-01d1-ed94-ffff-452178b21b63,8.0,0.4238506113812105,26727.665351119205,6313.848967465854,0,2,True,1.0
1bcbdf8b-7a49-71b5-3532-b72b78549bd9,26.0,0.7055017515169546,28791.99952488665,5020.297229972167,4,0,True,1.0
cee60dc1-3219-1c4e-cf00-f3775ceef3e1,42.0,0.582406475082754,34083.725537256025,1511.5841348886902,0,1,True,1.0
2603e4cc-23b1-d045-cc7c-350618ab576b,58.0,0.4440182544650093,18018.22744588256,137.8065797006972,0,0,True,1.0
5708686d-9e8d-c751-bb53-bcfe1a4b87bd,90.0,0.7363423881748906,25162.224392561177,48.75922988303904,1,1,False,1.0
d0df7186-e53a-bb1f-ce02-971aa0baa03e,90.0,0.951720960963063,22003.93572953177,0.0,2,2,True,1.0
a603f890-6805-127d-448b-bc0a112a7fac,21.0,0.662449074443554,32195.768152678447,7205.298637681814,0,1,False,1.0
bb7761cf-0ccb-419f-62e7-1ac7ec41f32f,18.0,0.980477888264096,24959.531789853507,2546.620350877649,3,3,True,1.0
cc22a9b2-85a5-a2e3-59e5-f94eed66efcd,90.0,0.9357141518226372,19383.47138082314,0.0,0,2,True,1.0
16c9db3c-a900-caa1-7477-8204e242c77a,34.0,0.8830833875664857,21652.0111968238,2209.4529061337144,0,2,True,1.0
717773d4-c845-c1e8-711b-392f98331f14,90.0,0.9987282014816647,24596.18771869693,0.0,4,0,True,1.0
bc040c68-99e5-8a2d-0912-eda29355f80c,30.0,0.4510137308319694,27861.82027659651,5420.7856180787385,1,2,True,1.0
718d0b9b-0066-5723-5edf-a1e88166348f,23.0,0.9998851010049667,29532.62342671698,2387.0391850542755,0,0,False,1.0
7760ac4c-0ee6-3691-bf07-856e0e594e5c,16.0,0.2883462781755613,36324.871218501816,0.0,3,2,False,1.0
0e880035-6ead-a8a4-f4c2-1993d56346ee,90.0,0.4592890437207568,16634.147073704844,0.0,4,3,True,1.0
e07aa3b0-7ca7-70c6-049a-a6db85e18919,11.0,0.5176588419071809,32156.17551272562,2145.6615993504893,3,1,False,1.0
67425222-b8ed-9d92-aeac-a1d12e4038fe,14.0,0.7522156154091445,26860.164054256904,6594.078829670701,1,3,True,1.0
b6fe9563-931a-e0e7-6b41-6e29c4e7f877,24.0,0.8845086980604298,26251.039510724564,4941.046463457752,2,2,True,1.0
599c1edb-caf3-d6fa-c467-52399e49f8f5,90.0,0.7475971987466188,30007.228343857765,0.0,4,2,False,1.0
4ecdd489-0879-9790-cd71-ef15441b3ef6,90.0,0.5140882490776489,26573.037423434915,0.0,0,2,False,1.0
c81d7806-3a0f-bfe4-bde2-cf105016bb0a,90.0,0.9793410673991078,22041.06316100941,0.0,1,1,True,1.0
460d41a0-34f8-f0c0-59a6-3819c89a6c74,90.0,0.8389439535479162,25018.737438915847,0.0,3,0,False,1.0
f8ae357e-71ee-896c-c456-dc2404256aa7,8.0,0.6270176347849384,25876.452927212325,6788.312184837421,2,0,False,1.0
281977c5-668e-b18e-c732-e51003543559,34.0,0.9725456982015512,22968.781400126907,2191.4674380426327,2,1,True,1.0
b713ccc1-e87b-4589-217a-d029876167ea,90.0,0.7516583285116659,39484.30505618241,0.0,0,2,True,1.0
ad588262-3e5e-e233-2e0a-d49d6ef483ef,38.0,0.9994967209825482,15024.32671827447,2706.6722497156934,4,0,True,1.0
c8ab586b-9cd9-f7ae-8c14-e35169d4f0bd,48.0,0.5266424897674831,30921.76380993899,524.2173798003461,2,1,True,1.0
13171bef-ac7d-ac40-e64e-cf85e04905a2,34.0,0.3741374850961376,32752.306008098665,5068.724033381499,2,3,True,1.0
7606d713-b378-f821-c679-067b4c1e989e,90.0,0.7553342375822398,29558.6752545614,0.0,3,1,True,1.0
8981cb73-e40c-13ac-c11c-0c67a0e52078,90.0,0.4590975680444588,33349.11181992391,0.0,4,3,True,1.0
7ea65895-d1a2-72ee-663a-69ec5a6727e5,44.0,0.9261532786848596,27576.90879444133,1752.8742906149948,0,3,True,1.0
4e3c3a6b-bab8-571e-e883-7b264ff4306e,90.0,0.2908878723317007,25617.741987898306,0.0,1,1,False,1.0
8ef2f490-7a51-5cc6-398c-ad21facbb7c8,46.0,0.9942734095533612,31200.37386664629,4424.782077543223,0,3,True,1.0
f5e9a31a-f7f9-cbe1-cd35-ed03c3c0c0be,50.0,0.6794775546813273,22406.016867863287,597.252035492183,4,2,True,1.0
bba37a91-d288-6435-9d81-7d4966abcd93,59.0,0.995178127567488,29774.47002803921,63.00995329147104,2,3,False,1.0
1ac918d1-a909-edc4-39ad-61e9ec200ad8,32.0,0.4292575762255107,25925.424765464104,1507.259103808948,2,1,True,1.0
18cfeb00-42e8-8f2b-1bac-9fd29732e156,48.0,0.9389000713413672,31902.355481809605,2460.851922912645,0,3,True,1.0
a71c41c0-6bfe-ddee-7450-8c61c27c8d7f,49.0,0.6872329565787212,20055.340902534237,871.5134725011893,1,3,True,1.0
9e6c56cd-684a-165a-888f-31829465f81a,12.0,0.4499145230606386,24308.603902585302,4217.249004007309,2,2,True,1.0
a7166947-bbb9-57ad-0d3c-c12816bcea76,37.0,0.8469011444096928,22097.289765134028,3381.6717090544907,0,1,False,1.0
b6efd720-e4f5-b442-59ae-123b32302d3a,41.0,0.3728334409774157,19702.69961446583,2153.638225199569,2,0,False,1.0
3b3d582a-4e8a-7400-c96e-bcfc3bd39e61,24.0,0.4521307042511749,32125.436234890803,4165.163272614322,1,0,True,1.0
9ad64fc2-ed54-20fe-8306-2b9130032cd0,90.0,0.42950735407843,22712.86268602022,0.0,0,1,False,1.0
dccfce61-b8e4-eed7-e8d0-012dce3359e4,90.0,0.8326299774748278,16850.17933782472,0.0,3,2,True,1.0
a31f007a-1af3-fda9-2f20-8ad007af323c,9.0,0.5778137875924404,25547.99213281439,7290.072457064011,0,0,False,1.0
b27b441c-97d3-f9df-b691-74cba840bb68,40.0,0.6834165415672504,26025.15683038209,1458.7506039020475,2,2,True,1.0
e93f53a7-fa0f-7170-54c2-74f2e2f98777,58.0,0.547986930134916,25714.101406976475,243.09955431953563,2,0,True,1.0
4b438764-8938-8478-69d8-6e1995994d3c,90.0,0.6324211116712738,23404.318761754403,0.0,2,1,True,1.0
5ebe1530-0452-f9f0-cb5b-615624209417,27.0,0.8741772049681495,27454.619283833865,4071.3700045466926,4,3,True,1.0
b64d269c-b19e-5871-e25d-c687e44eaaf9,32.0,0.9639008191042536,16873.63229720921,1964.350882112164,1,0,False,1.0
e81db573-b6f5-3ba1-82e3-6727141734ac,11.0,0.3703898620346436,42360.309637921135,7873.86013172221,4,0,True,1.0
9faced7e-a7d5-a459-5929-ecb55d856d0a,43.0,0.6172718983776829,26655.481457519192,746.636571671879,1,0,True,1.0
c8dd4801-d431-6c19-0623-51419d829de3,28.0,0.9870898227545188,22889.07591725816,3261.206734618407,0,2,True,1.0
febd8e5b-e8fd-adfb-d87e-44af91b471c7,24.0,0.7162969451678044,20118.15306590541,2511.959646892993,3,2,True,1.0
fd59dc9c-e694-e3d4-f8d9-e17e5c746b91,29.0,0.9877961432250244,21944.92935541552,3461.669753377373,1,3,True,1.0
bf8c99bc-b651-dfdd-3fbb-d0b2794c98e0,90.0,0.5266273579304355,23016.465333841825,0.0,1,2,True,1.0
5e106519-058b-a240-7b93-30c6d8382929,39.0,0.3462405911654055,19330.1603416792,2233.127953747542,0,1,True,1.0
65fad44e-ddac-5355-91d2-73b0df4b49db,15.0,0.9686867771851404,28163.422267057947,4655.494816557806,4,2,True,1.0
b965c652-9865-d6c9-0ace-eed1bbd51ff5,23.0,0.7629341829051988,28595.604041552902,3249.115941594063,1,2,True,1.0
3a117157-55f0-71b1-75e0-6c36793b3e34,14.0,0.3014199373370608,39437.69881552049,6352.997695267468,1,2,True,1.0
41bcd931-0883-2bb6-6567-14581aa1cbd2,11.0,0.2779368454877568,13335.166692691117,1733.5341837986066,0,1,False,1.0
1877c6d7-d432-c99f-58a0-ea03c2eb71c4,29.0,0.5812931115459721,13010.032998818837,2228.3282058121795,1,3,True,1.0
bb0c78a2-2a38-7788-6e06-ef08848da109,8.0,0.7629442217122147,21355.67215478587,5221.76611586473,1,2,False,1.0
75b51c95-3d8d-141f-e74a-fd9a1b31eb91,90.0,0.8819463010106453,27517.893248577428,0.0,1,2,False,1.0
6c4e84a7-acab-fd97-1570-4de7291e02d9,6.0,0.9934036356953372,30397.8778372806,11125.955820302332,2,2,True,1.0
38277933-ae95-b7a0-3b6c-2429fbbb1c2c,32.0,0.3203845124273619,28270.856378307173,2987.66603991814,4,0,True,1.0
6d304014-db16-0c0e-523e-2aaa74c520f3,51.0,0.9597579064988818,23399.04583998204,762.8916015512254,0,2,False,1.0
d11b4d64-c3eb-abbc-757a-3278d1fd4e37,90.0,0.9172250588061208,25648.848728069308,0.0,3,1,True,1.0
4f9aa7fc-985d-103d-e6c6-aa07977e3991,19.0,0.335951683626111,23101.20407968174,2442.269414766984,2,1,False,1.0
2b6c9d4d-db60-5117-e354-3a20c5f7eb95,31.0,0.9461522670342124,17890.650625952614,2793.3193321288213,3,2,True,1.0
b5ccf80e-df07-ec90-1217-e636bdb2b989,90.0,0.8222768388861432,33151.472049968725,0.0,0,3,False,1.0
d44a808c-a563-d55f-c7b9-1ef97283c243,19.0,0.9991601004430152,31438.788108051773,4354.890461503967,0,2,False,1.0
8ba03b83-d64f-59ac-04e1-ffcda1a25723,90.0,0.988005829997574,19338.72744993213,0.0,2,2,True,1.0
ab73cbc1-19c4-6009-0e35-ccf894a4e984,42.0,0.81720571429256,39172.4665084612,5630.731942222855,1,1,True,1.0
507a07dc-9109-c002-9302-d835cfa5566f,55.0,0.9848986652972174,18370.988186550327,435.0255094551287,0,0,True,1.0
ef3790f7-37a6-a62d-5ad1-11234ca59e34,11.0,0.3132125822599184,29556.043951623466,3048.772037923709,4,2,False,1.0
41ce957c-e113-ec18-780c-6e8d818cbe64,33.0,0.8267303596259385,23496.16809580917,2341.844287977196,1,3,True,1.0
72d4aeba-b786-467e-8ebd-39bafc537ff4,12.0,0.8033968881579018,36778.22510690355,9751.22934801542,1,1,False,1.0
089af6c9-fb40-fb92-7214-2a4c7c5513cd,50.0,0.5234123303931537,38244.27503509396,1681.4496152780837,1,1,False,1.0
eeff1316-446d-3426-be54-9df29282d3e7,11.0,0.2872427077006677,35657.31929149191,3222.3329424829244,3,0,True,1.0
11d125ed-20fe-348a-e982-bfab232c5616,57.0,0.8654297893994252,22049.76012501225,262.83877109037434,1,0,True,1.0
9fd5242e-93f0-1d3f-78fc-5ae70f2fc6ad,38.0,0.9988330403374542,23860.86639183266,2318.118912649901,4,0,True,1.0
2043af81-6525-f20a-7fd0-c77b2d01bd0c,90.0,0.9634312780263424,22293.087897187583,0.0,3,0,False,1.0
fa61a303-3dc0-7667-c025-45f477bcf555,18.0,0.3077320300628522,20175.32008754478,141.71555133322985,2,3,False,1.0
fced54e8-0d61-7c65-e639-f366cbef3fc7,90.0,0.4232529635070454,31259.517433252742,0.0,2,1,False,1.0
0b923968-fd30-f028-14ae-e045fd872727,90.0,0.9894705840684698,20417.90486802322,0.0,4,0,True,1.0
ac605cea-14c6-a680-bb43-d4cfe732fce4,60.0,0.8710653865723397,17540.533045305256,0.0,0,1,True,1.0
48739944-458d-673c-1b7d-dc3acb298a2c,14.0,0.5158705362351858,17301.44641302741,2521.94340023241,3,3,False,1.0
133bce5e-c42c-a2de-89b6-f24657c82af9,90.0,0.9996822516376628,10646.484449111278,0.0,3,3,True,1.0
182c3f5d-53b0-f2e8-556b-81dfef7b26fd,90.0,0.6624692732043469,30004.28269504751,0.0,3,3,True,1.0
9d519cdc-11ad-8be8-94cc-9097a55f94fb,59.0,0.3089303775553228,27444.627956242934,222.98694777591865,0,2,False,1.0
e8afefe2-f5cb-2737-81f7-0c1783962b8e,37.0,0.7773015027041434,29474.747848898736,2341.756915706625,0,2,True,1.0
35df8d34-51e6-1f66-14fc-d729b6696b3c,24.0,0.4359847393246329,15709.81791573902,1965.900777621569,3,1,True,1.0
123433fa-2f37-a2a4-e990-a46e504ced6a,13.0,0.3578414992625927,26939.301744868088,2243.467758180631,4,0,True,1.0
4db6df7c-3fa8-b47c-66e9-a4d538e31c7d,5.0,0.4559756470049608,29914.810627065504,10123.62560104652,1,1,True,1.0
5a93d1db-871c-c449-e62f-bc31ab74b9ea,3.0,0.9880990576022464,36012.19205106923,2155.6130941724,0,0,True,1.0
d58947d5-1c9d-323f-7d24-b7f0800886c3,90.0,0.7717591280197388,26526.23369093681,0.0,2,3,True,1.0
2d336640-669d-7222-04f8-09416377ae28,90.0,0.4738327311413574,21263.425722522345,0.0,0,2,True,1.0
62afb1dd-50ec-ade0-90db-e59a2a8cda81,26.0,0.6373692494244372,24547.30604468954,3814.625773179815,1,3,False,1.0
a611daf1-3bda-d3db-4bec-79302be4aa70,39.0,0.9777594600604108,31498.754090616265,1641.4921664543429,1,3,True,1.0
036b2b65-1b74-14d9-c279-fda4009637a5,90.0,0.9048173915376748,25161.49377916009,0.0,0,2,False,1.0
2d13ce22-1755-993a-a2d2-bbda3db1b95b,90.0,0.9698660338864636,24551.271992561924,0.0,3,2,True,1.0
0ad29471-d5e7-1586-9274-b9963da2387b,44.0,0.9359945381056451,18908.62748685861,1617.2854790093056,1,1,True,1.0
6e4ffa6a-ca26-297c-f74e-52bd68b8eedc,27.0,0.8304240780714855,34580.23037779918,5980.175808996725,2,0,True,1.0
76db5dec-bdc6-3b32-ef1b-4e1bbb2cd189,26.0,0.9989699613125812,20711.335999430263,3720.779608235589,1,1,False,1.0
3911f528-21a1-3161-52af-d734207c0c30,90.0,0.976805458424736,27485.46760294407,0.0,0,1,True,1.0
04deaacd-c9a4-d1ae-2355-cc9ca44d621d,90.0,0.5625282459202585,26524.20769533633,0.0,1,0,True,1.0
4055ccf1-771c-e8ab-f355-2c9617e977f6,55.0,0.7792245565252539,19422.578346064605,401.2398307298079,0,1,True,1.0
2ef50298-5b7f-2d9e-4e7f-75c735937a69,51.0,0.7772256809416677,23001.84755296042,1082.0756430349538,0,0,False,1.0
8fb18842-ff55-bdbb-a2d0-ebf7bac216a5,17.0,0.3385544584171577,35064.66905807762,7480.862393208341,2,3,True,1.0
e5efa8ad-0be0-bc16-80cf-65007ce82ea0,9.0,0.9795839312244256,30812.293815487654,8659.4065976674,0,1,False,1.0
76327c2d-9f82-7956-f0e3-3e0af75f4cac,90.0,0.6252306958435985,21476.10518647204,0.0,1,2,False,1.0
f7acbd49-90e9-73b4-21ae-a1e77eca9300,57.0,0.617253920738969,32027.61562767232,368.58337600512914,0,3,True,1.0
b101e7b4-5fac-7e03-781e-9fb95e969fc2,43.0,0.959153201450518,22618.8811054668,1187.4885693893948,1,0,False,1.0
94bcad6f-d793-e8a3-ec9e-7aa36275016a,90.0,0.9739687008869192,12581.578488013172,0.0,3,2,True,1.0
bdad0146-01d2-adfa-c98e-f5e0273f1047,18.0,0.4244302346645439,26459.563566012483,296.8119011303814,4,3,True,1.0
6cf269a1-5e3d-a22d-9349-23f526e6c53c,47.0,0.9266444582411344,24591.205945923884,1523.3419331005814,4,3,False,1.0
70eb573c-cc4f-75be-6c0b-cda46a77d076,22.0,0.4116638874525391,22443.483709558248,5031.866003478897,2,3,True,1.0
1aa40960-f66f-e540-6e9b-548983c76886,18.0,0.6690915726133149,25291.438521600216,4076.566379774933,1,3,True,1.0
e4e617fb-f019-3639-3dfb-7f50f80e561e,26.0,0.9875212453400471,15300.879785072128,4472.4422273836,1,2,True,1.0
282e4d1c-90db-a170-1f77-3fdefeeb3d63,7.0,0.5806505064828958,33157.852512853526,1844.0111042268445,0,3,True,1.0
b26d9dd1-4869-4f76-1836-ddc1126242e0,50.0,0.9114491275680012,25116.35975957162,1118.3610139896048,0,3,True,1.0
7ea56488-0084-0984-8220-8c50baab58ea,12.0,0.6707591683217953,31807.25340482519,5539.080665606644,0,1,True,1.0
7b511fa6-ace1-a89b-c227-a23d5bf75aac,20.0,0.9903702061245732,32867.1753501708,6489.734764766149,1,2,True,1.0
e37b8e8c-8e1f-355a-6866-cc92d20e8574,32.0,0.9845824123574894,26795.21310533308,2864.783012290374,4,2,True,1.0
14033c58-223d-2320-8641-744c1e227759,13.0,0.9889536920680576,23262.705669324107,6821.573848625024,1,3,True,1.0
022beb66-ce66-e2ae-9e7d-b99a1dc955e1,35.0,0.948216963977882,24612.066677448915,3123.484099158185,0,3,True,1.0
656795c1-9de3-cb1b-e391-bc433b2435df,30.0,0.747643758146213,28096.90461334599,4001.21080783845,1,2,True,1.0
eab342f3-6cd2-5978-8bbd-56f2ba348ddd,90.0,0.9999943676626531,13454.036463545568,0.0,3,3,True,1.0
2a7c474a-81f6-6b1d-df4b-4fcef1d82379,54.0,0.5676090506717958,26412.091729462405,432.2380875452746,4,3,False,1.0
345d7f8c-fa85-c06c-3a7f-670bcefdf028,8.0,0.8815735347842059,22247.298180781658,5462.6797825682725,2,2,True,1.0
3493af7d-0b67-2c58-155a-22a44d96d8f3,90.0,0.820602171214919,19760.25977515692,0.0,2,0,False,1.0
250154b7-1ba6-bbb3-2791-928584d9e336,46.0,0.9648032752113818,32366.50613433881,1483.4236774745043,1,0,True,1.0
02d7ff29-de82-fef7-9095-e1cc8d0042df,90.0,0.8278346896200615,22129.46779662882,0.0,3,0,True,1.0
fe03eb88-109e-6ece-061b-5e2c5cad156b,34.0,0.4716279808213829,26377.65891977604,2880.9559640872976,2,3,False,1.0
139ceb54-3f24-4d95-ee53-a4d3dd20e61b,41.0,0.3657564630018726,26755.83611666025,1975.9595169959412,0,0,False,1.0
c7c800dd-a92b-450f-9c75-c8f9789ac745,29.0,0.9938457747719828,19687.221414396798,2768.869106198272,1,2,True,1.0
2986c83f-f035-dc81-9837-969f53a1a2d5,52.0,0.992521847878902,32335.677553789166,1056.2724444481676,0,1,False,1.0
a3ac9951-7cc0-2ad0-6c3a-dfeb982c5cbd,3.0,0.3474097219388086,19991.670418227222,7847.604422313425,0,1,True,1.0
374a9367-ec02-2e36-4571-6b498a4a4fb8,90.0,0.4388949258936639,12802.41000636712,0.0,3,3,True,1.0
6abfbd62-7658-904f-dda7-7adda70b5a6d,90.0,0.8842729449278163,23554.27070393143,0.0,1,2,False,1.0
5abad651-e1b9-562e-d3c6-c09195f7c1a5,90.0,0.7684202034117064,18504.66206586355,0.0,1,1,True,1.0
5406cd68-3012-b17c-7224-341925f7ee85,47.0,0.6650828886141016,30852.81048103998,1293.0460629668116,1,3,False,1.0
97a7ca6b-375a-c67e-9d12-7c1540711c42,24.0,0.505479428052248,33809.835446895304,5047.593088299331,2,2,False,1.0
5e54d9b0-5889-3c05-bc82-774d86fc22bf,90.0,0.998275929571556,15973.07806344484,0.0,4,0,True,1.0
2bd23c8f-af24-99d0-8858-0559063b60ac,15.0,0.4597572189203109,25369.78371072717,1726.4114840323546,1,2,True,1.0
6727bf9f-d1e8-e4a0-655d-ca536c5837a2,31.0,0.8878380490787204,33399.710718270915,4724.820649337026,2,3,True,1.0
0bb98e1f-9fe3-eac0-8de7-0cd7ab01334a,10.0,0.919290206604729,31059.86153927885,9242.768507175388,1,2,False,1.0
d7a44fc2-7e5e-9fe2-51a1-bec8002b6a7c,33.0,0.5932412307660175,26707.382600883782,4420.793375209616,0,2,False,1.0
47ba2d80-5e1e-371d-685e-5a49db12a7af,90.0,0.9992893192448512,16884.08233312794,0.0,2,1,True,1.0
05f13575-e19d-f400-c6ff-880e66dc3782,56.0,0.7754567047612939,24317.739672817068,189.2395163723368,2,1,True,1.0
32f42869-ec70-063f-63bf-b39a85454139,42.0,0.2763410989663317,26529.23105129428,3201.07269056344,2,1,False,1.0
acf61054-ed6d-f1eb-2ab0-f03acc0b10c0,58.0,0.3088696697124987,26842.95392894559,259.3450959316873,2,3,True,1.0
3c004ea1-ae50-ffdf-ced9-aaf91b1bbba5,23.0,0.9550062883738694,22919.34678210827,4091.3177026126095,2,1,False,1.0
cd0499c6-2df8-cd3b-9efb-2597fa1f3312,90.0,0.8356956260615703,21240.11531485113,0.0,1,2,True,1.0
6b3b3102-745f-3d6b-0662-e42fb73e3608,7.0,0.9180765888888212,17780.255488564297,2671.064969478692,1,2,False,1.0
83630406-848f-1b19-c8a8-a1a80ebab665,47.0,0.9825229299711276,20050.26534715096,1233.845164884455,0,1,False,1.0
7ef1a09e-b1fd-fde3-af0f-b912bb37dd89,26.0,0.7978282016129626,30065.986837484776,5246.359217405472,3,1,True,1.0
0f050417-b06b-2762-f91a-792ca82045b4,12.0,0.9797532402066796,14245.674685522146,1360.8030527167796,0,0,True,1.0
9eb6ff6c-735f-9b25-4e22-b621e1338461,32.0,0.977232426348597,34246.41995548109,4053.1190836523024,4,1,True,1.0
0599fd21-8802-8ad8-b749-303bdbc20f96,28.0,0.8663597137751958,35141.64394258106,3441.1508107124464,2,1,False,1.0
d77bc1ff-b83e-47d7-03a8-763ee34cc520,53.0,0.600488594071063,22344.549458591664,679.2460254152595,4,1,False,1.0
17a5bfa3-0a59-e671-ba1d-67e122717779,10.0,0.939971865474903,25175.777242022385,8779.523159484577,3,2,True,1.0
2076e4b1-d15d-1c39-e280-730df7b5f583,90.0,0.9069854471874368,21432.425290788004,0.0,1,3,False,1.0
f73bbe96-22eb-5e41-dfe4-a15572491300,5.0,0.3915474478991739,20735.630026959952,4250.936936430681,0,0,False,1.0
0a4512ca-aa41-2765-c049-9d858ed51914,90.0,0.8625446593868319,14913.075006419484,0.0,1,0,True,1.0
95d494eb-6133-a0ba-e735-0d3618614b79,13.0,0.988124929159062,29591.337061212136,5629.923439264247,0,0,True,1.0
3cc9b27c-65a3-6822-d5d3-17704bf696a4,56.0,0.9578277865784122,18059.148107086643,148.76854922891994,1,2,True,1.0
0df96a0c-470b-8407-ff4c-483c035074e3,52.0,0.9925364111300528,31386.84828719047,909.9315014411752,1,0,True,1.0
b4b7eeeb-7a47-908e-815a-813281e9b1e5,21.0,0.6929513782713501,22421.28280819711,6375.170249452214,0,1,True,1.0
f136f432-177b-09fa-3c57-37f2c743dc04,26.0,0.9345065012046782,23624.009350261706,2235.731765506848,2,2,False,1.0
057799ab-29a4-623c-ea3e-2576008d8e5e,57.0,0.9506204070606108,31759.50081067228,241.11158851887123,1,0,False,1.0
8f7ae9ad-4424-23c2-65fd-2e3cfc0d65ee,40.0,0.9332010707335155,21695.178093559996,1601.3321019681205,2,3,True,1.0
83adbd64-a28f-8a1b-0928-f4f25d8a070e,18.0,0.4914242898020561,18251.91272608155,1871.1459286552767,1,2,True,1.0
b2698974-17f2-93d7-53d5-d7568b3c00db,42.0,0.7954301952000912,28470.858294234724,1845.3132449002344,3,1,True,1.0
615740eb-60a5-285b-e336-54a28e66055b,53.0,0.9155861637509572,23061.235708934688,910.8302155140202,2,2,True,1.0
eafb4157-f03b-3f65-0c25-a365d3b2342d,90.0,0.9462793682607956,17925.99688044096,0.0,4,0,True,1.0
f405731f-8110-701e-cbb2-3390f2211479,12.0,0.9977410008202984,20213.064925260587,1683.057218894272,0,1,True,1.0
f5634474-c911-e71d-d156-c2ac7a3f6ca5,37.0,0.3347305798723113,28562.692173708983,3046.031466657148,0,1,False,1.0
16698123-de00-466e-838a-a14c4813e13d,90.0,0.6982067192639944,23266.27592158709,0.0,3,1,True,1.0
3f141efa-bb19-a239-6324-b28c4d3d5e3f,53.0,0.3185491960859852,22495.219160808687,741.2461124073235,1,2,True,1.0
f51302f1-eccb-ad99-b8a8-16de63aadbab,9.0,0.8807910824517807,27078.848349067543,988.9091615159866,1,3,False,1.0
7480dbe4-d7a4-becd-eb23-f0301f0a6245,8.0,0.9391401350205352,36869.58443949503,11990.005790933788,2,0,True,1.0
47fb7ebf-2356-8b6f-2a79-f03453b89f32,90.0,0.4722216678241508,23124.66419955433,0.0,1,1,True,1.0
2a9ca3bf-55b5-2cb2-4237-6213d95f1915,90.0,0.7970729908449219,25075.6066369532,0.0,3,3,True,1.0
36575a4b-c6bc-89cc-dfaa-3fc1c055b8a8,30.0,0.8817863185374556,20049.61657420732,3129.588743600601,1,0,True,1.0
27df6697-bc03-57d1-1a0d-8bbd7deee5eb,52.0,0.9929350661076974,22753.23815443181,1114.7456441755603,2,0,True,1.0
2b481294-68fa-3939-768a-ba0575108668,18.0,0.6873695589507359,24693.87802931594,3905.02107727859,4,3,False,1.0
b564e49c-5ab1-fac2-1982-3653f004daa3,90.0,0.998433354008117,20221.76521378133,0.0,0,3,False,1.0
7ee5a5c7-1bf4-9dcb-cc26-cc509d319849,53.0,0.7409883832330851,21745.275744731804,822.7585196614871,0,2,False,1.0
4e363d6b-d030-e185-c548-ff60199ce95f,33.0,0.3349658372933269,28297.12558441688,2869.155019033097,2,3,True,1.0
7d049cd4-8f03-8670-5bad-8e5ff000c41f,50.0,0.501047382915927,39023.46286671231,1809.4053311178836,0,0,True,1.0
16413d6c-ce2f-5dca-909c-fe86fb887872,90.0,0.962435225066459,21382.35631843076,0.0,0,0,False,1.0
4f44fe02-fb84-b266-5795-eee07114827c,41.0,0.8495188502829623,26192.87095498762,0.0,1,3,True,1.0
7617c9dd-a62f-9c7a-867e-291d1d290846,47.0,0.9889552526492644,22816.236745185368,405.1505139730352,1,2,True,1.0
83675a15-e012-2f6a-c224-ec89a50faa5c,31.0,0.4699940668853724,26564.163880039872,3318.593008069658,0,1,True,1.0
9f1ae923-d2f1-5457-c91a-0e47f12792b9,13.0,0.5326765445341946,26260.616023725583,6842.2487774252,0,1,True,1.0
6001d7e0-0240-012c-bd52-1faa0b713704,45.0,0.9912375688877488,31241.1478966964,967.505397638324,2,1,True,1.0
0a5fcd99-32a4-afcd-685c-67a666778075,21.0,0.9648723646566084,33637.963860406366,3828.650031455301,0,1,True,1.0
40fc9b24-a42c-f269-6697-9cc347b15fd2,34.0,0.8385379622831685,27538.38294441534,1325.2884592882822,1,3,False,1.0
2252a4b8-4325-98b9-73fa-9f704d974ab0,90.0,0.9567994894877666,24600.6873584867,0.0,2,1,False,1.0
6a8501f1-2591-09c1-bc40-7de94ec93fab,28.0,0.9950253122784564,32194.862178037456,2484.301120975449,2,3,False,1.0
c4dfd4c8-a661-97fa-bef9-e0c34ea0dc10,90.0,0.3948418233992395,26453.187657230705,0.0,0,0,True,1.0
03f9e4e6-00ca-c6d1-8890-f8ad9f9ed4ad,21.0,0.6245304360727133,36473.03638645273,2193.538297146129,2,0,True,1.0
dcb2f523-b2f7-be1c-14b6-00185a612263,39.0,0.9584169845133828,32647.70398703854,420.18433330132746,1,0,False,1.0
be88427c-6ccd-55db-2d8f-e1d9ff37572a,37.0,0.7327754420909489,21369.16015213561,2196.063867610804,0,2,True,1.0
b0c450a1-d9f3-6e32-974f-76318fdec812,49.0,0.9362813088163172,27023.949818311117,1254.2829607791448,2,3,False,1.0
2b689247-474e-ba57-e46b-9bfe41be54c2,14.0,0.9667250973257422,36247.9667201352,1760.5093615415578,1,0,False,1.0
b25f4308-898c-2ade-35bf-144565b0cdeb,41.0,0.3189713662782781,29029.34224355772,2509.162705971146,2,1,True,1.0
ffaf2735-bee3-080b-7fb7-21bcf53c5d31,33.0,0.9195735869588474,23259.07735240425,1042.102179576713,1,2,True,1.0
b99bf5e9-5bc2-03d3-70d7-4b87cc3f1d02,34.0,0.8446114237692383,26840.923090489538,3718.818331458954,2,3,True,1.0
3335ff05-0c1f-d070-e236-da47414e385c,22.0,0.9888721198541645,17096.013035368116,5081.539743141535,0,0,False,1.0
3d5f7117-c657-5aa4-d234-c2418b9e3f84,58.0,0.3122673425270321,30091.54156598009,107.6219785753178,0,3,True,1.0
f6ce2ea7-f217-33f7-f876-021aec759156,37.0,0.6030489193201362,29485.54375195233,3050.744760066321,0,3,True,1.0
d7042019-93c0-a839-f8bc-5e9ea85b282f,49.0,0.9477134414855132,35659.967316566515,1432.2268449631315,0,1,False,1.0
343b3ac8-6b8c-1f9e-31c9-6d4900eeded9,51.0,0.2859483494163105,25102.273549762707,786.3126817120102,1,2,True,1.0
e798dc2d-7c3a-1c1e-71d5-9db70fb1cc18,8.0,0.6105820506896897,21415.369182467075,4620.522925676622,2,1,True,1.0
e858e29a-4d3b-dc46-45af-9de93e0ea51c,33.0,0.464915445115995,16465.303242797694,1301.7709611445875,3,3,False,1.0
ef307cae-2473-4249-20ee-a011a65d9bf2,26.0,0.8965286124002638,27684.40938455812,5629.834561210436,1,1,False,1.0
70fb8229-9a11-d8c8-c4c5-25dac9a9dfc8,7.0,0.720518302268381,19850.97663003632,3492.620273425148,0,1,True,1.0
8f4f7022-d110-90d3-e12c-b0e8049ee42f,18.0,0.7708851941430962,18724.24222692114,4096.565420036372,1,2,True,1.0
88ab204f-22f3-5afd-5013-75f187edc144,27.0,0.5803464665445882,18222.71855823651,2731.206835762518,0,2,False,1.0
7b4e72d3-9a2e-7060-e944-8976ee3c7d7a,53.0,0.9898966324003255,27096.57657818429,716.4357455852556,3,2,True,1.0
babcf93f-2464-722e-0068-f4e923cad0f0,49.0,0.8546085969672577,29743.46797172589,2334.039429292705,0,3,False,1.0
47c57a19-6802-6fca-1a31-28197ab34622,56.0,0.9944378230764016,33588.30348907958,1575.8376909211804,2,3,True,1.0
3eb25609-ea55-b929-9ebb-b50ad212b201,30.0,0.621779875778311,37971.93602574199,2430.4578276584075,1,2,True,1.0
658aa5e6-63c6-f923-3496-ef8b09844114,30.0,0.7028821509001008,23711.215123444206,3901.8986146996367,2,2,False,1.0
6b9bf80a-ee96-0578-08ae-c4ae33134ebb,56.0,0.9604608211569152,20803.5433029162,154.7972220823333,0,2,True,1.0
2e35301d-fd2f-f015-d327-2fde1bc90f3d,19.0,0.8005692563032631,23051.92956508823,5237.50717437044,3,1,False,1.0
855696d6-3c99-6f49-283b-0382ca550824,28.0,0.984329099366438,29145.200527295376,3911.6902120439095,1,2,True,1.0
0c8e44cf-0072-5ba5-fe29-85dfddc19289,9.0,0.9275065773250344,24139.409276585327,0.0,0,2,True,1.0
6540b9b7-05f4-9805-a23c-c6a316c9348d,22.0,0.5718560608742551,28824.280604949152,4390.019387690436,0,2,True,1.0
39f914fc-9323-1423-1060-0da49504cf05,25.0,0.9107424113450004,30457.95248420405,4510.530503836471,2,0,False,1.0
542a1bdf-d02b-d0ef-92df-386f10894e85,90.0,0.9319111650882862,28630.35544608457,0.0,1,1,True,1.0
e92a1e1a-b304-00e6-02ca-9bf9af26b9f1,90.0,0.8993741746287651,17303.818680254128,0.0,1,1,True,1.0
723d4250-526e-10ce-8e5c-8b03a21e04b0,33.0,0.5273518039664441,22354.101887417022,4797.652718680211,0,1,False,1.0
69c7ea48-35fd-eb01-0fb7-76e740fd3359,7.0,0.9600657244515924,23340.568656540505,5884.684130552723,4,2,False,1.0
410e7349-c25d-f96a-5530-0538c1e38758,5.0,0.3869579202913743,23901.385177019307,5225.614743260682,0,1,True,1.0
d0b60777-70e8-b839-def7-98dc3ccdf530,46.0,0.2979970569575084,23160.84724517307,453.4052493724124,0,0,True,1.0
49faac42-0f7e-9111-79bc-8acf075ea7db,29.0,0.3413416654056805,31714.955597086024,3843.827268456735,0,1,True,1.0
5e74dc48-772f-ee13-1bac-06fbe9d41841,90.0,0.7609011727940691,24946.786865036054,0.0,1,2,False,1.0
6eb58380-6032-b0fc-5ef7-2a99f17e50ed,90.0,0.4792067980624702,23836.03438725112,0.0,0,2,False,1.0
1c934599-1eda-542c-52df-59404ea810f2,14.0,0.8207213106306935,28238.278076302748,5442.30336983846,1,2,False,1.0
186448be-0e42-7afa-c483-3d0ba6f2dd5e,33.0,0.3381664865594603,23235.424864910427,1934.4845133874744,0,0,True,1.0
089ecc9e-2ab1-cd10-4a22-1dd482d54493,30.0,0.9570174803500816,20667.60301524953,3086.5126858931662,3,1,True,1.0
7085e31f-a8e2-c01e-fa56-dc389d85a41e,59.0,0.6427466693333884,25516.13783694371,90.5252205691223,1,1,True,1.0
f298d48c-581a-7f8a-0bdb-a75b1f7b4d2e,23.0,0.5047331561914778,27289.98636777509,1519.9829835967228,0,2,False,1.0
6563e9ad-e807-5b21-778b-7f463b5df358,46.0,0.7952098424222944,25997.545787541872,2795.674821935591,0,1,True,1.0
9cdc6420-785d-bff5-ab5c-86ca2e7bf6e6,90.0,0.9371111210968772,13174.04220331506,0.0,2,3,True,1.0
eb43841c-fdb0-a45c-186f-7acb61f58ac4,19.0,0.4050726780003033,26556.061541660427,1626.8678813608783,2,3,True,1.0
f73153b6-0469-4973-1009-55cfe2bc09c0,22.0,0.5564262332287538,35788.90193473248,6988.08325177083,1,2,True,1.0
a92ed75c-9d33-9140-d22b-9a09a974032d,90.0,0.8381893777071939,36830.73280671572,0.0,0,1,True,1.0
296363f8-dcd3-8330-c6e0-57994b2e3fd9,32.0,0.9913720944082104,14963.413055295252,1318.4389138065671,3,0,True,1.0
66cd18bd-1e50-523e-ca3a-bc29d7ca35d0,52.0,0.382261238829518,19572.067418874816,230.12065020168765,0,0,True,1.0
20a562bf-1e42-2026-6c70-f718f9f5b255,10.0,0.4026209312911574,32394.608695495568,1821.171422977683,0,3,True,1.0
dc850d57-7b71-5e34-0046-44813b4c4c52,12.0,0.5947868359634998,25933.777192932863,3108.815241960753,1,1,False,1.0
7ce32818-9576-3fac-ec97-2f52b5046e58,24.0,0.7876161597424863,30769.32355343869,1277.5718974090544,2,3,False,1.0
72d010fa-7b73-19f0-f457-b5a016f67937,44.0,0.4847633720960525,22116.757861975384,2286.025635163669,4,1,True,1.0
24f25d7c-e59e-3736-640d-4a0a72cb1c4d,90.0,0.967470267021555,36573.85980087698,0.0,0,3,False,1.0
3a5a3177-ede5-3ff2-3b2e-478edd6bdd00,7.0,0.5984279136380489,32185.81647163668,3219.465131824188,0,3,True,1.0
dd6e8ac7-33af-8906-de72-c436923062c3,18.0,0.8049622019221246,28794.814328127275,3106.698250186966,0,1,True,1.0
553cc98c-4b5b-542b-e828-f3533d25e0e6,90.0,0.8818570236822242,31574.49968949056,0.0,4,1,True,1.0
f9f0f62f-bd5b-cfae-60fd-863f549741ab,40.0,0.82470756373936,30876.30756328025,1909.9440911765769,0,1,True,1.0
df343014-9244-b228-393b-88f1690e6c54,90.0,0.984655735563354,17095.133985576846,0.0,1,3,False,1.0
af6100af-f623-2ec2-08b1-4ec50486c789,38.0,0.9911646891890326,32544.61432195796,3327.4663041342765,4,0,True,1.0
34030638-a6bf-aa02-6c19-79e9774459db,36.0,0.9875743132624908,32413.851778790813,5807.281345943552,1,3,False,1.0
e63dc07d-82ef-1360-2d78-7f428b2f16a1,6.0,0.6975826462084374,15424.51666391707,2202.098057791372,1,3,False,1.0
3ffd18e9-43d5-d03d-d50f-6dacec507698,8.0,0.6592654125111178,29243.65238252302,4524.698747220115,0,3,False,1.0
e00502dc-5c4e-db39-ce2a-da35fd4e0be3,10.0,0.8264743265931448,26742.476398211107,4206.940768116959,1,2,True,1.0
da894bee-1f18-f857-0729-343712371ad5,44.0,0.7169689504879806,31673.28632685643,944.978447691882,0,2,True,1.0
a677a6d2-3d0d-9fd7-187f-15ca0e5a3e8a,22.0,0.9924969059022356,15545.825825533964,1632.1861740556728,0,0,False,1.0
7a74c9ea-b6e1-08d6-1c47-6c5538aa259f,5.0,0.5069174118585867,30098.04297915987,8854.060219528405,3,3,False,1.0
423454b7-f47f-b5b0-ff6b-19711c9ab52b,31.0,0.7886813642790554,27034.63747690957,2370.347342231678,0,2,True,1.0
00842b94-3f5a-f1a8-71d1-0fe07e364af1,49.0,0.7874177875577498,15967.503370023089,194.04682034934007,0,2,False,1.0
df7eef78-44b7-3f79-2d23-5a15b90bafd6,90.0,0.9970978746578048,23415.996831170443,0.0,4,2,True,1.0
9f570590-528c-66d8-6b9b-00a69b413497,90.0,0.9832662016908624,35135.53030005735,0.0,0,3,False,1.0
34b36bc3-0849-bf39-5547-928dca526adb,5.0,0.3633245726968052,25621.18829414485,5437.10584962116,1,2,True,1.0
78978fa6-aa36-3121-1e3c-14e30d53b2f0,4.0,0.5817184125093144,29339.87595781711,1788.7639870822472,4,0,False,1.0
c9ba1be8-a24c-efc9-46ee-9d9c8ea8ae3c,31.0,0.900201758681546,22761.18174409737,3935.711410308069,0,0,True,1.0
a63e71ae-f528-42b0-a267-7e2a2ba73303,7.0,0.5086179043883431,32968.29837909227,1904.928331263536,2,1,True,1.0
23330415-1250-85ca-df15-0a016b9c1175,20.0,0.9987689263649602,33968.318053938056,5337.936457502495,0,0,True,1.0
e8c9225e-5546-231b-547b-4536586d2435,32.0,0.9543065130247022,28159.765919710266,5219.269566495591,4,1,True,1.0
46f77d26-a105-3e8a-f2cf-e991d0bfad0b,31.0,0.5514800426969546,14652.140231797055,1436.6858093390251,2,3,True,1.0
5a3a45e8-df7a-fd0d-ecf9-e0d713d1dabb,4.0,0.4795993605355907,29875.836432965018,6167.241825688046,1,2,True,1.0
cc1c1e24-b7a4-c6c9-6e54-15e38197348b,90.0,0.9836316822163736,32111.6998746804,0.0,0,1,True,1.0
808745c2-bf83-2453-dad1-64bfbd2a6771,90.0,0.7266765922319905,18455.234002228863,0.0,3,1,True,1.0
d65c4597-9aaf-3b7d-4fba-812e6cc4d09d,46.0,0.7460270751277704,30525.62871714699,1818.105824328412,1,2,True,1.0
b5707bd6-517f-82bf-e7e4-cc7c97432ce0,38.0,0.99912996841725,30319.7374414061,3641.7884371842856,0,0,False,1.0
f5934c80-2696-17f7-236d-ec67160bd78f,56.0,0.926060536999773,24723.711929271554,378.6584126260208,0,3,True,1.0
91337018-0c38-89a2-e6b9-12ec052648e4,90.0,0.6473856678821014,18857.418449913683,0.0,1,1,False,1.0
3a19368e-cc10-18f1-42ec-b14537ed5f77,47.0,0.5462532553979057,16392.973100074967,489.1227295831839,2,2,True,1.0
c36c8488-064d-da2a-f6a3-60bd4541d34e,90.0,0.8311200823634852,27371.43175626594,0.0,3,0,False,1.0
7f4a7aa3-342c-aa05-e064-ff618b1ec622,90.0,0.7167741741441066,27941.783358432727,0.0,4,3,True,1.0
67fff4d0-2c13-750d-e5bd-8b1ee05e27b2,90.0,0.5380287425802732,13635.0503069181,0.0,4,3,True,1.0
728232e6-bd8a-153d-a675-2e316844df03,40.0,0.7329770559404565,37305.493508714375,1781.160540465642,1,2,True,1.0
c6f0f757-715d-3b32-7436-5e013695b03f,35.0,0.8535492891715639,26777.109070804825,860.6558956893525,2,1,True,1.0
7c88375e-19a2-a52a-c669-9e5f59cca9c1,18.0,0.9958701741613168,17859.47947886231,1400.9846846587593,3,0,False,1.0
8594d4c4-3bba-c9af-4570-14171b997793,20.0,0.4294628092905986,15772.54460526258,3546.6804404541,0,2,False,1.0
c2635c08-cef7-4c32-9687-30c841f631bc,18.0,0.649591475183871,25004.1949238596,3293.643802375147,1,0,True,1.0
23e13888-ce63-9840-8da1-75eecc947cf9,14.0,0.377491831570325,33543.51099054232,10211.084069672905,0,1,False,1.0
874d70c2-4fe8-9d58-bfb4-565e34902ea7,6.0,0.9295311455935776,26450.133592000504,7597.301150403726,0,3,False,1.0
db02818c-a8d0-7fbf-84ad-922ca9f56581,90.0,0.9401910355359184,29517.500458247687,0.0,0,2,True,1.0
8e6aa238-b35c-ed4f-454c-d5be66e4a63e,23.0,0.7820705366805576,33770.61831192396,3652.778849467404,3,1,False,1.0
d5ab92c3-3c18-c152-5f71-5db14fd67ddc,3.0,0.6522023844236524,30483.12839974952,7591.565379486622,1,0,True,1.0
8d65ba83-f5a8-a25f-60ca-602b9e23228f,11.0,0.6937728819359548,24406.25706582548,6541.497739141935,2,3,True,1.0
f5a8b0c4-3976-481f-97de-22e41cd4861d,90.0,0.5979679255236399,24186.560339691976,0.0,3,3,True,1.0
f9e85670-521f-a7ab-3bdf-15f5cc73b2ec,18.0,0.8342720378266718,20197.59332770936,2370.7553226031832,2,2,True,1.0
50c0b2c6-08e1-2dc1-8c7b-92630b129bb7,28.0,0.5360141932036322,23559.980053493768,2166.1053227187613,0,0,True,1.0
867a574a-99f2-55ef-7b11-73429c4425d5,22.0,0.67028208480715,40622.347490231004,3685.39286574984,0,3,True,1.0
156cac06-3d14-436d-7f08-4f7023cc6307,90.0,0.9966923228326996,34684.68436021349,0.0,1,0,False,1.0
30b45068-ed21-0420-76b7-d01dc1290fbe,56.0,0.8645607552901395,22184.857281897464,485.8994768224395,0,2,False,1.0
53913261-62dd-a6c8-2ad7-02c76cb56d79,8.0,0.6726252988829404,29873.265332563773,10347.655148564603,1,3,False,1.0
a54a762e-c1c7-ae72-73f0-2d274c05984d,20.0,0.974320194490682,14914.756924896328,3887.749621021792,2,2,False,1.0
11a03fcc-dfa4-f8d9-2b64-aa167e210670,17.0,0.3324505072533915,30321.33561760835,3962.007140648559,2,0,True,1.0
415c09cd-e05d-47a5-272b-9d7e74c06910,24.0,0.3403347721348815,29204.129796159174,4109.976008608586,0,3,False,1.0
8c9ca398-d3a7-4d34-07a9-643f6e278639,90.0,0.9251142195353428,32629.318519705423,0.0,1,2,True,1.0
f8594d4c-f492-525c-1630-4a98b5041b3b,20.0,0.6806562598015172,28769.63324622067,2170.6044431732694,4,0,True,1.0
1f2b404d-23e2-3768-7de9-d68ff4144f44,15.0,0.8156622927996374,29113.634361354125,4497.650745357489,0,2,False,1.0
0de67940-e180-dff2-625c-ced56c5f21db,23.0,0.4087532405952563,28828.766437272585,752.4773018533881,0,3,False,1.0
bfa53163-3aa6-569f-10be-48a2fee810bb,90.0,0.4740524142463512,33678.53670084277,0.0,1,2,False,1.0
0b8fa7c4-a022-8b46-286e-1964823c2a28,56.0,0.9934406709941508,18609.56991820172,265.14227775446767,0,3,True,1.0
416920a9-efc8-db76-bdce-b5174fe6d5f9,29.0,0.3043858498850703,32736.789869035907,2662.8894654978603,1,1,True,1.0
a8db0bc2-51a9-1cb9-3b87-bb95008d57d0,54.0,0.8839052601145515,26576.497991543456,701.7851294464779,3,3,False,1.0
304e6e8c-91a9-dce5-0037-c604754693dc,8.0,0.8336148861621424,26390.67624995376,1856.6626432910584,0,1,True,1.0
6717565f-a168-b990-7e8a-18981f46dadc,25.0,0.817612154914458,26384.60967401159,2621.9449440405715,2,1,False,1.0
78de900d-52e1-b07c-b652-c6182e34b6ef,3.0,0.592417708063721,27566.595396048226,10503.669399914736,2,0,True,1.0
9caa7623-bb1b-3ed0-b757-df002a2c960b,35.0,0.672623576646403,39756.68882716679,6596.357428191368,1,3,True,1.0
f479831c-039f-fc8a-9530-0ef76b44a6eb,31.0,0.3242056352884817,27637.72764843743,1912.299171245388,0,2,True,1.0
be366b8f-4e56-47b6-53f1-a27ae6d70f5c,15.0,0.6365303986603104,23914.29807878717,1866.7181497210115,2,2,True,1.0
12b4266a-2bd7-07f2-5502-93a0353c0f1f,41.0,0.989561406228768,27667.511694728488,2394.8568230516426,2,0,False,1.0
66eb2b76-d7f5-34d8-d948-4d860de16dd2,5.0,0.7289586303350396,20111.00025093029,7588.856176301482,3,1,True,1.0
1e5c0da5-b997-82f3-8cf0-f6940139c5ca,15.0,0.9962817767872576,14221.579183925583,3786.360806070781,0,3,True,1.0
2a238ef6-594f-f2d8-22fe-e88c7a03b261,4.0,0.7161098593353383,37576.58115588036,3794.961053952041,0,2,False,1.0
047dffd0-19d0-3999-2b68-6b988eaa6d25,90.0,0.4301250438486008,26032.89830062244,0.0,0,1,False,1.0
d977345b-96c5-9f97-90e2-21f5b877dabb,18.0,0.3072836432937423,21800.57788014113,2167.0130453367306,2,3,True,1.0
3b51d26b-5b3e-c275-6853-8eed9cc2853b,53.0,0.5188788669823043,23161.226531126453,937.5113428733148,0,3,True,1.0
b1f54673-eea9-2f2d-3072-54e629c74388,17.0,0.99834085367992,25264.118982109107,5724.851295931086,1,0,True,1.0
3a9fd8d4-e668-3f6d-34b3-0eb293d052de,4.0,0.57902567233521,25042.515002793505,3119.478442370816,2,1,True,1.0
bfeccc84-a071-472f-c282-c76a235ba2b8,43.0,0.959389052348461,28513.93894536982,1045.5131717987745,0,0,True,1.0
c62f9fff-80f5-16ef-2e8a-5b7709dd2e50,21.0,0.3455359156937544,19451.06543472374,2487.905313797634,3,2,False,1.0
24f925cd-c94b-b5be-9f83-bdcfe4dcd59c,90.0,0.936789003001178,28374.372882632608,0.0,0,0,True,1.0
5df57ba2-2a53-e665-a884-ce1f3dc0fab0,36.0,0.9983052863603388,25929.045038731496,2481.191394184205,2,2,True,1.0
14971470-8b9e-a5b7-c582-c5d7b77ca8a7,42.0,0.8036257847372252,15427.28028064953,1248.0414442961169,1,2,True,1.0
5a7d1022-e044-8278-dc3b-da8b94ef5460,90.0,0.9235205926987564,35169.59692853362,0.0,1,2,False,1.0
1bd460ab-520d-3e93-4d3c-5782f5cd4a60,3.0,0.4918439603036897,32112.561901712503,4967.593688239343,0,2,False,1.0
d00b6c35-e284-9997-37fc-8e160ffbfc06,47.0,0.4963650506657334,32317.630835716387,1650.7543509101035,2,0,True,1.0
846565f3-f831-a1eb-6612-28c1f13017f2,19.0,0.4373658316394811,23967.755548188296,2375.4860885745697,2,0,True,1.0
22b99a91-6cd1-8b4a-c09c-86f886eb7256,45.0,0.3097863566444121,31668.842643590942,1399.4590311753918,2,0,False,1.0
ec87b4e1-f044-e13e-2c8f-19cb6d4b9cd8,90.0,0.5884547941127088,28375.598726794826,0.0,1,3,False,1.0
20c01bf4-8680-d6d1-92a8-ef5c099ec64f,32.0,0.9937811625825782,29160.480090021123,3121.545597341544,0,1,True,1.0
b2ac0d57-932b-b4f9-2653-bc029dc0b7d2,56.0,0.8131811249138892,31470.728192356128,642.2549388042643,0,1,True,1.0
91ccde97-6c8c-6de0-63ef-99e71f7144d7,90.0,0.9770271790920214,21726.719316865267,0.0,3,3,True,1.0
fa903421-ba59-16c6-b29e-c535a07c58ca,35.0,0.2874858713786155,24235.063571712424,2533.8804773013467,0,1,True,1.0
f2064964-52b2-a1a7-af39-3dbc8cc244ad,40.0,0.9348296605511792,18545.98050917632,2229.129485198575,1,3,True,1.0
59dff35f-8434-48e4-9d25-b4be7e393e49,26.0,0.3980114423046877,32747.608167235197,2934.1410057343046,2,0,True,1.0
7fb4cc13-9166-f593-d8ef-9728737f9b54,90.0,0.7006072250650371,23635.588099321187,0.0,0,2,True,1.0
98878ecf-fbef-9955-126b-142002accf6b,42.0,0.3177186115022025,24803.19757211156,392.8281233598253,4,1,True,1.0
af5f1e31-85ac-f77b-c104-651bb85ef5ba,57.0,0.9799616014037488,24628.10617366073,47.52741123314807,4,2,True,1.0
d126fef7-2aae-2c61-f4c0-5755d4a6dfa5,33.0,0.6932279933981583,24319.72658753634,3489.238999507151,4,1,False,1.0
40b789b5-56c2-c404-6ab6-a817149e8634,90.0,0.6721966029392047,16900.236371902465,0.0,4,3,True,1.0
59ce9b4d-6195-5842-110c-6efe29c7d474,40.0,0.9781899765042228,39713.546425009576,3050.287397587247,1,0,True,1.0
4d053702-0d42-5f32-2c74-1afffb7293ca,58.0,0.898596334733592,32932.19316940955,290.2327480402646,2,3,True,1.0
6b41bc27-7a76-9f48-0187-b426ef3feba2,21.0,0.7028729039779921,29690.561901167643,5942.106510027821,0,1,False,1.0
6b578be8-fb9c-7f52-72c7-2794bda13495,90.0,0.9831116967523478,14831.99361808383,0.0,3,3,True,1.0
f72934bc-3a46-08d7-d35e-1d9a501c174b,47.0,0.8858394877644251,12423.522066243127,290.2766097959674,4,0,True,1.0
fc5d176c-bd22-0e9d-596e-9ae1418ae8ee,42.0,0.913129988095558,35780.84692587402,2182.1308823376085,2,0,True,1.0
775f8790-87d8-afce-f647-3e4fbe659b92,47.0,0.2919782649826035,36658.3167455216,2252.124108005619,1,0,True,1.0
d9da65e4-a969-e9cf-eb9a-2a4fe391d287,3.0,0.8667380932624569,30619.812728878827,4972.748757860238,0,0,True,1.0
7bbe401f-46dd-b77c-9dde-f4374f61871c,10.0,0.343242015257604,25308.40918985453,4031.257396815092,3,0,True,1.0
0b712b80-9945-215c-2aed-ae39aa5c942d,90.0,0.9424668084637884,26386.034018525374,0.0,0,0,True,1.0
52cc330a-9de5-28f2-5249-da58a8d6e263,40.0,0.9496772443103572,22742.30181063198,2331.2295665545,2,1,True,1.0
79adf6d7-8f52-c570-140b-4dbe17a88ed5,90.0,0.9812478201434516,22729.483679826903,0.0,1,3,True,1.0
277b42d3-6a98-d829-8b86-c377bb776867,24.0,0.5637287537465402,22312.96500211004,3084.228636546478,0,1,False,1.0
2a77de9f-e6a8-4a19-6ec0-00e256797fef,15.0,0.9416567388539684,30230.945128721916,1038.0036640247745,2,2,False,1.0
c4a7bada-6ee3-1d0e-5d08-1b388720ddd1,51.0,0.4656468662607113,33926.60393776578,2459.9277986951665,4,2,True,1.0
768b30aa-1e3b-920c-27ee-0f04cb64d6e0,90.0,0.6750166284721385,26108.42523159599,0.0,0,1,True,1.0
06d934ae-7e1b-bc9e-747b-ae8a1d1eaae6,44.0,0.6187455401463552,21685.6011243395,1690.5403085946657,1,0,True,1.0
98e990b5-e9bc-e495-da69-275fceb78322,50.0,0.7639404430000263,17893.43990013445,1151.0956978333109,1,2,True,1.0
877c7301-dec0-316b-cb84-ceed429d080e,19.0,0.3511509856561643,30895.49213538708,4774.987243370033,1,1,False,1.0
fead6a42-fc49-a819-3ed9-116b46041871,6.0,0.5315257131772597,16153.207285075689,5789.706991551913,2,0,True,1.0
8a08739d-a34c-a02d-ef20-8e266d42d139,13.0,0.9457655476892664,21010.799103365756,4911.545054790116,1,1,True,1.0
5fe55d99-c18e-63ce-6576-0b07626d85df,13.0,0.8650826931194625,29368.483037348116,8922.103357445412,2,2,True,1.0
05d8965f-a0ec-2f29-5250-0a0f36c9542e,90.0,0.3590253598818013,26998.06237320033,0.0,0,3,True,1.0
9e22810c-3d43-9181-3635-075823640c33,90.0,0.8599766577840767,26128.353468312915,0.0,2,1,False,1.0
3504b1f0-073c-c1fd-2c5e-d7fcddba9808,90.0,0.3844317008060169,28636.362510209183,0.0,2,3,True,1.0
5a78af8f-fb99-aa73-9b04-48150427cfa5,90.0,0.8525191917051144,21511.899707339,0.0,2,1,True,1.0
342830de-1307-d356-99b8-dbd5b232f6c2,57.0,0.5379274832270947,23350.83168133621,156.72751739970894,1,1,True,1.0
8e78711a-34e7-ea2d-e45e-b25cffb00d1a,49.0,0.3041289385022098,18707.28177625081,746.856394976835,2,3,True,1.0
49fb719d-59eb-ee17-e2d5-3785b4dbab2b,37.0,0.9861942108986947,30076.33255625592,2987.459329821472,0,2,True,1.0
4e6b869c-9c99-bd7f-e5ba-b93d546787db,10.0,0.2788465488628101,25283.411765428253,5808.469731209362,1,1,False,1.0
0b856168-e449-5ffd-95f2-213f813b2333,33.0,0.975051564533914,27819.003995985517,4618.992101034562,0,0,False,1.0
1d0b332a-de43-a81c-1d13-bde01a72ecea,37.0,0.9986217761674,29431.360783131,3817.992510521119,4,3,True,1.0
8f3b8338-b173-d4cb-45e3-61ae44518b96,43.0,0.9877884524667424,18931.42673809331,1653.0986241509245,2,3,True,1.0
d6f79c26-3e3f-9706-4de0-9f0d95cf23d4,48.0,0.5522029483864037,35095.00260114079,1524.3873054472774,0,3,True,1.0
07345915-597d-9fce-882a-03704b06d557,55.0,0.4497307452366458,28950.23877212644,1380.7565451055982,4,2,True,1.0
bee1e5dd-adcb-7c7a-a13f-375c0f959b46,17.0,0.9768118868070093,20294.716299926826,2125.0485181012755,0,2,True,1.0
9c3b9382-c978-98f7-7e6c-6c68f9ceddcc,37.0,0.5820655596420631,18991.575749531465,1091.2130236740363,0,0,False,1.0
0ade5d4c-9688-b0d3-6da1-533ed30fafde,11.0,0.9037527657030356,26116.60702389631,4771.550806788388,1,2,False,1.0
b4628533-adb9-e8ff-78c0-884335861e8e,14.0,0.9183189384555032,27423.963625009244,6944.588912255304,1,2,True,1.0
b33fa4e8-6361-25da-b1ca-7501f5a9a9b3,29.0,0.8742354357122926,42424.08763186285,0.0,0,3,False,1.0
e79caad3-987f-795d-12b6-01952c7cdfa1,7.0,0.7019086145760045,26632.749917837355,10138.45481336342,1,1,False,1.0
ce50220f-9615-8594-ebdc-4dfc6b1889fd,29.0,0.950032460518469,35581.33632804739,4736.378601510305,0,2,True,1.0
eb1ac846-32ab-e3af-9867-5ed4ea840f7e,14.0,0.6104230068784117,34034.94503606834,11706.602653545322,0,3,False,1.0
72e35164-f8ff-3499-eb71-c041e797bc98,90.0,0.7075188832261101,28385.74427056276,0.0,4,3,False,1.0
728b6997-29a2-4025-09fa-9609f4426a3c,90.0,0.383956684832104,35260.46694938671,137.41891926128594,1,0,False,1.0
2a59217d-c966-d979-1ef6-360cf216c9a1,90.0,0.6968762024866998,27384.335670054537,0.0,0,3,False,1.0
190a64b3-4162-b599-4d59-ae4bce95e759,39.0,0.9585383634463996,22334.532925023686,896.9018467827373,2,1,False,1.0
ef48af50-3f57-63aa-b7d3-ba88d6ff9433,8.0,0.9281742743644256,15912.567109867408,6449.817865506206,2,3,False,1.0
9e6d02fe-72b8-eb81-69db-da6216365aba,40.0,0.9254642444497122,29066.66921749601,1492.0078675236296,2,0,True,1.0
08fd4e0c-a312-9a59-0cdd-66dda0a3727e,30.0,0.976722939783788,24948.608989024757,3437.5896906123585,3,0,True,1.0
97ba9ae1-7a86-112a-01b3-8cf69fdc3c59,27.0,0.5409281758760965,21303.26271630581,682.4604702527047,1,0,False,1.0
5e19bf42-2687-4f73-7aac-a4906fdab3bd,11.0,0.919574301707176,24064.00681852085,6966.606509264645,1,3,True,1.0
99bd5a83-ce47-e21d-d2bb-a8b9a72adc14,3.0,0.8854470732074082,30793.44387338546,3583.3664049096096,4,0,False,1.0
d9f49f1d-49b5-9669-8be3-9642f42f4e2c,33.0,0.5623441570357639,23621.93391045196,3432.346977333808,4,3,True,1.0
e07dcc17-7f00-8b0f-4cd8-52d57b3e82fe,40.0,0.6660088366384235,32568.10271308123,1967.644960524584,1,3,True,1.0
c420fd16-2c2e-bd0c-15de-67c78279ee9c,52.0,0.4434232991094345,32129.531379739903,958.980208901714,2,2,True,1.0
a7b8c8ca-287e-f642-a0fe-40c351d82edc,9.0,0.4102536636116795,23302.31828157812,2285.759550257648,0,1,False,1.0
996f640e-339b-e56f-81a5-4248bd704cec,58.0,0.9357183019384214,26360.87180646152,175.5813374578811,0,2,False,1.0
5e3cba7f-1e6b-3ed9-f27c-0e9a63d927a3,5.0,0.8376825955973326,18762.79887874395,4304.581359037482,1,3,True,1.0
23eb30fd-56f3-be0b-5649-cf2d8c11340b,24.0,0.9972698597582026,15998.451998087843,2719.2515944797906,2,2,True,1.0
e11e77e9-9f87-ea9c-9488-db4e2033b57f,19.0,0.9762488182070284,32418.627308473635,6841.715151836285,1,1,True,1.0
332f0816-f93f-2b64-5341-456e94f9dc27,90.0,0.3316096954177753,16672.34093128238,0.0,3,0,True,1.0
c9586ad7-1d5a-7af9-16e1-1792d0652bf8,13.0,0.343848652310569,23000.864205564438,2435.006350100749,0,1,True,1.0
ebab8817-b25d-6d41-d8c0-7f6582d64d87,90.0,0.7989459724077704,29515.864890149096,0.0,3,3,False,1.0
30861f5b-b315-eb87-a27d-ae5df27706d5,23.0,0.7667475449936102,17912.66732667853,2453.7782981279724,2,0,True,1.0
183fd82a-b072-8cd6-b2e1-9973ca9fbbaa,23.0,0.3545249167595539,30658.6143784509,2481.3265248778907,0,1,True,1.0
2dcbfa6e-db7d-6050-ca1a-d72fefea31bc,90.0,0.8299220560705345,35159.16576482018,0.0,0,0,False,1.0
2e40b18d-b116-7792-191e-92313d15b903,44.0,0.736551141334622,29273.53713065846,1911.4489252009848,2,0,False,1.0
e7674872-4cb2-2f7b-0535-aedd1316975a,23.0,0.3956067792861871,16914.29375533984,3629.335748633273,2,3,True,1.0
209a33aa-9335-2c90-6a4f-3107ea2b6075,11.0,0.9393738992997012,15008.01799453445,3146.57200282474,0,2,True,1.0
6ce66504-f7ac-7f94-1ba8-e0454070affa,35.0,0.6679934676397551,20703.133447787997,1559.328250668793,4,0,True,1.0
abd3c3b8-fa4c-7675-4f4c-201830f2bafa,90.0,0.6311543750606055,16236.23547971854,0.0,1,2,True,1.0
f9592268-fc2f-1e05-be2f-e14e8f96164d,13.0,0.8206324207147786,33825.11419969684,7547.906157968586,4,3,False,1.0
3daaaf9f-c732-ca96-7710-2f907fb15a71,90.0,0.8689154607320156,27385.827005327494,0.0,2,0,True,1.0
4694db28-83b7-5288-09a5-4cac884bee30,45.0,0.4404529503391466,16045.313191612026,1341.4585180534846,0,3,True,1.0
945d0865-4083-75c3-066e-884f2997e2c0,16.0,0.966792380358466,31596.114746445102,7408.351022644529,1,2,False,1.0
0350324f-d4d3-c64a-e478-8780f43fd7a3,90.0,0.9215762582084822,27591.75271276612,0.0,0,0,True,1.0
0542ec37-a837-d506-634a-2541c0f41c50,48.0,0.4648365462474429,25359.533445672376,1030.9730128864398,1,0,True,1.0
13c7d4b6-4caa-f9ce-f5ae-f73c646247be,40.0,0.9842401135621924,23920.44592652701,2516.2791949278603,4,0,True,1.0
c11d2e9d-b845-bc4d-98e4-60f01ec7d3da,51.0,0.900495699320994,28034.43742692921,135.13353473479745,1,3,True,1.0
b5baeaa5-f4fc-0bd7-95fd-40a5ced7f399,90.0,0.2767845059331822,20063.928662468017,0.0,2,0,True,1.0
435b9bb6-ec53-a8a6-8b47-80cab4934f33,5.0,0.9011322109320709,21599.2635456942,2883.5354396029907,0,2,True,1.0
035ee80f-fd85-e5b0-8a88-7a551c6cddc0,34.0,0.3480711733425857,30719.620117233542,5256.494190412616,0,0,False,1.0
42441051-3148-9157-f776-8d7a9b73dd5b,18.0,0.3656921673062254,16320.65741933658,2122.2654191093584,0,2,False,1.0
771411c0-8663-ac69-7d23-77289f210ec0,9.0,0.500981249342426,28302.67199377903,5038.711511141978,0,1,False,1.0
976186c6-32c0-efd9-5142-dbce7a045fca,17.0,0.7179355659756048,25977.249196803063,865.3638377308384,4,3,True,1.0
b0f8e295-0d17-9221-efe2-8f483032f330,90.0,0.3219226358071633,26066.729382650177,0.0,2,0,True,1.0
80abf8ef-2974-67ae-2200-ff71a4514600,45.0,0.5505661432941404,26911.334752331204,1496.4471763011304,1,3,False,1.0
06a3841b-d5d2-6ae2-3a0e-a959b12b3b53,56.0,0.9238871516298924,25708.680831774825,201.3640680092824,0,1,True,1.0
faacc56b-fa25-d9e3-1415-9879e7675c37,59.0,0.9753245231613212,22674.32722178641,77.54892010133142,0,2,True,1.0
42f0ed83-70a8-2456-26cf-e418f597fd03,90.0,0.9936563745714224,23880.710298615595,0.0,0,1,True,1.0
2c67565b-eeff-28d0-230f-fc5159909115,36.0,0.6611907954545699,23836.0015320602,1591.33308434717,1,3,True,1.0
71a6b79c-defa-ebc0-7266-70508e759506,26.0,0.9926083823415136,22888.214009043477,4746.495907534925,0,2,False,1.0
e6873c75-3c42-828f-2779-3d6a86684832,7.0,0.4049276367869845,22612.57306015312,4258.818353894974,0,3,True,1.0
b6524c04-21d4-e21f-c27b-1e6d0ac31699,90.0,0.9841626003458592,15736.368459972442,0.0,3,0,True,1.0
c6d9fb6c-3c02-0f87-9b35-aebe97b084b1,10.0,0.7616517588452154,29688.734438893985,4962.881842548716,0,2,False,1.0
f1e76f1a-ce83-645e-8dff-ddac191221b2,90.0,0.9125926223375028,15431.25879819354,0.0,1,2,True,1.0
880fb26b-32b9-fd35-5f4c-e864dcbf240e,24.0,0.607217578422778,33313.19102229973,4423.937134281606,2,2,False,1.0
b4288cb4-f1b7-ce6e-a587-f3c74a921f86,90.0,0.9353742687168076,15703.83201818427,0.0,0,0,True,1.0
16ba249c-ee5d-ec6c-d5a2-eaea8ee6ba3d,43.0,0.3872975714916077,29748.32672447428,4207.72896764371,0,0,False,1.0
aef93d24-c68f-3f19-690b-6559d18da1dc,90.0,0.9892920555061074,17697.984959654535,0.0,3,0,True,1.0
ebb6e6a6-fbb8-a887-ce38-4d26f8a7d1cd,55.0,0.4607823922925682,22075.162561493715,512.3720844456382,1,3,False,1.0
7be169e2-99a8-af0a-00f9-2dbed68c5765,49.0,0.7698103574770317,24990.939303432777,1420.4875088991262,3,0,False,1.0
ce30074c-dd8e-3fa8-3df7-be256cc1306a,49.0,0.779312561025873,24157.96450194006,897.9893097385745,2,3,True,1.0
36c37e97-ad1b-fce7-8d59-891e3029c5b4,34.0,0.3589641136356161,34359.741534318964,2327.596237007533,0,1,False,1.0
91362a30-7625-6e9b-a557-dc577b4f8c7b,48.0,0.9777844173282356,29489.159870469888,989.7423437974516,3,2,True,1.0
351bc63b-87b2-6de7-521a-a77cf48964d6,90.0,0.9620309481341944,15587.840345208417,0.0,1,0,True,1.0
201dffa7-ee44-62ea-82f8-9eee4428036c,13.0,0.3443283645650209,22511.14282431308,677.0154537598169,3,2,True,1.0
68d5d9bf-75fd-5aa5-1524-ee91b5783958,32.0,0.9904116011972124,35186.44099693903,3907.902366776023,1,2,True,1.0
c0ce8952-1619-0491-4ec9-3fccfd81293b,4.0,0.9830052178690366,23518.557712056863,4804.30082755454,3,0,True,1.0
57c918e4-fc23-6750-9943-f1f9759adb46,48.0,0.6514981221098143,34935.264524907616,2173.7021214594074,1,3,False,1.0
1d27fd3a-a2e6-1e21-9863-4e07f580e01c,28.0,0.3310691892115981,28364.58764663879,2978.984877954942,4,2,True,1.0
f6383f5f-da45-8520-dd6f-788fa61bdede,48.0,0.7272600948397328,17112.875383968792,1026.3067271939422,0,1,True,1.0
cb9aca82-e35e-3351-3e68-f03e631cdadf,42.0,0.7501624917223307,25059.613408733898,2087.830412850127,1,1,False,1.0
c9728132-7150-21d0-618d-e97c0af15377,3.0,0.6486075165944251,34570.11439227667,10326.535106560108,1,0,False,1.0
311da402-b258-2f9e-f128-1453daaaaf76,48.0,0.6373869935241107,22808.986517372963,202.68556180016455,2,3,True,1.0
560fefd3-db93-0921-04b9-c05af0d2f3d4,23.0,0.8216129024055757,20401.13739859075,3508.302135072749,4,2,False,1.0
0acde7eb-5cf7-4782-f048-b3fb1827a34d,39.0,0.7106979383027907,25485.789338958613,680.1048112513282,3,1,False,1.0
74b1a1db-9844-9016-014b-21cd8335c43d,29.0,0.9697049930375122,29283.32605091864,3421.6312190504527,4,2,True,1.0
b3c084bc-f25e-ded3-8c93-84cc1c334ba5,41.0,0.3964797315044484,37493.94373927092,2923.6280727811063,1,0,False,1.0
dd041358-1d75-2461-4ac2-a3a1e6099565,4.0,0.965884326342762,28775.582558470316,1904.8246526222824,2,2,True,1.0
76835652-085f-eaef-4dcd-e1ac1c8f0d54,90.0,0.8409255441267742,23559.45838922468,0.0,3,3,False,1.0
d8a3d156-924c-2d9a-505c-e6e75f420d97,57.0,0.6724262528735722,40292.02810602141,117.75678665919442,2,0,True,1.0
ed9968fa-9414-9d8d-1c14-116615150f4c,29.0,0.483517332122552,34971.94146807234,3929.366848208893,1,0,True,1.0
b6abda11-8930-cebf-7ab9-e231e4e2834c,40.0,0.6570117752190198,19971.556633683147,1052.8804939823397,3,1,True,1.0
99213eec-2797-0a48-43f3-3ec2b02bee63,30.0,0.696375879032864,18489.079228425064,1592.3748399226372,0,2,True,1.0
9a50d46a-2cd3-f7c7-182b-652e0a5ee13a,90.0,0.976876940381684,20562.28624622003,0.0,3,2,True,1.0
574108d1-c8ba-ee2e-c572-9919b89b0ce2,16.0,0.9635990094854446,21285.12022335303,5614.534738087755,2,1,False,1.0
0f8423d0-08e3-8da0-432c-1c0dd0d44726,54.0,0.8767513706060447,15236.653500807057,396.30990178670993,0,0,False,1.0
6ef88e8d-591a-e054-5135-e7ec823772f9,44.0,0.826045632925216,30625.520998910477,2942.1935461078515,3,0,True,1.0
1cea7b17-8fe9-62ff-28f4-fabf9c47b9a7,60.0,0.6403678686156767,34870.38078483934,0.0,2,1,True,1.0
91ddf6c3-8d63-6fd7-5a77-92f2d83ecf47,42.0,0.9286759985582894,23359.08678923445,779.6451718202952,1,3,True,1.0
52674d06-f2b4-8d5e-67cb-6dbde4fbc274,3.0,0.9481532371021468,27797.617735077867,3714.986073696016,2,0,False,1.0
8dbe80fe-522f-aa7b-fd79-f872aaca06d9,12.0,0.3359021128511985,34748.16136897941,0.0,3,3,False,1.0
4d620fa1-09aa-c1e2-b0b7-734a5650ff3a,90.0,0.8120662056374472,19540.49177799991,0.0,3,2,False,1.0
a2cb9b02-fc8f-cffc-ade4-f3811726c54b,11.0,0.4617024682625932,30426.9684559357,2828.3631980447467,0,1,True,1.0
dae595c7-fe66-370c-8e40-6d7a408c0b39,90.0,0.9236266414651436,36436.74445404051,0.0,0,3,True,1.0
9c2c1100-5189-92e2-0b23-dfa923604234,16.0,0.757379504313982,28312.736520998555,6153.220258517144,3,3,False,1.0
57c8dc16-34b6-ce8b-0846-b9441246c1b4,11.0,0.3657920811567873,35277.71802672863,5345.668507084643,0,2,False,1.0
748f486a-3ac3-381e-b9e2-e213449deaa2,14.0,0.94728155186195,23982.431496423596,5444.956810627995,2,1,True,1.0
ee23072a-f2b2-d076-65b1-028f51e695ac,50.0,0.8843521982439879,17391.01881054601,724.520687092738,1,3,True,1.0
ac08e136-6101-bb2a-a1f3-28a69b42f366,48.0,0.7081123919822758,21181.16219602551,523.3080485929328,3,2,True,1.0
2184606c-d970-fe79-f2aa-e62ae781e3c9,55.0,0.3559591374971806,19972.99971552424,315.6836157558316,2,0,False,1.0
ad929924-32bf-7bb3-0bb9-55675eef1c00,60.0,0.3622642135509693,21886.552331237133,0.0,1,3,True,1.0
5b74aa29-957c-ba33-b217-ba83f050f7a5,4.0,0.9899136245574308,29151.637717632475,8079.763759269129,4,3,True,1.0
e35e408f-e82d-6c9b-2317-428b06823c9f,90.0,0.2915643757244273,29539.71129241847,0.0,4,0,False,1.0
138557d2-c0cd-a6a0-d15e-c391f3027d5c,28.0,0.9518234238666708,29627.12082850167,3910.2313795927353,1,1,False,1.0
0830bf5d-d196-6a84-6a58-c33f8488222a,11.0,0.8726661107104572,27165.25017712236,5239.996484738538,0,2,False,1.0
66d4373b-6bc0-a048-b846-bf423dbee520,28.0,0.8506785413745108,28809.761688561022,5185.776560200748,2,0,True,1.0
5d640ba1-a200-c583-9068-53aae08aa222,4.0,0.5086673700897832,25539.50102465406,4157.410173853095,1,0,False,1.0
3f723f8f-a488-d52e-22f9-e139855cefdc,47.0,0.982468253052302,24687.422728799203,1507.1045785794904,2,2,True,1.0
cd0d2147-5b8c-8f5f-0713-9241d8ec0b93,5.0,0.7334098545160873,31774.22431358109,2460.462834611651,1,3,False,1.0
b2810b7b-902b-8028-783e-be6ac6546d75,90.0,0.9408146507680768,20727.72389299641,0.0,3,1,True,1.0
8afb6147-7b38-87c8-e4e3-ad5ba67cf37a,25.0,0.3740356963426287,26537.289644903147,4328.742620807415,2,1,True,1.0
ef4943d3-6c5e-9880-fc7d-384f96c61693,90.0,0.9335588325037706,16085.00681356784,0.0,2,1,True,1.0
31271593-4af9-53a2-0b1f-5d2f56c3a977,90.0,0.4723701653136448,37377.15717215392,0.0,1,0,False,1.0
cce07a56-3473-5821-8bbd-1aad75771ed2,48.0,0.9968412188336302,26132.60507947969,1591.9746262603417,0,2,True,1.0
dfbac1dc-03d3-3a7d-dd1f-d379d3d201f3,38.0,0.7686088115154481,28389.63977877278,2047.254203423429,1,3,True,1.0
b05add9f-7839-ca7f-097a-d0c7a452d8df,13.0,0.378932620016977,25516.146145135084,4825.3595429556135,3,0,False,1.0
37864541-8f73-5ece-ce68-8e6480cf43bf,6.0,0.4526094924518389,27695.917751118173,6994.166609849567,1,1,True,1.0
593c6bfd-d9fc-d86b-7bbd-dbda1ac55641,47.0,0.3323715588260847,36679.32442628613,1234.7893986127674,2,0,True,1.0
67365572-d16b-f3eb-dc44-242e18f79a7b,90.0,0.983820236166531,22027.145631873183,0.0,1,1,False,1.0
5404b352-f8f8-0251-ea74-2d2c6fb45a69,90.0,0.6882977202064987,24575.54542253629,0.0,2,3,True,1.0
93b6ac33-34d0-e503-3e45-927a85f44cbd,41.0,0.8930914054085117,28615.37432394456,2427.774006243516,3,3,False,1.0
c7f20bd5-f090-8e8c-340a-6bb092b8a482,31.0,0.9813575076091268,30728.90992635818,2510.5285097359942,0,0,True,1.0
767d37fe-97f6-ef66-59b9-9acf874aca48,6.0,0.923703930277544,25189.23631901392,3780.652440659745,0,3,True,1.0
61b0692f-768a-7ebf-731a-77ece9bb6261,11.0,0.6791132012402921,26419.04315383287,5055.949785499504,1,2,True,1.0
b8940743-8c1b-a57b-18d1-772122dc7704,43.0,0.5629616502947905,27598.09530084488,1582.65066233885,0,2,True,1.0
9eed7d91-dad9-0bbd-0dbf-3a17f911664e,43.0,0.602154621139623,24678.31663233575,1342.3068134008477,0,1,False,1.0
68d63415-6d1a-859d-8abf-2cebdd444c04,11.0,0.8489065669646604,26063.94637337808,3712.912931437422,2,1,True,1.0
b7b0b601-4dc5-4e9e-52b9-aa1a9d676517,90.0,0.4614088846151588,38691.38378923695,0.0,1,3,True,1.0
3bb4bc67-b7c0-3d35-1c90-69251a24aa8d,90.0,0.998693920204008,31380.284307801845,0.0,2,2,True,1.0
c85399f5-cfeb-5624-574a-577bacd210fe,38.0,0.9984924390593848,20931.389196064654,2681.3260701661,0,1,False,1.0
cb86ec4d-7d37-07e2-152e-c39b49686b30,18.0,0.6752876807238979,27664.17646174249,3931.994844937296,4,2,False,1.0
7a190409-ab35-11fe-a9ce-adeede15756f,15.0,0.449271456349123,20974.78626979218,3254.4241292270785,0,0,False,1.0
530d06fa-ac03-0b34-eae7-1bb7cdc84e84,52.0,0.9974078444906118,28120.99368936394,1194.2039280751158,2,0,True,1.0
fc7e0a1f-6a70-218c-b1f5-a9cfd5fd1a27,4.0,0.2926369949694982,29485.79751613221,3150.783761248276,0,2,True,1.0
0e0f7a3d-1e33-4871-140d-9264bf65c330,57.0,0.8746734984026673,19059.50088283201,174.7358829836711,1,0,True,1.0
57cc59a3-fec8-d9b7-40e7-04a6c6c8601b,38.0,0.586120554896397,32860.605099991735,4109.229496374782,1,3,True,1.0
136a8953-38c0-4c42-1057-1be048c09287,42.0,0.5228782600129976,16550.8688430554,1435.70828194161,0,3,True,1.0
ea652436-2f7d-1833-ff99-6479e4b6c65d,33.0,0.6831589904467623,30376.834197191027,2767.7088849472343,3,2,False,1.0
6901992c-fafc-7fc4-d74b-582789ca5a4c,25.0,0.9610537226217422,17896.744881670107,474.3176406997236,2,1,False,1.0
7f0038a3-ef8a-6463-7aa9-9ae332a39de7,29.0,0.4769557704873194,24795.64127794326,2280.0300144829266,3,3,False,1.0
19175c8d-b614-f764-eed8-dfdb2106fda2,25.0,0.9989791758867026,19610.436527090336,3010.575993313968,0,2,False,1.0
33656fb2-a942-4d0d-9848-df68a7de00d7,14.0,0.3567115522097123,30266.3530176161,7475.703614461996,0,0,True,1.0
9379aab7-c452-7037-7e52-30c7bae9c788,33.0,0.6459776107448371,17515.567733182892,1770.8169232520916,3,0,False,1.0
8413371e-50d5-2965-81fc-f4cab006fcb0,20.0,0.3799601095302195,23807.55842827595,3214.3001932102525,0,2,True,1.0
a2996e3d-e3ed-1c20-e7e3-87096ef843e6,45.0,0.9631956207917276,29872.87911708352,354.2498055417585,1,2,False,1.0
d535682e-9239-d869-efa7-dd08d23e78eb,54.0,0.9951456463044352,23837.769475134293,1685.821386026381,2,1,True,1.0
996b06c8-ec20-8fdc-3509-1bfc4557b94f,90.0,0.691769303879018,16734.6348367995,0.0,0,3,True,1.0
31f61d2d-ae3c-4ec4-d132-d43783d25138,50.0,0.9570150277557896,28106.08861274373,1387.4378912711977,2,3,True,1.0
7d3fa45f-921a-b087-2c22-d138ed1bf15b,13.0,0.9987827202081538,26644.90810269672,4096.6329092714,4,1,True,1.0
c00ceba7-6320-fb1a-a5fc-9a178e2c57ec,60.0,0.98405847004524,29609.00387982356,0.0,3,0,False,1.0
d96c2b20-e8c9-f677-1722-7810da626713,90.0,0.4831430597339245,23789.62748898863,0.0,4,3,False,1.0
4687b0c1-6cdb-7509-b251-b9b444e6b2a0,90.0,0.5312131716075765,29468.451378583963,0.0,1,2,False,1.0
834ecc7c-9fec-8d17-3fc2-6ee2ba0bed31,54.0,0.3047825039970847,30800.217736969367,971.3395157792924,0,0,True,1.0
d99df7df-201d-4ea3-5183-6bbb73831025,38.0,0.7330914350816381,23571.45408680569,1567.7757240569722,2,1,True,1.0
9e06ece2-da36-dd33-df3d-a6df2dbb1ed4,90.0,0.5786151952579226,28028.52989860844,0.0,1,2,True,1.0
c93052a7-9f1f-b184-b76e-5f99448de7aa,59.0,0.6239096972282819,28773.881405498934,48.46940811639525,2,3,True,1.0
e7237749-0314-1dc3-46f9-979738e4ee20,90.0,0.9995049780873664,24129.226124636258,0.0,2,3,True,1.0
629ac76f-d660-dfb0-823a-4f8980d166bb,48.0,0.9925320425101494,26731.37548021767,674.6832103712861,1,0,False,1.0
d81f55b4-c3a1-fea3-0bea-e0937ba27766,5.0,0.8404582610585428,19464.2753691101,5224.264689383572,0,3,True,1.0
a8600224-4d79-db5a-c548-71ed17b76afa,52.0,0.7192730813826341,29402.316676085506,1119.4778782471824,0,2,True,1.0
9e0b2391-d334-d3f4-1dd7-1d4529ffe343,30.0,0.9994122481148024,30207.906640609068,2506.0259222416043,4,1,False,1.0
d4e088e9-01b1-ab89-8d65-3f2111b95acd,9.0,0.9968883868466064,23649.483600316125,8024.185245679553,3,0,True,1.0
f6f82c40-7a73-6f16-d7cb-9eb2a262041e,9.0,0.3047256781583645,27594.251925580174,6299.936691842533,0,2,True,1.0
715d4a8b-328b-2117-10c7-76a7ec857507,90.0,0.9154958083996264,26138.97888959467,0.0,2,1,True,1.0
61e95617-1048-dc72-0176-9f216992e2af,90.0,0.9332744205012512,17793.651721808605,0.0,0,0,False,1.0
08643908-a995-f882-a3d9-b4a3faca572d,3.0,0.5601094402148814,21110.199286782583,4527.855380751616,2,2,True,1.0
ea4a7f91-dc30-6bf1-5163-9a315fa35d45,11.0,0.9058032881634176,21809.981757148213,1387.9363721286986,3,1,True,1.0
7fea7130-eb0b-a197-efb2-9b7822850d86,49.0,0.2825092608896916,34059.712561881985,1140.525307635306,0,2,True,1.0
5f31c549-12c1-85d2-b19e-4eafd3e65335,50.0,0.944023593347562,30384.139608966758,687.1655806490195,1,3,True,1.0
dd3c82b2-388c-2b42-22e8-d1c3907875f9,18.0,0.9909241165882892,20567.137604628675,7110.784565387149,3,1,False,1.0
f1df3b16-5869-63a4-9786-71706201aa28,36.0,0.9860279970945792,26147.546681971144,2001.1817870498355,3,3,True,1.0
a66c38c5-d979-a7ba-694b-b332c949bbf7,56.0,0.589346494040774,20540.56555177902,192.116571749516,4,2,True,1.0
6d9ddca7-3ee3-3de5-406a-e241bfaa7299,90.0,0.7612029711719128,25222.87650553944,0.0,0,2,False,1.0
441f31c6-f9a9-5359-151c-9544a69e61ae,3.0,0.2824299132042507,40735.93611366986,10692.210902562416,1,2,True,1.0
c7f3cc89-c65c-5425-eeb3-0e8bd08f1f3b,38.0,0.4194123056608339,33409.4466392359,1525.6743231641403,0,2,False,1.0
bd37750b-f3a2-40c1-408a-362390a3dfac,14.0,0.6417536079795405,31566.26876633094,5040.783043794662,0,0,True,1.0
fc524e01-a80b-6944-1f0c-4d32dc1b2692,10.0,0.3393009811122851,33363.570701554534,6523.766601783474,1,3,True,1.0
9154e293-8110-2d03-f0c2-99ad752acaf2,5.0,0.3139589540937313,23015.077741596862,5010.6142645895725,0,1,False,1.0
71db9a84-c2d4-7d07-3821-c80106be1481,24.0,0.6872465647164163,24728.452749240627,3791.507235546818,1,2,True,1.0
a19ac6bb-e299-4c51-6cad-6d8ba68b2079,90.0,0.2884381913035091,35595.449168536405,0.0,1,3,True,1.0
6ca44b9b-f966-5138-0b35-e03748b14171,7.0,0.5802844690825255,27295.503860904184,11015.652820292538,4,0,False,1.0
52401f13-2642-649c-f146-e43bde5808af,90.0,0.9314316103632432,29657.997575308465,0.0,4,0,True,1.0
fe8d0dd1-0b8c-af6d-6fb0-63cf926f7e1f,4.0,0.9920360100304516,27527.11492043538,5563.466309679519,0,3,False,1.0
e123e5e4-f36c-3db3-71e5-6c59a3a26fc9,32.0,0.6594781560627545,29497.03854770856,2915.646155551748,2,3,True,1.0
7d34c8bf-a959-a181-9450-faf1990264bc,19.0,0.4523942385095756,39137.13147182355,5499.222743068956,0,3,True,1.0
940ce23d-4adf-3ea3-f7ec-abe81f90de6c,31.0,0.8972806882937405,26100.823830490117,1764.0037747923643,0,3,False,1.0
de6e9046-61ee-7eeb-4ff6-d1118eef4d1b,27.0,0.6371132347891664,22489.755432035046,3687.750553967445,1,1,False,1.0
c730b4c0-e7ed-2796-d9f4-f7633a4fae49,44.0,0.9288569727593732,30934.568995773458,1571.161260060935,0,2,True,1.0
f8b0a838-1a03-e813-b64f-bd867a65a41d,50.0,0.9632141129742924,26275.511351081605,992.6890028235704,0,0,True,1.0
b3986e0f-c43c-8cff-8d11-2c5c7519db4e,56.0,0.895806372221406,23890.53429877089,382.8985176467025,4,3,False,1.0
527a86f2-aaa4-07a2-3566-507e99fe78db,42.0,0.3332681409125335,18439.538628805945,1984.7401119850208,0,2,True,1.0
00b63fb3-7ee9-407a-3a86-e1ae3d198f90,34.0,0.8730195493690595,19791.737199957177,3569.3558421376697,2,0,True,1.0
f0dfe607-2bdf-c680-b1ad-6e3be5841752,33.0,0.8634407435590082,32834.429683687325,1442.8504527820544,0,0,True,1.0
80ff03c6-aa61-e120-9564-f0889b0896b3,56.0,0.6022158626965182,23341.159885770503,256.4288196171222,0,3,True,1.0
a5f24c1c-efc2-c7dd-548a-cb1636376da7,6.0,0.8487869904970259,20561.900755394952,2821.95130410692,3,2,True,1.0
f7d98cb8-359f-4cf0-d5d2-5a39fc3b9417,90.0,0.9719172984584964,26109.559428052096,0.0,0,3,False,1.0
7b5af1e0-1596-7dc1-cb73-9dd5c391d1ee,42.0,0.7120922135232242,26737.57073855353,1764.3669515255517,3,3,False,1.0
dba0c122-1f71-da23-1a51-88b8cf6528ed,23.0,0.9616152259737584,36570.51799074176,6748.17379235932,1,1,True,1.0
16f0e6e9-dbee-4b9c-501e-7b86c4a7992b,11.0,0.4098694310032073,21569.138907102715,5824.924967409405,0,2,False,1.0
fe72dfdc-03c8-dd01-f7d3-476df589100d,31.0,0.9506568636778976,30052.22045616192,3347.605898033812,1,0,False,1.0
38e11dca-9c33-3875-6bb7-abd3fb72dad8,17.0,0.9126010815446168,24186.733105941275,1595.291302646262,1,2,True,1.0
a025e6ea-9e71-ede2-8f10-2e601e5b52a9,56.0,0.7891517835602113,28998.95307390311,34.320414233848325,2,0,True,1.0
7928b3a0-5b56-fb43-edc2-bbeb1f400de9,47.0,0.8502006569934957,28688.53711768121,1108.1949032014406,0,1,False,1.0
5d9129b1-101d-802b-4e8e-63c9b88887e7,33.0,0.4403238133885325,18931.79869149676,1852.7133573364624,2,1,False,1.0
acd74069-b311-74e5-7d5a-125a69ac3dfe,22.0,0.6432165564386915,29916.1250432962,3846.3780265394576,3,0,False,1.0
ff3f2f0a-8cf2-962f-397e-08527f185b5d,90.0,0.3246629942334964,32018.21447952819,0.0,3,3,True,1.0
a579e268-f01b-bae0-e058-b97da5664481,39.0,0.5299595548853123,27221.553600967032,3898.862245994375,1,2,True,1.0
7fdc1425-c543-0aaf-c556-f07482e44ce8,33.0,0.9896124919813716,24329.89183934448,4005.839035814313,3,3,True,1.0
c36881b4-bb99-f71b-de64-1e37952e7cf8,90.0,0.3556857588060634,21692.980007041504,127.84779742685066,2,3,False,1.0
73c75875-7b3d-de7e-0fb6-afc9b0e352c7,42.0,0.9966867207286078,22809.30247197259,2005.9377412686704,1,2,False,1.0
3bb6d964-ee4e-394f-fea1-31ab2d2caaa8,90.0,0.99696176534514,23882.976121041844,0.0,4,0,True,1.0
8785fe65-ab70-3059-0d44-3203aae8a858,90.0,0.9899806227163448,33178.013843328474,0.0,1,0,True,1.0
027f79aa-09d0-e97d-1f50-800105543d2f,33.0,0.9939511753900528,18308.75616871661,1641.5886469068726,1,2,False,1.0
aa9b7ec9-c339-bbd3-483c-2a74cb475c5c,50.0,0.6456913934666734,32565.96969545909,908.5502927426858,1,0,False,1.0
4b3a1b93-3797-e4e7-1a0f-97ca74872742,52.0,0.9039956189444526,31075.346245346875,1212.1284692259187,0,0,False,1.0
b8c19fcc-b062-069b-b77c-87cee6c264c1,22.0,0.6967318767130336,27650.60184594599,5389.241604916287,2,3,True,1.0
ac8f2bce-7323-760e-57c9-75680d1ddc96,39.0,0.9984688449896169,27122.07499303313,2224.9115713801907,3,0,False,1.0
d448387a-95f3-5ace-fd4d-372b3d843f69,90.0,0.9829580190521804,29612.857137946103,0.0,0,2,True,1.0
e0af72fc-d6b9-8cc5-fc1c-39c75404ac7b,43.0,0.9491768630026838,24471.827129628964,2303.828115648531,3,1,True,1.0
cd30a7b4-092a-ebfc-eff3-517621a7b271,3.0,0.7804690651816121,31201.073947457407,4475.478831859014,3,0,False,1.0
d0c87d47-979d-3b15-f707-6a2a329f5f73,18.0,0.9617821519461556,31689.711426182464,3683.438134499309,2,2,False,1.0
24fa926c-f7bd-f544-a73c-b2194a917702,50.0,0.9815806005991728,26776.888021537536,2058.0719383610017,1,3,True,1.0
4711ef6e-5da8-0910-fac9-b0532eefc996,11.0,0.7839479743941223,31283.229419467432,2694.752391579187,2,1,True,1.0
ce4f74d3-2475-f88d-74ed-9e2c96e0f7b1,15.0,0.5797264672277722,25299.329743235256,4524.334162306252,0,1,False,1.0
be080582-206b-ed1e-449f-eb08e694bc59,52.0,0.4506526116674496,21314.09965506169,553.2428258392384,1,1,False,1.0
b313393e-7f17-ce33-d918-368c4be125a5,49.0,0.9607240249781628,21534.951712929826,441.5073610955344,3,1,True,1.0
bf7cb67d-fce8-fb04-d16e-a8a93b94fd2d,60.0,0.9131865581053424,23155.503187429116,60.24980783639276,3,1,False,1.0
0563d688-d2e9-57dc-43e4-d9c9b9fd780c,4.0,0.8997727973407598,23066.60576176461,3166.576168331512,4,3,False,1.0
6638e6f3-1a3a-3db9-e5e7-2e6d5a59f7dd,40.0,0.8640800375039337,25423.053364763968,571.4837155646177,0,2,True,1.0
cf2d744b-85cd-4a9b-033d-9895b3ce0067,15.0,0.870282137518418,38255.221964280056,8692.180247917624,0,2,True,1.0
39a739c4-5e1a-41bf-9d25-3488cae4f431,52.0,0.9389367224556672,28929.39546097121,1376.58524675291,2,0,False,1.0
59310c66-8eb4-7c32-ae22-bdf3b4462b01,27.0,0.4279815782142151,29677.055045970654,1888.4622414150497,0,2,False,1.0
4b900b93-bc20-293c-7dfd-57257ba56bb9,90.0,0.9987362620440936,23730.998114477672,0.0,4,1,True,1.0
3da3b036-4e8d-0c81-bc8e-81266d33fc88,90.0,0.9992837822222492,16891.725231742712,0.0,2,0,False,1.0
231942d4-bb62-fdef-62f1-beb4d4fb0f1d,90.0,0.330028463205714,34179.45977714991,0.0,2,0,False,1.0
d8c91eb1-c638-4ff5-cfe6-6f05a02dc946,9.0,0.6451323999552444,28272.04229987836,8659.10034754196,4,1,False,1.0
0c875c00-5fb2-d520-3645-b9a952de384d,90.0,0.8675913221832976,32229.71934208285,0.0,1,2,True,1.0
4d33dd3e-82d2-4349-e170-3666e044c9bc,54.0,0.9091204786138296,25134.730665038234,964.7556968973656,2,2,False,1.0
cfdf970d-809a-b004-4007-fad1b525edde,41.0,0.2848792991452191,35753.65466903483,2183.712850801779,2,2,False,1.0
bdf3b2a0-9c14-f2ec-2c95-ae4009a5180c,41.0,0.5647972953160878,32795.13353185103,1210.4508358932608,3,1,True,1.0
ae1017a9-8e63-d8c4-21c4-85a54ceb6a7f,21.0,0.9997313408803076,32284.496963241563,7381.645022499634,1,2,False,1.0
4e7b8fff-63bf-72aa-2eec-d081ff7d1402,90.0,0.950591816955724,24463.20459111765,0.0,2,0,False,1.0
829782e8-9bd2-800a-8fc6-6fcfa147426a,33.0,0.8257496385579618,22418.879562091795,1015.2688709386342,0,0,False,1.0
a8124767-50df-65c2-c2dd-7bf76a1aeba1,47.0,0.9963627262888456,22104.940013228595,1135.4281169393162,2,3,True,1.0
4b339bf3-8fd6-e278-c9a8-b07489a02c97,90.0,0.4687020502118268,30234.296099463318,0.0,0,2,False,1.0
fe85f3cf-54f2-fcdc-bd89-0b4c8c722aed,57.0,0.7866388005587074,23508.21108338064,219.65198955596983,0,3,True,1.0
96f8bafd-7a5d-e1f2-3213-ab1b5060102e,40.0,0.960557693592334,27432.234449724994,1969.8212165191933,1,3,False,1.0
c9509f0d-b4e5-b5e9-6386-f7182b47a8b0,26.0,0.3993177691719615,30813.949466171165,2937.0672321736115,1,1,True,1.0
0237ebce-9d36-8419-7654-12e1f73c3dc0,21.0,0.6604076636413205,39776.05486051026,6860.363502443003,0,1,False,1.0
07af3b28-5b24-8dea-b3ec-6e9e19123b44,9.0,0.7704862079596967,34823.880470394186,9760.979419293626,0,0,True,1.0
9f57e718-1f78-c396-6b38-b1247e934811,90.0,0.3064408484276665,25255.83278477955,0.0,0,0,False,1.0
83b65e7d-257f-ab0e-6eec-162108009d72,28.0,0.9872161814459116,20718.60944288668,2982.281683424868,0,0,True,1.0
ec2f339f-6ccf-7457-0139-86f0261faed4,52.0,0.5161073059351592,30474.4409547397,431.7813853051623,2,3,True,1.0
a88de0e9-dfca-6411-49cc-012425994cd6,42.0,0.768612517246782,36147.43890895143,4745.967671093621,4,3,False,1.0
4fc75df8-dcf5-1316-c8f6-79a4790b5aa1,90.0,0.3450032640296159,29348.918430770063,0.0,2,2,False,1.0
765f4808-8113-7370-42fe-f33850368f46,10.0,0.9842057679251088,21856.904523926896,3280.8883233026418,0,2,True,1.0
23c7f7ab-609f-8ca2-4a04-af5b59505f48,48.0,0.9537702664166416,21520.52161463153,459.86255423601534,0,0,False,1.0
71bee2ed-cbba-0644-9d88-209fe8818515,41.0,0.9739912856323212,22603.61272054487,1694.1292744418529,0,0,True,1.0
51501fa7-97bd-8345-d393-8e66508a849b,16.0,0.9742869108325508,23585.21359945388,1096.8811567276562,2,1,True,1.0
0c540f7d-85d6-32fa-3375-0fcbab2cdb12,35.0,0.4252120461745638,37050.47269501252,1830.530668073509,2,0,False,1.0
dae98188-9bd0-de1f-66c9-cc27d4881421,13.0,0.6085049718958115,26661.535627626417,4484.371473750166,2,3,True,1.0
b754f363-0642-0edb-e260-1bbc80eae072,90.0,0.5031883761182891,32912.11380616324,0.0,1,3,True,1.0
c9826fe3-32d7-1d37-7700-d34663e05834,25.0,0.9958452452277152,25253.141649517365,1540.3577642858777,0,3,False,1.0
0792370a-4d32-650e-eb93-7937174aa777,45.0,0.4934558301979051,26794.7437736965,1290.0565096263242,1,2,False,1.0
ae054a50-9e17-88e4-ceba-7d2a6c9cf9c6,27.0,0.6771231429563809,24247.775320552737,4921.263379015865,4,2,False,1.0
2078e31b-1439-d293-812e-6cec46e97d21,21.0,0.8909264848985365,29434.792796296835,4998.571548086201,1,0,True,1.0
a9bb1b8d-4f60-c1bc-5cc0-d58ab27b8f69,35.0,0.9860142484900328,34787.83776972181,6453.521582933441,1,3,True,1.0
4e199737-b6ef-635b-13ef-f7cba7777b6b,12.0,0.9768541948029772,29205.985599498763,4532.618024817647,3,3,True,1.0
ef93ed6e-86e1-b462-9a20-46e5e6c322dc,21.0,0.4688754972674823,29900.745146163103,5004.804015271443,2,3,True,1.0
aeb41a2f-c9ff-179f-cd15-d72f247fa310,22.0,0.7765250054808209,27971.183454369184,8615.252638989406,4,0,True,1.0
7190ec80-b5c0-79ef-869a-b3b7a46344d7,90.0,0.9672187550093488,26394.53653654615,0.0,3,3,False,1.0
79a74fe4-7ba0-ef62-8e29-a641747b3727,10.0,0.9990033592307064,13996.965636948862,4582.135097998759,0,2,True,1.0
da3d10fa-f2c4-6b17-982c-a8ff40fe1739,45.0,0.8617244243221204,22369.178629597514,667.0085615810608,0,3,False,1.0
439f2f60-7a4e-a374-e44e-daf67da64564,23.0,0.9090733930156883,35458.93771544886,5808.235231584092,0,0,True,1.0
1ed16dfa-1bcf-6dab-a840-4046d6e020bd,42.0,0.6422342420570177,30466.239131646824,1359.7114948453757,0,2,True,1.0
e5e0724d-873d-67c4-4ec3-e467c1cb57ad,21.0,0.7361955892499424,28092.252483751847,4700.065082129594,1,1,True,1.0
0c0dade3-afb6-dedc-3180-c20271524641,50.0,0.642101776000453,26898.52469053196,1084.3518058704783,1,1,True,1.0
395cb808-2e13-c099-da44-c4cc21c11e89,90.0,0.5667691412069237,25141.40977050934,0.0,0,1,False,1.0
04732040-13e3-97d0-8a93-2d07b4c58848,90.0,0.9893542584390034,24975.714267501957,0.0,0,1,False,1.0
ef5b9d56-41d1-6c86-9171-6dca6c2fe17b,13.0,0.5336789590234554,19053.13169884285,2932.912631555023,1,2,True,1.0
aec45629-3bce-5d3e-671d-b3da9a9cecc6,15.0,0.990842757748171,19840.57324011498,2810.520352713497,1,1,False,1.0
68f84c63-2f45-8a7c-cfe5-c4dd82c98724,12.0,0.7239787706631519,32966.71384896019,8963.024470471613,1,2,True,1.0
150f5a76-84a6-0465-3f52-52e1088c0950,17.0,0.9573439539514912,22763.8774018208,2863.161891332644,3,2,False,1.0
7f48610d-ba76-16ee-3f54-dd03a4a95def,5.0,0.9755959168185238,27580.28415119001,8573.777603327468,1,0,True,1.0
29d52fdd-8699-bd34-b996-312fd6ffa76b,90.0,0.7083605329589189,14002.961925340016,0.0,3,0,False,1.0
77a86792-ab67-7ce0-f3fa-be8a85f87824,38.0,0.9930718456954272,25970.516581210184,1950.1949756531549,2,1,True,1.0
c73d3ba6-7055-c70a-eaea-bf5875e3982c,90.0,0.9998043279187998,21236.30916729027,0.0,2,3,True,1.0
03885bad-35fb-a437-6cd3-f644ee7610fc,90.0,0.3522941662928104,31997.57794927221,0.0,0,0,True,1.0
909d050b-1ad9-9cf4-cc4a-f514a4117bc4,31.0,0.3306777067324175,31328.871934665098,5443.138748916658,1,3,False,1.0
381aba2d-1058-6752-1697-0169cfc89fc5,26.0,0.8638658454828049,41877.66077843665,5059.245505878266,3,1,True,1.0
d30de3e5-85ae-4535-be7a-edcbded8f51d,29.0,0.6808519825497447,12351.98346425351,1290.6650192195266,1,1,True,1.0
55325224-04cc-c8b4-de36-47856c7b5f96,51.0,0.7542327951018764,29497.138613039613,509.33952789051233,2,3,True,1.0
63f1d8f1-13d5-d7a3-1abf-d2cfc6b0e0ae,13.0,0.8648715649625593,17591.115180095047,2667.078320489228,4,0,True,1.0
d36c99c5-14ee-8fba-7d9b-ccbc8e53c5b5,90.0,0.8471408731195597,30286.01869068506,0.0,3,3,False,1.0
68a0dac1-3b3c-1d16-0614-2fbe2cc9dbb2,56.0,0.9201302956648624,17833.362077984224,255.46549815924644,1,0,False,1.0
ba3f1c6a-895e-f07d-7c93-2c9af8925e51,15.0,0.4278835309785161,36273.0930638506,7333.428808541184,1,2,True,1.0
87ef6a5c-575a-8735-1e7d-3110a7fb0a48,90.0,0.3114058788841433,22668.378254001567,0.0,0,2,True,1.0
9cf0f6a5-f39b-2eb9-22fa-877a903870cc,9.0,0.7541857989957128,28831.65553405151,3324.474494787876,1,1,False,1.0
602ea004-d39d-7b4d-2567-c2daea3408f6,40.0,0.9433514765497284,23929.377393007133,1537.7109488520032,1,0,True,1.0
cde95e2e-040f-ea44-7a59-b9dccf76f9af,38.0,0.5574457248260503,26739.931456361188,1024.6351962944418,2,2,True,1.0
4e55feb6-eb6d-9657-fcd4-a147f28f5911,90.0,0.8840444959422511,12234.254821087874,0.0,1,1,False,1.0
35fc2bdd-40c5-a957-c8d9-4a9679a4c9d4,90.0,0.8879311005569426,17320.11583693926,0.0,0,0,True,1.0
fa283a24-5025-7f25-101d-9de6cde64e33,24.0,0.8280198389431155,32569.33117896442,4428.6978361434685,3,3,False,1.0
22f98a8b-7048-0a62-844e-07f26e9cdbff,90.0,0.3977706656616535,21342.358415995943,0.0,0,2,True,1.0
39040eca-dc16-ca92-e249-e9f602b51c5b,9.0,0.7029661849724785,35145.73206817682,7069.940088542112,1,1,True,1.0
a98eba39-cd7e-f3b9-a263-c6cc10e11e40,34.0,0.7993705857850752,37909.651788099305,2927.6024207572627,1,1,True,1.0
8eb5b79b-a90e-4f23-50bd-1fef1a08e56e,47.0,0.8687014497709867,25347.25021373765,586.8967176135851,4,0,True,1.0
865f1520-044c-e932-826d-bc8dea839c42,14.0,0.8521501502144551,32560.27455412225,6778.3950791600455,0,2,True,1.0
c3119188-349d-5744-08a4-888156ed0ffd,15.0,0.9633531201954766,29943.20021393169,3595.7763352836896,4,0,False,1.0
eb995034-478e-814d-239d-9d460ee1801f,90.0,0.3612591555246107,25203.18413757307,0.0,0,2,False,1.0
017b7b28-4cd1-57ee-d2b3-9643e70a02ea,11.0,0.3367368711329432,34716.197654723575,9799.110283668457,1,2,True,1.0
9a449c8d-b9b2-9514-432e-8ca74d13c447,22.0,0.9070848255378506,26149.58244786396,5014.587884619977,2,1,False,1.0
027f1bf3-039c-4ba9-0af6-25a3fe6372be,50.0,0.4337283688502456,21606.616440466616,674.8278878116084,2,1,False,1.0
35731bfe-d0f4-c473-c3e2-e6ecc0b39208,90.0,0.916984037829593,22577.907213241942,0.0,1,0,True,1.0
518daa0e-1c39-f649-843d-658743471f9e,90.0,0.9321335831891056,19439.680863222333,0.0,3,2,False,1.0
e9620c41-fdad-6d3b-b02e-410e273c6d17,32.0,0.8599935488450872,32588.710194896565,5637.010199275307,0,0,True,1.0
6cb8f2f6-794f-8ab7-ef7d-2736f9b4c12a,49.0,0.7935665307440839,26057.884352420115,1172.7002620672838,0,3,True,1.0
b299c8cb-34af-0e32-93fe-fb364af2eb63,8.0,0.3194166934185266,35163.03662594724,12183.22514297187,0,1,True,1.0
a79bda50-1d90-39d9-31ab-4651fa8b1154,36.0,0.5407658083619309,14428.954274753154,2414.1073559890056,4,0,True,1.0
0d03357a-f9e9-b4dc-e6ce-04a24f95ff18,17.0,0.921806705498245,33850.23714307729,3874.430673541771,1,2,True,1.0
58ac64fc-3808-0f16-3dd3-3d35d7cb6ed0,11.0,0.8596446895485396,17951.36116959076,1833.1687332377803,0,2,True,1.0
e75441d2-2cc1-76f2-1258-1be59bf320e4,34.0,0.9224241475972942,24231.012245383616,2641.2707719491964,4,0,True,1.0
e5b16791-24da-c21f-b3ab-b1fc27887464,90.0,0.7037438125468499,18575.04958281886,0.0,0,0,True,1.0
f7d7cf5c-e16c-f2fa-e63d-eab26226ad95,4.0,0.2964146329638285,26572.939557592017,6257.099059271157,0,2,True,1.0
434271c6-16f7-919b-0229-e11d2a10939d,7.0,0.4649607778435978,24392.687235279034,3940.445307053909,2,3,True,1.0
08582e69-3e5a-6a13-99da-461fb2b784f9,54.0,0.8492271276984695,19578.764696606544,472.6794744987791,1,0,True,1.0
cc647b86-73c4-ec77-8431-e7d354cb6040,90.0,0.8469850370310054,30436.47754457454,0.0,0,0,False,1.0
8fcd05d6-d001-f86e-7d3b-5440b61e7294,12.0,0.6976953475732602,32975.775609371354,6311.875344092988,4,1,True,1.0
b3a58f32-159e-ae1d-7d5a-e6841191de97,34.0,0.4633120348714716,32075.048580224004,5388.399113565228,3,1,False,1.0
cc76d65a-641b-1b24-3ebb-14f44be78d41,90.0,0.8826772044899153,27817.068886823545,0.0,0,1,False,1.0
f4b48d8d-b8b8-8014-b227-14dcb825f0bf,16.0,0.9997617134436612,18682.57026593797,6837.360032505411,2,3,False,1.0
3c60ebbe-15e1-f41c-cf6a-d733a5de524c,49.0,0.6349467632907113,30404.278605981337,1402.065656500601,4,3,False,1.0
0bbd77e4-88fd-ea84-4745-b0160cf603ff,44.0,0.9975288217847916,12747.58750935178,586.9842606705328,4,1,False,1.0
b99b7fc6-0ae5-51d8-4932-88f9ed381dc7,32.0,0.9504552954707804,23382.41424654323,5292.676999379577,2,0,False,1.0
e71f113c-fcf7-4dd0-2a84-7de38d945212,90.0,0.96773855494062,27289.885198469936,0.0,1,3,True,1.0
5cffb953-9861-501f-d7cc-b4a563e2773c,90.0,0.9595112779085638,29962.977037688062,0.0,4,3,True,1.0
9bfafb52-34a8-bdd8-7ee4-48e20e37c9db,6.0,0.8679144109140358,34538.354216926295,13841.830749125242,2,3,True,1.0
826f2980-f1ac-eaf9-1960-cccfcf16f97e,24.0,0.960797932251114,21881.23794410589,2050.203743920148,1,3,True,1.0
84f5eda7-7acc-cc35-6f24-006047bf93ed,15.0,0.6009250569915529,19821.21086977321,4155.089542767904,0,3,False,1.0
43fdfcc6-113a-ba30-3085-17a2473d0671,29.0,0.7868807585285171,24958.744865243385,3768.4958483808136,0,0,True,1.0
5bb298ee-70b0-7c96-d15b-35287a2e2c35,90.0,0.9664161027953456,33982.70008035989,0.0,3,3,False,1.0
53c045e7-6b7e-1331-e21f-dc34c4042cc2,35.0,0.80742907224121,31339.91227397752,1626.2425576662697,4,2,False,1.0
5ea65c37-df63-8537-bd89-952f6601f801,55.0,0.9473662964111071,25047.525707700937,656.8381194220358,4,3,True,1.0
1ac2c078-15b7-a173-4e02-0ec902e7fb9b,27.0,0.9999745681131704,22093.28893552992,5605.500275072545,0,3,True,1.0
724c57b3-30a8-6a06-5413-0ace71705392,43.0,0.9969105946340404,39463.02011510381,1961.2415516670264,2,0,False,1.0
08eae365-cc2c-02f8-8b1e-1fdd6418b106,34.0,0.99822090028071,22558.57756791296,1850.575593742223,1,3,True,1.0
06b09f1b-0d3c-ad4e-a568-8afcb99df579,56.0,0.8737351686239204,25060.273091896037,574.8928610236642,4,0,True,1.0
a76046df-6c98-267a-aae7-a07c01da6b07,90.0,0.9932223102347332,19404.835235331564,0.0,0,0,False,1.0
ca1e9146-13a9-eb2b-e46c-28f8f940488d,34.0,0.7654025515875394,24887.09298347701,1027.9867968903354,0,1,False,1.0
64fd8b7b-c696-992b-4f62-c7e773d3f69c,53.0,0.3965266096803901,30290.262536224443,553.4165946760318,0,0,False,1.0
000feca4-7341-1abe-b764-0499c1d66a3c,32.0,0.7742857291731641,33022.55046739744,6498.186949475607,2,2,False,1.0
9e031171-cb06-e08f-ec73-7a58bffbf154,8.0,0.5064839072943633,28806.14758672708,5628.207174339967,2,3,False,1.0
db32d9ef-2a4c-c5fd-a076-20dc052079e5,90.0,0.6282581021732551,27285.096879447225,0.0,0,1,True,1.0
93081d52-2aea-7f02-8709-0f3238e4c477,27.0,0.5681080423482144,20681.391229642628,1885.6635236011357,0,1,True,1.0
83ca916e-ea94-7ce3-0084-34a0bb8e2035,35.0,0.9953065395090392,30461.160184217784,2235.918835353527,1,0,False,1.0
72c1c87a-9dca-a038-07ac-ebc4149b14b6,40.0,0.7822439812211573,26589.13861047846,4914.246276163564,0,0,True,1.0
92952726-1ff6-e595-31d9-f266cae76b16,90.0,0.7546035010354571,24681.77426842585,0.0,0,1,False,1.0
98bcd36b-34dd-3a26-e2f3-aa59bfe5d3dd,90.0,0.6791858126949395,22600.056907226397,0.0,0,2,True,1.0
0ef9dacd-1144-6bcf-63a4-ad9657c112ec,30.0,0.9388655585719232,26809.530826795384,4078.547010823072,1,1,True,1.0
9e0f22ce-fd00-a451-9f71-b9494e3b131e,90.0,0.9863645416741044,31215.24038522283,0.0,1,2,True,1.0
2ffc638f-159e-f2fc-31a3-82853ff89d2b,39.0,0.2889378226115138,20560.889238830587,1937.8103633208748,1,0,True,1.0
12cd3278-eef9-48df-b118-9d05e949df15,50.0,0.9932044679225454,27884.812526468995,1272.0388793590655,1,3,True,1.0
7c93859a-b161-7a15-c2bf-e68de1480cf6,11.0,0.3608690937135816,29044.33700143718,2161.7008206836213,2,0,False,1.0
012c0139-829e-95d8-6034-72637d3ed801,32.0,0.980086167754904,33074.62510036927,3439.932440417652,2,1,True,1.0
bfa90528-d0ff-2721-077d-ba06ac26d1ad,90.0,0.6676033086221912,22348.960335454925,0.0,0,1,True,1.0
ba4d99bf-c13e-f3a8-6fdc-bce620dd7a1e,14.0,0.6968269275065798,31320.64970180311,3509.386055594461,2,3,True,1.0
62ce9c39-060f-14a0-7c38-e21379c7f18c,55.0,0.9684178698584802,23782.109991936846,485.1575559738723,2,2,True,1.0
ca7ff3de-0ba4-d80f-1094-5f45663e9afd,90.0,0.5846546163316111,30460.12159566588,0.0,4,3,False,1.0
6db6b206-6a37-3afa-0287-bf36ad00f309,46.0,0.9963922270423664,31790.96627223165,1789.7038091135155,1,3,False,1.0
4b832d8a-d3ca-ba70-937c-2e7547e9fa5b,57.0,0.8459042183072647,22224.566837156457,317.4284171117116,0,1,True,1.0
dafce924-59ef-730e-c4fe-82be564d31f9,37.0,0.4333328204502023,18061.181771071664,2199.0741904672523,0,0,True,1.0
9296b59a-99ff-72b4-0998-c546a524b752,4.0,0.9901036142279092,21157.18031706406,3327.998135822756,0,1,True,1.0
2e1d4d15-cdb6-4753-e3b8-16575c2a3d5d,32.0,0.5207314221502862,20413.72418758836,1374.6671255064737,2,1,True,1.0
57d79260-c2ab-5f76-95d5-28cf54cdfd39,46.0,0.4385613781390939,25737.164637689675,684.8667717626118,1,2,True,1.0
d6e3b885-b2bc-6ae3-2008-d50758e38ba3,22.0,0.3513282860138187,31297.31230788317,3040.0518381644265,3,0,False,1.0
76739de9-2268-13bd-9407-dc774bdcb953,35.0,0.6422478609157505,24123.844028097938,3541.961781456551,1,1,True,1.0
be371a1b-b946-f966-00b7-eaf7e9e9cee7,90.0,0.3034868008582413,31342.82439268509,0.0,1,0,True,1.0
b87930f4-b5ee-6458-50e1-50af6adc7e26,46.0,0.9966209007466184,24083.13682363008,1950.740497627098,0,3,True,1.0
38a02da0-a297-390c-89e1-34f2eff5404c,90.0,0.833709216106122,20913.972908544456,0.0,3,3,False,1.0
88ccb8ec-be92-96f8-87cb-e134b4dfba58,60.0,0.8346497959194507,30182.31374141089,0.0,0,2,False,1.0
11dd1b09-208c-b7ce-a6b8-7d845ffdd04a,33.0,0.6607544430941352,26304.62590018823,3136.088772178487,2,3,False,1.0
73451f8e-bcd0-ac48-4d21-1327f14a2889,55.0,0.5138693966770771,16880.773534667558,167.86302506921072,4,0,True,1.0
ad5e2a29-7c51-efd9-7aa5-70653cb9c231,90.0,0.6353822250050409,18645.10674862763,0.0,0,0,True,1.0
bfb33dcb-3570-2532-5d9a-49c27238fe51,34.0,0.8660713782844284,27892.51846353732,1651.8315807397837,0,2,False,1.0
647771b0-33f3-886c-6ec1-958a614e6fd8,14.0,0.7036385184257841,23158.6372468663,1065.9971812893764,3,3,True,1.0
0cda5b61-38a3-e1ff-ca53-41bdf1b97a85,12.0,0.903626949061188,40149.896289371645,8299.01628608218,0,1,True,1.0
76d6d45b-d6d3-43a5-6bbe-591f232164fe,13.0,0.995555965873798,31827.219889457785,4631.7704148941,0,1,False,1.0
ca4aae28-b829-7258-d55d-b12c3ce2d4be,51.0,0.9897367033905682,37364.842300577046,876.8108380688423,1,0,False,1.0
ac730df5-a00e-e22a-695a-86f239d8d35f,90.0,0.8996463212326673,27064.93061632804,0.0,0,0,True,1.0
6d586aaa-8b9c-44f2-20c7-67e91f70eb88,16.0,0.9349249109088338,23250.641530622124,2123.694758487716,0,2,True,1.0
55796290-cbf4-46f1-f3b5-e4265f602ed6,90.0,0.5684940289549963,24149.472765769144,0.0,2,1,True,1.0
949dfb4d-91f2-ff84-5123-dd26bf3d30a7,90.0,0.8243146308486697,27207.973945207785,0.0,1,2,False,1.0
507a38d5-24d0-199c-d48d-53bfa2ad4d93,43.0,0.9347584199957738,19482.403428229565,1026.7708811938237,0,2,False,1.0
9f989295-1c6c-240c-dea8-c989a065f24b,90.0,0.8486009450645902,18422.03698137217,0.0,1,2,False,1.0
df3982e4-859b-4a48-4afe-912fb015688e,39.0,0.9997502918403904,24668.9089418478,2072.8186332099867,1,3,True,1.0
d3e5cc4d-75e9-3694-e341-6691ca563162,46.0,0.3614782789485967,26192.527177366264,2127.153454441337,0,0,True,1.0
46cf83bd-4fd4-7aff-a5d8-8fc7d484009f,90.0,0.6372747813644638,28037.06416263572,0.0,1,3,True,1.0
ceb9ef5a-b318-642a-2e1f-459e042024ae,56.0,0.9988204074043472,30484.036960592646,469.9886218202664,3,1,True,1.0
dd96e731-78e7-e4a2-3682-43a2c8814114,56.0,0.8815473660490307,29186.39836732953,659.6714345721111,0,3,False,1.0
e4977c6b-baff-49e2-bcb5-2136b9c0f9c2,10.0,0.5245982758534391,29027.700742400648,5014.875519537472,1,0,False,1.0
9da61a25-5e4f-afff-5416-e5095199c48e,90.0,0.8208530816982369,26998.045833591896,0.0,1,0,True,1.0
09c48ee9-7a38-410b-bfe9-570cb275722d,20.0,0.9497689642775016,31615.156205339943,2309.5898919661918,0,0,True,1.0
9ffb8966-ab3d-1d29-20f6-44f6763402fd,7.0,0.327767540253681,14660.598572257995,3578.8104240513176,4,1,True,1.0
5d495b52-c4ec-76b1-8968-33ffe177f447,6.0,0.8768710814631046,31692.119549332157,5131.121382365851,2,3,False,1.0
bb49cc99-0362-ad6d-0e65-f5e829c43f12,41.0,0.3153114840055699,27323.04585443469,1122.8534086856926,0,1,True,1.0
7437bc7c-e6c4-d0d3-21fa-2b00ebf3f345,90.0,0.330612136859135,22232.191866497596,0.0,1,1,True,1.0
805583ca-c694-8ed0-f803-5b1b6f6d25e3,38.0,0.3355456235680208,20002.448604183774,1950.2401937623013,2,0,True,1.0
26e42a41-9fdd-2980-2642-b2fe25cfbb50,90.0,0.9642716349339104,22040.10867026008,0.0,0,3,True,1.0
0d8b58be-7342-0991-cd09-a8f0b319bfe7,22.0,0.6427226206757589,23955.30564745525,1368.6036338253623,1,3,True,1.0
12790439-7a9e-35bf-52be-78f6bd2dc42e,90.0,0.8614643779309452,30989.69880894965,0.0,4,3,True,1.0
ee1cf90a-ce93-d595-2636-cdf622710bb7,22.0,0.8537974648622961,18327.83711134728,1836.5485392800636,1,1,True,1.0
812b8423-b335-4b13-c903-7fc4d69395ce,21.0,0.4966118096040792,26124.57417245185,4119.777548259393,0,3,True,1.0
fdaf718d-7104-2b94-b4eb-482460e32f63,14.0,0.9430286028942148,29345.784266676787,3096.0826948815543,3,3,True,1.0
ddc1ead6-0224-bce2-b7cb-b94989491685,25.0,0.3088456010663382,30522.3799830338,2864.044528358449,0,3,False,1.0
47645d2e-7c40-173d-1e5b-9242e4b80155,90.0,0.9954291876986612,31530.59769225577,0.0,1,2,False,1.0
361e13c4-25d0-5a21-f930-b64e0386190b,22.0,0.7480110924005308,34599.33574198617,2188.784927878504,1,2,False,1.0
8321fcab-46e7-53c2-f7df-a0f2fd758301,37.0,0.6305657083757273,23004.432829537443,2621.509999904882,3,0,True,1.0
d00f7750-f11a-34f2-1f50-b76810f4acac,43.0,0.2913182479067213,32448.415301371308,3531.812780214469,1,1,True,1.0
407d4061-3372-bb9f-fd99-cd303bde2d71,42.0,0.9960234695210568,25125.49710908966,639.1239539196755,1,0,True,1.0
f428ee0b-fff3-e869-835a-c88863dac93d,22.0,0.9752575577863444,24253.684683887004,4155.01192350858,2,2,True,1.0
41e60224-00f7-2885-5b09-6c200db886fd,16.0,0.3276338274111771,34815.46544364172,8350.242197636988,0,1,False,1.0
636df9af-e61b-b8b0-e674-88d6055b0b64,5.0,0.7167555626090734,27303.241713366955,6153.04583128192,1,3,True,1.0
25d80a75-a812-ee6c-ce9a-1c24e284edd7,90.0,0.9354086242768598,32419.832414794266,0.0,0,3,False,1.0
d449b368-4ad8-22db-3c61-2341c197b73f,34.0,0.7394369963552352,17105.064361303343,3995.413996957481,2,2,True,1.0
771e8742-dcd0-5c8b-2c58-a4bc5bc46985,5.0,0.8242918256200535,36086.79865341047,5244.801426717902,0,3,False,1.0
fc37cb15-b34f-7090-a82f-5475b4fb70b4,90.0,0.8303638725781151,20710.76153477468,0.0,1,3,True,1.0
5cf1756d-765c-36d5-be95-d39299e46e86,3.0,0.7183966581128494,27229.985388913803,6407.311193259122,0,2,False,1.0
7b6c62ae-6607-ec01-911d-c2bc9b9b8f6e,32.0,0.5613172401264599,19693.33354489548,783.9660395893092,0,1,True,1.0
345c94aa-b14a-a937-5af4-6f159f0a74b0,36.0,0.9773376871562338,26480.6080724974,2664.943701006086,1,0,True,1.0
315f5d37-2e29-a5d4-0f14-0eddce007b0f,90.0,0.9743739045098688,13691.595913666108,0.0,3,2,True,1.0
2f2be796-3f67-1d6e-a6b6-99a51771d12c,27.0,0.975279222230815,25610.764759189493,2291.262281577827,0,2,True,1.0
659cc578-82d1-244d-86a3-e62855c7dc07,4.0,0.369650138556649,36769.30017461402,8359.09477959079,0,2,True,1.0
4592863b-3efe-bcbf-3792-0aefb977ff1f,90.0,0.9719407869404568,14303.977806816269,0.0,2,1,True,1.0
2e641c4b-8330-be0e-af6e-bb7192ea75c3,22.0,0.8388100078504275,16995.81962515109,1559.563134363506,0,2,False,1.0
86939848-8b4e-fd7e-e6a3-1048cb090412,90.0,0.4746766140853169,25517.61128404394,0.0,1,1,False,1.0
414e31b6-b136-54ac-6f45-66fd45860f39,6.0,0.9871552915512898,27191.155203621725,8704.699659356143,0,0,True,1.0
374d686b-9851-21ba-ab52-dac4c51a3787,34.0,0.9719051904816792,26143.20143575208,3364.8640645693604,2,3,True,1.0
5723e659-39b0-2423-c8be-1bbff90f11c3,9.0,0.4724025917622235,22459.81138051535,3118.33387987736,1,1,True,1.0
0e1f774e-ec92-94ff-ec9a-f47e872498b4,29.0,0.565660591738185,27272.94319958354,2219.568259056132,0,1,True,1.0
b08b21e8-7c34-7ede-ea72-ca43d3bbc592,90.0,0.6974329786735908,25513.156080743607,0.0,1,0,True,1.0
c71dd095-6e59-bbe5-d72a-ea6e1bccaeee,90.0,0.7562083455220054,18687.805150662643,0.0,1,0,False,1.0
8173caf9-486e-feef-5b53-4a108316e27f,47.0,0.7419992003630084,34886.057404992825,1642.5219511229193,1,2,False,1.0
8ffb0e08-d8f3-5556-8ef2-55f143dbf374,37.0,0.7210375388098867,26665.612625730173,3181.716920992436,1,0,True,1.0
c029eb65-73ff-8945-1530-453c2b4512eb,3.0,0.9728623526432556,24499.051212600123,5042.328416605767,2,1,False,1.0
6ed709f9-7853-1a52-d1e7-2c0e4effeb79,56.0,0.9057842269771278,17178.435993693172,124.30982367366744,3,3,True,1.0
069df02e-739f-d222-b3c5-3c25b1818162,33.0,0.6706241315998013,18401.55757288797,2566.080144570068,1,2,True,1.0
bdf73944-99fc-63c0-aea7-f89954249462,23.0,0.9973695042502564,38500.5337313843,1887.0420918075288,1,0,True,1.0
6100df28-6a21-2f38-2fea-8f8ae8457156,10.0,0.4290120526572736,34265.60833148733,5960.144640995381,0,3,False,1.0
c82ea05d-1d80-a43b-f413-190022d40614,56.0,0.7113285038459051,34532.777359980486,1108.8766490058074,0,0,True,1.0
26f2313e-ee73-c025-3e8c-5d4e9dee2ddb,90.0,0.8753260527650287,18884.49636445909,107.65163530073636,4,2,True,1.0
9d5bc1d9-2a2c-13d3-713e-6235a3628e52,27.0,0.5519256282219758,29781.784215722924,3724.1414755413352,1,3,False,1.0
1b64e9c6-b68f-52d7-39c8-c3bc03d20c40,42.0,0.6075672776817603,16082.62320509101,1305.168651758804,1,3,True,1.0
9d1abefc-db5a-4890-7fed-30e5ac95d37b,22.0,0.9452762914258708,33060.43342975082,3575.2295715017963,0,0,False,1.0
cfe5ce23-18cc-8fed-ef6b-14df007e835e,90.0,0.8514128463227684,29492.725421790263,0.0,0,3,True,1.0
12457938-f714-118f-96ff-bb18e4687128,51.0,0.8154147617399738,18678.729880751373,1124.044077046706,3,1,False,1.0
e2b59f01-4464-2db5-76e1-79eb5e12f120,28.0,0.6948927312583768,31032.14341388979,4600.224409221008,2,3,False,1.0
b35a1dfb-b3b7-dbfc-9f62-64359a194ea4,58.0,0.921930573400606,31501.94650719632,214.94347811144684,2,3,True,1.0
ba367de7-ee97-9985-64c1-8cb16ce66948,28.0,0.6372443822895961,18747.591305943588,3943.381259106689,3,2,True,1.0
345d830f-9bc9-7359-61bb-3d0cb842d036,15.0,0.6746725631341157,28402.559021609923,9027.473221081096,3,0,True,1.0
bf780835-3f3c-1956-36a6-24c741933fd0,32.0,0.5464499594056921,33316.7541235685,2106.870988215228,4,3,False,1.0
a42bbac1-fd72-0418-0987-64343dc20100,90.0,0.5609867669092826,24194.43768857332,0.0,0,3,True,1.0
5b754278-e664-efcf-5d72-241d2f2ea8b5,14.0,0.3899454837743946,27170.73278296161,3551.7937139970845,1,2,False,1.0
cb2c0fc2-f17d-57c1-da46-c9b337a930e3,8.0,0.2904418284189974,18402.76666023585,3817.583408606062,2,3,True,1.0
254875b1-e880-c1f6-231e-03f9d72aaf41,20.0,0.8111855584394848,19456.3909533115,4015.134650933264,0,1,True,1.0
9b160c2c-277b-2192-8128-84564c26dd5f,28.0,0.9928542784163942,24162.06159872364,1787.2541655463867,2,0,True,1.0
cb988eeb-4460-180a-7906-23362ef52b6b,12.0,0.9125531134079204,24592.889157873127,2574.43571236608,2,3,False,1.0
d1dc770f-731e-c172-a581-222f4ff9542d,56.0,0.763326623387266,30659.30719984845,404.21495889364047,1,2,False,1.0
bbe37f06-503a-0aa4-d6b1-00d47077f74c,30.0,0.6983880264802123,31155.36641255301,3336.5069206496582,1,3,True,1.0
d05c3ace-46ce-9d41-6968-68aa563b315a,90.0,0.8911439572293263,15174.970711400858,0.0,2,1,True,1.0
4ddf3ca8-96d7-1be6-73fc-6b306be1c5bf,42.0,0.6192901300305622,26126.002584244787,2521.001148738642,1,3,True,1.0
a766c3cd-5bea-1210-1c12-ca62f0373d7f,57.0,0.9448321395510532,31264.75637221827,360.8585681859186,0,2,True,1.0
8fc0607a-7651-19c6-3e1b-7e62cacf6e27,30.0,0.6115161105540932,24793.415804879816,3857.713788095503,2,1,True,1.0
9267130f-c543-c54d-07ca-157ebb33bcaa,18.0,0.9362419246787096,32470.348738865625,6076.720674904275,2,3,True,1.0
cd5b49d3-8efa-2cc9-aac0-26fbcb7968fc,5.0,0.9667987237315708,26096.015015381294,5123.745024577402,1,3,True,1.0
fe67e985-9ec4-e3b8-1df8-f309433d274b,41.0,0.6379498802345056,33976.595275890344,2478.451200393467,2,2,True,1.0
356dc730-cbf5-18ff-d04c-2e6470bb7ac7,5.0,0.3315923467578085,35213.05649122677,5138.675880972641,4,1,True,1.0
1d9a376c-3d5f-df04-15a4-5a935aa21c30,23.0,0.964235578760844,35003.9503986848,6956.104196943842,0,3,True,1.0
eeb1a173-b784-e4b3-cdba-c0867b4f9dbd,39.0,0.6650216109566496,21778.926591936102,3165.7293771622417,1,1,True,1.0
25b77396-a6ab-12c8-8ed1-bad28e7d9d81,43.0,0.4611523563862328,22400.250028960265,716.3817049302615,1,2,False,1.0
ff5a4bac-7673-3607-852d-5f6f1d46f8db,58.0,0.55619568902936,34720.10496624141,50.615098006219206,2,2,False,1.0
6e2fafdd-f2d8-7cbf-543e-aead87c543d1,90.0,0.9667373148585482,34925.87189609695,0.0,1,1,True,1.0
9a9741ab-07a7-e4f1-196f-4027399c0635,90.0,0.9999195537778862,9983.621456782115,0.0,2,3,True,1.0
921801df-d576-1494-991d-4d8bd8c178a9,10.0,0.8518127158094753,19823.114808615253,3661.731598393521,2,2,False,1.0
fb4cf507-5a82-7b9d-ce91-8bc6a03fc054,90.0,0.9065731704166904,27812.83886490145,0.0,1,1,False,1.0
c76185c3-6332-817a-24cd-e47e3dd83f3d,90.0,0.9318709060586604,27148.50258321684,0.0,2,1,True,1.0
6b726b4d-6852-ff14-df47-c0a9f80dbb31,20.0,0.3512236294842322,37013.969808468144,5831.271553282691,1,3,True,1.0
2a23461c-0177-9b1b-6415-5aabcd5476ed,27.0,0.998401228684673,16139.579086700356,2486.211145731916,4,0,True,1.0
a0d69c01-3098-1d23-e459-5dcf1de57c00,56.0,0.5405587509438334,26618.457725536067,908.2446379542724,4,2,True,1.0
74f85dc9-e922-0a07-447a-fcd5293fb0cf,26.0,0.3411800950154803,20059.02467432008,2450.683150510299,0,2,False,1.0
d2fc7994-15b0-bc7a-9883-ba5279505055,44.0,0.2996672455492578,19119.2211333056,964.918526540029,3,2,False,1.0
309e0a93-78e2-bc7f-25bf-82cc82f952c2,29.0,0.4696491039304316,23337.46030814776,5643.982881629702,0,3,True,1.0
81a11636-934f-226b-af88-39fb4492b2e4,55.0,0.4821855245294428,30409.47840447432,883.4965074044353,0,3,True,1.0
d9dba1d7-85bc-0303-4b1c-e9ec98e527dc,9.0,0.585417270446766,31528.26487997861,4758.47413098745,0,2,True,1.0
91943cfa-ef1c-dfcd-2191-eefcfe681141,45.0,0.7539649316524555,19099.79976974544,1351.552816179017,2,0,True,1.0
a4991f32-872b-66e3-4599-56f87cedbfd7,90.0,0.721417885553669,21998.45152901192,0.0,0,1,False,1.0
f9fd7fd1-fc63-13b2-b8d8-be5f7e480946,90.0,0.9445894778069566,36739.43897133507,0.0,2,2,False,1.0
23c99493-0f23-6645-060c-634619b1f468,55.0,0.6099465830018955,28243.47265972238,1193.757409562559,2,1,True,1.0
2a5835e9-8950-8188-4d09-2449845621dc,48.0,0.9085716280112276,25493.63456837246,1121.3186017784672,3,3,False,1.0
f74a53e5-7dd5-50e9-3994-d2a75d50fc8e,56.0,0.9346696353245608,30384.834985407146,1043.7098464846872,0,2,False,1.0
624403b9-1ead-a42f-5e0f-ae758db10642,37.0,0.977222605404948,16815.18294167178,1744.684647053287,2,1,True,1.0
b5ec1972-f868-092c-fee8-1526b39045f4,46.0,0.826695253851697,26213.20976451277,1409.3474726227682,1,0,True,1.0
e76e018d-677b-f84f-5a3a-005a8a213de2,7.0,0.4990856087780561,22273.74870448492,3346.182088096222,0,3,True,1.0
bb3fda05-7d1e-0f31-3976-5144864eb8a9,46.0,0.9882799566268872,21743.6924616445,2163.972931546632,2,0,False,1.0
47cb99c4-c09e-fc0f-6c7b-2dd092a44d4b,90.0,0.99999107753152,29825.59996629279,0.0,0,1,True,1.0
8b58e283-40dd-5d13-779f-8be7688e3037,24.0,0.7108159856703912,25042.698795207853,811.6037353053698,0,1,False,1.0
8f3c6a6f-ffe8-d550-902f-dcef3786df45,7.0,0.9127310287592836,25184.48656628905,1142.3247868616102,2,1,False,1.0
a5d4c36d-7b4d-fa35-63e5-53c902974c1a,7.0,0.7565780909432199,38847.46416666321,12889.382471737688,0,1,True,1.0
e243a712-d75c-9a4c-4e6b-e59b081659a8,53.0,0.8432121942941276,29916.145173116514,2573.301307927141,4,2,False,1.0
f8100501-ffab-229f-9e16-90e830ce0fce,16.0,0.8004231470577933,30079.223661854205,6114.185931056501,0,3,True,1.0
7e095725-a09d-dde5-5f40-380557b3f1bc,90.0,0.4674244431644808,26917.50801072097,0.0,1,0,False,1.0
2b85f0c1-de20-9409-06dd-221fd4839aa6,50.0,0.6426213727589961,39442.24040169892,218.4249708109744,3,3,False,1.0
5bd23d45-1789-0b62-cd9d-249431d1690c,90.0,0.8271006595278393,23049.938866015626,0.0,0,1,False,1.0
bd98aee6-d185-57e5-423b-6a26cc7657fe,6.0,0.9967620685442868,21749.17694712728,3947.199787646375,3,2,False,1.0
cc1f5e12-5da7-3063-4520-e5543e02f531,54.0,0.8101015652176004,20643.176279290357,539.5383456082166,0,1,True,1.0
35ab3b5e-8365-670c-018d-dbee8a3c79ef,43.0,0.3611590292365006,33930.791891056884,814.2023216709441,0,2,False,1.0
0d1e281c-b724-f7cf-efcb-3971c8cf3cd1,9.0,0.6225771276239671,35498.038112806826,16223.012046808784,1,3,True,1.0
518ff775-ebc3-8c1d-6abe-6921ae080837,19.0,0.7953677838430402,24275.27446986633,2971.1694139180936,0,2,True,1.0
3912de87-4e9f-58ce-1136-75bae8c9e46c,27.0,0.4793695853622954,32230.237635068584,5469.755082991484,2,3,True,1.0
6b002086-464f-85c5-cd1f-6a78904ce2e5,9.0,0.9505621587579052,27862.036665689036,5179.168688409173,3,3,True,1.0
1149663e-9f55-eb1a-5c83-a974a26529cd,90.0,0.7944142399986706,27110.452606256476,0.0,0,3,False,1.0
c9892191-da0c-3ccb-8592-3473f888e5f3,6.0,0.757134990744577,26833.62001044162,3815.5757030553664,1,3,True,1.0
eb71386c-8c6a-818c-15bf-1bba869d2083,15.0,0.3514033826745557,24129.81389491747,5466.63773927596,1,2,True,1.0
3f9e57b9-e614-f592-5d6d-657588f7d096,50.0,0.7242089885287747,29936.225126478035,1046.4009856109976,3,0,True,1.0
98f65ebc-0478-c10b-78cc-eaf2030441bf,90.0,0.2912485433383191,26235.89181649444,0.0,4,0,True,1.0
14a20570-6151-51a0-96fc-d6fbc23cb478,56.0,0.600197676515594,31400.674868973158,540.7953626785672,0,0,False,1.0
dc1d7d85-2316-37a4-5d99-de0cd92b53f0,90.0,0.6752256013446454,19542.16807751803,0.0,2,2,True,1.0
7ee84f3f-73c2-0df7-1c0c-c2142b6a71a4,43.0,0.8838471996460769,29335.44776829829,1171.7239032106693,0,1,False,1.0
42c160ef-c769-0131-4133-b4fb06a13fca,54.0,0.3249114279931139,28089.657768670106,1007.3897753552708,0,1,True,1.0
c0d9dba8-143d-d92e-99f8-32f7973ea53b,28.0,0.3202986778205672,28698.201441543257,4008.2830934594745,2,2,False,1.0
f008b76c-936d-5b5b-2ce8-fc1b877aa6a7,5.0,0.4216040768473029,33182.312531584,7254.406369958797,1,3,True,1.0
8f734a7d-e421-91b8-d147-982823eb0b01,90.0,0.8006203818577219,12133.16574772828,0.0,3,0,True,1.0
d66e7641-6d9b-1fe2-9681-f031c619fe49,90.0,0.9927053728112692,20763.67813306133,0.0,0,0,True,1.0
f896cdfa-2e71-b585-a0dd-a92d1a9bdf17,20.0,0.6314106383860932,25858.75530830373,4357.151673278267,2,0,False,1.0
683a25f6-1b86-0ce3-103b-c9570b2e9053,54.0,0.9989785612792452,18957.681672089384,710.252990173432,3,3,True,1.0
8f860863-f744-3f54-5e82-52a333681bcd,90.0,0.7595497510342786,31276.822950456,0.0,3,1,False,1.0
64969f2b-bed0-c3a6-d13d-ef30a7541ccd,14.0,0.7559906981079886,20133.165978924317,3949.4266711697305,0,0,False,1.0
08a611f8-80ce-906b-f39c-e102d1771f74,41.0,0.5589697680146278,35497.07322838312,1150.2347796819045,2,3,False,1.0
a433b2c5-47ea-dd3f-1d82-c9fe63365540,23.0,0.4070375219718622,34636.00055480006,7797.919097454939,1,1,True,1.0
2ae3a67b-6baa-ee52-3973-9e40c9c3b2af,34.0,0.9155145315353108,22216.530493096197,5030.8672849807535,3,2,True,1.0
52193e3a-01c1-ef73-ff7d-51945f9754dd,14.0,0.7436266079539736,24395.99999881011,3149.602263158969,2,1,True,1.0
d75beaa5-f612-6c64-a3f5-f016b8fe6281,27.0,0.3635518794724089,28257.82568912516,4337.636239970399,1,3,True,1.0
bf431475-8c31-7e6a-8f5c-96e438fa6bef,49.0,0.4208215325175137,29868.2213742973,666.3727277041421,0,1,False,1.0
ab011320-2429-4c0f-f18d-83c514f50305,37.0,0.4146582427606812,32006.91901369853,2028.653313232039,2,1,True,1.0
b4e90228-e6e7-8ecb-eb1f-3b63f82a9f26,49.0,0.9487130111811268,20929.76355360512,758.7887592844588,1,3,True,1.0
982406f0-4514-b56e-fee0-39481a41ee84,17.0,0.9033779423269964,24444.980793370774,3602.754312610052,0,0,True,1.0
f47994c6-82f1-61cd-0265-38e894566809,3.0,0.5114875663692098,27365.79525527365,10211.285051570676,0,1,True,1.0
ec1c972d-2c99-0d5c-8bdf-b6f09d6eb621,16.0,0.6778392846877205,31383.098211351225,1688.4269401368847,0,1,True,1.0
44c6165a-d9b7-96d6-9a12-18b0ed606938,13.0,0.3282023060393751,20444.90365981927,3534.895874646228,2,2,False,1.0
e36ebc03-407a-830f-90c9-49cb3665183f,31.0,0.8623033873493628,24326.5041412114,2298.860185841224,3,2,False,1.0
fca9dbf6-808a-eaf7-8fb5-3b61499fcd31,36.0,0.9491136071014664,23535.69766318868,1270.035224059542,0,0,True,1.0
7890269d-2893-be12-9cda-1c72e58f99b5,8.0,0.9795222405211048,30484.9569551837,7601.622237401013,1,3,True,1.0
edfde441-d43b-ebc3-3ede-1d3bea6e29bb,21.0,0.9905527621438632,18735.37494301313,2895.0780134553843,1,0,True,1.0
b4e942f8-a9f0-ffd5-38aa-c3560f3199fe,48.0,0.8622639300619603,30631.69212008781,2427.137533374193,0,1,True,1.0
67d5a0ca-4a97-4386-3d69-11b09eba61f8,42.0,0.5480044083382487,22414.76217099515,1152.2687340570717,2,2,True,1.0
666306d4-2cfb-5971-7bff-6a518a14acb0,90.0,0.2802387249973377,33918.34386302641,0.0,1,0,False,1.0
f1043508-4413-df29-5322-56a1f6145eda,46.0,0.627313752226173,31206.42759114542,1908.813593703455,2,0,True,1.0
4915d225-cf13-7a84-577d-796434a22baa,20.0,0.4717019803505698,26257.86472800632,5829.897949243405,0,0,True,1.0
02b5188e-b820-3a4c-7945-d31bd7fb726d,28.0,0.855294077700515,24062.85765927833,2710.9920835831617,2,2,True,1.0
53c4fe78-f6db-ed4a-ce84-989fd87d96dd,19.0,0.764462455639727,36034.241735757925,9973.611107598994,1,0,True,1.0
9cd15ac2-46d5-a49a-43d9-5e1e82427272,55.0,0.4240599319222791,19197.070440559244,452.4620828526853,1,1,False,1.0
339e8e28-45d8-e4f1-c434-354128461e31,48.0,0.3548234908545328,32547.59691004638,469.27982420925406,0,0,False,1.0
18df9377-b57b-889e-86fa-ce334cf0be52,47.0,0.9390309035657088,29081.73183292641,1426.5901271716286,4,3,True,1.0
0408979c-c3a0-02e1-a188-f5670dc5ac2f,31.0,0.9968377440296832,14474.724369120082,2195.160908378441,0,2,False,1.0
9e56537d-5609-885e-e028-3f02d87acd66,90.0,0.7289420152712667,25445.02306173201,0.0,3,3,False,1.0
f36a8c71-8306-0fd7-24bc-27d59efb679f,90.0,0.9808594135677275,11713.650858332974,0.0,0,2,True,1.0
5b5ebebd-0c44-b89c-579d-ed89e8f3ee24,22.0,0.6358055814737463,32529.253279202803,3032.986450475736,4,3,False,1.0
16f70143-f5fa-d771-4929-1e7a1889474c,47.0,0.3416059515668317,18670.573357941408,960.168296630126,1,2,False,1.0
34edc2cf-84ba-86c8-2b0b-56782d7c56de,12.0,0.9704141198873842,22355.936828563965,11610.40954382918,0,1,True,1.0
c804ff40-bc41-46f0-aa73-376083531e35,46.0,0.4228814965046834,25130.731974994185,1499.7530975030263,1,1,True,1.0
99deb2f6-b208-5c42-3c04-0e63c30d1582,33.0,0.3076345391273275,31768.800455946093,5143.642184609448,0,2,True,1.0
019ebe82-8e53-7232-4c78-e1066500ebee,90.0,0.871108851206291,27999.986188905576,0.0,0,3,True,1.0
465b4d3f-3798-8147-6341-55b7e94365b3,25.0,0.7656738894392541,29974.14907303956,5708.994778403733,0,3,True,1.0
a5492c3f-d063-b3c6-ade4-ff1c307cacdf,18.0,0.987518317673604,22954.94254456077,2221.1985883856696,0,0,True,1.0
13ba0136-fed1-45f3-c1b3-4f49625c3d07,15.0,0.5185995211539469,38001.76754428885,6283.456492846183,0,0,False,1.0
aedc1f87-25cc-75dc-f32f-821ce00d8a3b,90.0,0.9999888050056972,13459.694409451646,0.0,3,2,True,1.0
72c7e5e8-508d-80ea-069e-e3ac38b98017,38.0,0.9117264033477892,31684.30253216969,1142.974787339047,0,2,True,1.0
b52a0ee7-c409-387b-6a41-8be7b144b094,28.0,0.6893217232093556,26464.379118102355,1894.8486288685,0,3,True,1.0
7e4d9b03-9f8e-87a3-21c4-eaeaceec2785,18.0,0.8198511510263174,24792.922704783145,3303.9275039834743,2,2,False,1.0
b288fa50-8bf1-ca0e-e347-00431e4e52ad,90.0,0.725837190193053,24536.514212309776,97.29128830478582,2,2,True,1.0
99b18d7f-72ae-302a-1b97-3a1478d0b277,90.0,0.4511926573120235,20664.911463406777,0.0,0,3,True,1.0
875558ab-5de5-81fc-4a09-4622652411c0,10.0,0.6494200867732841,34029.78926903864,9926.277000853604,2,3,True,1.0
b22a511e-7b3f-dfbe-6ce1-ebf47f34ec06,90.0,0.9730991205187192,27921.264575943063,0.0,0,1,True,1.0
66276c8a-db30-51cb-07e2-579f0d8234c6,52.0,0.7559143255885267,27863.9666980274,705.6486646635614,4,0,False,1.0
0ad775e2-8726-74ce-b1f7-22a336b2700d,23.0,0.761427405222415,25982.039005479804,2458.3983451577674,0,1,True,1.0
5540f4e7-c34d-27aa-83fe-233bace2db48,15.0,0.9973301882241274,34928.208188098826,6022.74842252786,4,2,True,1.0
ddd27331-4791-23c3-b5af-83a012b4ff95,14.0,0.8616082757209275,28108.875914684417,3801.3011373055874,1,1,True,1.0
4d66c11e-b3af-0ed1-a50f-85c35af02172,15.0,0.981373424814286,33141.043173066384,5289.812210426414,1,1,False,1.0
562a17a5-8d64-e5ef-f8e2-678d0d998c23,38.0,0.5786276397363178,24209.4832725266,1618.5837298071456,1,1,False,1.0
37cb273a-2b84-e9b0-3219-d6128d4c9468,90.0,0.9960293889195532,16048.195055918166,0.0,1,1,True,1.0
7d52472c-10b0-a2d4-348b-37da9438503b,32.0,0.9384384774404244,25881.331541737865,2519.866574035271,2,3,True,1.0
bd3324e8-cf36-33b1-a930-ac867153deba,28.0,0.9768865653449228,30043.61060507627,3084.723884717263,0,2,False,1.0
ef824c4e-d46f-3e4c-46f0-9b1fb6ea541d,7.0,0.651378696463894,23111.458133008746,4209.63027334933,2,1,True,1.0
12b285b9-3bdb-7934-209f-e340bc3d2da2,60.0,0.9804034765595084,23967.58519330072,70.76932966139202,0,2,True,1.0
5ecf1c95-21d1-db7d-7b5d-64d7a3ab3d80,90.0,0.8658508628999261,29649.59777016725,0.0,0,2,True,1.0
78d02aeb-f74b-b37a-fa2c-683517347020,58.0,0.9805868792482064,23670.555661522336,121.41297770126366,0,3,False,1.0
ecd2cdc4-d9d6-9212-b813-b988c33bfb63,27.0,0.9902084635742192,32332.177237817312,7466.930267770167,0,0,True,1.0
b4641f3b-9efc-06e5-ddfa-871b460d2ec6,20.0,0.7400128234973575,21149.04295693036,3178.443758775285,0,1,True,1.0
2ac97300-445d-5cbd-8758-38e66ab165e3,90.0,0.2947897763325495,27358.743914077226,165.50355417746766,1,0,False,1.0
2e13f097-d271-43ea-553b-c2d45d31928d,8.0,0.3676818226917341,26469.563964697543,4899.356127200971,4,0,False,1.0
539b18e3-5c7a-9893-6ff8-8ecf94c3da0f,90.0,0.9907391004287318,23431.80287839721,0.0,3,2,True,1.0
bdc6049d-0309-ea4f-7b86-5b318e43847d,17.0,0.5815307755357044,18658.976953466583,3791.7183127308494,0,1,True,1.0
69da9d90-7794-8ff1-4261-3ce969fa1529,45.0,0.5149585694990552,26486.61448901117,1248.6374292867,1,1,True,1.0
d43af2cc-194b-eaea-43b9-d31a05134495,9.0,0.2988922878221443,21117.220445455787,3230.915906790612,2,3,True,1.0
a81d547a-5459-cd52-39df-93763abd48d6,58.0,0.9984202856787492,25163.35893242841,164.15900409194256,3,1,False,1.0
c5ade6b1-4ad3-5efd-2fb4-25ebf6e35021,90.0,0.9958124124267608,21057.60598987099,0.0,2,3,True,1.0
f4513c73-33e9-7e84-c44d-6bb83a0fcc98,20.0,0.4612803157023691,31108.739770114946,6018.032605005355,1,3,True,1.0
62b0cdaf-00cf-a475-45ff-c94e36a0c4a4,25.0,0.7795280356584664,32679.257323315567,3065.8039731328104,0,1,True,1.0
be9a3c61-9d9e-f70e-95e2-69f26d84349f,90.0,0.9268500789161598,28910.44216233068,0.0,2,2,False,1.0
6967a3e8-2995-28bd-d8d0-7a94c5517aa5,26.0,0.7251167201028007,32616.60792095687,5657.741925875312,1,3,False,1.0
5fa11e4c-fe01-4961-d428-8a4c5175080e,13.0,0.9674349886036192,24296.81553310215,5092.922150430544,3,3,True,1.0
5d03641d-cb9b-92ea-b299-62a068a75089,6.0,0.4645570931276653,29886.04808235274,8455.75630825201,2,1,False,1.0
d97dc3d9-d45b-e5d8-f711-d369a3c84e81,48.0,0.8064636656249669,19163.8544971998,654.175369777834,0,1,True,1.0
094f7366-a95e-a1ae-c601-3fcdb8b61865,19.0,0.3655377937077806,21080.54161442173,4167.920008916435,0,1,False,1.0
da8daaff-9864-a10f-e5a7-62f45d046efe,5.0,0.5239957030586128,41955.05757694771,12028.90367422397,0,0,True,1.0
87792e11-c9b1-c847-cd4d-354fc9fa9221,45.0,0.2931695238975549,24960.37763885072,0.0,0,2,True,1.0
af245eaa-878f-8a63-02e8-e9d25a11b25b,13.0,0.7649950685962695,34608.97245346756,1075.6675160383586,1,3,False,1.0
7eacf92a-5b5c-c09d-96de-54961d2c9eb9,3.0,0.8468898163265466,24154.23701059352,4990.419295146169,0,2,True,1.0
f45668de-2fb8-26b5-7061-bc7f2193db56,90.0,0.980818656492756,21501.203901830424,0.0,2,3,False,1.0
c328133b-8734-a783-f980-b88027b2269d,24.0,0.6838200765769499,25990.771529912818,1703.5393804986663,0,0,True,1.0
1c57d92f-0c9f-b4a5-1506-a81f279958c5,90.0,0.3837131553573055,21331.11934993984,0.0,1,0,False,1.0
5e784f60-a15e-f9bf-8b64-556b7cce5bc5,26.0,0.5512793328326839,25679.998915979217,2735.800124275634,4,0,True,1.0
788a4ab1-ce72-d00c-ce27-4ad39e00db3b,15.0,0.7580744190423612,24521.57000349945,6530.595773398615,4,0,False,1.0
11763036-0899-43f8-e249-bc3a48a7e957,60.0,0.894505527130457,23719.40409396645,0.0,0,1,True,1.0
a0689928-f350-4338-7e60-afbf30af973f,90.0,0.4108089389426642,21766.368310922386,0.0,0,0,False,1.0
89d6628c-403b-dcdc-9b96-0771cfca731f,60.0,0.9995525228726428,18658.793992338728,51.37569353828842,1,3,True,1.0
9d15e887-d73a-22bd-d2ab-60a68e16fcd3,56.0,0.9482420455878624,20312.090051979496,458.3654504702324,1,1,True,1.0
2c2d5d93-466e-7376-3537-8eee9bf46d3e,37.0,0.932271428524518,27837.9912705452,2559.064084793123,0,2,False,1.0
3bcb44c3-9f1e-1c28-2137-4a3fa9df1689,57.0,0.7360853376147822,35320.46569066051,467.25893422629446,1,3,False,1.0
c89f2ac4-7da8-7b2a-e804-57eded07a057,19.0,0.8622949076715541,16399.209646480173,4886.365606881008,3,2,False,1.0
fe909bf1-32dc-42c4-9688-68a5ffbfc1a4,13.0,0.8622672847335874,18238.543996654316,4856.073397322742,0,3,True,1.0
9cf5dc3f-6710-d34a-6593-4664a825f1d1,16.0,0.3281041662118881,24488.72172458121,2518.348170311768,0,1,True,1.0
4c96b1ea-a63f-bbdb-9980-1e06d9f05495,58.0,0.8174508440422553,18885.5245309172,338.3357621844186,1,1,True,1.0
bf37908b-f908-8caa-15f4-a82e0f87a6d4,17.0,0.3952805051843071,38172.15294849034,3444.6316893608937,0,0,False,1.0
795e374e-c9e6-2fcf-71db-93fc810eda2e,90.0,0.9671864786518232,31402.893883692373,0.0,4,2,False,1.0
346be803-2e9a-055c-a8da-e5f143aae937,3.0,0.8172846661220832,26591.71920944457,7095.882802402097,0,1,True,1.0
d68d9ae6-e737-b00d-5b5d-420c9125b5a5,58.0,0.9740948170451348,24521.065429382405,129.15001637759457,1,3,False,1.0
1018ed7f-366e-9273-4181-f96cb9571296,6.0,0.7221658410293438,35433.06163596592,9500.266263526835,0,1,False,1.0
23f800a1-58bd-998a-a88c-ba2c1d9d97bd,28.0,0.7527268416475,30717.431342103264,3442.527408850009,0,3,False,1.0
c664c145-6fc1-c92a-e643-21bb63b0e3d3,29.0,0.9478616938153356,29981.354096840405,1034.8123998601284,1,2,True,1.0
3b4a753b-522b-d096-ccf0-1752dc898354,29.0,0.9370864831874864,20742.924312247404,4273.550309441073,2,1,True,1.0
d276789e-3f47-9701-dd72-7d2fc640884f,90.0,0.2820482628807038,16503.04929259183,0.0,3,3,False,1.0
f062d28d-0260-6c23-aa5f-b2e1e808fa04,52.0,0.4365094854093335,28376.0283442833,1257.0336029423584,0,1,False,1.0
69b514bd-e87f-e065-fb21-1df8b490c32d,90.0,0.7242332736263756,24399.48636745152,0.0,2,1,True,1.0
93a09be5-94d9-8a30-025e-6d392f8f3880,90.0,0.989116311559343,16422.88724813521,0.0,3,2,True,1.0
cb91d876-dbe1-7c60-a81c-f0c646bf2ab5,32.0,0.3621523772226041,23497.271421834736,2197.864753707827,1,0,False,1.0
8fd9ea7c-c3fe-b168-81ec-2689d3d479cb,12.0,0.941481921405652,28010.06171739051,6162.13993958568,1,3,True,1.0
ba6d95f6-3955-3f5d-0dcf-e9141252214b,90.0,0.9164342680248152,29571.502910292947,0.0,3,2,True,1.0
0c2192e5-d5ad-ac37-5d0a-0e16474fd482,17.0,0.8692971286553784,22870.8631095806,3887.33597412838,1,0,False,1.0
bf90f922-7a36-2d08-6a28-4de250844c9c,22.0,0.947245454692902,28169.427728290604,3871.256282808985,2,0,False,1.0
d46c2800-c264-8718-91b0-7fcd4f3a5aeb,90.0,0.7810896577765964,27961.16863363528,0.0,1,2,True,1.0
97170bd8-1d03-364d-e81a-c34947afeb47,90.0,0.4822488357772218,19564.63627809336,0.0,3,3,True,1.0
68758c40-41f5-3290-2d1a-b15d8a8cebec,26.0,0.8621207477684082,21687.375154195397,2700.184095084785,0,3,True,1.0
a3b1f43e-0d37-a12f-3113-6e181aab06ce,90.0,0.9999066658795234,14794.474752305854,0.0,0,1,True,1.0
490375e1-df98-10eb-c8dc-304566d4b93b,41.0,0.9068257438896948,30297.76827668296,2094.100685807671,2,3,True,1.0
6d053d33-a1ff-cc07-cfe7-2f5dfc803f98,3.0,0.5259219452393568,30507.904145962908,308.90881834445224,4,3,True,1.0
1bdfc342-e7fe-4749-3827-e31baf95855e,90.0,0.4222938396803288,30039.77456360919,0.0,1,0,False,1.0
01908f30-0839-262b-a71f-ddd9c361122d,16.0,0.9975572376938932,24701.35268548259,4654.102791890379,1,1,True,1.0
3f80c7e6-e42b-4187-6b18-daf73aa28aa5,7.0,0.2821393589054793,15720.336417459626,1827.620581419824,4,3,True,1.0
dd7f0684-874b-e26b-2517-e09e02bb92c2,23.0,0.2960239429942456,25809.23421149832,1217.1808793180962,1,1,True,1.0
cd2a2335-63e4-b722-17ee-782721d1d5a8,32.0,0.997905051029042,27074.24478735252,4331.297626386653,2,3,True,1.0
8a6a6805-6adf-929c-24be-04a2a5838360,25.0,0.6341763339656542,18927.760617628068,7145.429496628029,1,0,False,1.0
0b081a7b-475c-ac81-1bd8-345b9549f369,50.0,0.5846791023141729,23015.736431172347,982.3945611528902,0,3,False,1.0
3302c438-3e5a-0ea0-bb8a-fa5f3743ff3e,90.0,0.9719730289793196,27904.27050795129,111.58971799535256,0,3,False,1.0
f83d06c4-3c55-32d7-fda8-8fe35dd306f3,22.0,0.8559998246828208,41862.306190462514,8195.032215547173,0,2,False,1.0
b75643f3-dcbe-3433-ecab-951a1b53aa14,90.0,0.3845420416492707,30995.21692494128,0.0,0,3,True,1.0
24b847bf-1d5c-20ba-833c-c9ce8dd30a60,21.0,0.9034174698745856,28956.75894415956,3982.892250952256,0,0,True,1.0
d0b168a7-7329-c1f3-0cdc-a14a56471aed,58.0,0.7986181731541918,24119.229324846758,183.08647299860348,1,0,True,1.0
931988e4-2aaa-8135-22ad-2a6f55ad947a,58.0,0.9917150547267928,31302.7689019647,275.72482513972506,1,3,False,1.0
6019b66a-0b11-555a-e5a6-ef360a7aa0ae,31.0,0.8173733103405522,18384.93894806,1775.6506927070454,3,0,True,1.0
d5104462-d694-312d-c636-15285abc6b85,39.0,0.7403531977827252,22026.660392347607,854.1421014880285,1,1,True,1.0
3eb376e7-3ee3-5f6c-0fc3-8fd112b1139f,16.0,0.3165933628227394,26410.22902107725,4543.7711411783175,0,1,False,1.0
69b90727-94f7-2c66-39fe-7543f2b797e6,11.0,0.4109726249113624,32035.81064649643,6883.944579513617,2,3,True,1.0
d629d42e-a9f0-cbff-6b3b-75846bedb0e8,38.0,0.4408336272081358,26841.35657516661,173.48891205206178,1,1,False,1.0
ef08f2bf-4aea-389c-68df-7183387ed843,9.0,0.3066715333433562,22529.190527643244,4055.449934917758,1,2,True,1.0
fd24293a-1396-8b11-1066-02c3412ceb45,25.0,0.876879445831268,35357.86270621215,8322.750221581304,2,0,True,1.0
ef2e7aaf-22e9-fba8-4e00-636d601e924f,29.0,0.973622509073525,31648.337431154203,4319.57969922399,1,0,True,1.0
e42f7a31-1f4d-0712-1862-8e15f59642ff,90.0,0.991633022775968,20310.721666704143,0.0,3,2,False,1.0
35ec4a3c-4f38-a1b8-8de6-1f2484f92a78,90.0,0.9891785730733867,31865.658990084863,0.0,0,3,True,1.0
f1d12c0b-8e5f-9c30-f9db-2ff530869b93,3.0,0.820824179116016,28923.73924582451,5049.752280794075,4,0,True,1.0
60a623e5-0ff9-cffe-8f16-e21267c758c0,90.0,0.2903346559066487,27708.93027537837,0.0,0,3,False,1.0
821a5ead-b473-1cba-8d55-d65de39599a2,11.0,0.5465426569051197,33669.47320701498,4741.027502367386,1,3,False,1.0
b4e93dd1-4a9d-c4b5-f233-33edf6254234,53.0,0.9549669576358364,17687.461189084,346.27868480326833,4,3,False,1.0
6f8ef4cd-251c-a22c-73b7-6572353e4f46,47.0,0.5413256715828458,37369.22373394534,1846.009560926883,2,3,True,1.0
fd232e51-3561-172f-3c3d-2c0ffdda29aa,3.0,0.9996284463739726,26202.29934314672,8199.703556281976,0,1,True,1.0
b3838052-7eb5-31e9-5df4-a5c5821a8538,90.0,0.9975995835677534,38149.75912018628,0.0,2,3,True,1.0
02b81061-9245-dc35-69b4-11d943bcae8f,53.0,0.6473316145532915,25697.459386828414,1160.788342750219,0,2,True,1.0
7488b1f7-8094-1a8b-4b8d-2cd7ed2b06f9,9.0,0.3793216379267301,25603.30691463375,2122.144235954056,0,0,False,1.0
9d73cdb9-cc38-7ffc-ce2f-4d4d8cb3fb99,60.0,0.8600907272269152,26415.103449642596,0.0,0,0,True,1.0
ab3673dc-6a94-c98b-8e60-f2ea58b4ab36,53.0,0.9360050408216976,27461.95675706593,645.9408595051549,0,1,False,1.0
3e83163c-960d-f98f-7713-050ac7dc662c,13.0,0.7069585929500118,29888.707734245265,5835.302971348824,2,0,True,1.0
4e424801-005b-b019-7f52-3ecff0bab879,23.0,0.5112857556614807,32456.73612534347,5440.961064008346,0,2,True,1.0
10f2ff25-2f40-1305-c29a-02c53a58e226,90.0,0.881505639672306,24748.17825409599,0.0,3,1,False,1.0
a948153e-849c-5eca-d320-763b8b5496ec,35.0,0.3501933639224373,22706.22673582795,1703.494910389153,1,2,True,1.0
b74e97ad-25cf-cb58-f191-37820f63c399,90.0,0.3082429127712275,28286.890768887017,0.0,2,2,True,1.0
8034fe6d-63b6-ac74-f81d-0fd6288061a1,37.0,0.4496006871918913,16481.26331674892,878.2127811196256,2,2,False,1.0
be0606f7-3161-fdbb-9def-7caa501ff540,34.0,0.6501063431124043,24538.579625335395,2431.3278457597144,0,2,False,1.0
d8f2c255-601b-9f47-0207-f9f79a36724d,14.0,0.9325056523013642,17485.917226729936,2983.208519040899,1,3,False,1.0
1c6d7cde-1566-ebdd-ba63-25a72d94689b,41.0,0.5591529206448483,35210.49224338675,3204.017462038332,0,3,True,1.0
e3202295-2fe2-b377-75d5-71ced659f2e8,5.0,0.8441198832090434,31205.72042177615,6718.344673181994,1,0,True,1.0
0759395d-7bb8-a506-1c36-6b77ffd0de94,9.0,0.9879163558648368,27203.155619807145,3138.9763320633588,1,1,True,1.0
b55501f5-2f56-7726-63e3-5df59c791114,19.0,0.463535597724208,30468.02513532993,7355.766372467125,1,3,True,1.0
ecc9e142-fe48-5e4d-625f-7db9b89f115a,36.0,0.5770824623207065,30037.34017868842,1291.4694946812465,0,3,False,1.0
88d1c5e3-3116-6d98-4667-717c3af65dfc,27.0,0.3176061033659083,34358.636171508406,2688.0540710476143,2,0,True,1.0
0dd1f363-22f6-4611-a6af-a729d7c24efb,31.0,0.9612346795238952,22094.907071043694,984.5199316385516,0,1,True,1.0
9521db18-8aa1-0ae4-2c10-a785e7987330,32.0,0.7131391604283648,16240.901357574732,3430.1315805418744,4,3,True,1.0
5af0a5a9-c2f7-d5e8-0585-93ee20bdd8c4,46.0,0.9537084330020368,28526.48020015489,1920.2859884945813,3,2,False,1.0
f45fb79f-e1ed-4704-1ee2-7cc838a7e10b,20.0,0.9289789642030372,33900.36508866803,3352.171845681896,0,3,True,1.0
a56b3e3d-62b9-c4db-7b8a-58a54e1d05f7,32.0,0.533896124576499,32710.882049001328,1966.7760708620144,0,2,False,1.0
49bc0014-e9b1-478c-c236-55c011e14f84,53.0,0.2778643270881534,24309.374301033928,414.1682608088264,1,2,True,1.0
f362d9bf-24e0-eaf0-9bfb-8e2b66bc4174,90.0,0.5506458575629991,16448.155898697976,74.46491081489239,3,2,False,1.0
66d193ac-043c-1207-67c3-2b55598f9277,19.0,0.9452217071952194,27905.443061958093,4760.376882735083,3,0,False,1.0
3c6bcfb7-a199-6ba6-5e6d-ed7123d7f96f,47.0,0.3268739001993122,31318.570645036405,1003.675234748328,1,3,True,1.0
b0ab7812-40a3-5d7f-b97c-fe32a6ce917a,6.0,0.3661659086554403,24050.91167996601,7687.617010711422,0,0,True,1.0
39f48365-8301-c8f4-e66b-e92932bddd70,17.0,0.5681320952219319,25576.447019427163,3702.1847175781527,3,1,True,1.0
824c31a3-76be-bd58-9997-b389190c456c,13.0,0.9363534711134684,25518.827175942333,7446.965992590891,0,3,False,1.0
dc0b7405-157b-5398-3ec0-97242f2385f3,90.0,0.9414206591877224,34777.47153692403,0.0,2,2,True,1.0
b7f147f4-27f5-9f73-18f7-d5362c5edc03,35.0,0.8668982789189339,18945.49619852192,3569.082406238626,1,3,True,1.0
da9228ff-d2cf-6c8f-8d99-be36eb4907a5,12.0,0.4327177337488982,24387.31961266192,4874.119883147919,2,2,False,1.0
046ac140-d000-94ce-1e5a-ffe3cb664b8d,45.0,0.8383982815775727,27634.020044120876,1537.3329404876426,0,1,False,1.0
6ef53073-ebd9-7784-1fc8-4a6774b43083,5.0,0.7070752819912302,22199.191290324103,5489.203434108988,2,3,True,1.0
aa5d0a0b-8249-61d2-7d29-3c06c7f69156,14.0,0.8689333423135144,31278.701087002893,7074.323463578899,2,1,False,1.0
1bd83dde-0110-695d-acca-aae44908476d,42.0,0.9723294191581464,21935.10038457501,1471.1287052119233,1,2,False,1.0
415a92f0-9acc-086c-8d2b-769d85b7f0fb,48.0,0.9998071338423868,27795.85099089342,1932.3221720096808,3,1,False,1.0
afb9202d-d2f7-89a1-ac44-5cee854dc3a1,90.0,0.4462098843176293,23329.058794595272,0.0,1,1,False,1.0
790fe6ba-2103-15ce-cfb1-bb9fe6eb0812,5.0,0.3487293934265457,26903.781818330885,7593.501386553833,3,1,True,1.0
52b7c8e6-e873-d903-d069-ad5def906911,23.0,0.6395289973399361,35073.90932091944,4388.434786078386,1,2,False,1.0
7c59efa5-bdd9-a3f5-ff01-2c6d2e05a8a3,58.0,0.4949381071096482,27338.687876377928,169.1849692879753,3,3,False,1.0
5d39ec65-47c2-de26-bc44-edeffa61c82f,10.0,0.9311681754649236,33515.31919697988,3159.667031424356,1,0,True,1.0
fc53fdf6-7188-17c9-e49a-82d8e54589c5,13.0,0.9333427364182956,33331.474702112035,1151.2455168002136,1,2,True,1.0
714a99b1-29af-6c7f-c667-e1a851e228c6,3.0,0.9216782178817844,35046.85197360112,5100.127255779692,0,1,False,1.0
29bf18ac-89a0-8e24-747e-d6549e5ea607,90.0,0.8529080626643176,13578.658341157432,0.0,1,0,True,1.0
137af72d-c742-0389-cbae-d6882e93aaa3,90.0,0.9874019430013304,16287.472509795009,0.0,1,1,True,1.0
ed43bbc9-493f-dbba-1a57-e191d62e5db8,31.0,0.3540511391270339,31469.873335838685,4578.464862485477,0,3,False,1.0
d89632a0-0bf5-4942-908d-1af02a6eeeb6,6.0,0.9977237326198968,23562.758334225982,6468.208139449013,1,1,True,1.0
9caeb6c6-d4d3-903a-82ba-ba63b14f007b,58.0,0.451650009728383,34894.24440751706,276.3514552857138,3,2,True,1.0
77c91024-1065-ce9e-1d13-11bff270c2ac,45.0,0.8528441540458129,22252.77526755518,1358.9267930799342,0,3,True,1.0
d0b53c11-e386-41b7-fdbb-80ec6c50da2d,90.0,0.9610572748923134,23540.74599218523,0.0,2,1,False,1.0
f5266c26-07e5-b08e-1154-552a9860278c,3.0,0.729066177118744,21487.150046042392,1816.281609735094,1,1,True,1.0
c57d3003-b739-a888-eb41-af0152196295,17.0,0.3236382502800392,18607.43599639995,2076.034253308675,3,0,True,1.0
911257fd-366d-a95f-0287-512e983c28b4,26.0,0.4409664479045693,37475.616756021846,4408.216878555174,0,3,True,1.0
d1d83625-e224-6716-1177-fd9f3764dff1,30.0,0.9984449938938575,28551.715259230696,6145.584087915012,0,3,True,1.0
b50dae67-91a3-85af-2b3d-14be91881ba1,46.0,0.3659960518100433,22646.938598261677,874.0605201166537,0,1,True,1.0
edfe6981-d2d3-567a-07a7-7c93b6d13560,53.0,0.9998221680986692,23463.39152778885,669.5019343487618,1,2,False,1.0
e1da799f-baad-35cb-0b28-0e143d1f4faf,47.0,0.7711747470306848,29911.97844414461,1022.8796675514,4,2,False,1.0
bfd8f82d-cd5b-08d5-2e3a-c54ba3f1416c,36.0,0.7791126226902585,24174.95070778172,3008.570126512879,1,3,True,1.0
44f63fc3-102e-668a-eb21-b9f2e875d0b2,30.0,0.3981848380399138,21944.231513679337,1683.2465733699808,0,0,True,1.0
e2710a09-e74d-3a8a-68d6-5f84ccafbbc3,38.0,0.3274639634772959,25868.22730812765,4072.478766240891,1,1,False,1.0
faaf63dc-1b92-0dfd-1f69-929b619cde33,42.0,0.3262512217746319,28299.160024780875,4469.247578134977,0,3,True,1.0
94df5764-6d47-c882-2aa7-ce193d82412f,8.0,0.3138130753097759,37737.58109391514,9770.367762996808,0,1,True,1.0
fec6d489-bb1b-d4e8-ff53-3469af23e18c,19.0,0.8515796394297984,26212.20214138925,3723.027272458369,0,2,True,1.0
5c5e6cb8-86b4-3169-156f-eb9c3be226df,59.0,0.8978880180445546,32666.246860170544,116.81442240863052,0,1,True,1.0
4705d356-376e-e6b1-0ad5-a1d3044b4615,59.0,0.3451823042738637,28754.514167818408,265.7292591300052,3,2,True,1.0
144bcfde-d0b7-e787-3537-9c44eefc70f7,9.0,0.7555327693664701,18952.146536653112,3370.7001438442653,1,3,False,1.0
aae658ad-d3a0-97f7-97ec-d2cb33953744,90.0,0.3161510504488348,17433.08792038083,0.0,3,1,False,1.0
7ef66a0c-1c7f-74ba-bcb6-6aed797b4565,7.0,0.9307341359773657,20190.62946287186,3822.7794058775858,0,2,True,1.0
e281a705-5e67-4366-a008-8046430b5673,90.0,0.5669648801133635,24276.197245428648,0.0,0,2,True,1.0
06adbdf1-37c5-8d25-d9cd-87791e518873,11.0,0.4025319977184831,22373.94186065754,4826.377672210509,0,2,False,1.0
cb15b3d5-828c-7dca-ce4b-9878954945fa,23.0,0.9964463492473732,19835.459823244597,2585.040143311285,0,3,True,1.0
77338c00-bc9a-03fe-a8ec-6045fb23db62,60.0,0.986294172143223,12131.319970876542,0.0,0,3,True,1.0
5f5c3cc5-b5d3-83eb-ca14-a9073452bb8f,47.0,0.326757435852835,38145.29074901146,1899.527045909154,2,0,True,1.0
739353ff-34cd-8cf9-8346-69b6f9c0a396,22.0,0.964449531953816,24154.22755232604,4037.405770717559,0,1,False,1.0
43ad9756-46fc-2821-bc09-5989b4e88cdd,33.0,0.9491827289504526,18249.444387674743,1925.4306857394288,0,1,True,1.0
e70aaae9-eb9e-c5e6-b8ae-0a29be0163b7,5.0,0.4516239972083421,33233.1991007582,6086.086218697062,4,0,True,1.0
e100a74a-bf5f-b380-d5cf-5ca880e91520,29.0,0.9952804038284768,17312.59217188196,769.0545311895291,0,2,True,1.0
4f913a69-24aa-ebcc-7b7a-f4654e224700,54.0,0.8867015194021202,27438.669562040486,789.3674368505262,0,2,True,1.0
abea5075-f78f-c73d-0a20-a4131031bb33,33.0,0.310509960807313,17867.71946462062,1246.3459027675767,0,1,False,1.0
5a277954-b86e-0d07-3036-865d9d65b20c,41.0,0.9987182208470868,27235.30562898785,2832.3828576296464,1,1,True,1.0
933c1834-cd52-761a-1881-48a2b09d196c,23.0,0.5376416608415866,25406.47323981953,2346.692910669692,1,1,True,1.0
c4c75632-8ff2-8960-06ed-43d7b557a1a2,90.0,0.4496840939565318,23381.80388108536,0.0,2,1,True,1.0
0c4d103e-e614-7789-331c-2e280aa625a7,9.0,0.5208815406016261,27308.086985049355,6754.454891336231,2,3,True,1.0
508359c4-8c16-d11c-a932-8d3340a8a8e8,18.0,0.5364922225600219,27874.873101173645,4165.741776020904,3,1,True,1.0
28653373-5d15-e824-5f40-9d3ffadc4b0e,59.0,0.3024284501755595,25459.95938020717,71.06870380365532,1,2,True,1.0
a794ca72-09b0-58b4-abfc-e937ce1a1d99,45.0,0.4683074881318504,19795.74262805312,1935.686630375608,3,3,False,1.0
ae01f049-000d-ba59-d153-e8c89680bbbe,42.0,0.8047618329810547,29296.473780175304,1697.7286939271469,0,0,True,1.0
97b94047-fb44-45ad-1e40-09966205b008,12.0,0.6921288564171898,26533.049137749247,2843.592981539596,2,1,True,1.0
9f000e64-f0e8-37cf-c301-b0c1c0b05fd5,90.0,0.8590980446922081,28141.05288402084,0.0,0,1,False,1.0
2ca26d63-968a-b8b9-2a01-c5a535417ffc,46.0,0.4440039873097182,31218.352000989547,1630.557757364673,0,2,True,1.0
a8f9b787-10eb-b5e2-e239-a550d48ac222,11.0,0.9868754964162642,24815.07154836077,6293.400872586694,2,0,True,1.0
c867e2f6-3b78-dd13-a0d2-0fb398d2a9a7,29.0,0.7745816027620052,36320.77962478653,5336.448355155793,1,3,True,1.0
d632688c-b8f0-0c91-a3a0-6b289236ef99,24.0,0.6582756483670018,26989.886880490136,2338.4721465585576,1,0,True,1.0
74c85412-8c7d-e76f-ac34-d35b766a286c,54.0,0.9484664408152756,33174.77428262055,659.8863280594859,3,1,False,1.0
c3066a0b-86bf-a712-7b8a-6e13cc9a2bd0,32.0,0.3233679760935273,35538.31677472101,2271.24318467274,2,2,False,1.0
500d0319-692b-50c1-2c1a-94ccb8712015,34.0,0.3208675023838618,29133.675681961475,4294.321835683335,2,3,True,1.0
7ea246e5-35fa-b1f7-c793-7ba7e59d1721,29.0,0.8474359972797401,21335.395424247294,2624.462216964305,2,3,True,1.0
37857d7b-ffff-4976-9ca9-67bed5dc0a31,18.0,0.8767516721997859,26928.341374739488,2761.498609707159,1,1,False,1.0
925669bb-72bc-b953-191e-a6c16c7dce2f,8.0,0.9023330128273988,36540.39649079609,3204.229820528751,1,0,True,1.0
1e833f7f-bd1a-b08e-4c40-e81da7a02a24,90.0,0.964921556334239,18332.43070140826,0.0,2,0,True,1.0
df72e459-0f93-af4a-9fbb-3eb58aece8b3,11.0,0.5084312639381419,24254.77325452943,4449.899935490208,2,0,False,1.0
6a414591-6352-c0ee-3095-3a8d778b7e66,18.0,0.6468441162971409,35567.80019882192,0.0,0,1,True,1.0
1813b367-26b1-251d-193f-0dd9aef0b944,10.0,0.9652835959656558,32236.886681481818,7950.375055835893,2,3,True,1.0
abff5f2b-8d90-ae0c-3f6f-26e78a7fafd5,49.0,0.9634747058344642,13465.747278777184,748.0918289663953,0,0,True,1.0
1e21947a-b5d2-bcf1-032b-c71370e52a45,90.0,0.9922190794108198,30063.71669056043,0.0,0,1,False,1.0
0fd5e160-ce0b-a65a-161a-569825a2f619,90.0,0.8011268073877058,16839.622670156845,0.0,0,2,True,1.0
25147c4c-4b3b-542d-5401-fc27763d726e,34.0,0.3779777384413747,22076.110841155416,1457.6889893986145,3,2,False,1.0
c25b7c06-08d5-5933-9079-e4e6c82fad11,41.0,0.8467940010960345,17647.92085269178,1965.0563833494568,1,2,True,1.0
cdd0c5be-0930-8e7e-9ac2-84fa6630990e,14.0,0.9747897537883664,32296.48335700892,5791.965217676106,1,3,False,1.0
157e7190-c868-4b6d-0845-54590da66eac,31.0,0.4195877253430254,33056.440131310155,5698.215523124728,1,3,False,1.0
2af23321-5f60-6489-4827-2f71ff9edbc1,90.0,0.2914955481451853,26711.768488643596,0.0,0,2,True,1.0
af5f1c08-b799-4cea-5a2d-244b47f01370,26.0,0.7693972086975407,26183.990061259363,2518.1895833159924,1,1,True,1.0
8cf837e8-e519-89e0-ed76-c468f6030622,5.0,0.9832338289502978,21112.887563748336,4742.785051039285,4,1,True,1.0
fa724d71-41c4-5f71-dd91-3dfe378500ea,90.0,0.470347507727693,21811.02917317605,0.0,2,2,True,1.0
fbc9ae7c-ee87-2c93-209c-e6100c8f794d,5.0,0.4321494767377262,25023.0966860094,2689.3993382721133,2,3,True,1.0
01f56ce2-812c-1727-6eaa-86f367a81d34,28.0,0.8876959658829097,27466.751298380324,4713.470938249988,2,1,True,1.0
5b14a3ea-67f2-eb4f-1b24-316ba46dd262,13.0,0.5858122578767556,31366.875997085597,4180.195911264379,1,2,False,1.0
0a113064-977b-0096-fe9e-531d9bb5b2fb,32.0,0.5734522898515512,34332.54086168873,5315.961285338437,1,2,False,1.0
7969b18a-ccd8-a586-a6d4-ae90649c4e57,51.0,0.9994589610757464,22678.7701767544,1001.2268533830642,0,3,True,1.0
199f3e80-074b-a6de-b009-7cadff66005c,26.0,0.3159254355245475,24362.56878495494,2194.3641720738965,2,1,True,1.0
68fd2173-af83-e452-4ad5-792b19ffc738,50.0,0.9407879606587436,17769.334709521474,549.5027299472847,0,3,True,1.0
f3e38c26-a902-0435-8e08-995dac31753a,18.0,0.4506574757527599,25202.42539703338,5308.957590124836,0,2,True,1.0
b0073872-5b1f-cb4b-78bd-08b1d2faafc4,90.0,0.3659915038147972,24737.31150339516,0.0,0,2,True,1.0
58a14bc6-a217-094e-ef7c-c86d949b584d,42.0,0.8042583841064487,27015.77750082417,2538.8068964308936,0,1,True,1.0
292a0183-d653-a59f-698a-e522b375b54e,13.0,0.9731644094057744,25638.949160212294,9848.94936795583,1,2,True,1.0
09cfddb6-a0ae-907e-0445-f8d1d978bcb8,23.0,0.9396466607689176,28781.028607076063,5715.714880118417,2,0,True,1.0
6371b087-ef2a-c441-aa9b-1e408ed57fc7,15.0,0.3103050020696674,32930.808918757815,1832.955708585904,1,2,False,1.0
16cf3e17-f3ec-752c-98a7-0f6b5ca5a1c1,14.0,0.9970130004762504,22115.100714355285,1647.1613846804255,3,1,True,1.0
3d7e122d-9100-18d2-8dbf-37cc68a77ac7,42.0,0.8909739089725021,28951.37547550652,2404.3315039461622,4,2,False,1.0
feee313a-815c-470b-7608-fdaf090dda7a,22.0,0.901815665800062,16320.496220231653,2798.916742017471,4,2,True,1.0
13f724b6-d364-058d-fce9-3ab358a1eea5,90.0,0.9753970870124468,25199.525182658686,0.0,2,1,True,1.0
3ffedd76-a7b2-8b09-e663-1f107edb99f9,58.0,0.995320776215019,33117.71863421287,279.97950439955747,0,2,True,1.0
8da787a9-31ac-0389-539e-2893436f4813,53.0,0.6672915913489749,28519.220068001086,962.328863719558,4,0,True,1.0
e6e45a7e-1339-d467-18bb-c5cac4826880,3.0,0.548644482744037,25579.665180187807,8715.427228359069,4,3,True,1.0
c12c99be-5c2c-7b73-b26c-5474d4a275b1,41.0,0.7501099917519278,20537.25697832071,1399.115070826687,3,1,True,1.0
a7be6582-a17a-e81d-0c3c-273ce4eaed8d,13.0,0.997740848404929,30182.27861565102,8671.36682793429,4,1,True,1.0
57729e95-f710-7ba5-f7cb-11380b182ecb,38.0,0.9159000932065556,32515.64431836069,4569.02734009308,4,1,False,1.0
5bbaee4d-5eb8-eeac-f81c-f641deab114f,13.0,0.9692285744250062,34566.093070784016,2155.007792497178,0,0,True,1.0
35ec573d-ea87-7bad-4c3e-daade4228271,24.0,0.3247515759148691,17973.35410633278,1061.0484409163023,1,1,True,1.0
7a3e3b6b-7083-1804-50bc-509bbfcfcd5c,20.0,0.8210926732839863,37859.76573415686,3723.373219941192,0,2,False,1.0
8b15e8bd-2db1-d67e-5951-9f705f705dfc,53.0,0.7907269953068627,24442.94274703081,460.843501433671,2,3,False,1.0
1a3c459f-0d77-fb20-4af6-d19371f8c2bd,28.0,0.9982796458335214,21628.08060607683,3004.4221940212856,1,2,False,1.0
6f02081b-1d35-76d8-af4c-82cd07f51f67,12.0,0.338788728596749,32857.90374028176,4785.407814721425,1,3,True,1.0
dc355d6d-8f10-70a5-c1ee-9027ad4399b1,90.0,0.8965372139649807,23929.225845813085,0.0,0,0,True,1.0
0b95ef9e-7b41-4ab0-7afb-524502da2f97,25.0,0.5657215755603068,32749.945932326395,3706.304878829851,1,1,False,1.0
b4e23a2b-2003-ef7d-db31-deba32a9445c,90.0,0.9600853454622864,25734.93893254829,0.0,4,1,False,1.0
086e610f-da71-fcf5-49c1-90c4f2c091d8,9.0,0.9950907224728128,26781.353169972343,5824.138670176379,0,3,True,1.0
7b200cf1-1704-ea5f-52c9-9f8969205c09,15.0,0.7200635351257144,38849.42089821895,5668.490922887656,1,1,True,1.0
d9453dda-4898-ea81-59dd-a197587419f1,26.0,0.9852299883812204,33105.63172350697,5819.203073059533,0,2,False,1.0
e6224810-bdff-983e-785c-05172d2c94d5,51.0,0.9978666907694498,19056.19556026257,943.6919340160534,2,2,True,1.0
37e5d1ef-9c84-f3ac-c1e1-7ba786a97194,90.0,0.9067516215299352,31240.06483861473,0.0,2,1,True,1.0
58669d70-4fb6-687f-71b5-6d829f29ec37,21.0,0.4160890519995515,20250.585809395663,7386.440838595081,2,0,True,1.0
f0a9f9ba-df0b-77dd-03e8-7c226bed5890,34.0,0.2896445939792177,17923.995628584416,1693.3774943902224,2,2,False,1.0
b4f02dfa-3ef9-230e-7eb6-7e446b117f63,26.0,0.5555080385256881,17379.64342964172,1595.9471474412849,0,0,False,1.0
b411d2a3-bb74-558d-130c-174254db4568,43.0,0.5121663712867036,18220.723205294,1293.306574472026,0,3,False,1.0
858b7263-b056-6002-083c-9e3a2940555e,90.0,0.957474622956736,17953.539415576324,0.0,1,3,True,1.0
6f2bb21f-4418-8bb2-a1a2-be292614cffa,53.0,0.78665148191059,31381.81366417776,783.2201027340715,0,2,True,1.0
148e1988-0845-e720-0fb6-750aa316fbc5,11.0,0.7617018891617666,18744.50406673265,1549.8903028971274,0,1,True,1.0
c04078ca-48bf-e5b7-416a-41b3bc262657,4.0,0.6533502043958185,28813.123244984577,7864.389100007732,0,2,True,1.0
2b091e4e-0167-f9d0-e042-bedae43c0b6b,12.0,0.9194270540394248,17487.63212792085,4443.192753477591,0,1,True,1.0
ebbc2fa1-b866-b1d4-3d04-239682d1577b,9.0,0.988049754604476,17189.1597395585,1051.040563785416,3,3,True,1.0
a4464206-c76f-8dbf-10a2-13392842a190,34.0,0.3327937990977796,26418.919642982502,2657.472774633803,1,0,True,1.0
f2e5c6b7-d39c-8ae8-c1ad-deb2ac77a5a7,90.0,0.602103624294976,28901.35469599716,0.0,4,2,True,1.0
3242731a-aebc-142f-12b9-7d1d4546cff2,31.0,0.8894797102607589,21650.90343600332,2200.3083175115034,4,2,False,1.0
b91ab182-145c-bd4e-1763-318fd07f2610,14.0,0.9759789982988348,26209.10449803157,6120.724462912172,0,0,True,1.0
6458cff9-4a67-72f8-d73d-8d73fe626c25,25.0,0.6312555640563045,18005.175159046288,2956.4217054687333,3,3,True,1.0
021461b7-6643-f54b-cd95-34cbbb444fad,26.0,0.6635199780140865,41476.34850266452,6411.990485280471,1,3,False,1.0
43b8da83-7357-c3b4-c17c-4d87e200746d,52.0,0.8206201229243357,20401.7353805481,638.6176456317719,1,1,True,1.0
a2754706-0e8f-ba93-2640-1835f0656672,8.0,0.8125737998023541,30056.04797824937,8586.943006646785,2,0,True,1.0
adf7999e-00e7-980e-b218-e45fbb1911bf,10.0,0.976984134188071,26757.60122817856,5101.330287465121,2,3,True,1.0
239f0d29-400f-71ca-415e-4ece572a1246,90.0,0.9788263334797834,24447.048218216285,0.0,2,1,True,1.0
c7a13a08-2485-ebc4-b0f1-bb9f020a5e62,90.0,0.5807344974096607,20470.44416840835,0.0,2,2,False,1.0
f6cebcd7-84d1-6959-6636-a149bad94176,43.0,0.8521359008374595,21106.66241038388,735.0465854924278,2,1,True,1.0
9ccb5267-7c53-855f-0e9e-a4b24bf6b61d,36.0,0.5902229540155994,33246.72131567963,4262.691467529341,1,2,True,1.0
c5a1d608-6758-64b9-9fca-fa721c9acc9e,8.0,0.4203577794183269,34880.54874319608,4892.638515380462,0,0,False,1.0
377e6d46-3f7b-0b0c-477b-3f861fe274ca,12.0,0.5528409547942701,24686.597744578048,7354.928092379282,4,3,True,1.0
7854e8f6-44ee-e342-3ece-fde26192edc3,43.0,0.8684920771439759,20783.048892371586,1689.4865539012628,3,2,False,1.0
67ac040e-c2a1-6044-521d-c0757d8af6e4,90.0,0.9986465995979716,22398.03429650936,0.0,3,2,True,1.0
c73969b1-4d61-c3fb-0372-032b8ea98617,90.0,0.9058300802460406,16451.78336781414,0.0,0,0,True,1.0
77fc5b3b-bbac-3fee-85e2-e1fe069ead30,8.0,0.8612165853824848,15455.650433839448,2922.368136323193,0,0,False,1.0
8634d2b6-9a51-f4a6-f714-86e588270b69,25.0,0.8071034182841856,30526.244243964346,2545.3533392528216,1,2,True,1.0
54a4055e-69b8-05c2-6869-6cb2513268f1,29.0,0.7401943154570307,35286.09687377289,7203.806202650019,0,3,True,1.0
90b22d14-cd04-8653-fe44-b2ff63bd959c,90.0,0.5836801309450366,29211.29119451384,0.0,0,3,False,1.0
2cdc5fca-df90-a3be-a9cf-d75b15027733,15.0,0.8039481827836504,26427.28428416175,3472.17912949913,2,1,False,1.0
51bba14a-0fb9-2246-8569-16a120b9d61a,90.0,0.7975129169323572,33911.06923305153,0.0,2,2,False,1.0
8f3f40e0-0d03-46e0-5e0d-517a50a04534,28.0,0.9752686263514306,28464.838097651314,248.4158968805504,0,1,True,1.0
98df172d-0537-8707-5770-f52ded5da152,9.0,0.6482171632034223,25009.352218349355,3413.65458690843,0,1,True,1.0
09598dba-1ad9-6661-1c36-6b4d645d56d3,8.0,0.3327993270401735,22527.830706162076,4680.877249742278,2,2,True,1.0
10439410-ae2f-ad17-1dbc-18e864a8c204,42.0,0.9963622193961764,34507.788764027086,2604.672037951625,0,1,True,1.0
8e8560cf-ac4a-01cf-aa79-e5349c9564bc,16.0,0.3354847352360176,29749.19818989984,4835.820577084697,4,0,False,1.0
c4cd8456-a838-d8c8-44d4-bdce26358643,90.0,0.943819514840886,23413.476030919097,0.0,4,2,False,1.0
9821984c-91d1-2650-fc14-ab5daef2c1ae,7.0,0.4545165857786505,25832.80022182149,2064.8098616601865,3,2,True,1.0
8148260a-5adf-24d9-382e-4f46d61529de,30.0,0.4383954102604789,21443.519882018118,4262.998500384412,2,1,False,1.0
de9f8bd0-d9a4-ce07-d5a8-d01541726c13,39.0,0.6199764880736763,29271.61056985812,2916.5169042056223,2,1,True,1.0
5c96c38a-18d3-d128-9382-dd68ca0a870c,90.0,0.9265941962955148,25024.123473780328,0.0,3,3,True,1.0
1b224b42-f1f2-54f3-dba1-dc995912ed6b,22.0,0.9969331804093344,25698.961625298278,2719.5431313201743,1,1,True,1.0
39ccd7b5-c1e6-3759-2cd1-d6f7291d3feb,24.0,0.9872364929695436,30381.13425433892,6283.184569475728,1,0,True,1.0
2bbf17ad-c806-2b20-505c-1579bae06ade,59.0,0.7530126507147489,19008.32390222316,69.29797178587647,1,3,False,1.0
047e5386-72fd-08c5-a829-fe05ae9d6c16,15.0,0.969701006780157,16310.935916448225,4157.8237404279325,1,1,True,1.0
1ef48ba0-dffc-4b35-b825-88d598a9eb29,90.0,0.9968371873698376,30841.433277711745,0.0,0,3,True,1.0
1de766a8-08ca-e0f0-37b0-4e82de66cc98,11.0,0.8082882592603473,29018.707797042927,4282.076887732118,0,3,False,1.0
b0d3afef-80d0-cad6-ae6f-a5ff18a64cea,41.0,0.8660748452402275,25412.29358778,2962.7762639191496,2,3,True,1.0
26c14b83-2851-717b-0c06-5fae6d6592c7,41.0,0.3749985940458524,28427.50077034611,877.1819508093816,3,1,True,1.0
c0cb2430-72e6-3385-1c90-110902079362,43.0,0.9688449171300588,30538.93951007992,2588.7924949962644,1,3,False,1.0
2cafa225-4d4b-f93f-8884-ae998178aa64,31.0,0.7819328692244254,36905.19294129679,4059.686173752338,4,2,True,1.0
d9ee39d7-ab34-d0e4-0e68-2a14b4afb322,90.0,0.8704297632840464,25450.45686230431,0.0,2,0,True,1.0
70e28a42-3a0a-fba8-f1c0-81bc8f47f12f,6.0,0.6269007240188825,35786.84451619081,4837.822522307435,1,0,True,1.0
39fc78be-49c0-a2cd-eb20-3bbcf9711a8a,22.0,0.732379758653736,26745.593069702754,4921.873236991004,2,0,True,1.0
001f0340-e699-c0a8-2ae4-2a053444dd2c,90.0,0.9536471552048216,28316.817929295565,0.0,0,0,False,1.0
9170c9cb-b781-408e-acf5-19fe2f127a1f,9.0,0.7041268284502726,22991.42125990755,0.0,3,0,True,1.0
7f3cba96-5a03-b88e-11fb-cf0b0de0dd27,90.0,0.8988875154324123,26422.334759109144,0.0,1,1,False,1.0
a77c4949-688a-0b1b-221d-16c2239cd5da,7.0,0.9816698007285029,23166.86151442498,7771.727356091321,0,3,True,1.0
f64dbd8d-28a7-7018-c159-ffdf87ee2207,60.0,0.7126909079710009,22116.011148173937,137.21623142597295,0,1,True,1.0
c8894634-c990-c253-5553-e4ffb56fb619,35.0,0.7821335648824357,26681.253466529648,1579.2469735670982,1,2,True,1.0
513c56e9-d76c-0d38-c3d9-ff871f2cd21a,41.0,0.8649402899606106,23468.89546344605,1206.9550391279251,2,1,False,1.0
36f814e1-e71f-2a02-f90c-b49d0de69172,6.0,0.3766785511797181,37958.08607661326,5606.54738137294,2,2,True,1.0
1fec06c1-2b2c-451a-d7f5-98c95944359f,16.0,0.3763461047526447,26524.12406002359,7004.846740919513,2,2,True,1.0
618857ea-2bf8-b8d9-1e1b-be49c0267575,21.0,0.4572502016854308,28477.433425077303,1974.105041929784,1,0,True,1.0
853abd2c-496d-100d-00ec-0e827c6918c4,11.0,0.8516809343891123,31327.17510886348,8206.87725180711,1,1,True,1.0
fceb0573-eaa9-f4f8-c972-5065329a3b77,25.0,0.4226756355238608,19860.46485073624,4897.343898010571,0,3,False,1.0
8a4d0a9c-9bec-423d-a61d-d335438dfcbe,50.0,0.9046617165749236,30344.20745051084,1281.371774306303,0,3,True,1.0
6058b536-25c2-200d-5824-dc508aa523da,15.0,0.8356349577757581,20790.931505958026,4983.476248391748,0,0,True,1.0
ad082f36-316d-09cb-95fe-8adfda951eb8,17.0,0.5483664376404461,28554.59496248848,2996.0702774553074,1,0,False,1.0
c2e95268-4f4c-45af-c184-115d33492a83,9.0,0.3139795615482499,24038.402989931703,1609.5126008907223,1,2,True,1.0
84e50410-fa5b-4555-78e0-7b845a770d6c,90.0,0.9978740839920002,15101.963565559872,0.0,1,0,True,1.0
c4e25c72-5705-45be-7571-7216bf4aadaa,90.0,0.9979104611716456,22760.677875540743,0.0,2,3,True,1.0
1c9ca275-0477-e665-30db-597898f7e4e8,37.0,0.8288174409154675,25825.571353751748,2206.9973542417706,1,1,False,1.0
b7de8ebd-3279-3a17-c934-180712e1872d,32.0,0.5594497530085177,24601.785790930157,79.01734274127689,1,1,True,1.0
2c5fa672-24ad-a5c7-8f8b-a941472016ac,90.0,0.9247402255342831,19290.427100902205,0.0,0,2,False,1.0
eac42624-accd-9a65-7955-9d55b3b136e5,6.0,0.8635259012727565,19138.762594480213,546.0789340127343,4,1,True,1.0
ee51bc89-f8e2-1c65-3345-e75ba27952e6,3.0,0.3916931558661364,17339.512526787337,3832.372118433068,2,2,False,1.0
a637abee-1c1c-440d-2601-3391f506f090,45.0,0.2836196689348489,34159.59674017641,2207.2943199727742,1,2,False,1.0
7088d570-f764-ff69-02ff-fb444d743ffe,42.0,0.7070699535516807,23389.93330991253,511.77712264155633,0,1,True,1.0
de9a3aa5-b74a-b6d5-3a74-95b96603b383,31.0,0.915888830727326,25829.907618867244,1984.52763504793,4,3,False,1.0
5cc44333-4133-9086-076f-2b01cfe82f8b,21.0,0.9589602228555248,31983.74712787411,7170.716055051318,0,3,True,1.0
ca738a4e-d369-b2d3-b2e5-46cd6c5cae19,54.0,0.914872039113908,29032.007299521167,718.6372072183252,0,3,False,1.0
3160145c-4cc3-f7ed-b4b7-051785913e7a,90.0,0.7099598934047228,18719.52606989248,0.0,2,1,True,1.0
7df512f6-96fb-b9b1-6103-03cb76613078,16.0,0.4485987598419111,16531.44378868738,4088.19752745221,3,2,True,1.0
9e1bd7fd-838c-7e64-ecf8-aaa836843d80,90.0,0.8550858639507547,30812.5372482487,0.0,0,3,True,1.0
e303d106-d410-a656-c627-2cd52196aacb,49.0,0.2741093783906053,30702.290989976824,743.3330634694827,2,1,True,1.0
09775058-f838-1c9a-1eed-d25fb0fa3f78,11.0,0.9835845206039256,26830.518370928898,7685.060259362342,4,0,True,1.0
1a296271-794d-632d-41d2-a827d7d95179,31.0,0.95478610476641,24776.762164489424,3113.4481554322497,1,1,True,1.0
1d683c14-1142-411b-fc78-eebafbb50b06,19.0,0.419396252737912,31557.01975043693,3962.7534821805098,3,3,False,1.0
cf091b25-53ab-b29f-db9b-3c276da6900e,11.0,0.7384667402442733,27800.62855480041,4519.1582442373165,4,2,True,1.0
fdd077db-d5db-3ecc-7850-4b9ca462589f,7.0,0.9921422709600748,16115.730837515075,3007.344772136596,3,2,False,1.0
c0926cac-8b5a-4b16-347e-9a8b6ab73674,38.0,0.8324681445241908,17578.75629156495,3802.104217666256,1,0,True,1.0
29685c4b-7995-86a5-b57a-c8b3c309f31b,90.0,0.6649118682991669,27139.27508968569,0.0,1,0,False,1.0
ceca5c2e-91c1-32cc-9fb5-b6ff17916d98,27.0,0.4940060741646724,33407.077353642046,3403.096946541215,1,0,False,1.0
9a98d372-8e8c-171e-2be7-c3bfca03efcb,43.0,0.9984529024167976,21590.119632181104,1319.0547725105926,1,2,False,1.0
a653f4ca-877f-8042-90ca-ce4e2d4eae74,90.0,0.9977999257989776,18939.464192287716,0.0,3,3,True,1.0
2a5ac999-9a41-173d-9f65-049b4cd7eb41,8.0,0.6590969409765299,29747.768249490106,3829.3968307766695,1,0,False,1.0
9a4b4567-3ece-0b0d-b01e-c83115ce8da0,33.0,0.5406012897007149,23603.52844506283,1929.942279625712,3,2,False,1.0
8c0a13e2-8740-c03d-f8c2-33c5029b98c0,58.0,0.9666490629605832,24069.95356581905,281.13177892034093,1,3,True,1.0
fb34c9a6-dd6f-0914-de5a-8df890bc41a3,39.0,0.8325454358215058,29062.942226593503,2082.2072546897666,3,1,True,1.0
072dd616-7e9f-817a-0dfe-d84a7edfce83,36.0,0.9402506094995808,21895.877457066526,2081.1985089471773,0,3,True,1.0
4eaada29-6dda-6d3f-2fe0-f657ef3f66f8,52.0,0.7788756933742281,31839.712371943267,1221.155470750997,2,2,False,1.0
6b63820c-394b-fc27-87f9-a2aabb9ef282,12.0,0.824282078609488,33156.323363779826,6119.812525241288,1,2,True,1.0
7166d6a7-390a-a421-d262-51b0124c93bc,24.0,0.9546863439500248,28436.38779132219,5669.457839415799,2,3,True,1.0
7e4bb85e-d4ac-57d4-4367-c7fa07a58936,9.0,0.9958197871605452,33715.9935424629,8519.329835111796,2,2,True,1.0
e88993e4-cb7e-9450-3792-a2eae246b34b,38.0,0.663927586659023,30807.83835900017,3177.2003725782183,2,3,True,1.0
9315347c-ae53-e94a-a3d4-32998c40dd29,22.0,0.982822493731746,27660.433032877914,5256.322463096639,0,0,True,1.0
bc93f605-1a87-63ad-b46c-5c25f16bf571,20.0,0.6817310238106943,35497.59993827471,5893.782279617049,0,0,True,1.0
abd29d80-8353-4a9c-1bba-4dc15b39f7f0,28.0,0.990562187525861,20125.71004754459,1180.068048779444,0,2,False,1.0
912afd02-fe73-2b84-5786-5cd338be6c42,40.0,0.8763144681672844,33792.80313117604,3439.712782264457,2,1,True,1.0
73ff5147-9f46-0e1f-644a-739eda4fc568,9.0,0.3013700711034216,26660.408187400604,4931.135686442549,2,1,True,1.0
1352f795-f70e-1190-edef-bde0fc1f87b9,10.0,0.4854767611643522,25139.29706113877,2581.08657986442,4,3,True,1.0
779ba1d7-58c0-e113-fc86-a3185f6182a4,18.0,0.9967317142987708,19122.89875092051,6320.9495766592645,1,3,False,1.0
3bc0c33c-7947-1a3a-6d5d-9a31b1fa1b10,90.0,0.9945126632292164,13717.95930464824,0.0,3,1,True,1.0
e01be4f3-e024-e2cb-4f8f-dab2a05b87a3,50.0,0.8863486193368909,26971.228289514223,1101.605354135484,1,0,True,1.0
75b4b661-3518-c0af-fc10-d9486f29eb1f,33.0,0.9996589011833252,27910.1099298647,3124.6628546856405,2,1,True,1.0
e6fdec9f-57d5-84a1-c6fe-003b54553e86,90.0,0.8900241143018709,16550.99292420485,0.0,3,2,True,1.0
50a6fba8-2159-fffd-d985-875e09be1951,21.0,0.7471165292654602,26990.75192975363,3545.6390819846656,2,0,True,1.0
34c71448-efd5-397f-d340-8c60a4b051f5,33.0,0.7224424656471273,22350.48141027963,2143.3138518682117,3,3,True,1.0
04a264cb-071a-58ad-8b56-075a247eab20,90.0,0.5574669405117307,31268.709283500808,0.0,1,2,True,1.0
21f09587-67ce-b91f-aad0-a4d4c9611950,27.0,0.8673278194024401,26873.59754806275,4418.438480840744,0,3,True,1.0
fb1edd91-84c4-d929-f6d9-6e58a4bfcb28,90.0,0.851159618199983,31848.70821734192,0.0,0,2,True,1.0
7d7ccba7-79a7-eb49-6673-444bdee0d5f8,29.0,0.9129422481072996,22117.22941928835,3442.811954481302,3,2,True,1.0
971bc4cc-1dc8-fdce-cc76-e6e05e5e765f,90.0,0.968371461353251,32143.49859332338,0.0,2,2,True,1.0
e7c93503-8538-67cd-b796-2f0e083aefed,46.0,0.8492447703636793,30545.20101982271,2234.427003895991,2,2,False,1.0
cc56963b-e9a3-5283-82af-fed767ceb01e,34.0,0.5170678074007963,25148.66226049868,926.7020381040454,2,3,True,1.0
3f04f124-9b0e-3c75-4532-f2e652bdc76c,54.0,0.5844350439896151,18384.61294384335,268.36205079290124,2,3,True,1.0
77561b56-d1c4-8895-a937-30591c1cbf6a,38.0,0.5120927915895467,25621.91267285394,3439.7696134776006,2,0,True,1.0
5b5f3834-2fd4-4e04-5f43-1399c8372b4f,90.0,0.9840126936972848,37116.14074295436,0.0,1,1,True,1.0
72879efe-bbf0-6837-a601-1190344a1603,90.0,0.9717796029338678,19306.176521441004,0.0,3,1,True,1.0
49efcdf9-a77d-18bd-8c60-52b6a1ab059c,42.0,0.4442383958861088,31227.45396193546,4244.149053604618,0,1,True,1.0
fb154acd-8f0c-83e4-fd4d-1b280dcb7a1d,21.0,0.6040120727868842,29794.222878367564,6528.057750454497,1,0,True,1.0
da9acc4f-24ed-83d3-0f1b-1bec00c4e716,21.0,0.571134754338142,32921.737271209044,2625.884949813208,1,3,True,1.0
7d84fa53-b03b-e441-9868-4236535727ab,90.0,0.6472965732636025,26196.516028881924,0.0,0,2,True,1.0
75bfe752-af15-0ecb-ee26-97d76145b690,37.0,0.4055956318114492,28397.980730824354,2931.6691607020543,1,3,True,1.0
bd19c528-3d89-c718-e72c-c7ab83972343,7.0,0.996898264578609,26186.431458799318,6988.705796458594,0,1,True,1.0
32f80773-1271-dd95-c8eb-21a8fca08a93,42.0,0.9797821818201468,24087.96464318902,1297.5178778902014,4,3,True,1.0
5eb68763-e970-cbbd-791b-922129cbb634,15.0,0.4931097245322208,33493.4509054152,4612.251230480112,2,2,True,1.0
0f2eac05-9fec-7157-d24c-558c02040ac9,43.0,0.9665904544258288,32499.324921168645,1312.2324470706153,2,1,False,1.0
9154ef41-e37b-0f8a-a57f-f99e626a1ab6,90.0,0.4748667240512638,21065.4687956153,0.0,1,0,True,1.0
94455d8a-d87a-a599-3d83-b1899e930237,19.0,0.5600028994391043,24967.48695740881,3813.641544261507,4,2,False,1.0
b58223d7-14c5-00b4-24a1-853fcd50892b,90.0,0.59172611186809,28855.85426898808,0.0,0,1,False,1.0
17771ea6-7595-8fca-eef1-aef49a203d23,45.0,0.9722868519920532,37826.56170749874,1391.4691949096036,2,3,True,1.0
c663ea3b-3b97-3634-2f4e-c5323a11ea39,35.0,0.9798182732136068,20475.455049966036,4608.521706580095,3,3,False,1.0
9f3882ad-375b-19ed-0dea-f0f0fa2c24e4,90.0,0.9964743026873472,20664.423079218417,0.0,0,0,True,1.0
da64c520-9a8d-ad6a-60de-95d7c250e272,90.0,0.9991382244981348,14512.00222818682,0.0,3,1,True,1.0
622e53c7-d58a-d3a1-22f4-9412e75c656c,90.0,0.9603296962474952,21533.08036826057,0.0,0,1,True,1.0
27be245d-721a-027f-0368-67b8d8cbe5d4,39.0,0.3031063611623829,25859.04602437336,3660.98226831941,0,0,False,1.0
ed0aad59-881a-bdcb-066a-c23a2a1caa22,3.0,0.8063352527976876,21901.72720670853,2128.077286622814,3,1,False,1.0
371309b7-5001-2d96-ced9-a18b433e8a56,21.0,0.4477351179170831,33527.13111641037,3124.245645317361,0,2,True,1.0
d9f8b7db-2548-0ddd-a793-b38b9b82d425,90.0,0.904129680342858,26439.42495486364,0.0,2,0,False,1.0
e8b819ef-d212-5ea8-af21-42900bb3a842,32.0,0.9968437475728302,31045.23302999521,1743.946689651425,1,2,True,1.0
a08741bb-b982-54f9-0070-fa341c666b11,90.0,0.946601398769334,11137.697668012235,0.0,0,1,True,1.0
a5c52308-873e-12ba-004e-640d7304f3e2,57.0,0.9334115095545878,21813.59661475516,359.77845955562526,0,2,False,1.0
2628c216-0d50-4b3c-56dd-092d3b621b2e,90.0,0.9939198900128106,31896.993868054466,0.0,0,2,True,1.0
6742bbad-0842-123b-f164-cf382450e579,12.0,0.8560342223556321,24214.957922394675,2853.261830722171,0,3,True,1.0
52c8081c-6b54-6551-e6e5-46a9026026ec,27.0,0.850862747680491,25820.498341245533,2500.3153668517584,1,3,True,1.0
94d00535-31e9-e341-3c32-ec6c1633966d,11.0,0.975455771804804,19050.748874085977,3868.430308208345,0,1,True,1.0
98a0d6d8-62e1-c9f9-4f02-b4efc9210a3d,53.0,0.9956778256547671,24798.286564839625,280.0919205673745,2,3,True,1.0
cbee3ea4-444f-caae-8376-65654736e20b,15.0,0.92429383075171,34663.5019823314,7445.733491328338,0,2,True,1.0
2079c565-ed86-72f5-3551-2563d73210cc,30.0,0.4965455279237739,33497.00528937468,4244.225723025735,1,2,False,1.0
86ca5267-3838-57a8-8ed7-4b16dfa938cd,60.0,0.2815140133242668,37927.299268252704,263.2477830609729,2,3,False,1.0
8cb1df9f-d292-c8dd-b244-7336e5e49067,7.0,0.4146779283287408,27064.593587846368,4009.114200775478,1,1,True,1.0
fd47e890-935e-d4a8-b78e-f0f388ea2700,90.0,0.8904889644262184,22880.5128944504,0.0,2,3,True,1.0
225e749c-2626-77d8-4398-6693f28acdea,90.0,0.7609866555998388,26141.62551076938,13.77064950297235,0,3,False,1.0
fde4d1c6-a9f5-03d0-ad2f-0470f6b1408a,12.0,0.943450610624127,34442.511573060874,4921.496573205649,2,1,True,1.0
a3ca5a9e-3d68-8e91-5f08-03667ea21898,53.0,0.4239523834239586,27200.411015140657,494.1294664439616,0,3,False,1.0
a4b8a7df-61ab-0b7d-9fdd-4df60c17869d,25.0,0.291159932557046,33793.625271637866,3255.713683272152,0,3,True,1.0
d68a9e8e-d121-5f39-0f97-35c129902463,60.0,0.4976585035330879,26947.84870825754,0.0,1,1,True,1.0
441afb3c-b97c-13eb-e44e-c3a68841cd86,44.0,0.817281174947141,30907.72441774596,3678.56597825613,0,3,True,1.0
8a214562-fec7-6631-863f-58a3bdc0c8a2,55.0,0.8222843084162137,19868.01245129551,364.8607383908092,4,0,True,1.0
e88225f4-dca3-ddac-b720-39809648381e,45.0,0.4282654310818793,14903.028844351018,805.5157523858486,4,1,False,1.0
bc90f65f-28ea-1b38-3ba8-2c7fae318837,36.0,0.5529906675391653,20475.662221418148,933.5502366244914,3,2,True,1.0
640ecaf5-ef5f-9a26-6c41-377de98fbed0,47.0,0.9941733629445692,31818.86704131094,2171.0089971445823,0,1,True,1.0
e24744dc-65b0-44fb-a81b-fe859e7a05ba,36.0,0.9775892432740038,30623.768428087253,3142.796203628823,1,0,True,1.0
8958169d-ff84-02a4-1858-c7ef854fe2af,26.0,0.8775398570387449,24730.538225474396,3369.5423075070303,4,0,True,1.0
786b5d80-7382-e4a3-86e7-3fe4bccb686b,59.0,0.3431730043033368,33806.17409309652,75.01697002983732,3,1,True,1.0
0997a817-2631-f24b-1d58-e59af1bb9c5d,47.0,0.3181488518620813,38451.87737987926,1467.79753730821,1,0,True,1.0
d4bab111-9271-9928-ca98-d75c99e7f435,90.0,0.8838343634867024,17883.338781881375,0.0,0,2,True,1.0
f31a7897-b35f-3d23-a9bf-0f8ae515f801,10.0,0.973673101428312,26025.02552416257,5994.222095542227,1,0,True,1.0
c9c8f7d2-1983-db1c-54f6-8fa3d59fe0a2,90.0,0.6694714643192062,24360.745433650605,0.0,0,1,True,1.0
a6408340-3021-76a9-b402-9b18a09b8c4c,53.0,0.6818835883110058,27873.047150240694,1135.8721734114629,0,3,True,1.0
2e0d4a2f-3383-5e18-6ade-9918eee76b3f,90.0,0.790470390726291,20209.68783404897,0.0,1,1,True,1.0
10dfeaba-f66d-066d-740e-6cfc9e51a3e6,26.0,0.669727779839582,20589.47147492899,3195.4637052165576,2,0,True,1.0
64495792-c873-8040-f51c-9f273a0f2ef5,50.0,0.4298878839583862,26982.683809374365,1582.2502651106824,0,0,True,1.0
e326abcb-0d93-0e30-f1e3-a8d331138f0b,33.0,0.8973237311935683,33829.234393275125,3938.9648825854633,1,2,True,1.0
c738fb88-df66-fc27-c3b6-1581b5215e8f,90.0,0.4545461006247351,33533.739554783766,0.0,4,0,False,1.0
3d7f5552-6309-9f2a-f56b-1fecfe59f9b9,18.0,0.9821497519778332,29254.726345336792,2931.8236278504005,0,2,True,1.0
8ea00b1b-3764-7ea9-aa0f-e580b6594d71,90.0,0.9291463684883708,21670.41503204097,0.0,2,1,True,1.0
0c4bb4bc-f5d5-d9df-d04a-cf54760eaab6,18.0,0.5130019289685505,31259.68197384918,10076.555763208316,0,2,True,1.0
92678014-06eb-3fc0-702d-72fad31f6e4e,14.0,0.5062466032953289,32770.97731064104,9004.209943677713,1,1,True,1.0
8e7a087f-09f2-52c7-6bab-d6f69de9c640,12.0,0.4605101829186752,22330.693613882897,5646.697394938937,2,1,False,1.0
7acc2731-3837-d1b2-bb64-429a686f0eb9,16.0,0.4392978546352548,34273.843417238095,6552.936850180753,0,3,False,1.0
c1419539-043a-ca92-6415-bd492135d689,12.0,0.9636584411036104,27209.09666881968,5360.1996209002855,0,1,False,1.0
6ff15fa2-5ee0-7b83-d13a-3b9bb67d3ac2,90.0,0.9499631448276348,23101.088696447558,0.0,0,2,True,1.0
783acdea-86b4-d3c9-ea0c-4b989611e032,43.0,0.281958449962676,23264.604618422272,1216.4394316865123,1,1,True,1.0
724f921c-bf9f-3ede-51bc-bffabe718331,90.0,0.9935092033854508,14414.355100232538,0.0,4,2,True,1.0
dafb0a2d-ed5f-a604-5a54-e3c0fdf80d70,42.0,0.5107646116439094,29846.523026467166,1635.3216163046748,0,1,True,1.0
63524b77-2e35-e76b-6c51-ccfd424c6a32,25.0,0.6058659645548354,39052.02967945755,6494.451565224665,2,0,True,1.0
af42057a-7682-b72a-a6b2-eb30328657a3,51.0,0.9938304369885854,18646.96367421105,673.4837784824665,1,2,False,1.0
2b5ce6aa-f2b0-1be6-a553-dd5aa412eff1,3.0,0.5997917331409139,26534.942157568337,4514.358723282451,3,2,False,1.0
300003a3-55f2-c052-014f-aa273aff3938,90.0,0.9390655642712789,29852.885898717253,0.0,3,2,True,1.0
d83762ff-e73b-2309-117d-9fba79c11fbc,90.0,0.4139340875675405,14912.031849955609,0.0,0,1,True,1.0
9a0ac02e-7acb-da96-936f-be67fe6142c4,90.0,0.6317833032529996,26700.83421211065,0.0,0,2,True,1.0
1147f1e7-9db7-8d2e-dc94-819282484bb5,90.0,0.809191261212871,24707.528724488755,0.0,0,2,True,1.0
9e14fac4-a174-9cd1-2446-abc836192e01,90.0,0.986342192619722,19360.72296578021,0.0,2,2,False,1.0
916373bf-414f-f823-0e2b-8e86202f71ba,7.0,0.754678921021285,30033.028568264293,8627.97328878723,2,2,True,1.0
8702c10a-1039-bbb8-9819-8bcd71740637,14.0,0.8911065924975341,15214.340642878198,2843.4427023931453,0,1,False,1.0
67de80f0-671c-2531-1a65-ee83b5c31096,52.0,0.7819557300599319,21796.65688581312,1067.5110178079294,2,3,True,1.0
ae8004d1-7926-d8b0-89ad-7b70313974c5,33.0,0.2804018249613383,23769.90797676024,3018.539911139864,0,2,False,1.0
539d0030-f9b3-072c-37e4-af3fb1b816f1,90.0,0.9746391009926209,19502.390021827807,0.0,1,0,False,1.0
00b59749-583d-78ba-dabb-cb0e71af58a7,52.0,0.7760492802392913,27696.454921280183,394.7878090519239,0,2,True,1.0
060470e2-a56a-317b-8dc1-1cd86a4203eb,36.0,0.4991101599892885,27264.31158295812,2109.304448311308,2,0,True,1.0
906ff303-49ac-2a60-42b3-f28b1df8ce10,32.0,0.3363983529243762,14496.810453113108,1205.0143650191903,0,2,True,1.0
aa12cac1-3c20-5fda-a68c-6ad37cd151d6,18.0,0.9971250052370134,19832.893964215385,3647.467425297621,0,2,True,1.0
25aab60e-4487-b680-963b-b4a06d361d4e,51.0,0.5460379637725074,22690.60389226192,703.628539008863,1,0,True,1.0
09bf1cf3-501e-e4ef-b618-aa5b14a44566,10.0,0.9637213526579568,23319.47407448528,4767.274262810065,2,2,True,1.0
cc885cac-4678-7fd0-aff5-6e2f1dbb562a,90.0,0.7868033490263985,19481.361101726903,0.0,0,2,True,1.0
0ad7f80d-f48f-0377-bb03-fba4a716f061,90.0,0.5832609022544564,22064.97811255857,0.0,0,2,False,1.0
16533d78-b9cf-1b1a-4a74-f77186b9eb52,17.0,0.951415179766924,25640.604773587827,2620.938965849962,0,0,True,1.0
ccb17958-eb12-a3b6-9220-46a5ef6d9e77,29.0,0.9608505969599044,28509.586706969578,1166.2091436192186,0,0,False,1.0
661d3c3e-f01c-6655-e3fb-d0d3a9560396,38.0,0.911838297979818,21665.67373475667,1379.729865444193,4,1,False,1.0
83a5ad5f-6451-87cb-91ca-8fbb637ad305,13.0,0.8149722484613706,29230.53409791288,144.6562117931968,2,1,True,1.0
9911b634-9e13-5906-90b4-852e9e4e4450,90.0,0.5949428099224172,34090.32616671257,0.0,0,0,False,1.0
f31692f5-c33d-d389-1e9e-715feea47dd7,29.0,0.9971637542618058,29331.728872366915,4491.617939134665,2,1,False,1.0
eb491efd-8a81-b73c-75ea-38edb191ce67,58.0,0.9143537383922048,32510.803380151952,180.96558118315644,2,2,True,1.0
8c16ea8c-368e-70b7-47c3-53a66f2d624f,20.0,0.9903875272817586,16255.842364136,3176.9823094941185,2,2,True,1.0
3d275b2f-f946-e644-f718-52a8a4a3a99e,11.0,0.5742601726316888,32695.44551207769,6244.166786221821,0,0,True,1.0
5a6712d3-2f6e-e59d-b956-abf2d1e1c183,90.0,0.4509411900264128,19390.47653683929,0.0,2,1,True,1.0
e60ef1e0-0387-83fc-e795-e1bc0106b33a,23.0,0.611269140943445,30345.109170652995,893.6492212769347,0,0,False,1.0
1268ab57-9732-bfe3-e3b3-b030966e0f0d,53.0,0.984048229705246,28016.914512146974,1051.73687646471,0,1,False,1.0
51f967fd-8f51-8465-604a-ce0d76923f02,90.0,0.6701586464168446,25083.410070055943,0.0,1,2,True,1.0
7dbea9b0-dc42-843a-7b4c-e6c2fbe403e2,47.0,0.9469223535044844,34666.9249684628,1893.0530478960952,2,2,True,1.0
bce90dec-1136-953c-c2f5-e7acbe499ec5,11.0,0.7602236677028366,29278.272404459083,2735.4607820460656,0,1,False,1.0
1676bc4d-0a7b-2122-c402-48b6ea07fb34,38.0,0.990174166888252,24127.35979215135,2033.3822070021392,1,1,False,1.0
7f587da9-479e-e64c-a0d1-6656a8d5a2f4,32.0,0.9920239327517312,27030.54291093317,3456.318336886845,4,3,False,1.0
ac1ebc51-b2b5-726b-bf7b-98c6baae2bd3,23.0,0.9996692102619322,26104.97285935872,3324.908991148435,3,3,True,1.0
84648deb-16a3-4d3e-6213-981350f86eb8,90.0,0.608582881941737,19497.481130864115,0.0,3,0,True,1.0
af8b8cec-bac5-36c2-b849-82ffd75bc935,90.0,0.9983972178654142,17412.37604926221,0.0,1,3,True,1.0
063e9766-07ab-5751-f6fc-4b9cd31c374b,11.0,0.4007252876372483,38059.51645409368,5893.6641831616,1,0,True,1.0
354dcf95-c14b-ea23-d9bb-94e3fe391b62,51.0,0.3147796867648014,32326.39223700744,1664.5407413064509,0,3,False,1.0
390b4967-219b-8a14-d4a3-76622dee1b15,22.0,0.3354692501456439,24223.560597597138,3489.7010643171334,0,0,True,1.0
c223f0ef-28b6-591a-a29a-287547e2f118,25.0,0.5850490740831831,18654.564342781166,1578.339962705743,2,1,False,1.0
e0c02ddf-91b6-9c18-4521-ea3c1ae0f8e0,10.0,0.9774743685736824,35822.08401605995,11565.84948106321,0,1,False,1.0
160c2b02-367d-bb67-d684-4fb1df474370,18.0,0.918613994635285,25057.14024621646,1950.5418130981727,0,1,True,1.0
8005fea4-6a6e-6489-72fc-23a0a85d95c7,60.0,0.9183560863023028,33920.054951053746,108.82368879863016,0,2,False,1.0
dd935155-de16-7631-00dd-c28863b1c803,43.0,0.3267111048115286,20628.73251987206,1693.3894975060516,1,0,True,1.0
e2518fa2-ab3f-bc52-0185-ed2e59f08125,46.0,0.7845573605433099,32784.57063199862,2718.0078959663388,4,2,True,1.0
b6767450-a1d1-f802-4828-b8dfc6b0bdb3,90.0,0.9916048834007656,26916.53766462969,0.0,4,2,True,1.0
b29105eb-3e4a-b7e8-6690-4ef271fadc5e,90.0,0.941422021316304,18950.30799158531,0.0,1,1,False,1.0
233998ef-b549-2ba0-e240-758d3d0b3660,40.0,0.4856261286195059,23483.32943645089,2812.664593428763,4,3,True,1.0
2bb3cd73-bb9b-ecc7-56f0-4afb52874d6d,51.0,0.9955781494042268,21989.25659584744,813.3958777794808,1,1,True,1.0
913d7c11-3ce1-101d-5545-0946a1c314e2,90.0,0.675085916839287,20113.192834509653,0.0,0,1,True,1.0
63f166ac-38c5-1aba-7bf7-8c14053576ea,90.0,0.9302351411653188,20409.54449379337,0.0,2,0,True,1.0
a8263437-943d-13b4-db3a-c5c554dd3b3f,59.0,0.992463933051073,29827.624752055417,385.3354384600324,0,0,True,1.0
a900ef86-73a6-eff0-68c0-635ecdc38987,18.0,0.3314259036371978,28859.28722408294,4707.431655416544,0,3,False,1.0
21f03e08-8626-3901-e924-f46ea4b18c5d,17.0,0.3667463903315112,34113.30744597316,4926.020641751421,1,1,False,1.0
399e606c-e50e-a604-3de5-89b8647af633,19.0,0.3533782910092307,27873.642194962853,7550.849390958897,2,0,False,1.0
8da40288-b2db-48b6-0150-7f7d3e96d760,24.0,0.975626250228462,25659.26856975271,3820.0456559871423,1,2,True,1.0
84bfc4a2-725c-f01b-478f-a242bad6f2f0,90.0,0.8851071157055099,32621.99784334086,0.0,1,3,False,1.0
cdd36b3a-e4ca-0258-dd95-4b5b9970d515,35.0,0.9969382328569052,27446.163723974565,3034.874734106733,4,0,False,1.0
2f773f1c-9358-b9d5-a681-45a66ed7bba4,34.0,0.5209778356620703,19946.21913517796,2098.7573518696186,0,3,True,1.0
20f917c4-525d-afff-95c0-87a779148976,14.0,0.2809949227289344,30583.40385954376,9228.229680292625,0,0,False,1.0
42c09f71-18fc-bad0-4b83-8a4afe98d4d0,16.0,0.2825684091636545,26678.023777901093,257.6747282258589,2,2,True,1.0
f70e02a7-315c-cc9f-7e63-e7f3785ebddb,44.0,0.6510384831463366,29522.64023847871,2244.208647310896,1,1,True,1.0
5ccd94f3-563a-77de-15a1-12942f0374ce,90.0,0.8958083881100378,20381.290423115228,0.0,1,3,True,1.0
461e7c58-bf21-3de4-b1fb-b2ee00a427d8,4.0,0.9773990137191658,18554.796201807607,4970.805321205146,1,3,False,1.0
8c19bda4-bbc7-28e5-7ce2-63842433492e,36.0,0.9397196680705342,34972.16440452752,2180.3171881533417,2,2,False,1.0
fe07971d-85e9-5112-ab9a-5a352fe6599a,28.0,0.7386548863373608,24222.95149206267,3494.795986429257,2,3,True,1.0
e95e45a2-f012-ef5f-0fe3-8cac23f8d825,56.0,0.3884368750059852,26826.919598850927,40.72168583337393,4,1,True,1.0
934ba99c-b67f-b93d-f89d-ba9934ba3477,40.0,0.648681184527196,22631.41431092741,2868.1919044519404,2,2,True,1.0
ab1f7e7f-c844-0ae2-236a-365dc9884e4b,90.0,0.3379089234793718,18200.992027305627,0.0,0,3,True,1.0
8cb6afd3-a1dc-1030-a6f8-0e23273918da,90.0,0.9724448145098116,32347.20768946201,0.0,2,0,False,1.0
021e7158-1226-9a11-41f0-fd131897b9c1,13.0,0.9798968397253024,18305.573261548983,4333.340499230251,0,1,True,1.0
f1ae3194-77c6-e1a8-55c1-0643fb4f82bc,12.0,0.9997805362322808,30844.85883720141,4815.427745668384,0,3,False,1.0
09931201-ed9a-7dc2-b63c-da6240e0863e,15.0,0.3997885731310437,31362.521915251848,1121.7129419316252,3,1,False,1.0
914ee2a7-e042-a9f7-43a7-9ce268556248,30.0,0.6798676342119009,23146.33412380661,2706.4870583965435,1,2,False,1.0
4c5998f5-8b90-d09b-9293-bfd501d4f66d,10.0,0.9935415477879288,26867.06461642283,7034.471065295619,1,3,True,1.0
163213b7-43dd-8d2e-897a-90574bd2eb42,90.0,0.6131125984103004,24560.433264224343,0.0,2,1,True,1.0
1a0bceb0-f25a-526c-5078-56491c26abf7,30.0,0.9768923119174928,31899.86386533389,2577.207950454493,0,3,True,1.0
ff99071a-83c1-32d9-daf1-5532c7ed4133,13.0,0.3810479431865253,27686.98027742175,3665.036444635887,2,0,True,1.0
be83f638-5931-56b2-6f39-a8aec2efea4c,33.0,0.6302564969196597,22612.345404866137,2987.505151341673,1,1,True,1.0
61da24fc-1365-acd2-ce5b-b5e70f665509,53.0,0.977792157666616,16107.486631561747,271.75252662759044,0,2,True,1.0
63830f7a-e138-3eea-4a90-5ec4a554a30a,3.0,0.2857013978484708,24019.11509163027,4125.902401223607,2,3,False,1.0
d3b6ee3a-bb74-1944-7424-269ae76ca5ce,54.0,0.9389156778526878,25080.00558568658,590.8375542326011,1,0,True,1.0
2f9e236c-9852-7b7b-3b48-137f196d305d,90.0,0.8858062263917776,17192.297104867117,0.0,2,2,True,1.0
2dc9b80a-a6d1-5d32-e3ff-4faa73450810,20.0,0.5359570152274984,24745.76668983688,2756.747359782184,4,1,True,1.0
8ac7430d-95ce-5a10-d0b6-74ebb6a4810b,90.0,0.4233519067498518,28424.007320173907,85.18361154978429,0,1,False,1.0
efe2d46d-dace-23db-8ed5-5ae402969392,10.0,0.5666745672648396,29250.32263257987,8298.3524678127,1,0,False,1.0
24c09ad2-6627-fd02-19f5-c67d1ad3d083,52.0,0.9227587695092844,24689.845243834698,1042.0320165877106,4,2,False,1.0
16a74fee-c19c-7406-1c27-39f5e4f894e7,18.0,0.9511570416841644,28186.945216229506,5888.166168427877,1,0,True,1.0
0a563a5f-6d29-13d3-860e-8502ddb9593f,18.0,0.3200211927005285,28873.621350038447,1973.328031373287,1,0,True,1.0
28793c29-6466-a197-362e-4c33830508b9,90.0,0.9971788727721465,16430.985711735757,0.0,0,1,True,1.0
8587d2bf-9933-59f4-2ea3-5618d6a5bbe8,21.0,0.8640492994404887,33260.23900347193,5137.970232420478,1,2,False,1.0
087c058f-ffe3-03d3-6690-b793e0ed70f4,23.0,0.9893099450931472,21023.85143111372,5262.019967171767,1,0,True,1.0
e6f4f405-40ac-da0f-3f94-1d09f04edc01,37.0,0.6655310454252455,39013.39503762615,5770.985813394899,1,2,True,1.0
83bb72bb-9406-07b6-c2c9-655204b5cb42,90.0,0.8963589483590642,21760.367746312997,0.0,2,2,True,1.0
7fcdc3f4-8ad7-1d88-d990-fa0dca62c3c4,3.0,0.9917296483497328,18364.284242562146,4249.278100652958,3,2,True,1.0
bca54bf3-9798-09d4-c7de-8658cd8f6a33,59.0,0.5981927483045755,23991.76284602416,68.4188093038287,2,3,True,1.0
7c729ff5-703b-42d7-db7d-ea25bd78436e,30.0,0.5962716343944096,26037.392744061337,3268.997753609726,0,2,True,1.0
786a6108-71ef-76a0-0360-b8914d117f83,31.0,0.4205400746366835,22739.75472718304,1754.4370446312985,1,2,True,1.0
c9fdf7a1-7b56-c79c-cf01-eacb27fe1f73,24.0,0.5819457891657787,36723.712284687856,5976.187208763854,2,0,True,1.0
042adc1a-2c54-0868-36aa-a9faee9b333e,90.0,0.8472914348940594,23086.132179501583,0.0,4,0,True,1.0
a58c7a4b-0bba-e52a-6ce7-234964526459,49.0,0.9730987068251182,25528.146150396075,2258.9063506693674,0,1,False,1.0
a673d67f-ab3a-9e06-e607-65331acee21b,8.0,0.9146275850242696,35421.44438033378,6445.543280488508,1,1,True,1.0
6f9e9a4d-d7ac-0388-3308-f7201e1240ff,90.0,0.505242543998837,26734.48201342608,0.0,0,0,False,1.0
ed72c451-e747-d320-93f6-2ef0cc94a833,60.0,0.8948108972741446,19011.198558922933,0.0,1,0,False,1.0
9781aa4a-9a7e-f3c8-69a7-41471eadcebc,60.0,0.6945698127810555,31472.48687560095,101.93286377239282,2,3,False,1.0
7b39abdd-9b0c-5b5f-a46e-18c8f082882d,56.0,0.9807144276141097,14248.426436083098,110.46059869886132,3,3,True,1.0
d6172675-e848-6981-83b9-08270d4e7f5c,15.0,0.3061140891538288,25441.877672066563,3215.0484888097344,0,1,False,1.0
461df389-b61c-c1e4-6daf-f2f883a48671,90.0,0.9815217529317264,15862.838819007642,0.0,0,2,True,1.0
1a06bcf9-9eb3-3fd3-e479-cd1922a33e79,22.0,0.800132665128789,25790.078685125747,5662.978474838237,2,3,False,1.0
4b153352-42ff-63e7-0d44-721e6f1253ed,55.0,0.6387171175012346,18373.306662048613,189.61886955773832,2,0,False,1.0
aeb1788f-e1a5-5601-6489-c271be3542dd,9.0,0.7619078147429825,30334.79294381024,6260.267894611939,0,3,False,1.0
02d8fb15-419a-dec4-754b-f49ab0127250,9.0,0.799586904034341,29161.58544812685,7353.364240529253,0,3,True,1.0
2eafa236-37fd-497c-e2c4-e911a0344ca4,58.0,0.2804574534697023,29296.928522824444,153.0653184583434,1,0,True,1.0
acef04ff-2053-68aa-cc17-936e16a57b0c,55.0,0.2898645648682843,37669.18240492695,841.6268971603936,0,0,False,1.0
805849e2-2dc2-dd95-c68d-a862492a7bf2,21.0,0.9839128793064704,22461.10569790695,1416.0471229585385,0,2,True,1.0
3d2baeae-e8c7-6dc4-b711-49c154e77628,33.0,0.9895870232622443,21458.15297220807,2736.8223905271043,2,2,True,1.0
2ee96b6a-8a2d-3eb7-fbca-62ad43129bbf,17.0,0.5924072340667714,30758.5296301724,3742.370209745517,2,0,True,1.0
1a9bc61f-e765-33c3-a1a4-2fac61281a7c,33.0,0.9913074833788232,18208.549598780643,2697.352608022228,2,2,True,1.0
39fb796a-4b2a-8c9a-7dac-f52d7d145951,90.0,0.988032857444216,15989.18327001029,0.0,4,0,False,1.0
e91e8041-a018-f622-5c4e-838d0dd60b77,90.0,0.6861679909014564,22761.898290429664,0.0,2,2,False,1.0
02818a20-6eb6-a94a-4de2-ee8b4c0b65e7,15.0,0.8618857857272446,32520.063919844622,3024.582460573225,1,0,True,1.0
ec46cc9f-7517-0065-0af6-d754e1bf0eb7,55.0,0.931083876323,28207.87294727455,246.022451465761,3,0,True,1.0
4e696527-620b-47ce-f6dc-5ee1d5d2e3b8,47.0,0.9954803988913152,20131.06171231904,539.396955805467,0,2,True,1.0
233df3ee-4485-361c-56d1-d004b9da0dc7,49.0,0.6330439932873934,31352.05152866943,1811.7026714953045,4,0,True,1.0
129e88e8-9533-a6c7-adf0-8f08447a569c,7.0,0.9938416233764412,24662.78403005161,4713.215202892249,1,3,True,1.0
f3a49298-8a7d-e6e9-2820-42cd3e162492,90.0,0.7462818539035722,24354.67509051531,0.0,2,0,True,1.0
aeb2efb2-0560-97dd-d97a-858862a4821d,11.0,0.9999657292439827,24929.660100497014,6777.747913890935,1,1,False,1.0
aabe86fc-10c0-c3d0-3727-97c8f6c1e3d5,90.0,0.9904828809365892,27647.24568116839,0.0,0,3,True,1.0
47d1fa82-ba26-a338-9d68-b7b10f7cf034,19.0,0.6728092038750589,37989.44634528593,6599.730488475519,0,1,True,1.0
cabd15bb-89b8-1bd5-8de7-955cf6ef68a4,33.0,0.9633007405857263,17206.20745447638,1825.8283186329948,4,1,False,1.0
bf8cabc9-be48-6496-32fe-59f9fef24f68,48.0,0.9455185938374252,32749.49865704646,2653.8958526320994,1,1,True,1.0
96abfe4c-5ccb-0cea-265a-4235c646e5aa,25.0,0.9922696505216928,22543.26346186653,3336.4768882160624,4,2,True,1.0
536e8711-33cc-029a-f359-07d80bb50845,90.0,0.846080513242759,17439.146659923892,0.0,3,1,True,1.0
171fea76-4030-916b-af37-684ed41cd9cc,90.0,0.899955173575399,24000.42681735102,0.0,2,1,False,1.0
cda5cad4-96a6-8bc6-3a42-ecc709e63c8d,19.0,0.910834943277605,29474.88758427049,6160.705564165952,0,3,True,1.0
137c3b51-745f-1705-ba34-fc120a40ae9b,3.0,0.8960308422558014,32402.269866390103,799.2867957978318,1,1,True,1.0
4582fa73-8eb9-298c-5de5-e3a3d0ada89b,30.0,0.5712926408841651,39089.86033854208,0.0,1,0,False,1.0
692d0386-2d2e-0bbf-dfc4-2b0f3d9ab7c6,47.0,0.686994368513873,28170.15140991838,1572.0745265299122,0,2,True,1.0
ad42ff6d-fab4-d3cf-bb85-8ec81da18ad4,90.0,0.5698008944361014,25498.129458317115,0.0,0,0,False,1.0
915fd61a-8eac-570c-8269-1b92280bcbaa,45.0,0.4613252964195266,27877.310895712177,2344.995075568112,1,2,True,1.0
ea5524ba-8783-04c9-0c07-4e26b68be64a,90.0,0.9996423374404924,14954.640589905184,0.0,3,3,True,1.0
b58b2dbe-746e-bdeb-3a41-6653e02b7f9d,43.0,0.92501563502891,31676.48721225356,1269.3625625392272,3,2,True,1.0
3a406de1-1ab4-ed30-2482-15acda3f50eb,90.0,0.2904004603409085,23257.13605177,0.0,2,3,True,1.0
c315c57e-756b-0299-7bea-448698b89aef,28.0,0.9933233109236396,26271.59427914345,4797.622105721653,2,2,True,1.0
82a19d80-23b0-071b-1256-9f6ffaee1164,26.0,0.995039273059795,21447.557435494546,2471.467691580299,3,0,True,1.0
aaae7b47-34c2-b0af-d7af-4bf399f528fa,43.0,0.8306870224816043,27628.58226344718,1574.935116999825,2,2,True,1.0
fbce4825-d372-0528-4519-baabe90f940a,51.0,0.3246948062107911,28452.448712753696,1735.5982192813815,1,0,False,1.0
9e9afad4-5076-eba1-f037-2c56bd275beb,6.0,0.6586297495078116,40500.00750131935,12147.75904038966,0,2,True,1.0
0a484a10-3454-5508-d033-5c1f797ded3f,90.0,0.4118723070686743,22230.50925521568,0.0,1,1,True,1.0
150e281d-da80-fdf6-9f33-fa36a7f9946b,29.0,0.9962376149030168,40490.28665275283,6107.761597962532,2,3,True,1.0
8c2cd4b6-5553-cec9-2309-76857aa3c3de,14.0,0.3974195247175464,24496.444394823277,2452.312715667979,0,3,False,1.0
d35a3dfe-8650-96bf-8c1c-9241a593e765,9.0,0.6471552563349776,26686.28372197076,11721.769868810126,0,1,True,1.0
c5cf5142-17ce-4d98-3b2d-eca81eb8ba1e,90.0,0.9999013390484696,24172.765988903942,0.0,0,1,True,1.0
58780654-b41b-c527-8dda-d734fcbffde6,90.0,0.4493643829406699,25803.510629693592,0.0,1,3,False,1.0
4111979f-c3a7-593b-abae-0e6c00fe520f,50.0,0.404983857981691,34738.455421668186,1294.209481961649,0,2,False,1.0
7a612e9b-e6b8-24e0-809c-e413eb83f6a6,90.0,0.9905203781605229,16414.760918882886,0.0,1,2,True,1.0
aeb4b3c7-6337-27d7-f0ef-89e3733129d2,44.0,0.3944817452809203,33112.331608462475,0.0,3,1,False,1.0
204a0bd3-1785-9f98-3a95-d7f9dcf19f72,90.0,0.9908083004063796,15388.235586681798,0.0,2,2,True,1.0
d1af940e-4931-908c-8e2c-d84d11d7756d,42.0,0.9982554122857452,18054.98162152105,851.2898221886778,1,2,False,1.0
bd8486f6-902c-bf8e-75d9-8cf00c3b9fd4,90.0,0.9008809366962156,18648.80046448035,0.0,0,3,True,1.0
d87aed9a-0735-0fd8-d072-1123631ec465,42.0,0.9389984652448372,37994.39217678497,6377.890704375848,0,1,False,1.0
03a0c4e9-70c8-1f63-f186-c41bc46cfdcc,18.0,0.4995239305281841,34303.58065978263,5922.797291799218,2,2,False,1.0
3ceba345-04a4-f9c7-2212-aaf77635658a,25.0,0.9327040821105412,23966.94134793239,3229.780924045978,3,0,True,1.0
01d110f9-c55d-f510-2075-4e30fda30e60,8.0,0.7463206467009421,25119.98466511416,6001.81063639355,2,0,False,1.0
0781439d-8d96-7f4e-7ff0-332a9fef9190,60.0,0.8660527159977889,26496.223892582075,0.0,0,1,True,1.0
07bac887-26b7-ee77-83e8-d2a758aaf67e,30.0,0.9966227108965872,22582.599883362695,2306.6912685503034,1,1,True,1.0
69326b82-5cdb-7f3a-4df1-bc8d8f3503f4,90.0,0.8139093299539327,22285.313589692523,0.0,1,1,True,1.0
4cdaa8b2-b446-79b3-735a-0b72585bc3a2,24.0,0.9933848792457896,21030.614900702494,3525.091719973419,4,0,True,1.0
2842ab52-0fd6-ec4f-d036-2a865bb45ead,32.0,0.4005278128819038,22677.18861891412,1895.0092313685743,2,0,True,1.0
097ea3dc-67e6-f999-5b37-347145c790f7,3.0,0.4778366682989874,24285.234514122643,4558.53015600108,0,1,True,1.0
8c8446b2-a637-1d2c-67cd-b480518fd095,59.0,0.6211641783132015,25828.30702530761,216.7586060994124,0,3,False,1.0
362da8b8-aac3-4c9d-c443-0e0a8119e9a3,9.0,0.7189776048955385,29987.95100114029,5656.152988175844,1,2,False,1.0
6b7279c2-7503-c7a7-03dc-ca4da19e51e7,29.0,0.9853448002196684,20184.97181247824,2796.564429832506,1,0,True,1.0
cc22f996-64a1-7491-ecf0-d70865fb2d58,90.0,0.4083610325750415,24531.665051184573,0.0,0,1,False,1.0
fa8a3b79-8c71-a492-26d0-332d4d9d8237,29.0,0.6930365354858046,21989.96971956549,2736.5273470689685,4,2,True,1.0
bd1778c6-3366-e1cd-2c1c-27273ce48065,32.0,0.3619722815059539,34002.17873290699,4769.489215787247,1,3,True,1.0
cabd1ccb-8dd5-d7d4-7e04-c9bc98c73709,5.0,0.933256363603089,16254.734787456357,2637.9369613442104,0,1,True,1.0
750c9db7-7338-3e7b-0b6b-c2a1c81a6415,48.0,0.7735869390865701,30196.14481514759,887.1298921069118,0,1,False,1.0
78c331a1-7fe9-0de5-c17c-8eaa78b571de,54.0,0.3049488165658475,32698.363049383173,737.4420794157868,0,1,True,1.0
da79aa4e-dd27-4d31-fbae-41bcbc5b4081,37.0,0.4604106210667383,29643.54272303896,2004.059066589639,1,2,False,1.0
4e36cd1a-431b-1f20-76e5-2561d852eb34,90.0,0.335575879487322,33037.89456271186,0.0,0,2,True,1.0
bcbaf0b8-3816-91b6-5f58-68548ee17c6f,41.0,0.9336931524560202,31333.221779074112,4716.531360707406,2,2,True,1.0
64b7f42a-0381-5d17-46e4-e958e60b07db,17.0,0.998817328455002,30437.380610688404,5538.886455288164,0,0,True,1.0
a610acbe-462f-e614-6258-397bea293610,23.0,0.9505395583862736,34994.4402678146,6335.691300021758,0,0,False,1.0
d3336f6b-0ade-63f9-0cdd-059b3cdfb984,41.0,0.7739209686288109,22573.34475626321,1797.3501721199614,1,3,False,1.0
d3703240-cef4-1787-e300-ec44044cb746,51.0,0.997650077336059,27361.26143908855,327.1248883832667,3,0,True,1.0
cc44fb27-e738-dbd9-1f24-076608dae334,11.0,0.5335260853929739,18896.758928578813,5261.715475760439,0,1,True,1.0
2f6aa4c1-53dd-e9f2-e7f2-a9b04970ed25,48.0,0.6906680971043206,33021.038626289315,2376.597569005752,1,0,True,1.0
e07ef74a-23b9-abae-e1af-7fb9b34539ab,6.0,0.9476730046550318,22594.42428396358,7584.583523754959,0,1,True,1.0
4ce10aaf-d2a6-fed4-70e9-3d030e64e5d6,90.0,0.8502346928403206,31956.673011695755,0.0,1,3,False,1.0
70d380cb-40da-484c-12a2-8d24bdecef78,30.0,0.9182021450914076,23820.95546194003,1100.1461041671434,1,2,True,1.0
67f7c773-9320-f740-7a06-1458c96fbf38,29.0,0.7915682265321463,16951.557750226755,1141.369070813888,3,2,True,1.0
edc3cc05-2ac2-9507-dd9a-277e8fff2ea7,24.0,0.3455368879436907,29501.60458593053,8538.48308262934,2,2,True,1.0
f44054ed-382c-24e0-a093-2b9b4c64ea0e,54.0,0.7001742485810692,26793.08252295894,676.8726258212301,3,0,True,1.0
6545dabc-1af2-7685-44df-6b00d6c83a2b,43.0,0.952599961527636,24341.88311918673,2733.9464544860107,3,0,False,1.0
5c5c053a-3664-f895-4826-2cbc1943ca88,5.0,0.4870640807457436,24111.18038502566,2921.732771871205,0,1,True,1.0
6737396f-f613-8df7-de27-c9b96d568fa9,90.0,0.9746073517143968,28410.135868797734,0.0,2,1,False,1.0
4bcd7f27-c191-9ae6-68b5-ac32643ab8b5,32.0,0.945711410087436,28020.790830862272,3271.192997495596,1,0,False,1.0
0e9b4d46-c400-e213-b515-1d565ebfd01b,16.0,0.6699969305001724,35163.50035962372,5878.8702983572,0,0,True,1.0
12c8133d-c177-6128-069a-6317e66e31ae,37.0,0.807923478280071,20382.378861902427,1608.0286679624903,2,1,False,1.0
5061121d-1dcf-6c58-6b14-a66b6a3f83bc,36.0,0.7016321283667885,25453.430507594145,1582.481697256964,3,0,True,1.0
d0de2bd3-a3d4-7079-6767-c2bda40a6ff0,90.0,0.9747423185113848,23064.147616896724,0.0,0,1,True,1.0
f902601e-6d51-aa7f-5af4-a156264dbca0,90.0,0.9743737846675596,22775.210659382028,0.0,1,1,True,1.0
de206986-490a-9240-6519-6208f80c2d94,28.0,0.7516037027608565,23413.83754249539,2992.1241489754866,2,0,False,1.0
90194039-d60b-bb5c-db43-699afaa4cf0d,22.0,0.9643280708793928,23547.182611693548,1495.9130096225729,2,1,True,1.0
65522b62-6be9-ecab-dd66-c7f927a3c462,54.0,0.9504782135558236,28707.701607053943,339.48599374139513,1,2,True,1.0
84f2a3ca-6bee-0eb1-faee-84f43cef953e,51.0,0.4993682164969861,29458.357898502312,1099.2195605016104,1,1,True,1.0
a423d397-62a6-c4e3-adce-4a8c521e392e,10.0,0.99899883171311,18895.340832429247,5683.294001124144,2,2,False,1.0
dd065010-3f28-ee27-46fd-c3bdae26b600,44.0,0.6826021181049712,19568.46392746216,1332.438894923341,0,1,False,1.0
98536545-d22d-984d-7393-dd30403de25e,59.0,0.9435713124406812,27759.066860483428,169.9264171116969,4,3,True,1.0
0be5c12f-298d-6580-2ff6-619a4d3ddf7f,15.0,0.6339985585021591,26114.966114951345,2460.055196819418,3,3,True,1.0
4f4c3024-cfce-1895-4b8e-ea5ae7ca6ca3,36.0,0.2925354191810695,37575.03983098842,3924.771415315942,1,1,False,1.0
d7ab1421-2846-75dd-c3ea-337441b9faf3,43.0,0.9782811300899243,25946.300147014103,2108.828939855713,1,1,True,1.0
441bb991-963d-219f-8313-b68f9e3abc22,34.0,0.384095344403522,31789.084876493594,1373.89175177757,0,2,True,1.0
12a29a6e-016e-96d2-6f93-5f6b76dbc93d,40.0,0.9594838406441996,29322.65327679587,2123.69111482005,2,1,True,1.0
2eb373ef-0257-68b3-c89f-a4d16caccf25,55.0,0.584611711855341,18566.507533064592,151.1288375363117,1,3,True,1.0
1e5e44d3-57bb-a0e6-4dc1-80a268057f6c,90.0,0.5976857346188257,24634.672328114437,0.0,0,1,True,1.0
487cc1e5-0728-795d-d6a2-23f4d872c0bc,8.0,0.2790515939134138,25786.211267022183,4510.752495934122,1,1,True,1.0
eb14409c-5a99-bd2e-f742-46e4ff415178,90.0,0.8687705936985252,23191.503649295468,0.0,0,2,False,1.0
b403b4ab-6c20-7c12-07a5-2d0fdbdecf04,90.0,0.9271779293138596,22942.57265164935,0.0,0,1,True,1.0
19da48df-ef03-6ee1-3199-d28f36d7462e,22.0,0.9519248187196208,23341.370770778507,4907.476834884995,2,0,True,1.0
8f071df7-962b-2ab2-9c41-c4381f14bcea,59.0,0.3916118748416299,28613.65528225452,585.0795357608621,0,0,True,1.0
402b3eff-8079-6141-202b-a983904167b5,4.0,0.4996291922250008,25751.044336864998,3715.8316537362616,0,0,True,1.0
4b54c986-eb7b-6cae-041d-ef3f859acee9,54.0,0.5011166160239306,30656.994445672062,1023.712628712583,1,3,True,1.0
f478ee27-e825-73ee-78e7-194e5d75f112,90.0,0.957579001955056,24553.912237995657,0.0,3,0,False,1.0
365ca3df-e355-ea48-6b4e-ff2472cc4eab,20.0,0.9777607045906817,30313.127608449977,2514.4653082131917,1,1,False,1.0
5ddcf460-dd73-03bb-baf3-701fceeae2db,32.0,0.7577458834247432,33879.37351456114,7128.245550786031,2,1,True,1.0
a475e92f-8d65-5b4e-d981-f43e4cfecedf,3.0,0.6651066643968947,28982.331110592346,4582.81207706327,0,3,True,1.0
f2bf3608-518f-4576-bfcd-a4bc81a095b5,26.0,0.7708498364386502,25785.00722007559,4038.775100120938,0,0,False,1.0
9fcb1220-dac2-bd22-fb45-7002b240314a,90.0,0.9642458114665072,42179.786420949655,0.0,1,3,False,1.0
5e4fa4ef-ad8d-314e-de9c-e4ad0f08e175,41.0,0.9635629140936548,34230.91768241204,4292.177543167244,2,3,True,1.0
3f51929c-a939-8312-4476-665d3cf46d6f,30.0,0.9927762776375268,20428.195365946864,2031.3341278608764,3,3,True,1.0
f4e9cc64-00ef-9c00-3896-87259ddf323d,33.0,0.9879120185743356,27948.421248501807,4628.332698349518,0,3,True,1.0
3bad63e3-72fd-bd44-5029-5d1bedab5356,41.0,0.615823371444768,28152.20902053375,1307.5707126315622,4,3,True,1.0
f241b4f3-76d6-bbe9-1598-d1b2f2d76a59,42.0,0.7892358506458639,30897.943028149508,2588.3058571075862,0,2,True,1.0
f291d7f9-a3ff-0f73-2336-6c5a1ade00a0,28.0,0.9773593531558852,25238.327555545024,1632.2313410188049,3,1,False,1.0
c7f47f47-a6a0-701c-189f-f4a6a8fa0dbd,17.0,0.7601857699259313,32781.653582317405,5596.702277083891,2,0,True,1.0
4e1d0e0b-cd8d-08be-01ad-52cbe056857d,90.0,0.9566109692716652,20526.722658121027,0.0,1,2,False,1.0
5bf5abec-653e-c9a5-9735-4e1ffce0fa96,90.0,0.6106663234207235,19889.865174357863,0.0,2,1,True,1.0
1106a532-6e9f-e8e3-0560-086849715f81,30.0,0.4247992427351406,31507.00555386008,4254.247314241678,2,1,True,1.0
0cae8d55-ccd4-5719-316d-b8071dd3a4c0,3.0,0.9763325532979302,23467.303521664417,4014.8436177119,1,2,True,1.0
56903a1e-3d2e-2aec-5134-6cff59a6a084,90.0,0.5376396178310217,21481.134234502533,0.0,3,1,False,1.0
044154cf-c89f-9b19-dfea-dac1435a6240,90.0,0.8772597438347841,18349.905224334518,0.0,3,3,True,1.0
c0898db6-677b-a6b6-13df-d95f242d3316,58.0,0.8483624185730904,25445.699567258383,182.68712206633373,4,0,False,1.0
2538d4da-d080-a65f-8a91-7084b3700ae9,30.0,0.4964753411991571,31182.97571657585,1791.162093848997,2,1,True,1.0
5fcd3be4-18ea-9601-a033-c46a7cd4ed18,90.0,0.9953178249942346,17969.90742750764,0.0,2,2,True,1.0
95090e49-33e1-89f5-597f-9bc149c4ab49,90.0,0.884448022546533,24032.27033035661,0.0,4,2,False,1.0
9aaab045-8f2b-ace3-1ab5-ac7b80141ee1,5.0,0.8200377712593182,22670.700120148445,5129.619609423304,1,0,False,1.0
9af32398-e640-3cd4-f453-e0f6e551eb6b,90.0,0.6187129324411651,13012.471012410751,0.0,3,3,True,1.0
0882cd12-0405-c947-4465-c4357e12b525,4.0,0.339848805221106,25135.33365828154,5704.862951472727,2,0,False,1.0
a7c4497b-eeb5-cf56-60d7-8546040d7b48,3.0,0.3520361414688257,16481.49418529368,5388.985735371684,1,2,False,1.0
46506077-f3de-760a-aef0-cb64aaab9179,90.0,0.946934115359235,18682.51865470024,0.0,1,3,True,1.0
e34c10dd-95b3-1b25-4ca8-1ce6071dd477,9.0,0.9216477949004536,35723.349912958496,4071.6844404227695,4,1,False,1.0
d36ae578-3412-13c2-361f-f80702764db9,47.0,0.5576796611031816,29592.605342570776,438.4720233864069,0,1,True,1.0
882b92ee-d71f-7dc0-5285-6deb8e238e8b,33.0,0.7558779711095232,26218.32655430528,2886.906756752124,0,0,True,1.0
8f7ffaf5-409b-ec57-fd05-d88fe2ff30ef,31.0,0.841288161989779,23891.027732322094,3683.8127928713457,2,1,False,1.0
98b10cf6-b097-85df-3854-9ca382d68af7,90.0,0.8327770832269322,19100.08256054045,0.0,2,1,True,1.0
79137dcb-c4b7-fd03-3120-303c1deace88,33.0,0.8124227468892357,31929.39371993716,2923.4191017344747,1,2,True,1.0
d12f1de6-642f-a4d5-ee28-fb9697e43df8,33.0,0.406739264736052,28010.64485359837,1475.7169842727258,2,1,True,1.0
176a5f14-6994-a8fb-e64a-536151a4f427,38.0,0.9864358027462274,17334.49803963099,1056.5732040871465,2,2,False,1.0
dec902f3-fc41-cd1e-0265-fa0123f707b0,4.0,0.6363681911953,23729.883645057507,7398.449464198552,0,1,True,1.0
4a496f87-7ec1-200e-ce81-27f4f5360fd5,90.0,0.35602670845416,26069.240089900857,0.0,1,1,True,1.0
98d660d9-e129-99c0-a59d-f42d69656e63,17.0,0.8175656771754105,20825.39345305852,2876.8049921074257,0,1,True,1.0
6006d97d-8cd1-b414-824e-2e82cd87b5ac,18.0,0.9781714163844004,27981.12713358217,4237.431983701926,0,3,True,1.0
a2c1676f-c50a-3b0b-73b0-cfaf406b4d1b,44.0,0.7766348692488801,23687.20202972256,1246.7693042855624,2,0,False,1.0
7ca0a9a3-7434-aa4d-deb7-33862f34c2e4,90.0,0.929698305436193,32968.265933121744,0.0,0,0,False,1.0
fc1a2c6a-6743-6e80-f444-c6306aa32d80,44.0,0.8391495834980383,30870.484306312857,742.210259783672,1,0,False,1.0
29e98a63-4824-5b10-cb06-f98f32f3afd9,45.0,0.818689471471402,21090.971991005856,1059.7496075998222,0,0,True,1.0
7b5e2f9d-02c6-0a70-84e6-241ac6605b93,14.0,0.3641779013366057,33989.253686566844,7236.220950110016,2,2,True,1.0
2defe564-e4dd-0392-1aad-011ff8c6eb1b,50.0,0.999135837909888,27879.855990294192,1882.243162162515,0,3,True,1.0
d43f05e2-6a47-5a58-cddf-8f71b63e2d5e,5.0,0.9299373117921228,29362.46812598052,5657.259674695424,3,0,True,1.0
cc1463ae-f658-4389-ad36-3bf0a0a5fb7b,90.0,0.9881433367497604,22974.623630853235,0.0,1,0,True,1.0
7aaf8c52-f899-d06f-e3e0-59654effc4bc,21.0,0.9936549391642212,37091.99991986888,3076.945444551835,1,2,False,1.0
4d6badff-3f1c-97b2-815b-874eca0cfbbd,11.0,0.9783039296568472,16551.82118815297,3847.418154141441,3,0,False,1.0
ab7c6b4f-9b90-5f83-ec37-ddaa2afcbba0,90.0,0.5403471107665978,25998.225915864958,0.0,1,3,False,1.0
3f783659-894a-76a3-fadb-ab87419369d7,90.0,0.7506900297040391,34162.76841667505,0.0,0,0,True,1.0
80f62457-3a74-9034-ef24-ac86b20c32fe,90.0,0.9862997181676952,18574.11893027845,0.0,3,0,False,1.0
ed223b7e-4570-20d3-2f3f-0478462dd74b,17.0,0.7333005249539326,31700.006874830306,4759.936539920064,2,3,True,1.0
406c4e65-ef09-c3cd-5565-e3d530a2a229,43.0,0.2787349791129502,20768.834401652184,639.8133549926935,2,3,False,1.0
e40835e7-2690-8610-48fe-6f01feb8bf0d,60.0,0.999819387384114,17616.128062494477,0.0,2,1,True,1.0
03b75405-2429-3adb-e13e-a836d1f17812,51.0,0.9455293379129476,15244.561645874066,606.4422387599699,0,2,True,1.0
042d4f0e-4891-cfb4-1f0f-547a60f288d2,90.0,0.6526398664738636,18949.846307724016,0.0,0,0,False,1.0
c5d40689-2505-a32e-4ec2-6faf5a1dafa0,90.0,0.9918346173775316,25654.810246371268,0.0,4,2,False,1.0
07cf1fbe-604d-ad45-6732-04d7f9c7f7d8,60.0,0.5949135256167402,34502.46654544431,0.0,2,0,False,1.0
f9cf278d-73c9-5233-d5b4-efa3aaa71fa5,10.0,0.6803904366951089,30383.852412780903,2834.130086075066,1,1,True,1.0
d79c9be0-58a8-e02c-d3cb-dff17c0e1079,47.0,0.7374370492967475,28336.90869248235,1828.67802124448,1,2,False,1.0
5f092c19-c8de-cc71-4fc7-def7d3043f1a,90.0,0.7375471047751342,34039.80163334674,0.0,3,1,True,1.0
4b232d14-428e-1c95-acae-6f2b5ea7b17b,48.0,0.9973644692817096,32332.572004085003,1905.974193341712,0,1,True,1.0
80237e0a-6a58-e45b-7830-eaba5b2eb34e,90.0,0.7547862265573377,12344.642200111492,0.0,4,1,False,1.0
6c79cb06-cfed-28bf-76a0-a856d6b0de7a,24.0,0.7979465974413482,26432.124132237022,4716.436718983287,0,3,False,1.0
1155847b-6397-b329-01a6-8f7b688fb01a,31.0,0.4377627539949069,21100.593654773307,2683.059335901876,1,2,True,1.0
3cc978e6-1a13-18a7-64f3-3ff216dc1a92,31.0,0.930461892410556,17752.91978590899,1073.0851575773406,4,0,False,1.0
9f9110b7-76d0-7fca-d543-5477bebd8afa,90.0,0.8146775168790779,24072.40048205981,0.0,0,2,False,1.0
1b3ce072-c469-3f83-eccd-ace2ffa2a654,27.0,0.3802512127311304,28837.180790727616,2607.3616358544514,0,1,True,1.0
6aab1a9d-8185-439d-cf9c-653949734c37,90.0,0.9992090234850162,25426.72743897643,0.0,0,0,True,1.0
6704945e-d40b-6eef-c8ec-86cd27a97152,34.0,0.7167669041014565,34375.634533402714,2353.710187532697,1,2,True,1.0
fee15805-26d7-692d-dcf4-d73689f14a30,90.0,0.9718560759530132,24278.49314893408,0.0,1,3,True,1.0
ee7e7e29-6ad0-b163-5e5e-3dc814112fe2,23.0,0.5342698043556204,24261.850868639016,4859.1551514869725,1,0,True,1.0
ac72b635-97e3-dba3-f617-360c88e97a0e,11.0,0.9951324467806396,27532.687778263786,3124.546138451489,0,0,False,1.0
eae56af9-6878-5064-2c51-933e5bffa831,51.0,0.9754986567897156,16353.074134374056,1194.7334656190358,1,0,False,1.0
82dec715-6e67-3478-bc4e-751ec89e7554,22.0,0.3093477766556473,27287.40431002387,1920.5522009453337,3,1,True,1.0
3f21e772-7422-b07a-8f92-6fb7baa62be9,23.0,0.9723094847735192,29668.85129005713,1211.6871566935808,0,1,False,1.0
4a49f997-0b5a-331f-69c8-da644398f3fb,25.0,0.978018855123254,32806.369223703565,4388.430349777297,1,3,True,1.0
9b16e365-3ee7-ef4b-c739-a84331ca189a,90.0,0.4376513638538603,24922.608866587103,0.0,3,2,False,1.0
e0e58818-c62f-9f00-f1ac-059b1b651c6f,48.0,0.7596962710240882,25674.8538578724,2030.6530316132496,3,1,True,1.0
5781d88a-b9f8-109d-1ef1-71371f0f2caf,90.0,0.9368799271511922,33033.66857973905,0.0,2,2,False,1.0
45019a9d-1f00-bde0-d16b-748df227f0ee,90.0,0.9560702332322364,41766.651646441365,0.0,2,2,False,1.0
c4629ca9-3471-fc76-6275-3982f900ea1b,39.0,0.6420938103387407,19535.10986478647,874.5908581480437,1,3,False,1.0
019b21ac-453b-9704-32f7-be9a7ccd5bd1,90.0,0.4963989037758476,25867.030949502016,0.0,0,1,False,1.0
d24a7946-35e2-aeb9-2340-2a0035e8debf,23.0,0.2866229038854609,39871.16184597282,6050.349791633502,0,0,False,1.0
182a4f1a-9994-f72b-9ee1-1e19c8b83220,24.0,0.2756655594321376,27998.618082705467,439.81940755257887,4,2,True,1.0
8946a9d1-82c3-001f-f24b-2b966dc7667c,90.0,0.9567947635205905,16646.200925060828,0.0,2,0,True,1.0
e40828d9-7d94-7a8a-3527-96b7b8644597,20.0,0.453767226984472,29647.173911362854,3038.3950292789395,1,2,False,1.0
202249ef-2b01-9e11-1bf2-d61ea656ce6c,27.0,0.808014174707258,33964.61162049875,4705.858980113741,2,2,False,1.0
d2b657ed-2de4-5e71-231c-4956178b3f46,24.0,0.6440907406523553,34244.47874543843,5691.393425583481,0,1,True,1.0
5b8cb6bd-1fc4-ef01-915b-7637719a33ab,29.0,0.9026381453175462,28589.07182304537,3096.8377168107163,0,3,True,1.0
08387a3f-63eb-f29a-d76c-7a39a3acac08,12.0,0.996727238560462,19288.829130737813,2475.3657882903576,0,0,False,1.0
268e506b-6681-3221-22e8-0d05ca68fc53,44.0,0.9549369962502918,27275.692943015823,1774.3220858045795,0,0,False,1.0
a407c185-9009-b323-1a47-b340a2cddc4a,24.0,0.922238605816776,23732.62512527389,2055.449044677352,2,2,True,1.0
d83e9d3b-8e6b-5ef1-b0ca-2136814c99cd,90.0,0.7081639481210463,31765.09574378921,0.0,2,0,False,1.0
9a4c8c8e-44bb-0c02-5157-320113f294e4,58.0,0.4070651959479299,29556.298971136428,188.1842854205546,0,0,True,1.0
6842fffe-1ae1-c93b-96a6-e24340c61a9c,27.0,0.9452548804387632,40373.809059177074,5185.328095255733,3,1,False,1.0
9efc4b70-1227-c5bb-9756-100a594fc837,16.0,0.6313774652381876,35898.22986135307,7669.006698473409,0,0,True,1.0
216d6eae-901b-e631-c027-6ef9b04ade3b,41.0,0.8068086331909585,30814.455577899127,2491.4635863701924,0,3,True,1.0
bee709d6-2613-4334-155f-422f961e9bb7,11.0,0.4650470006074531,24593.255042800138,7388.486332895587,2,0,True,1.0
035356a2-eb51-0bca-f9fe-22c5f1cd2a8c,46.0,0.8305863075041144,26898.336980916043,1350.1580388038406,0,0,False,1.0
cfb1a026-0cba-e5b7-1123-a302fea1d129,90.0,0.9737646654429364,18214.25735792904,0.0,2,3,True,1.0
b48d1f48-8ada-354b-7bba-efc34f7f50da,15.0,0.9929725529322608,33250.449155844406,8475.216825246252,1,0,True,1.0
61e84061-3ebd-10ac-09f5-9f78801022e8,23.0,0.9703724595620284,16787.29242372221,3505.626773383516,2,1,False,1.0
5d74cf18-c16c-bcb4-ac0c-74ca15cb06e0,90.0,0.6782693775191659,21854.41963754638,0.0,1,0,True,1.0
f32136d6-fa2b-34b2-d8bb-959207b43b54,36.0,0.981975573588476,25340.844939618197,3234.528727635924,2,0,False,1.0
2d51829a-9ad8-fdf3-b778-db190c12278a,23.0,0.6804684534305593,32201.21409940699,6520.285980443408,1,2,True,1.0
eaf40ac8-671f-3f7d-a62c-1a75388bd1d1,8.0,0.9695629755992228,28160.429660522477,5352.946778775852,1,0,False,1.0
d918d377-2068-f3b8-854e-148f4bae94de,26.0,0.2827540418351328,31343.38541320572,3449.606192005376,2,0,False,1.0
1bd19000-4bcd-a407-3389-cfd74c6baccc,52.0,0.421874326540289,20633.95105748786,926.2480859899632,2,3,True,1.0
cfb874e5-a30a-9faa-c720-53eac7d5ed46,90.0,0.7915580330975809,28881.518249803627,0.0,0,1,True,1.0
c5b4d9d6-1ed8-67d9-0454-63f50eb32ced,13.0,0.9910868298631148,37225.195016954254,4857.186845213433,1,0,False,1.0
2756b3fa-2443-fea0-9973-3e4351f7912b,90.0,0.3039777898649131,37998.684930831565,0.0,2,1,True,1.0
cef988c0-8b17-27e5-4e77-a5b3970b2155,36.0,0.950280907405333,25145.615523006218,1063.8948192489263,1,2,False,1.0
8a167a6d-cb55-360a-2ef3-7fd7b5c8342f,3.0,0.6512794581343426,35950.62049432601,5321.030770332941,0,2,False,1.0
c0a1dda8-a20a-b4e3-72d0-abcd50ce5a55,42.0,0.2840476210059974,30185.422996774312,3758.6419381267024,1,3,True,1.0
637a0a56-2dc8-90a0-2f28-eba37d4894e7,40.0,0.9175552311285564,24976.084036270317,2618.711987963109,0,1,False,1.0
c2ff5069-2ca2-794b-285d-989f0396045b,51.0,0.7580146214072502,22922.276759809945,1015.0284815893522,1,1,True,1.0
bba14244-c964-aee7-15f2-cfe85c6f8160,29.0,0.6522719378961506,37949.361138419794,1038.4748439092657,1,2,True,1.0
23d78e10-19e9-33ab-837c-d957cb8c6b2c,90.0,0.7921837861964641,25075.046748417004,0.0,2,2,True,1.0
4b6241e4-f9e7-bfb6-e5e0-7744f2c2c625,40.0,0.8734313029444271,12167.185599572567,1185.1779859754745,0,2,True,1.0
a3d71a86-c3d9-03b3-8f18-ce4bdd463443,90.0,0.7155277669322775,32295.39308402889,0.0,0,1,True,1.0
b256d537-1f62-b2e3-ca33-8a697394c970,90.0,0.9390457947504276,18752.75299589516,0.0,0,1,True,1.0
3e6894b6-fc81-9963-b684-e4ad7b578c8b,57.0,0.8632536983089912,24112.88115157077,190.25597969627512,1,1,False,1.0
6636c978-1ab1-beee-4d13-deed5e31258f,26.0,0.4933197466750343,21969.204001788148,7276.104005389957,1,1,True,1.0
2f789a0b-28b9-fe45-8808-fbcdac9542a6,90.0,0.8880111604806313,17704.573093612315,0.0,1,2,True,1.0
a4f1baf1-38f2-94e3-22a1-40cd272440bb,90.0,0.4925313216610358,38189.65327451546,0.0,3,1,False,1.0
0633f5e6-7ecb-6cbe-f264-51778887079a,22.0,0.3187976713864995,39499.956561861865,8160.379454080825,2,3,False,1.0
c3438d5b-5ac1-d5b7-52ca-94515997daf6,41.0,0.7631262037558278,23122.91566853957,2401.1834995871754,3,1,False,1.0
2c7dc350-7547-2dd1-da91-d26a44665d81,28.0,0.6355578939995691,39053.244887056,6491.298202450411,0,2,False,1.0
cded97df-099f-aa0f-08f1-5cfdfc7f9914,6.0,0.9179349273204336,28722.87789461854,7165.432690380824,3,0,True,1.0
d9d6bf77-8ad2-fb2d-8d16-a15363f2c7a7,21.0,0.4979441341057036,30931.857406875024,3613.3185924447,1,3,False,1.0
9c459977-3a20-9efe-d689-e7761014df69,27.0,0.9704188964866596,30906.54721783893,2664.18570861174,4,2,True,1.0
f8a6708c-04cb-c3ba-9f44-1543593d8998,6.0,0.7946788525542051,36149.332515304064,3640.964790948483,4,0,False,1.0
bed8ab3e-4fb1-b1ac-14e6-b7e9b3aa7a95,58.0,0.8268914342367825,24913.31127136167,98.35570369453868,2,2,False,1.0
b6def226-55ae-7f39-35f7-bb568cb11cc4,60.0,0.7845842137271216,31839.175209723195,0.0,0,0,False,1.0
ce596c1a-f7bb-ea1f-5c35-47c83c5dfce9,14.0,0.9677698699818384,26223.445225667438,4911.913207443385,2,1,True,1.0
83c327a4-12cf-dacf-4d64-1654fb5e7bd5,90.0,0.9623278844927114,23081.32168249144,0.0,4,0,True,1.0
16d20793-3bbc-2381-e8d2-fa0f5edc42a5,24.0,0.997307146821638,23801.99777185468,732.3514526199336,4,0,True,1.0
2eb10cf8-e9aa-34cf-035f-bec15363233d,90.0,0.8036544727175855,22236.749836325987,0.0,1,2,True,1.0
3c6b5175-31a7-1ed8-d800-e2b51546d692,37.0,0.614249261643865,32563.278414878467,1415.5009632882195,0,0,True,1.0
b908bff0-8ca1-ce11-fbf3-9fae7299314c,11.0,0.4342214380613506,24589.664130000958,1434.0850994414282,2,0,False,1.0
d5cca0c2-f263-834e-e207-7eadb76ae2f8,42.0,0.9664051637633616,15063.158952850656,732.7589247982914,0,1,True,1.0
d53291b5-1ef7-3340-b2eb-8c0ec92e5292,16.0,0.5242661561998558,36499.27708651072,8273.536442419836,0,3,False,1.0
71a45787-bfaa-727b-d345-4a81153f26f2,16.0,0.4217151591145937,30780.822009170388,3249.841109299344,0,0,False,1.0
3549ecac-6693-49c6-cfb9-66a7a898ce6e,90.0,0.9106233969587364,21483.67301977948,0.0,1,0,False,1.0
4f3bdf37-8a2e-9127-1308-3f3b02ad234a,48.0,0.9896209875173316,25269.47681280887,1121.9397722286892,4,2,True,1.0
5a9eb412-5c46-8bf0-0350-6a6f1ae64290,34.0,0.9268730144627144,26379.73649411624,3397.4822916815274,4,2,False,1.0
a77b18a7-63ed-00b3-ba2b-ae79629cd1ec,10.0,0.474390604487967,34408.01116686094,837.2413144927284,1,0,False,1.0
6c48b0cb-a27a-9d66-f2d0-4b4c7ab868ab,48.0,0.5945643999537236,24418.769547664164,1165.692223319107,3,2,True,1.0
8823d26c-5caf-5778-a8f4-11cf34fc242a,31.0,0.946706180030079,23317.112523511387,2887.1228479450683,0,3,True,1.0
15b02fa4-df58-5c9d-cee7-48d5968b9563,26.0,0.9535335585547982,22772.55567561377,3902.87790193705,3,1,False,1.0
b5de714e-1800-8145-9b2d-7a9842deecfc,3.0,0.9021040462875262,33039.20782179116,0.0,4,3,True,1.0
dad672fa-9ce8-a0ed-eedf-644f209da1a6,14.0,0.8549966170463886,32119.93479892016,7700.3581867425155,3,3,False,1.0
a7bfd8d6-54c2-d101-3d7f-f0368e5c3b45,24.0,0.880356980437006,30278.283250297005,3331.563453080216,0,3,False,1.0
1a61997a-0345-0918-e3fd-f57ac5c95891,8.0,0.6877609133382616,37620.60289735241,5942.569751474635,1,1,False,1.0
026993ca-0189-7738-bbcc-3b055fe01a87,31.0,0.9016490579319606,14640.959987302153,2507.9158122559857,3,2,True,1.0
7c90a010-5308-f219-888a-f7002458d809,30.0,0.977602153462624,26021.671833930563,4757.597135546042,0,0,True,1.0
515ddf75-ae10-a218-af0b-87d2642a6119,17.0,0.2853510947112115,28538.946294463145,5370.777676691546,0,0,True,1.0
e82bd7ab-5eb6-e37b-5c6b-fabc28ce4bf1,9.0,0.938010681849413,32257.476466827145,3415.0671021717963,0,0,True,1.0
2e9166ca-1035-296b-6751-fd70a7c7493b,90.0,0.4371879595997772,36172.745230409215,0.0,0,2,True,1.0
15cb8b0d-aca3-f26e-0bc1-fc902fa01b41,23.0,0.4654657562894049,29410.397565798383,4542.1289757748045,1,2,False,1.0
c7fbc085-d6d1-eb57-89a4-62eae85ef6ce,22.0,0.4234948751888754,24402.302878537503,8666.008625102599,0,2,False,1.0
9f6ce1b8-dd0d-2a0b-6bad-098e41965e4e,90.0,0.8971378633906232,19895.080286847628,0.0,2,1,False,1.0
e8fe494e-08f9-fc13-7f40-dbb5d899992f,4.0,0.5380804558323786,33897.78671108185,1987.6239479995472,0,1,True,1.0
7117f463-4a8c-65b9-feba-06a18e297323,8.0,0.9439844749378952,29182.48253596295,134.122587531263,2,1,False,1.0
d0b41fd3-6719-ebea-c661-93f07f95b7d6,44.0,0.3265419728887855,28127.069799150464,2138.0549535833147,0,1,True,1.0
4655a6af-32b2-14f1-1b1e-3126d5e804c9,35.0,0.3338257296082838,22283.45808261454,1250.0660500603867,0,2,True,1.0
5f96ae46-6af9-8485-a125-91ffd78df55c,50.0,0.5407296907286369,34903.13784932875,1552.193381598329,4,1,False,1.0
94ff457a-38a5-1174-5198-3589248d78ef,46.0,0.5729778311453224,32261.12895762022,3667.5366066714087,1,3,False,1.0
054f619f-0ab7-3ec3-1866-7fc2b21272cb,55.0,0.4460934815480773,27072.94384927789,228.0587132805056,1,3,True,1.0
98de685e-d72a-b382-7ece-a735b17940a9,34.0,0.2999350259059243,38856.54884849993,1284.1946940894009,1,2,True,1.0
157fe137-acb9-9b2a-34da-eda69dbfd1e4,48.0,0.9473945250263012,24318.31855037747,1015.4400503201746,0,1,True,1.0
0e1ad801-03b8-eb77-89f0-ab1ad1dbc52a,16.0,0.7577898434006699,40980.92854150308,3788.121594223526,0,1,True,1.0
13eeb5bf-1001-bdfd-59fe-0fe6b5b8f8b2,90.0,0.9524766849672124,26538.08263272365,0.0,4,0,True,1.0
068db1fb-8411-2e7e-8957-23593eac1545,7.0,0.3359058180335272,27101.044172433463,4812.545829115129,2,0,True,1.0
51d8f16a-986e-cd6f-1cae-513846b5b5c6,9.0,0.7690434832712036,20622.511131771906,3370.1614746298924,2,0,True,1.0
bf75888b-f2e9-efea-1d1e-af76b6de3cb8,8.0,0.980822039297044,34109.44549720901,5272.7404003111815,0,2,False,1.0
dc07dfb4-29c9-d78c-0ac8-b9f465a42236,22.0,0.3335492814263817,27939.994753057665,3458.1234979504834,0,3,True,1.0
90881f5c-0cc6-dbf0-6441-3018fdcee2c0,60.0,0.9385093905009978,32056.918829055256,0.0,1,1,True,1.0
638cd4b5-e348-23b4-9de3-9571b249b89f,31.0,0.3123174725674977,20896.78257337666,1642.7422013462292,1,3,True,1.0
b03fe0d4-04e6-7742-6c90-df15ea7e8694,5.0,0.9949903958083676,31011.67464392586,5504.332785169323,1,3,True,1.0
88e3dcbf-57cc-d425-fe59-21bee5aa11f2,17.0,0.9148533673067296,26725.07423963776,3494.040088012882,3,0,False,1.0
00da802b-4a56-8289-6fbc-e295295a86a2,23.0,0.594716683362635,21690.94035607832,3587.935652716749,1,0,True,1.0
00939bc5-578a-7baf-e503-9fd1eca13b4d,90.0,0.2920587594545458,24088.361806102494,0.0,4,3,True,1.0
8c046911-06ac-3a20-9e3a-46ef32745450,7.0,0.6500871959929101,27551.485275829225,4668.996935082188,2,0,False,1.0
1c858b58-2283-9c6d-2569-33d22325b869,26.0,0.951544553148913,32297.772663262807,9365.568352116496,1,0,True,1.0
fdef9e20-5da3-3fc9-8c5f-22014634dadb,45.0,0.977857230897192,23961.65003797481,1352.7491974279992,4,3,False,1.0
d6dc572f-4e01-2c26-54a6-ce5d274e864e,23.0,0.6832789591373253,26147.34838748697,6037.896287792955,0,0,True,1.0
9deb9d83-b040-cbd7-3ee8-abc0fd98bdc0,26.0,0.9448250913375364,24523.85060936577,2051.20582456292,0,0,False,1.0
62f3525a-7545-a3a6-f3a0-5b132af00dda,90.0,0.9406708362778536,31015.296548795737,0.0,3,1,False,1.0
79de077f-7f4e-0b67-47d7-7b3bc4a5b8c1,9.0,0.2859312337188612,30603.08507671088,7839.391538449663,1,0,False,1.0
bf4b2d2b-a7d3-65fe-5415-80e6f5c5d632,56.0,0.4801725403144226,26157.2252602794,426.4443433108844,0,2,True,1.0
5574d994-e61b-a19d-d5a6-2800db33a8f5,12.0,0.3589440697759254,26450.71057860196,7932.032020613828,2,0,True,1.0
72c3cb16-ec8d-8de6-edfd-8497dc1cf75d,6.0,0.8661728928862228,32142.771568995016,4967.230592422392,1,0,False,1.0
2fe1ce2e-7056-72f3-c497-3011a705483c,51.0,0.972898165657538,20349.843486472146,811.5128083723955,1,0,True,1.0
15217083-c3c7-6557-6ed3-8b6a57b4ae21,28.0,0.5784326739549348,26399.87755115271,3582.8641140066425,0,0,False,1.0
f9f4b894-b739-a70e-1346-2b8ef2bc59d6,90.0,0.8081525528517156,21244.17987899993,0.0,1,0,True,1.0
15059e89-61fb-c78f-4d63-fc70c3fca9d7,90.0,0.9139140300301808,30092.334369498323,0.0,4,1,True,1.0
eff13afa-f1bb-798d-18ab-da3a1fd15a1e,51.0,0.8271016846435787,30893.91188410292,1474.029700541054,1,3,True,1.0
b3521c42-4021-c743-2a93-c47e52b0ef2d,36.0,0.9990163710533564,26307.032869446943,2119.5405121098397,2,0,True,1.0
8ad115d2-3335-8fca-8a12-09b62a52d2cd,11.0,0.6306206774281832,27491.113458834137,4546.58119979951,2,1,True,1.0
9d394448-d4bc-8bfa-3e71-817c53fd6b4f,53.0,0.3329112412682727,27947.68057799953,986.3543933020186,2,0,False,1.0
f4f4f75c-e50a-6df1-1f92-06bdebad5b2c,60.0,0.8886342821729898,26422.68950471884,0.0,1,2,False,1.0
789ef2b3-14a9-0f42-5766-bb51b464a1d2,28.0,0.5280125423084618,30981.880240541763,4683.927069297929,2,3,True,1.0
19bbb6de-a7a2-4b94-a7c2-19fb950260b0,11.0,0.6520287854535898,27452.46877558771,4369.954664273462,0,0,True,1.0
64e82293-85da-0bac-32fd-00bbf0eaceb0,16.0,0.6623307453124971,27782.68580580526,4176.556982166047,0,1,True,1.0
9c623a13-546a-9a55-5ede-fb7430245ef3,24.0,0.9572298187260234,27204.853830432887,3618.596014673965,3,0,True,1.0
912c98f4-d8f8-380e-1ada-1e721d9d5c12,37.0,0.608866192112312,30604.18794422873,3448.674567195269,2,3,True,1.0
f1996be7-21c9-f042-5c65-a1d1eddf06ac,9.0,0.944016256189129,32681.31265779044,5746.681984253498,0,2,True,1.0
5f7f3059-831e-b1e3-b9c8-180355152d2f,8.0,0.9580730665253484,21944.830825148307,4570.248208257969,1,1,True,1.0
3f8b864a-2ef0-8b27-0196-55a655b16714,90.0,0.5874240506017989,21013.30329671126,0.0,4,0,False,1.0
39892e06-210d-f942-69c3-162447e50d3a,16.0,0.3497410730919639,28732.755015467355,5088.537508145394,0,3,True,1.0
92194fa0-89ca-ef47-d2a8-ece4ddccecf1,27.0,0.9265120709386878,21146.24444543296,2553.2102187618902,2,2,False,1.0
f54586f2-e465-acda-8563-1319d10a9b0d,90.0,0.3153752313168613,32617.56750068468,0.0,4,2,False,1.0
aed066df-c762-7031-049c-5967edac7a30,7.0,0.9872012233959608,25307.093346723577,6944.589679462145,0,0,False,1.0
2a79100a-fedd-2155-331d-b52c3411ad66,35.0,0.7516914183515605,20571.05100646693,1503.9484497853068,2,0,True,1.0
2bc151b1-924c-8afd-15a5-13b2263aa7a9,90.0,0.9532699724269844,23882.29569218545,0.0,0,3,False,1.0
47dbdf8f-3884-7505-fee0-acb4b741e01a,90.0,0.3536410734359748,36319.15280307821,0.0,2,1,True,1.0
b6b692ad-3c42-4de4-50db-bf05f3f7d5df,38.0,0.3170829200335361,25618.967638597773,2370.822063285133,1,2,True,1.0
b4eae192-2f3f-b8df-2af7-c6b554a1fd74,90.0,0.5904427721991964,20934.33710412394,0.0,3,0,True,1.0
044fdf54-aa03-b857-1630-8dfb8a893057,36.0,0.4195896131321059,18041.14415273216,305.93600845453005,0,2,True,1.0
b24a6891-21f4-5a29-3427-00e69b793125,11.0,0.6594430302057881,23500.015381692792,3422.0191220735496,1,3,False,1.0
8c1664e0-c8a3-10ac-f888-ccc3085d0ca1,35.0,0.8714498305498943,25498.50963818752,4635.220557220114,0,3,True,1.0
0af37758-cc70-1a6b-29a8-e80cacc3f6b9,25.0,0.7712532546367833,32406.31875675826,3086.0503274223192,0,2,True,1.0
6d525f8a-b5c2-65d6-bf05-ad29f74f9c3c,17.0,0.9996048143220176,35695.82991344275,4543.365816459358,0,0,True,1.0
6b647a6d-048f-f39a-a65d-6b41d90a7aeb,9.0,0.3414910138356851,23989.504979878897,5859.93382104474,0,3,True,1.0
516e6c5a-c917-3908-868f-b17906de92b5,90.0,0.9440877538860324,32477.837483101142,0.0,1,1,False,1.0
13807ebd-f7b5-4bcd-b294-d571145429ac,58.0,0.3294640988102306,29327.672067803,464.800545858108,4,1,True,1.0
4a75ab83-3104-9f0b-2af7-b12af819e268,49.0,0.9465931922895132,24429.985210885985,965.3991096465256,3,0,False,1.0
49927935-4c06-554d-d92e-8a305fab5576,11.0,0.3625201292171765,28930.28750774678,3680.505783898939,1,1,True,1.0
b4692829-ec51-74ce-0fcc-8ab9d8a92f42,59.0,0.4312879349198945,24091.432566407057,57.53117346731345,2,2,False,1.0
c1158b42-ce87-662e-3078-2bd579dd23e2,15.0,0.2818646232390916,32119.54827086074,5108.111889287761,1,1,True,1.0
7fd05059-cbaf-38ce-0328-36c76bc1b86f,30.0,0.2742261654647792,24035.27635158358,2050.588539246743,4,3,True,1.0
709cfcfc-6ad1-b14f-a6ed-606d6d5df592,35.0,0.6417056806532435,25541.38559484733,2857.8148473420574,1,1,True,1.0
e03809ae-1e55-7112-efd0-0aad997029be,59.0,0.8948950386372819,18821.186567965266,36.9926075114524,1,1,True,1.0
05a91e52-afc1-fad6-676d-4999540096c2,90.0,0.4959153968734168,36188.47682057858,0.0,1,1,False,1.0
76083bd0-dd7b-e15b-286c-1155f2b26e2b,4.0,0.9954729290181752,35814.462315098455,1028.104500719886,1,1,True,1.0
a1fb8e53-17f6-7790-eecb-2c2335b23535,45.0,0.8847737362780541,26239.358422957528,1169.8034991308784,4,1,False,1.0
291bd80c-329a-616a-e3a8-f8f2bb8cbd77,55.0,0.99452345244423,24815.78129977872,692.0884677923176,1,1,True,1.0
d53b12c6-4ff8-ca18-d50d-708dfdcf5dd6,56.0,0.9674085603681648,23195.328730224952,571.3214862539332,3,3,False,1.0
ad2e3c44-5f77-32aa-be12-af8b9d550701,36.0,0.3569684693315861,29238.93431715144,1608.150201548832,1,0,True,1.0
63762b6f-4b93-ed24-5a8d-3ad1ca24bca5,28.0,0.8627137926454456,26956.12154113529,1107.0193125881713,0,3,True,1.0
71d6e851-3cee-df8b-f588-e0f9a0eba1b1,13.0,0.7377291153014034,33417.372558679024,2816.188469915696,2,0,True,1.0
ec655a5d-5088-e51c-0d43-18c84738b6e7,39.0,0.6330751653384472,35862.40485304044,2721.6980146160204,1,2,True,1.0
0190f7da-feae-d41a-03f7-c092ecf49e83,21.0,0.4847174124404272,28913.828581874608,2759.0693738884943,1,2,True,1.0
7ec7f9d4-b244-1071-1a69-713d76a113ad,15.0,0.8593244277646996,23726.32608844609,3359.714161307089,1,3,False,1.0
60d9cc5a-d04d-501c-63c3-d38adfb691ff,90.0,0.4049919919873502,27363.76596483278,0.0,0,3,True,1.0
03961a4f-dbb1-2ca3-cf1d-0fa4a43ad59e,36.0,0.8005958255449882,20795.59679721063,1964.518999724989,0,2,True,1.0
e637393c-6cdf-cd22-84df-208961d5fb7f,42.0,0.3626852296762856,37589.80863602979,3493.597976207157,0,1,True,1.0
8eff2824-220a-190b-02e7-b2ff3d67eaa7,9.0,0.6507606806407044,33785.932823969095,7462.857382030839,2,1,True,1.0
e2d5a9d0-09be-81e2-6cd0-fa23d038ab20,90.0,0.5149654530538549,30805.737450841785,0.0,0,1,False,1.0
0e5db820-8d74-0cc2-28d4-c27ba9f08e70,35.0,0.6440958911781605,31053.96407510099,828.4691892528072,0,2,True,1.0
fab38001-30a2-a604-7915-fd094c12ddaf,13.0,0.4904248700567005,29975.52397853764,5595.181398314879,1,1,False,1.0
9c46b357-1ad4-320a-8332-3dff0c5190b3,90.0,0.7665962902167308,22159.14793371648,0.0,2,1,True,1.0
dd723942-6ffd-cd15-17c2-abe03bc330ce,90.0,0.884972779242244,24071.01639524761,0.0,2,2,True,1.0
3af2e930-a412-d775-9a81-467a0ad9fe77,90.0,0.9557539872644312,24678.596662286436,0.0,1,2,False,1.0
23d8e554-b083-6c6e-1109-5a373df92e37,15.0,0.4396219686262062,21389.59034893072,1945.1515272516683,4,3,False,1.0
f67a1747-f38c-1196-3385-17d52be3da59,26.0,0.2852565707926177,25477.761544606463,1056.797137381834,0,0,True,1.0
a951b65c-0ef9-0e3c-6e85-3fc5c37107fe,37.0,0.8735206790272025,30111.222020650774,3130.2389625162964,2,1,False,1.0
eab779bc-d5d5-5f06-a43e-081962e55d75,29.0,0.2960474594238854,19882.099909252167,2643.7936138626374,4,3,False,1.0
32b0907f-0224-7140-74dc-c159d7e5e130,58.0,0.9927052805156078,18983.659377406657,313.7307664346938,1,3,True,1.0
33234e29-b935-30e5-08f9-c8307eca03fe,43.0,0.33823569210124,34115.5090432222,3062.7481254121576,0,1,True,1.0
f571a58f-f6dd-6ad1-d01e-a3fa550aa498,90.0,0.3241315833831003,24349.821792030853,0.0,0,2,True,1.0
cb5545a7-bccc-f6e8-d7cf-d547b86283be,9.0,0.6010358979365313,24804.36691107177,4096.91063556649,2,1,True,1.0
2f1402bf-6243-c3bb-9238-8ceff306a59f,42.0,0.496957269812175,27865.71765183805,3809.95605234438,2,2,True,1.0
2769c605-ea5d-544a-16fd-3dcc7202af30,90.0,0.5154755655572886,37049.522197554295,0.0,0,3,False,1.0
ae865b72-2d49-0ff0-3839-986012e403df,90.0,0.9922914565976906,18527.50368331663,0.0,2,0,True,1.0
ab362b9c-a139-3dda-0206-f0b7503030d8,41.0,0.8225870661372049,39092.20454550502,3753.121330784044,0,3,False,1.0
4b67e8e7-1ff5-4815-01b2-5f1c68e96c81,22.0,0.9855855199659213,25700.47576029979,4568.7112120586,0,1,True,1.0
728867d9-08d8-79db-20e0-39ad0ec2e19b,17.0,0.9993040509500714,23895.219768353763,1635.2778221816125,3,3,False,1.0
cc50c219-ee4d-cbdf-5ed7-828d7270e50b,42.0,0.4034661628661368,23499.740110917606,0.0,3,0,True,1.0
775728a4-2d7f-9dfa-5fa3-2a45af03f994,55.0,0.6582983059948487,30186.82452287095,914.792624604604,4,2,False,1.0
8c5bf275-1e83-ef79-7d80-13489b8d6e61,90.0,0.8966914938792122,17525.996072459588,0.0,1,0,True,1.0
e5bef6fc-b385-aa37-9687-6c798543cf9e,90.0,0.948687126837288,28183.41172067328,0.0,2,0,True,1.0
b52f72a4-67ab-6c3a-7c57-1c805a46d27e,90.0,0.9129389206204986,21681.02917178945,0.0,0,2,False,1.0
79602f8a-761a-5951-d61d-20056298e5f2,21.0,0.7845038409844037,21571.782744072785,3983.212651791184,2,1,True,1.0
f67b6632-a175-bba6-b622-f2de458a6ef3,90.0,0.9871179110542072,22400.93920862213,0.0,0,0,False,1.0
690e8db3-05d8-7d26-65f1-c2e093f8ae3e,90.0,0.9957087301002816,17548.547119658466,0.0,3,3,False,1.0
0db020b8-e24e-26dc-7d6c-e363ff6a8be7,90.0,0.3223428378148969,23419.34695550013,0.0,3,0,True,1.0
32032d8a-b89a-afbf-4465-cd8a5395527e,7.0,0.4160929490110155,27410.624322145984,7874.520481875253,0,2,True,1.0
52266177-ece2-db7b-23a0-47244977b13f,90.0,0.996570293784946,19401.092460697717,0.0,2,3,True,1.0
00e55c51-4639-17cb-d5a8-6b950ef9cf32,39.0,0.4632287289442982,33641.2108359616,2967.7456053831597,3,3,True,1.0
75fa7e6c-ca7d-39c5-5429-c872e8586e60,33.0,0.5517815927140867,19244.110714891056,935.6810133750654,0,1,True,1.0
ebebc3e9-0010-a10a-fab7-bc475dd038e5,50.0,0.9161912260884448,25725.101738305697,997.460456135204,1,1,False,1.0
f0e59484-9974-dbb1-f2d4-337ff3b12cb5,33.0,0.335726564129668,28157.971191167235,2809.180639574228,0,2,True,1.0
95baae52-6023-386d-5815-5bb701ff9908,41.0,0.6096114235290854,30111.924486869,2152.940173953919,1,0,False,1.0
32420187-f091-6fab-4f51-8dd3311e7816,16.0,0.3878458843965648,26499.19751764984,5357.371130147095,2,1,True,1.0
6795740d-de80-0f98-a99b-1120ea61b45a,90.0,0.56614396352634,27696.983538874123,0.0,2,2,False,1.0
52803238-6a6a-6bbc-1df0-3466701f3ee0,90.0,0.9944320532841572,24097.785815580533,0.0,0,2,False,1.0
a9b8938d-9aef-0eb0-f0d4-ff5ed89a6e7d,54.0,0.9992846060623533,28757.650679342467,512.4261668452523,4,0,False,1.0
7d1f0a95-a423-4c33-999b-ab3e12aaf480,90.0,0.9996002314769687,22365.583754293944,0.0,1,0,False,1.0
e284c37b-c9e8-6376-6e83-4783a7616d55,35.0,0.8963924291450683,28479.09308450342,3162.122873729107,0,2,True,1.0
62176220-a671-633a-3175-3924db3bb34e,90.0,0.344183404937641,12710.423170861775,0.0,0,1,False,1.0
3d229297-ed8f-59c6-4e98-f45669dd92ca,7.0,0.50870527522984,34870.3578446992,10830.766442863833,0,0,True,1.0
31cd9bc3-d1ee-a05e-5619-0dc24024caec,55.0,0.4782986506613821,32078.453658202656,376.6264709620785,3,0,True,1.0
c78af681-b143-1a62-ee4d-0cafa375b602,90.0,0.9728005991307008,19381.603936438278,0.0,3,3,True,1.0
eb289a73-2034-954c-e264-466eff300d53,17.0,0.432283387321252,32300.15402160023,3179.9419221292856,0,0,False,1.0
07c1bfa9-7086-12bf-1b93-e1c47123b650,90.0,0.3125208776451978,23798.10294196781,0.0,2,2,True,1.0
647f645d-cd61-67d6-995c-c71e31d66fb0,90.0,0.8633716933885596,22375.29859602324,0.0,1,3,True,1.0
897cc0af-2e74-8190-7d5b-04754a25a85d,23.0,0.937120058840758,22846.87630271737,2152.461444444042,0,3,True,1.0
518f61a9-a1bb-e43a-ae2e-5ac32c3b00ca,46.0,0.912463526661052,27923.992378098555,1659.7980095210075,0,1,True,1.0
0e2e7720-f662-3cdc-db93-78ae4c0bcfdd,56.0,0.5106634152021887,20662.978809758188,473.77006638885297,1,1,False,1.0
9497c2a7-5d94-714b-35f3-f18ee9faa951,32.0,0.5526670301058472,34659.09718188783,2787.9198977445867,4,1,False,1.0
657d9fb4-0cce-2f26-eb5f-92d05e1e5056,3.0,0.9503901044194036,35450.37322454208,5978.873937592262,3,0,False,1.0
23498aa0-7770-8c4c-0de9-97eb3e67e287,27.0,0.2963447840969671,27489.20655074519,2568.0169711428102,0,2,True,1.0
b465f982-db5a-b527-8688-f87e4b6879ab,90.0,0.9638097859500102,28523.48406398004,32.75829169400526,1,0,True,1.0
1ef956ac-7c6f-699d-b15d-a5c6697fa9a2,7.0,0.3120187432820563,14188.092887525438,2835.567266657189,2,3,False,1.0
dcac3120-117b-f3b3-f10c-e787babd6938,57.0,0.500720235249435,27935.166812625717,587.553797698492,2,3,False,1.0
c6cbf120-b9a0-c6cd-c77a-30f8f4bddd14,20.0,0.6270433593874316,31388.68159593548,8491.663674095353,1,0,True,1.0
87b28f10-fc71-4952-a7ce-23985a37295d,17.0,0.6354644008058344,34732.721875871444,5620.659228980642,0,1,True,1.0
2bbeb35b-c79d-5b6d-2deb-46576f98f6d4,25.0,0.9285145004169808,33414.67358213203,3420.1133723658777,2,1,True,1.0
331bee36-8ec7-5879-99f9-b73090a2dea6,90.0,0.9332258316409298,25920.15067798134,0.0,0,0,False,1.0
b5a40138-adc9-e660-af84-ed32cdddfb34,20.0,0.8045539954522507,23399.049195294367,3186.2803936363475,0,0,True,1.0
26912fd9-ff57-b2cf-f42d-d8dedad619de,90.0,0.9748944135563504,20162.51785229144,0.0,0,0,True,1.0
942f18fb-05fc-4d1b-ab04-98d97f0d22f1,7.0,0.8630652296972807,23676.38622131731,5722.240258993638,0,3,True,1.0
f6cfcb7d-0dae-c0d5-b42f-507132e18b04,38.0,0.9262677757997936,30058.80566785392,3417.615132871351,2,2,False,1.0
0ec8dddc-0554-e071-6564-bde5cd7d3a65,19.0,0.6213158951006751,21747.25068489658,3513.162584391002,1,3,False,1.0
dc0e9234-259e-de3c-6484-957fd416c772,19.0,0.6333221821834789,21388.641862043347,2695.9527142059173,0,0,True,1.0
717a6720-7a42-28fb-2409-049900dde792,45.0,0.9517777773194144,35421.40400821589,1282.9696503423445,4,2,True,1.0
6eb17353-e428-1f19-f2ca-e677877029d8,90.0,0.9998596288564252,27165.824174550908,0.0,0,1,False,1.0
5892071c-8073-4d0a-c4ae-0cd06c42bf3b,11.0,0.5457770015523101,17669.238046876606,4275.957309829281,1,1,False,1.0
c22c0def-5299-d80c-72d5-586d8ff9cf6f,12.0,0.8264417881837648,21540.814121365,3719.228631164088,3,1,True,1.0
183b7e4c-ea91-5baa-d6f9-66edb2b9bf6b,22.0,0.481559804067648,23913.9600417468,1518.3785409378013,0,0,False,1.0
fb08e0be-f1bc-00d7-b94a-a24e384e5206,7.0,0.6153497368047982,27884.901327299733,4359.152332068957,4,1,False,1.0
99f72303-a763-1ef8-c796-5c308865a333,58.0,0.7679587382638213,27000.104000808547,92.6760049560843,2,2,False,1.0
ecbcf85e-3216-30c2-f831-fb56b4ce33aa,17.0,0.3571970127744536,42106.584005750585,3970.599049640931,4,0,False,1.0
441fdaf1-3213-92e1-74fe-d197227b2c49,14.0,0.427497125603463,42094.6242183208,7630.287363250936,1,2,True,1.0
6121c12f-5502-b24b-a3df-4d0ba575d11c,90.0,0.8629654953512423,26610.299778973225,0.0,1,0,True,1.0
2167504d-469b-d5ba-27b8-947b8c8bb914,10.0,0.74029512062466,36732.50824293317,3256.133793929772,1,3,True,1.0
6cfe7980-fe3f-6b78-7966-cd2deaa20ceb,17.0,0.8309784562990821,23263.450106530003,4260.726944703537,2,2,False,1.0
0cfe74ed-3efc-2bb9-f6d6-5b518da7c902,22.0,0.9996085913135792,22267.93896092576,3579.7520752357623,2,0,True,1.0
f479c8de-6146-cd3d-bf3e-d0783e7dfb88,53.0,0.999655238086284,28860.482815462816,1051.5756420521805,2,2,True,1.0
53fb4946-be2e-278a-4e66-df32cfd3b7d2,22.0,0.4036653895012761,27165.932481746186,3946.786604596552,0,2,True,1.0
8e3a4b0c-a636-0bba-8f78-93628f4efa11,34.0,0.3656127880993443,16127.390693428204,1488.887202723054,4,0,True,1.0
d9b6637f-9a7c-6e43-e4df-337bf2984b9d,90.0,0.4088442856369386,26762.174397474304,0.0,1,2,False,1.0
e80aa813-0774-a7a1-5bed-00c26245e766,90.0,0.9660085180809264,19000.94191246071,0.0,1,2,False,1.0
e72ef213-ffe7-eaa4-3f2e-092ad6fe1838,17.0,0.6432343003963996,25915.684048811512,2125.0718644050858,2,3,True,1.0
e4ddd060-67b2-38c1-d25f-21ba5f8f0e1b,57.0,0.3482833343997618,38858.84639183828,104.29417606799768,2,0,True,1.0
617368a6-a4a5-8263-39ec-80a70521a95b,19.0,0.3955310287157157,28220.11498747428,5465.918493170278,1,0,True,1.0
6d29b5a4-194e-97a7-00fb-f25f39f23691,56.0,0.8322023697525793,29759.539584434988,483.4679060128544,2,3,True,1.0
74e8c304-be0d-20d1-6ff6-9e0c17993c55,90.0,0.9968827809394312,22963.23160241856,0.0,0,3,True,1.0
1cf8f7b3-be01-7d6b-1439-eaba0a82b6ac,90.0,0.3376866497777956,39924.41498842436,0.0,1,1,False,1.0
a506ba8c-4b32-9dc9-60dc-6a6e849c01bb,90.0,0.485272885449117,21939.757204827773,0.0,3,2,True,1.0
d0313667-6cb5-5551-3e79-4fb9c8f068c3,46.0,0.3717028072503808,29136.367628876706,1141.2353541059765,2,1,True,1.0
46db93ad-d8f3-e117-3f8c-ac3bc41ba98c,34.0,0.959568464967164,34145.395383723444,6003.048665865778,1,2,False,1.0
8ce710ce-8574-b502-ff54-64dcabe563a3,90.0,0.3985969383724078,31570.64795443817,0.0,2,1,True,1.0
868348ae-e285-5f27-2a70-468aa41a5dc9,12.0,0.398953110056344,32213.26912627931,5547.733129971941,0,1,False,1.0
8e3b99b3-5daf-fad4-728f-257bf8e672c4,33.0,0.7835182301050124,28432.635384318597,4543.662295459084,0,1,False,1.0
8e0f9c3d-4e23-ee03-5531-b3cc3ebf9867,6.0,0.7990394222069135,30925.242619798613,4205.301688375954,1,3,True,1.0
e89781d8-c02c-8bcc-3393-cb469305a15b,57.0,0.6311343674740271,21107.51685435843,505.9490815838885,3,0,True,1.0
463e91f9-787c-b18e-3451-a21e338a88ae,90.0,0.3149513415932583,28098.99047097378,0.0,0,1,False,1.0
fc023311-6689-bbde-b312-b267d684134f,90.0,0.7905858519301734,28469.04180015541,0.0,4,3,False,1.0
40342bbb-9a29-5e4f-b723-ce1be9c013d8,36.0,0.9953647714031492,28649.079619901804,1671.7619089629852,1,1,True,1.0
ff9dfd9c-9d19-6620-f12d-ae762c6afe56,28.0,0.778570801196744,33525.428470496205,5493.095302213396,1,3,False,1.0
2bdfb4e6-c1f0-d293-fae1-a636df6f2940,7.0,0.8650595692777651,22738.471596733656,1299.3020270708255,4,2,True,1.0
387c4ff3-8116-0a5b-187e-586fb77b5feb,8.0,0.8963042723790691,28267.173600262267,4437.398497674074,0,0,False,1.0
e03f6fb2-701a-627c-ab9a-e7b082048298,8.0,0.5217180970766184,31525.399047892675,8800.753788174618,2,2,False,1.0
572c41ed-db8a-e223-be83-dba7cb37e8fb,5.0,0.9999308860054432,17871.65873925345,4183.4153216634695,0,3,True,1.0
3c3b093e-f154-03ae-ad9b-11df8eaf30e2,7.0,0.4289085122307777,37911.92790479756,10722.891609614857,0,2,False,1.0
c75660cb-ef20-0766-fc5f-d3901d9193c1,14.0,0.968729388014727,16796.685114131626,4106.852478682999,0,1,True,1.0
a9453957-49fd-36bc-3d89-1f6370373c29,90.0,0.9981947448232976,22681.75364721945,0.0,2,3,False,1.0
820ff015-7b7e-847c-7aef-ab43765ff489,9.0,0.8760192532821424,27618.41911370598,3101.249407479753,2,0,True,1.0
93bf723b-eed6-e41c-6812-8340dea601b5,20.0,0.9495627989342964,22834.85305796928,5006.152588742993,4,3,True,1.0
0563f789-9a59-0d81-27e3-7b1ae17ffc65,12.0,0.6636053267910992,31868.214333007098,5794.62074072465,0,0,True,1.0
84df05fb-9520-8721-fafa-272456e489b3,90.0,0.996739092475431,20868.707253076034,0.0,1,1,True,1.0
b64dfa25-2c5b-ff66-e260-71361ad37a46,50.0,0.8241243258147014,27541.74659720846,1462.191848006951,1,0,True,1.0
d222a890-f024-26a6-3964-d819f729796c,16.0,0.7772401953099425,30150.759594453502,7629.715751242907,2,2,True,1.0
52b03593-14ba-4775-fa98-37a96c31379f,6.0,0.5667054349744053,41060.768001247096,6400.407512122998,0,1,True,1.0
b2857f88-1775-b02e-91f4-a7bb7b3819c3,38.0,0.3808451786264483,16727.30997445577,2342.989980251176,0,2,True,1.0
341d5103-e3e9-a494-3bbe-e088187bad39,28.0,0.989534909111564,17840.485768696264,647.8241636378293,2,1,True,1.0
fdeba28d-cb6e-2a77-fc40-74b6d0bda003,24.0,0.9749764569349222,18489.307228325622,2336.227322241977,0,3,False,1.0
6d2b428c-6a06-4319-f592-7763d5bf78dc,31.0,0.992416581660182,22364.62164630816,875.1332850311775,2,0,False,1.0
7fdd3e7c-3898-83f9-ed1d-ec7dbf9ac999,12.0,0.8013070081654183,23519.197139200714,5274.381769916314,2,1,False,1.0
737820aa-e54f-5c2f-39f1-1624ea2287fa,25.0,0.8610699653538895,31823.677308457696,2224.319185628505,0,0,True,1.0
bee94468-ac59-4bf6-8d16-47037e85db28,22.0,0.3971130778128636,23311.29135172532,2801.82519842307,1,0,True,1.0
f62e5d25-c95d-2b58-68d3-8fc1d9f04907,36.0,0.995149858278418,27491.19591982115,1603.0776894082803,1,3,True,1.0
24d1e2f7-c074-d780-2e08-4763772b0998,58.0,0.679065073495571,24446.84939025743,261.65563097026615,1,3,False,1.0
1de56b1e-fd1f-b8b6-5948-a859257ba72e,40.0,0.823215933320231,24863.56919981872,2845.9641135822417,4,0,True,1.0
34349c39-66be-20c2-aa0d-c98c70645d40,38.0,0.9204324025006624,26459.332897547407,1589.9199426005584,2,3,False,1.0
6fffb5d4-2ddc-771e-b05e-aca09ea45147,34.0,0.8678554575489726,16269.465572317024,1483.538597615707,3,2,False,1.0
4bbb2ce4-af75-41b9-47be-c2a82e6876e2,56.0,0.5174044454233326,29859.474683947312,648.2353021255357,0,3,False,1.0
6dc899df-f6bc-beed-a22e-906914cfa4e1,28.0,0.5467510474723317,18927.96201726409,4999.834249968275,0,2,True,1.0
ca14a36e-2aa9-68bc-00dd-b7cd2c28410b,59.0,0.777817175062086,25784.568512730697,113.83253306340258,2,1,True,1.0
5bc85671-8284-c8b9-5edf-1ef768592d51,24.0,0.9589422380964252,34619.793397862275,6389.450060164868,4,3,False,1.0
e6e014a9-f888-064d-ed87-29666741f8c4,32.0,0.9723843461407236,29267.82505526882,6709.513057630819,0,3,False,1.0
dd3ead00-059e-e0c7-59cb-fcf8f615aeb2,49.0,0.6287145362929424,25540.86860516699,328.7498347997258,0,2,True,1.0
35718770-4eb4-f85f-1078-ea8e3a658808,90.0,0.9646495475625338,12983.7431844296,0.0,1,0,False,1.0
e96acbbb-5574-b35d-29f3-3db13b2c87d1,39.0,0.7335547501554944,28326.459072230795,2577.1223341019586,0,0,True,1.0
8a1bee23-cbdc-ba91-5607-7d6222a2c303,90.0,0.9983138524732876,24258.95124874596,0.0,1,2,False,1.0
64cdb083-e250-2d54-4e2e-707953b461bd,12.0,0.8686416952374187,37982.59922332204,11114.591503050066,0,0,True,1.0
198e9d5c-2c42-fc45-cde7-ab89bf71cee2,10.0,0.5784423165267968,18537.10787625287,800.9280945142212,1,2,True,1.0
5cace88c-ba73-66a5-a2fb-4ba7799d130d,90.0,0.2886654220570857,30179.110922358766,0.0,1,1,True,1.0
260c4687-e85a-b65e-ab9f-a7f9389af653,90.0,0.7321786685600514,26464.91800557982,0.0,0,1,True,1.0
7d0292cf-68b8-58fd-71c7-ef4dc6a80109,38.0,0.9841955828043816,20551.23666531114,3256.659028420784,2,1,True,1.0
7b9c2737-07fc-5410-3b41-2008009bf8ed,7.0,0.8400428632463796,25953.83400384969,6669.421554718526,0,3,True,1.0
a145bd3b-f0a9-edbe-f58b-8aeb686bf26e,23.0,0.60105484517948,31426.40568714873,3415.837588595969,0,1,True,1.0
1c9e2b6b-3de0-616b-a09b-16c542e887dd,90.0,0.5163701575061996,38103.72646680207,0.0,1,3,False,1.0
c37e1fee-0a00-acb0-ee42-db0855874e84,16.0,0.9240921214025748,18513.965296292383,4937.111144605675,1,3,True,1.0
b2c943d3-8633-c3c1-d960-77a8a640dc45,10.0,0.9938785630137994,26399.604374531376,5235.609794730188,2,0,True,1.0
4fea11aa-f78e-3920-1299-58420984027f,37.0,0.9906468531683444,20483.824619260537,3285.077028422262,0,3,True,1.0
085940ac-dc89-b639-4f4f-eebb2f12583a,26.0,0.5174728079286123,30912.239555597243,5356.456175803369,0,2,True,1.0
d33aecea-bd8f-3b75-719e-2cc791ad638c,90.0,0.5741955731166563,21408.091560303357,0.0,0,2,False,1.0
0e342119-ddc1-6fad-74eb-86b9b673e19f,21.0,0.4497370094289108,19268.09884795043,2401.608117682499,2,2,True,1.0
51808008-881f-d5cd-a693-7c56749a88b1,90.0,0.4630336966014077,22121.570625395816,110.03455124622776,2,3,False,1.0
a3b71b1d-8381-da11-5da7-fc9dea6beb09,8.0,0.9197912965640688,35670.89523801301,7225.154766996411,1,1,False,1.0
8b69065c-4540-670e-ca2f-5eb9cfe68caf,54.0,0.6178627930343823,14451.877326811962,251.79289851835597,0,2,True,1.0
04675c65-3a5b-0b03-d124-10e3a58d1cd3,37.0,0.8395899427697153,31221.651118149814,2688.2673785454804,2,0,False,1.0
28cae9aa-a489-58c2-a68f-2a836b82406b,33.0,0.9352920755219576,22190.1664421305,2112.3881283420405,1,1,True,1.0
894c14d0-897b-cca4-6c14-1ca55e07a3d4,59.0,0.8642483560302012,25168.47795935337,156.0165387457702,2,2,False,1.0
e55ffd08-35d1-776c-66af-8ea288e4bde6,48.0,0.5829594603102408,25614.60460492588,1489.5211471325892,2,0,False,1.0
3bebb679-bc53-361e-053b-71b75f4fa9d7,36.0,0.3262817619871684,19296.75860555194,1822.0006765290632,2,1,False,1.0
b1765fdc-f201-0310-6c32-42bfe690db9c,55.0,0.5527991363903143,34447.41365846334,837.4845039518184,2,1,True,1.0
38cc3ce8-d5e2-64de-c0d6-83b0007a0478,35.0,0.3651818282297948,23691.684506999904,2822.471004444524,0,1,True,1.0
2f131bf7-c459-779e-c233-da7093660bfc,18.0,0.3713500134746607,29625.293391212832,8897.107491597952,3,0,True,1.0
d9004ef4-206a-e245-9a0d-48009839f897,3.0,0.7556549275119825,17922.824003292466,5071.99855299661,2,0,False,1.0
0ec492f8-40c3-297f-b9cf-a9f3a870d292,50.0,0.6431194219054056,31420.252570240023,982.9409721267754,1,0,True,1.0
7ab33f9e-9f5f-cf09-fdf3-3aac8af1fb78,90.0,0.8786549471682733,19881.58654442229,0.0,1,2,False,1.0
d59e2936-0f40-386f-50b8-868b6a19c032,24.0,0.6068794501490764,24428.06228888636,5108.557261974032,4,1,True,1.0
c23bb7a9-0136-0d42-3775-85d34664d4d1,90.0,0.9851094949784616,9161.063639881104,0.0,3,2,True,1.0
d725e473-9ecb-872c-968e-adadb060da2a,41.0,0.9601347530063656,27286.50947967724,2011.434973032258,1,3,True,1.0
49ae857c-8b33-f605-6032-55c122165b75,50.0,0.7517528493510548,26807.03366788969,170.80216953515452,1,2,False,1.0
197674a9-1e28-d5d8-a7a9-9fe5ab1ec204,47.0,0.9655333597514606,30071.05084533341,1874.01938675112,0,2,True,1.0
69e9558d-c967-2a65-57b6-ff070cdb3bd4,34.0,0.9981971881932128,32830.80178183094,1895.2704553138317,4,1,False,1.0
12b325db-b933-8873-f257-d6a9046f5b88,15.0,0.555863641752497,40303.16639435834,9185.21508148501,0,1,False,1.0
21972540-0a3e-b411-5999-98ee17f77462,90.0,0.8090356984092552,16969.092050981504,0.0,0,3,True,1.0
e5795d5f-63c9-6428-b980-ed62f4a97565,28.0,0.9889400186508324,22623.94768033065,4589.920736923185,2,1,True,1.0
fe76956a-f531-13cf-3a68-b7fe18b72698,27.0,0.8361928077762003,37650.19835545475,7740.169997107993,0,1,True,1.0
efbb37d4-4d08-9965-d6ca-ccb0faa03e5b,90.0,0.7144556792362643,31303.42638988135,0.0,0,3,False,1.0
bc82556d-adf2-3721-3cd1-aef7423c18a2,57.0,0.6816964865889193,25553.05525989587,124.85959408859976,1,2,False,1.0
744ecd52-840e-6eaf-45d3-ab6a19e4678b,90.0,0.950758120688976,20321.05355667634,0.0,2,3,True,1.0
0b0aaac5-498a-f73f-4997-4313d0906837,10.0,0.7681266141775848,36131.3437879084,4693.209126566584,2,2,True,1.0
7b5e6a13-6984-3952-a04a-20ef00b7c736,42.0,0.7641027187504565,20962.36467120597,2570.5021103140025,0,0,True,1.0
666465f1-5ec3-a031-dd74-ce116423c1b5,32.0,0.8282132886796404,23199.76456554833,4513.258663397009,2,2,True,1.0
ccd1fe29-a4b0-c9e8-b3fc-f49835197c50,90.0,0.9907660656208102,25259.611616378035,0.0,2,1,False,1.0
9a4ce80a-ca1d-b622-097c-8bc71fe4d522,90.0,0.9778647278005692,18203.171049299825,0.0,0,1,True,1.0
d2382a72-9c00-04c1-1e24-1449fee63f93,90.0,0.9753144009444868,19579.371085005703,0.0,1,1,True,1.0
66b8124b-3d07-1498-0b81-d22b22ae1d57,20.0,0.9777123560831086,27667.92937274005,6361.2524708308565,0,1,True,1.0
4279f03c-4849-6957-16e6-ca52a51fe55e,90.0,0.8156469798243821,17935.535029839884,0.0,3,2,True,1.0
a2bfc97c-d52f-53fa-06c0-78affd3500ac,33.0,0.9842122617872048,21423.308256241173,2313.648077488234,2,2,True,1.0
9edff148-de89-09b5-efe2-8377a16358aa,90.0,0.9394501897372544,29919.27385821601,0.0,2,3,False,1.0
f55fe51a-00b0-564f-4957-757975554e55,15.0,0.9926616120021392,19295.750989149048,3290.002847381019,1,0,True,1.0
79c894d0-66f8-80fd-96da-835672ca6703,35.0,0.3074406204794233,19767.970654655477,1582.9306131046976,4,1,True,1.0
432c707b-ca53-ac59-c3c7-638ff168240e,50.0,0.9846777205051456,19842.29399386163,1049.991572522399,1,1,True,1.0
7c452f18-f99d-e7d8-73f0-a3977ff42128,6.0,0.6099286699709799,22223.99994876057,3840.870373571469,2,1,True,1.0
81f3da30-0dfa-3fa3-0f0d-5d91e00650cd,90.0,0.3173186996857196,24217.40575088159,0.0,0,0,False,1.0
08933218-9a18-d401-52fe-60aac5702e15,90.0,0.5368921141316142,16048.624342508308,0.0,0,0,True,1.0
a7ab504a-1bfa-98c7-54e4-2b01ce8d8fa1,50.0,0.9375943681168594,18414.73474275089,462.1945218881504,0,1,True,1.0
2ba16fe3-80a1-6348-0341-2122c2d0adbe,49.0,0.6432289891693768,18207.73838449191,410.8913647251612,2,1,False,1.0
1cd66e03-fd09-73d6-e192-0119d549d4d7,4.0,0.3773901260701887,29481.68441314528,6391.299089114567,1,0,True,1.0
ceced93e-c169-deb7-3614-b4a716d2e710,90.0,0.3950341797771458,25889.40533371853,0.0,0,2,True,1.0
8c350a14-4ce6-56bc-ea05-b0889e61d321,3.0,0.945999091872975,18232.73264140031,3388.10050894705,4,2,True,1.0
a21c5107-4624-7357-2ce5-051ae0f4a16d,11.0,0.6613565317233014,29919.63840652932,5782.653933522458,4,2,False,1.0
37d086a5-5bbe-747a-0f6f-cbb4027cc6e1,51.0,0.9274570654993448,33628.981870936754,1696.864480561614,0,0,False,1.0
af2a1707-9053-326b-f6f8-e28b3bf272d6,40.0,0.9345507678410178,34326.17843128323,1827.5978445948915,4,1,False,1.0
07ed1bcc-631f-8382-0e2d-5d402187adca,3.0,0.8733454681067888,29330.14067273357,8851.420900362598,0,1,False,1.0
a5881004-9354-2514-7f32-9214f4dcf8ef,90.0,0.9793846985550704,29627.36653167773,0.0,0,2,True,1.0
608a1575-af45-e52f-a93c-80171fe32439,17.0,0.9920808311764676,25621.897531224706,4550.735616592401,2,0,True,1.0
299dbd15-8ee5-a6d8-6ec2-f88c4c106494,90.0,0.9836684355226518,20534.464461891417,0.0,3,1,True,1.0
bbb67771-9529-9638-7af7-8a27c8699151,10.0,0.2953703806596635,23519.39972029674,4152.716013566073,4,0,True,1.0
37c07ee7-4f98-3a2c-c72a-0a302425ac67,9.0,0.7899472026422398,22592.858390604724,3747.2631440403775,3,3,False,1.0
eee10aad-d072-fd7a-9933-c51d2f14109a,90.0,0.8206708922167432,18650.365131700404,0.0,0,3,True,1.0
e3c434d0-33b3-e335-ed2b-e3ea431e363c,17.0,0.9892152285066548,33099.966197100766,5203.924307505324,0,0,True,1.0
b64237ca-60c3-106d-71b1-0880458230f2,41.0,0.3868955485410066,23780.537332290696,1902.1996661028409,0,0,False,1.0
3a52b27c-5cce-a74b-8a87-a8daadf53beb,19.0,0.8683472941477309,22934.442115444323,1500.603065689194,3,1,True,1.0
6e0610e6-03ee-3ce5-5938-e619015276b8,27.0,0.3731700828855109,37839.81961095332,2699.951533247794,0,3,True,1.0
eff501f3-7d09-cffc-1f64-151099107076,57.0,0.9083271328328248,18520.702683365373,118.54131216148474,1,2,True,1.0
23ddbc56-1206-e271-de7c-8c4dd0876b6f,11.0,0.9831588975941674,38055.0540059067,5985.377149710804,4,1,True,1.0
03498955-e639-a288-2455-71719bb82e2b,22.0,0.3745559896276764,24091.19995226823,3830.849032244172,1,2,False,1.0
19fa952d-52a1-343b-ca78-ce1c7e637e9f,90.0,0.6106322473205313,31467.50100467644,0.0,0,2,True,1.0
a0b1731a-ea53-53a4-a4ca-899fd09380a0,5.0,0.9807592140785611,23599.346181804794,1331.001026753368,3,0,True,1.0
434b4e16-9f23-b343-1d7b-33c3e778a3eb,28.0,0.6287123125490897,29562.988075356858,2948.143636733916,2,2,True,1.0
86e106fd-3ece-7f61-1449-88962864f055,19.0,0.9948669692106762,22530.443100170764,3094.3341400451136,0,2,True,1.0
ca594f22-5889-d17d-05f4-8d9ff2632027,28.0,0.6093842634345142,22661.129628899467,5996.994889860998,1,1,True,1.0
e86d8802-aff3-7e38-d226-f02eef813309,28.0,0.8830820451773996,26658.423003444223,4829.388171184351,1,1,True,1.0
42e0f243-fd36-26a7-30bc-13ea82c561af,90.0,0.9564813214114104,21167.357021739957,0.0,0,3,False,1.0
ed8ca633-5a90-4dc9-2bf1-0cd1d53393e8,51.0,0.6087999809654175,26866.121412348155,1148.8966268494505,1,0,True,1.0
2f2a76bf-4cbe-a9dd-7daa-8b0e22e23816,90.0,0.9707310551134258,29268.751313370914,0.0,0,3,True,1.0
263b9a6a-262f-9680-3c60-252f89d18b0b,3.0,0.8160428110455832,23786.68618895298,3750.10229360743,0,1,True,1.0
ecc754f3-f6d6-d7b0-c635-6c4d55555074,13.0,0.4339973050905968,28485.414096748565,5344.135583630212,0,1,False,1.0
1ef63722-3f21-4fb6-8487-0ba61ceef05f,90.0,0.5746005177949796,24915.41941253634,0.0,0,2,True,1.0
9bcd874f-fc38-5fa5-b4fb-fa2603cbccfe,44.0,0.9467488331738746,32551.74545711521,2076.640169695164,0,0,False,1.0
0f733433-6339-b810-8aa2-3c669e8d6296,90.0,0.6371344034975062,26118.138437151167,0.0,0,3,False,1.0
345521ef-a786-c350-0853-7ec54d722684,41.0,0.8587489242598433,21172.013128776904,1439.6016508461614,0,3,False,1.0
ae08cf02-6096-e25b-113e-d5c244f06a51,19.0,0.538720319794006,21868.07873844173,4127.6168949834655,2,0,False,1.0
f89de36d-27ee-acc1-d1f2-e5f80a0d734e,90.0,0.9231363638913768,22741.81234521416,0.0,1,0,True,1.0
1b04af2e-5a96-dcd8-0243-74e736eab7af,35.0,0.880168424963427,35153.94599963863,3205.162309189868,0,3,True,1.0
da622651-2bde-11ef-ff8b-13209c57e5ac,52.0,0.4977637730107734,17745.726675272697,776.2313346201252,0,0,False,1.0
16102680-b252-5e52-cbcc-8698dc182fe2,53.0,0.4580887429026732,20254.4201698582,710.882854100861,1,1,True,1.0
64b35c9b-24e8-717c-d53b-5da1b0664eb1,43.0,0.9591220874526888,25299.154059643,1893.2930980306617,1,3,True,1.0
680139a2-93b9-4b95-bf12-b2dce4b30259,34.0,0.9995267423096684,20737.496238927157,3085.93302880316,2,0,False,1.0
cd39ebb9-644d-d717-58ef-4533bec57490,90.0,0.9429823793395178,26876.714153693447,0.0,0,1,False,1.0
e00902d4-4c7a-a44c-625a-1cfd334c24c9,90.0,0.3425837235603317,19045.34774817625,0.0,2,1,True,1.0
1f2e0e19-0948-22c7-6a09-b6beb51e1a68,59.0,0.4387976786856561,22457.927721373984,93.02984850432158,2,2,True,1.0
d8b792dd-646e-2d82-07c5-7066a7b1527b,90.0,0.4408504875128716,17965.233427593004,0.0,0,2,True,1.0
1c073c2a-8099-be40-101e-622b2b83dcdf,90.0,0.5363004128422644,17819.1009543791,0.0,1,3,True,1.0
2b074c7d-7a30-a557-e12e-4a2ebc9ab926,6.0,0.5361450013869817,24471.77954429648,710.0562750424605,0,1,True,1.0
1acccb12-441d-9a34-77b1-242f8841fc49,11.0,0.613692155554379,19366.77284759121,1709.976764605164,1,3,True,1.0
b3dc460b-58b7-be78-2caf-79e2b2e81c54,4.0,0.9763819727827292,15043.32471903732,2512.209950290692,3,3,True,1.0
1612f1d3-3089-8162-d13c-3b331f9beca7,13.0,0.9561542994463916,29655.327237848167,4957.322798641297,2,1,True,1.0
7b6e1f66-387b-395f-3640-11469ca0ff1d,90.0,0.8320341032662257,24315.5053678468,0.0,2,0,True,1.0
8b6ce570-df4b-219d-dfde-a38ac3f64832,8.0,0.7963159987049704,33023.425360060784,8244.506775295544,2,0,True,1.0
d4e767a9-3a44-dde3-3178-e1153a145cd0,90.0,0.8347227258540484,20769.35942308952,0.0,2,1,True,1.0
d693200e-4d26-941f-bc87-3bad30c5355b,47.0,0.5531593140782681,23228.192795879877,1556.0142204073525,1,0,True,1.0
5b33aaa8-6432-8d79-a8bf-6371b1eb98bf,90.0,0.9711455501465956,25130.42853005526,0.0,0,2,True,1.0
b3383cdf-1040-7d43-c962-0721d3f5391c,50.0,0.4825240158419241,30327.009919879543,67.37134912665277,2,2,False,1.0
38ef48c5-3013-f9d9-f790-53c4dbc90185,90.0,0.954369299021586,19365.42318706899,0.0,0,3,True,1.0
f2cbb969-3718-4bca-e0fc-92bdfb8cf49d,28.0,0.9439323553661324,39422.97815991766,3788.875118737677,0,3,True,1.0
3ac41282-0246-c989-c2b3-b057d84b8969,55.0,0.9660036898006708,24328.519426132767,488.37194468702137,0,0,False,1.0
4de63147-0606-23fc-9b34-1b7b886bddc0,42.0,0.9268816196821776,33385.40726533123,2885.389854682931,0,3,True,1.0
504771c9-19a8-47f3-5979-894198a7937c,54.0,0.9363149694077094,28429.00933791293,882.7847560243977,1,1,True,1.0
b4daaaee-939d-cb9a-1d14-cd5491211aa5,23.0,0.8988614810266128,36286.0134378014,4268.522391637787,2,3,True,1.0
2d3f2e1d-ef0b-4610-3a50-0b5a4fed40fb,39.0,0.9301421351375518,25468.904078797525,1992.896807348891,0,2,True,1.0
c6fe9601-b536-6434-7bc4-a3c467a7e27f,30.0,0.5499045940180189,36302.08333503939,1530.475890105721,4,1,True,1.0
8fafa3a3-4474-fb63-7b97-2ce2c4126346,6.0,0.8602412501140188,17396.90354879143,2802.9164601610432,3,1,True,1.0
064d9310-e80b-8283-6171-bae9f988235b,18.0,0.3298293746784482,31515.733369179357,5873.127556774865,1,0,True,1.0
7022fa03-de8f-992e-1fa1-9966762ef77d,90.0,0.2805836586413183,31028.23460385262,0.0,1,3,False,1.0
7dd56423-375a-1f61-739a-1b9e36d36da4,8.0,0.3684842913603749,26068.656218311902,5646.024278822366,1,0,True,1.0
05bba454-189e-0d34-0ff1-eae06255db4b,9.0,0.9869388787813476,24434.52820769488,5373.825793878831,2,3,False,1.0
e3fa7675-7ec7-0220-dfcf-4dde909812a2,25.0,0.4630887359623765,35812.175861660675,6715.475213089228,1,2,True,1.0
efd19ed4-160a-02d0-1430-e776d0c02950,25.0,0.9657956843208588,19622.75451601091,3325.896574471923,0,3,True,1.0
3dfabe37-1a85-ac1a-2115-a0eae2792496,35.0,0.8448743226419982,29902.29901786054,2282.3729227154518,0,3,False,1.0
ad0fccbc-efbe-c7b0-7ce6-96dbeb6b69d0,21.0,0.394996373087318,25512.91670835808,3517.0451629296504,2,0,False,1.0
a20e8eb8-5972-72c0-5b3f-060c76f31b6e,17.0,0.9397788432722698,27065.69808329594,4164.618979422299,2,0,True,1.0
23a47b87-859b-4fac-6754-06bef0bc9eb1,9.0,0.9231061160148212,34015.830275611734,3447.1649006040648,2,3,False,1.0
1b2dc9c5-4801-1627-4fcd-f66e70560227,26.0,0.5148393277892722,18290.33314391509,3099.166201924287,1,0,False,1.0
ab6dcbb9-bfcb-3ac8-df3e-a27b1a1860fd,32.0,0.7501970842816004,30651.159076204105,4470.166595937775,4,0,True,1.0
300ddb88-4cbc-d30f-00ab-30b6965daa96,3.0,0.4851085976111184,32736.531570911862,3887.222294897416,2,0,False,1.0
beb09a2e-bf04-8598-9516-769811e38e56,90.0,0.9390077046084456,28265.09285253213,0.0,0,0,False,1.0
6ffaa195-57c9-6cca-99c3-d23ac0fe6f46,56.0,0.9255148766225124,19886.40673847223,78.593508360742,2,3,False,1.0
2fdb4816-798c-5e7b-be6f-f8db9eb10f20,5.0,0.3701766839744269,28057.23428267777,9652.763231700648,1,0,False,1.0
e5c9dc47-fd6f-52cf-ba0d-37caaf5800d5,30.0,0.9827370764399328,17646.93216854029,3393.679663497629,0,3,True,1.0
7de56b27-ed3f-d13a-de32-b1f405ad1b21,59.0,0.9774785514860468,15442.915092078185,39.29511966710735,3,2,True,1.0
4a52210c-830e-421d-e1b1-fe76acb1af9a,58.0,0.4193411075329658,20535.38591903936,115.89174921930096,3,2,True,1.0
75b47a7e-d102-6429-eebd-9a4cda9d7380,56.0,0.6264182973710041,28541.274546424534,641.3507309566287,0,0,False,1.0
86996e07-e502-d3d3-a939-a3a7bcd87f10,52.0,0.9936129990769762,19831.94000970047,947.2347931846678,4,1,False,1.0
84df21e8-b37d-f162-b960-d83012a259c7,27.0,0.7635693617157356,28265.15137997528,2338.61401263874,0,2,False,1.0
6c10c902-5a22-bb13-1b48-81dab0a48778,15.0,0.9873997860776624,22847.005299674103,3636.029580405604,0,2,True,1.0
e5aa47d2-ec40-f5a9-d705-47d08fc18c38,90.0,0.7754441565835661,16207.903900914414,0.0,0,0,True,1.0
66f3ec71-dbec-0b1e-ca88-9e46beba46f2,90.0,0.4069917116630555,24537.024069969328,0.0,0,1,True,1.0
0b75ffba-1564-ba04-f680-a80f21109c3c,33.0,0.9953864167961594,25223.55504872041,721.3032034128631,1,2,True,1.0
f7168b7e-d7b3-9006-b5af-17b407170166,50.0,0.3738394969212412,30601.11095937565,771.5156072103388,2,0,True,1.0
eca1cb21-f80b-4c76-682e-32fc44b10b73,90.0,0.9556951920339336,23583.25618567123,0.0,0,1,True,1.0
00e822f7-0fde-b918-af24-44f42a3a4fc7,90.0,0.999934970771786,16849.09564439451,0.0,4,1,True,1.0
dccc4a94-69ca-5013-90a2-3dbd6179cac5,6.0,0.9459925097796228,22108.18339956144,4332.12993053325,0,0,False,1.0
892ad4ed-c13c-4818-525a-a8bec2e77918,8.0,0.4902347740424467,29561.183466711107,9015.17934244496,2,3,True,1.0
0cdcae77-64cb-d0fc-28f3-60cf8976821f,17.0,0.6662414007394134,18301.33980191347,1073.4369785089066,2,3,True,1.0
214ea952-61ed-8458-b9a7-ab4347540ee9,45.0,0.4840679991624452,24474.695318690246,2764.6047344889957,2,1,True,1.0
5ed5d7bf-2f26-1948-d36e-fedb89e5f12c,90.0,0.5760076019022976,19453.213013954635,0.0,3,0,True,1.0
323decca-1556-d921-39e4-943a497dd335,56.0,0.7038976806871116,20339.39239919188,291.5714864449545,2,3,True,1.0
65892a42-5ab6-ef12-47ef-0c2806aba56a,90.0,0.854719981907185,28488.457771796304,0.0,3,3,False,1.0
5a3ba266-71ae-7d3a-1102-d84fe555e001,32.0,0.9301606301108416,28468.19915072642,7963.160916934401,0,1,True,1.0
f0171221-4190-34cb-3451-9964ecb13451,7.0,0.9515978676625516,33451.20025274102,6408.651986824864,0,1,True,1.0
4f056835-ecbd-8ce3-645b-432ec5383da1,90.0,0.6209357125421342,21241.00354410699,0.0,3,1,True,1.0
3b37f3b4-77ee-ba09-eed0-d439fb4efbe0,34.0,0.9978587241137034,34908.88886227342,3372.3403756452194,4,0,True,1.0
e158012b-73c3-c59b-59ae-705fd96a5b39,29.0,0.5665719368022186,19406.002802969087,2481.9078691427267,2,2,True,1.0
9be0a88a-8d0e-642b-7601-f9b68f037cd3,90.0,0.6586196251825658,22978.02485116145,0.0,2,1,False,1.0
bb7de11f-54ac-6c0c-3bf0-0271036cfb56,37.0,0.5995018600444738,30792.488302115165,1036.0123932072722,2,1,False,1.0
65ff252b-886d-a639-c3ef-cb8ae4ab8add,27.0,0.6459315150386159,28890.040024375077,4778.801617033859,2,0,True,1.0
ad58072c-8b24-eb60-b868-2805baa331a8,19.0,0.4323099389278977,34871.43816962834,3738.1096282711214,2,3,False,1.0
232cde46-9d01-460d-adde-d40bc820fa5a,90.0,0.9624270622554836,24769.12357007816,0.0,0,3,True,1.0
b6f1dd9c-3bfb-86a2-3525-12a240d827c6,54.0,0.3232102101450773,33591.26438384176,802.1710566697693,0,1,False,1.0
6eae5a6d-4612-1baf-1000-dba7fa7cd2e4,90.0,0.5240099642436472,40503.22346729884,0.0,0,2,True,1.0
795198b8-bacc-9845-23b6-e6e7ad48ff6e,56.0,0.9834769357888512,29789.666553260715,218.5107681960023,2,2,True,1.0
35ee2922-fdd1-4f4e-b7d9-ff8e84373628,44.0,0.5970292523280838,29951.125037069844,636.2980782285434,1,1,False,1.0
5cff20ee-f31b-e24c-aba0-1950a9a9d348,90.0,0.7947393896515846,33275.58156715515,0.0,0,2,False,1.0
c9f05c06-5110-8fa7-970a-31ba14ecd4f7,90.0,0.980545498329218,16216.280095717277,0.0,0,3,True,1.0
60e4a945-8788-d781-59a6-d771ceb2c0d5,11.0,0.5448408370339631,25013.070287038277,7755.153924660178,1,2,True,1.0
091bcb7d-e0d4-20a4-9dee-f55506000079,26.0,0.4430480932228813,11650.83222077674,2833.833963383419,0,3,True,1.0
2e4bed17-855a-f3b8-6845-0f3e51521f35,90.0,0.4451594110124432,24631.178664149444,0.0,2,3,True,1.0
9f75f2a4-11b2-9f2f-8ec8-0a38a3f3e033,28.0,0.9406208882564911,28405.957020264446,5379.2020989319,1,0,False,1.0
8de249de-dcb2-ddc4-839b-6614afcefe5d,53.0,0.8615922151091615,22026.86638621882,807.4336908284046,0,3,True,1.0
b9ca13b6-2cab-1e42-5744-fc9d8797830b,90.0,0.5983644184350343,33695.19069136527,0.0,4,0,False,1.0
9027164c-363f-4990-b70e-e7824d263115,90.0,0.3450131311547822,22167.842157109404,0.0,2,0,True,1.0
bf7e469a-24ff-c9c6-ff94-eead9f3e562b,16.0,0.667464109631428,28963.649753751863,3996.220071893012,4,2,True,1.0
61dcc74d-b3ca-ada1-8969-9f79b2b08cfd,48.0,0.4213083411214531,24551.10697598982,1372.0321030032262,0,3,False,1.0
0218e5f7-7cdd-33be-15be-fad313c9b222,36.0,0.8498275960024404,20800.75133811721,3224.313334072283,1,2,False,1.0
af4cd8c1-06a9-eb43-b90b-899b31fe3d84,10.0,0.973987425924616,21657.115887128355,1323.8448520279155,4,1,True,1.0
a375af7e-387b-da5c-3ca0-2ae790798b04,90.0,0.5669773306378865,24052.836498085584,0.0,1,0,True,1.0
60997aa8-2d1b-aed0-8875-a582299eb197,90.0,0.4806864316981702,15298.181403785908,0.0,0,1,True,1.0
95f1ffe9-ecbe-6419-f11d-414f3331177a,48.0,0.4331617408684263,27263.65916876664,841.5690585132508,2,0,True,1.0
7c7ce833-9038-0858-cb80-0e5c8326454b,48.0,0.4301713014717422,29659.696167939903,1115.9159592002643,1,2,False,1.0
13d36b31-3098-03f8-0cf2-13a75a2332c0,13.0,0.9900909539941248,34882.24808502528,2230.110859236722,2,2,False,1.0
1e7c39c7-f7c4-2cc0-435f-20a5eece11e1,22.0,0.7537445194821808,27297.44609980571,5251.281017237508,1,2,False,1.0
53e5f5e6-1c60-93e8-0661-0ef950a18ff4,20.0,0.3286058204290293,21460.802201957333,2806.0429111429994,0,3,True,1.0
7ce67766-2233-bd22-6342-0f324bcb5a68,50.0,0.8497009043805817,21049.098192016965,698.8238664464909,2,2,False,1.0
b54260c3-d0bd-5cba-42e2-d7443a66d445,27.0,0.9359634418905872,19921.12767759773,4224.92170596143,0,3,True,1.0
3cbc21a1-b227-09b9-4844-8feb46dbc04d,14.0,0.997013992409136,26822.37807724197,3526.45903346441,4,2,True,1.0
ad746638-dc4e-7419-800c-9e210046ffee,26.0,0.802127387612483,14246.445413017243,1865.1833428561745,0,2,True,1.0
6de8aaa1-42f5-b501-0d56-553af1d5f11e,90.0,0.9996514960884848,18007.86173497485,0.0,3,2,True,1.0
af92d939-3d5a-0ba7-1978-8ee978887eb2,34.0,0.8883158684412674,24389.50876044949,1551.480152136767,4,2,True,1.0
b1bcf5e1-0628-a925-d27c-c622b5a58d24,90.0,0.4571853234211723,37535.49178266106,0.0,0,2,False,1.0
dfa11b2a-32b8-8940-7a36-175ae16c64f5,46.0,0.972431002549996,26879.07748615277,485.016171986644,1,1,False,1.0
7bd42b42-1df4-adc0-6dc3-b573a590b208,37.0,0.8708384570352374,27521.37167908944,2787.147542788308,1,3,True,1.0
63dca9fa-8491-537d-a716-6af1c122314b,26.0,0.9727867511051992,16479.152945040543,3558.2738743021505,2,3,False,1.0
57db1a57-72bd-be9f-9c48-a301b23ded38,55.0,0.96989971332087,29311.2472990126,400.9271645356359,0,1,True,1.0
266e1b72-fc4f-7cc9-36f8-02ece1261953,22.0,0.8629137109871999,31732.237337052087,6627.954707841455,1,1,True,1.0
a5cd1a13-9b4b-78d7-28df-72c84f16f802,52.0,0.9964253202037324,25198.93265670688,414.1343418687375,1,2,False,1.0
dda2e69a-222f-9abc-fbbc-932dfc200a2e,90.0,0.6215340045771861,16725.83300008299,0.0,2,2,True,1.0
ec4c98de-3b6c-2c63-d0e7-19025a88cae2,20.0,0.8502700260073146,27513.33715500489,4642.272916336659,0,2,True,1.0
39a65611-57a6-a548-e51c-e7f7e91e9b85,16.0,0.9684575836697364,25180.008282082243,1204.4831144653087,2,0,False,1.0
301a2e89-6069-d4fc-afab-0445c73d037d,40.0,0.679364192282553,24286.703655090158,1718.0635113513824,2,1,False,1.0
5f150a0e-9225-899c-81f9-9ee76b064d07,90.0,0.9706497127419942,33095.82224499325,0.0,0,3,False,1.0
5b3c8868-8fc3-aff4-cb84-42807f47b247,90.0,0.9291438870315364,22192.37324659676,0.0,2,0,False,1.0
6e1cb9ab-08cd-c494-5d3a-082e93c480e4,90.0,0.6063569577888677,26870.915360254538,0.0,0,3,False,1.0
942c2270-e219-a530-a6f1-d7bff62549ce,90.0,0.995237645399022,17753.627433134374,0.0,3,2,True,1.0
98ab7639-4849-db5a-7db4-7d9d6a9b902c,3.0,0.9811791986736758,19033.836375746832,5500.853079874478,0,1,True,1.0
0f51ec04-c944-d5c5-3477-1863db483659,18.0,0.3065796495895354,24573.142596815764,4790.696376670583,4,1,True,1.0
07ae66bb-6ae8-2f43-8ee4-2f8a5ca79fd7,48.0,0.9983683757825268,29390.281525785525,1651.4116970631096,3,1,False,1.0
9e0dcdf4-b192-ade8-e003-64a5109787dc,50.0,0.8916924191343722,32531.899001829464,855.1826796660846,4,0,True,1.0
033ce4c1-d99d-d3ec-6e52-4e42ab4b25fc,59.0,0.5435023627030066,27176.7064673769,114.69448413662386,1,2,True,1.0
6c8c02b9-43c9-f9d3-0906-8d029fe0ff94,8.0,0.9229509501689068,33893.360787582555,7010.476012728036,0,1,False,1.0
9cdf35a9-021a-b2fd-7fee-63eceec06261,48.0,0.3800209907592132,36399.18609941478,999.4589780437684,4,2,False,1.0
486dcbbd-c65d-8a8b-1bf9-e87060842384,43.0,0.5111426681789393,21291.91422910236,2576.115822089105,2,2,False,1.0
04856930-eab4-950f-9c81-82d5049e1078,5.0,0.913705254140022,18337.921713955104,7271.687880482456,1,0,True,1.0
0e260766-65f3-6e85-6202-6efb12936fc7,19.0,0.7143108745652267,20458.139712775337,3178.006499352638,1,3,True,1.0
aabbc376-325c-4612-49fb-361b64f9e189,12.0,0.9861967246504028,20425.782350236583,4757.9634134154685,3,0,True,1.0
76aafdfb-0567-2fc1-b51e-62717ffca62a,27.0,0.8366335428562787,20617.299265502377,6114.790736109202,1,1,False,1.0
1b8ab932-7b07-4eeb-4eef-749099a85cfb,30.0,0.9227946046177012,27656.72693386073,3426.3827558793623,1,1,True,1.0
ab70ce4d-74e8-6c3c-dd33-7b520406265e,22.0,0.5192224789925692,31308.38999277387,3343.6892189227533,0,2,True,1.0
8aac281b-4878-7bf1-69ee-fa884a053532,21.0,0.939820411968702,25378.609554744973,1797.6319172275478,0,3,False,1.0
bfb3b411-33f0-0b48-90c4-a68a785f0fd0,10.0,0.914102153072546,38342.30233435644,8175.358852757229,0,0,True,1.0
67f9e0a8-dd5d-d168-7cdb-f28598794114,60.0,0.7210846860957985,30432.029681907494,0.0,2,0,True,1.0
254d389b-10e2-f69a-55d6-f3f909c0073d,54.0,0.5110872775937599,21309.822704718845,574.3358444277559,0,0,True,1.0
1a023b02-9379-f3bf-6d39-7f5e4f16ef53,26.0,0.2935765900399367,22194.27492809836,310.2738829012976,0,3,True,1.0
32a27cec-010b-9edf-363f-1c48cbaf14f7,59.0,0.3568167705873407,39445.28252202599,458.4076001274863,3,0,False,1.0
06f0d950-2ced-92b4-b303-b74417a6c28e,4.0,0.8466706018211524,21627.03539596822,3932.196549965895,0,1,True,1.0
7f2e0936-96bd-5b12-845a-51b0706b1d05,27.0,0.9370525512603136,29461.345886693605,3589.593717741177,0,0,False,1.0
f2e16f59-9d42-b01c-fe48-fedc55be0b8f,90.0,0.8887553405111712,19972.65551110733,0.0,3,2,True,1.0
0ab47b28-3e00-3c4f-fd4a-2f0c2b9d066d,38.0,0.9950617643742014,14805.051460264434,1844.107597859952,3,1,True,1.0
fbeacf5c-4a88-31e4-53d0-f76213dda9d1,13.0,0.875146829941238,24366.227198324617,1983.4623312816448,1,0,True,1.0
dd5ec4c0-45fd-d344-7302-1457ad05c4e5,51.0,0.8133156991158569,21259.4889990217,1460.2763096285476,2,2,True,1.0
6352cc8c-311f-f3ef-83e5-821c4814e9b5,29.0,0.2991431011720834,22849.477409595187,2874.0213433512217,1,0,True,1.0
151c8dc7-bc86-dedf-b3d5-b06d4c65846f,12.0,0.8750168185525913,28281.47162597448,2044.47938482884,2,3,True,1.0
0bde6959-e33f-0bb6-e987-531d2416279b,24.0,0.3634415513799204,25540.881504908823,2428.3466367266765,1,2,True,1.0
10aa2400-56fd-c9fd-0e2c-1a7abb128e3c,24.0,0.5470174063001115,38780.38740690588,5193.672355997427,0,1,False,1.0
698ca860-f9d4-36e9-277d-0d2dd949e17a,45.0,0.9591134225801922,20576.571451154334,1769.5877087644762,0,3,True,1.0
7c0dcf17-4dbb-f442-3460-4a9f2f609614,45.0,0.3487597779378496,26845.51534278712,2091.15478387218,1,2,True,1.0
838c7ea2-25ac-7e33-934d-1a6986fefe93,4.0,0.2868687750827694,28785.370509798064,1011.8613275174667,2,2,True,1.0
68d59985-8f71-56e5-4585-2cf127640ebe,90.0,0.991383689131595,19897.74367991748,0.0,3,1,True,1.0
b1f915f5-1e49-f3ef-c614-4f91d93a3939,45.0,0.9998203823065972,27341.35610377207,3770.88785925021,4,1,True,1.0
c6d1c1af-40e3-2961-303f-136b8b327232,26.0,0.2839882411195988,28302.6740905457,2559.461562416032,0,3,False,1.0
81b23a9a-79aa-d427-c89a-d10c28792163,90.0,0.6141472663523276,20030.7308851473,0.0,0,1,True,1.0
94bc3711-e96a-2ed4-1396-2e762d823fe0,90.0,0.8457880225621138,25415.76312536892,0.0,1,1,True,1.0
a81cb43e-0643-560a-baf7-2c147a6961d7,15.0,0.922790508570464,25259.470876305488,5291.024661154532,3,3,False,1.0
d49c5688-3d75-f44c-e7a8-04a50a5fcc96,43.0,0.595669678809963,33624.214531739046,725.1598094462668,0,2,True,1.0
f8b3e9f7-ed32-3689-d8b2-baa6db8d2276,57.0,0.6216227502106297,32594.91378796716,195.99354057487463,1,1,True,1.0
82af8904-0f6b-0930-eb1d-0bb351f200e5,54.0,0.8394948404473812,18587.478571368963,280.9755372665925,1,2,False,1.0
26fb8586-bdf7-e2a3-3027-18c335ec77b8,90.0,0.974590691338012,15759.220981666873,0.0,3,1,True,1.0
4d86fae3-916d-1f8e-30f7-809e8f7c6c75,12.0,0.2876438784981584,27328.96871639693,6684.939611292263,0,0,False,1.0
8a4b9b3d-f14d-f5b8-b761-7edf66ecf8b0,29.0,0.3499711838547597,29210.37533741817,3305.494750448364,2,0,True,1.0
a908c086-726d-2640-e36a-3591974a553b,12.0,0.3461581128415426,22243.66785852872,6128.21539192148,1,3,True,1.0
ef097370-b181-325e-6321-800f895ae386,90.0,0.9673888463229168,27124.785894119585,0.0,1,0,True,1.0
c9cf800c-6c1a-7ff4-791e-8d1aa7c4fa39,49.0,0.962635904243883,23642.32075173905,1181.058907637491,1,1,True,1.0
d1bc25e5-7b8f-4961-3dd7-4b03833c38c7,6.0,0.4276843882416266,37772.43430342199,2049.350027436855,4,1,False,1.0
24cb0133-5c57-375d-3948-32b759590dee,9.0,0.9909743396274018,26894.06947372184,4416.823232774714,0,3,True,1.0
a21300b8-58ab-342a-d99d-8f6347ba8c6c,29.0,0.9598794960520364,20238.32033220936,2549.228044693088,3,1,False,1.0
9162a722-7893-0819-2e69-26f4a0c92db9,35.0,0.9963158899179848,24134.342212752526,2404.13132419276,1,3,False,1.0
446c001c-cc4e-585c-a55d-ef5109ddf296,90.0,0.9293504104639008,27759.61152762986,0.0,0,0,True,1.0
235dfdd8-e816-7c5d-2689-949aaef1daf9,90.0,0.3517056188623372,29282.722847039207,130.2254758263903,1,2,True,1.0
b96d0a9e-73fa-47ec-2b3f-2bfe95beb354,42.0,0.9482424606015152,21980.336296843136,1502.8561928074714,1,3,True,1.0
1464ab77-b2d9-c170-adc2-d9d306abd8af,90.0,0.6702481534253896,20174.877010071825,0.0,0,1,True,1.0
7187d927-07f2-078e-299e-f2d4191db769,26.0,0.6598854462376916,20711.81995017725,2335.037354628992,2,3,False,1.0
24624fd2-bdc4-6062-d49b-be88a7fb5c3d,38.0,0.9886406048159392,23010.11752718993,2093.8609278614576,0,1,True,1.0
aa18808e-ca51-3d5c-3445-588a07533ceb,90.0,0.922751129678578,29056.783003120043,0.0,0,3,True,1.0
a22bc17a-54fc-d3de-a8f3-ee0b52bdf5d7,90.0,0.9759173957087868,24161.711852039163,0.0,3,1,True,1.0
e628f50d-bd74-0f11-0ca5-f3968d7b96fa,18.0,0.362143728453112,22045.762115440448,1187.2346371393332,2,0,False,1.0
35e74318-d8fe-2d03-9567-5ca7ef07519b,48.0,0.793551143706287,26292.87477220233,1928.5697451535,0,1,True,1.0
9952dd27-563a-0745-54d8-0fe2f563bc72,35.0,0.6619733281543745,15624.3838764671,564.8461668621611,0,3,True,1.0
b50a8856-29e2-7518-b345-2b7207bc17b9,90.0,0.7986547972273483,24329.797553090677,0.0,3,2,True,1.0
4bd1f704-c712-35eb-e414-5e509329e40a,14.0,0.9988922255146028,20219.44990804189,3926.046735693871,2,1,True,1.0
fe12e843-3d60-836a-c019-40923521a882,20.0,0.7893530676354958,36827.198201272855,5711.45182752763,1,1,True,1.0
8357d7a3-9b1a-1795-a379-54abc8d33725,54.0,0.31369331738191,27643.396205183,200.51267168273716,0,2,True,1.0
7ba295eb-d9ff-e35f-8660-d44e2f4cc6b4,58.0,0.398855948619027,26589.160451789765,181.0873754354241,2,1,True,1.0
1a7afb96-9cee-fb9c-d381-3524b8fd59aa,25.0,0.9716382080392936,31592.10242281605,2587.258145444498,2,3,True,1.0
210b096d-f43f-e78f-e429-15a0f90f8ffa,90.0,0.6046595539892471,23143.96814524502,0.0,2,2,True,1.0
550c79ec-3e4f-3233-125a-cb836c2798bf,40.0,0.3317291647396549,35296.22095835126,2211.037836192501,4,1,True,1.0
488f559c-4c63-821f-9cf3-9e9344263f97,16.0,0.441345580870858,36771.6421383779,3430.6378701852573,0,1,False,1.0
8dbe9ce2-edc0-e92b-24d8-56292f7d92d7,49.0,0.5774502917074381,21694.57162965672,1211.5109657259975,4,2,False,1.0
a4094d88-2ab8-5514-0283-febf538423f2,35.0,0.8935652213234675,14312.53574692587,1839.86907355474,1,2,True,1.0
402e83ca-d5ec-dd53-54eb-97af018ded11,14.0,0.9114844444664042,37200.78033408245,8195.493091882825,0,3,True,1.0
d29a3522-bfb5-2ee6-eb17-3de3418bc0fa,58.0,0.858718640860539,29499.817584747616,655.2906511594442,0,0,True,1.0
d1e2cdcb-9000-0abd-9ab2-5063c566b7c7,41.0,0.7392110234042159,29903.69458826221,1988.8285000976127,0,0,False,1.0
fe4fc190-01d5-bef1-1833-bf4859c5fe81,90.0,0.942213193274418,22983.02402982549,0.0,2,2,False,1.0
9d953b3f-3463-1797-6efe-d26c9ba17d96,26.0,0.9107245721537632,26630.199566432697,3149.318398949453,0,0,True,1.0
51f995a3-9ef6-bbc4-2311-8f9ffc84f20b,90.0,0.8651880327817754,32728.15929398387,0.0,0,1,True,1.0
785b0cec-50fe-5408-e62a-db45f4bd2801,7.0,0.6458822143133673,36138.25313899311,15545.73986081795,0,0,True,1.0
44c1c362-f1b9-009f-8588-390c400db0a2,12.0,0.3322648349091828,30337.354136613336,2787.218527231658,4,3,False,1.0
6768e4d7-5096-ec0c-049b-d5fdd817119b,90.0,0.8784661920053769,10593.786452947856,0.0,1,3,False,1.0
5272fea9-e86e-caac-8a70-f711fbd05489,25.0,0.6690784354904602,24073.257408533176,4724.468115707056,1,2,True,1.0
796716ab-afe3-5295-58d7-6fa66a91dacf,90.0,0.8308005912038402,16895.818926619988,0.0,3,0,True,1.0
2ef4781d-3708-01d3-5d56-75cf17239f41,60.0,0.9935801068009976,34794.37642770716,0.0,3,3,False,1.0
29f6df14-fdfd-4128-6dac-699e7061837e,10.0,0.907819897622652,27243.024286244683,6182.279500088093,0,2,False,1.0
2b39239b-8886-1961-b0a5-07c13c8912f7,20.0,0.693231986381058,32600.916568809374,4320.691361778653,1,0,True,1.0
263146b9-17d9-56a9-bbd9-315c656eba0c,11.0,0.5251301147096973,28989.8033849715,7808.867201143494,0,0,True,1.0
dfed6500-4e97-4ef5-18aa-6a1e398d907c,6.0,0.9580026015624796,22192.207687057697,3658.804336682263,0,1,True,1.0
fb9b81c9-311f-aaed-7a68-3613521837f1,13.0,0.937774896564006,16236.364778054034,3840.20169411172,2,2,True,1.0
0e64b06c-56ce-d15d-50c2-b8bd5aab4c20,90.0,0.9973545928391394,20192.587233615508,0.0,0,1,True,1.0
542a7342-3495-6589-913f-ab67a6eabd89,58.0,0.9800058039039904,22273.348834216384,149.83045136237695,4,3,False,1.0
dbbd091b-d8e5-73a5-8fde-0589d393aeed,90.0,0.9841367568289996,29469.35294747977,0.0,0,0,True,1.0
5c991ea2-8dab-881b-9bfc-393fbc67d826,13.0,0.7740807866386187,33532.4777744274,7276.833186794527,0,2,False,1.0
5cb7b467-972f-2d07-daaa-96091636f372,90.0,0.9663349669154768,33888.7084224686,0.0,3,3,False,1.0
aad2dd19-e090-67c5-0a5a-645d4b77ff66,90.0,0.906382102981106,23717.76030607223,0.0,2,3,False,1.0
c8a75ff8-1337-2a24-bc69-1a3b73c1faa6,90.0,0.8911760626619215,29116.203795020363,0.0,1,0,False,1.0
f1c77fc2-0ebc-fb0c-d9e8-044852e84ad5,17.0,0.9797042426426682,22203.34677137536,3428.569371034348,4,1,True,1.0
ae62e542-aa6f-63fd-f361-cf763e71d48a,33.0,0.9785231244418384,31709.690266215835,7601.41269124152,0,3,True,1.0
b3a9fbb1-19d2-ef63-ec15-81f3056cf4fb,25.0,0.407376673716622,23938.964213777566,2779.3183657472723,0,2,True,1.0
e0b92abd-590c-baac-9286-01a8a8435e5e,24.0,0.81759568303311,23745.317965671227,4706.4414684303165,4,3,False,1.0
484bbb9a-acbb-a47f-87c3-b9753cc3187e,37.0,0.5965372244401383,32316.295201792112,2524.3139748907743,0,1,False,1.0
4cb42452-f4ff-754b-3aa5-aca365a3412a,90.0,0.3734605882399224,30234.11229962541,0.0,0,0,False,1.0
6b6f7a11-cc1f-9321-a4b4-106c1708a8d4,22.0,0.4239541607682129,17734.724677419403,2296.5612352736184,1,2,True,1.0
841d3d0a-85d1-35aa-e431-83c380b59d81,22.0,0.3918368093505002,22400.53551058311,2225.0071744384763,1,0,False,1.0
42be5230-b2ba-8378-fef1-cbf36f6f62dd,55.0,0.9210804263606678,31302.21212652752,385.8097218089208,4,0,True,1.0
20bcd4a2-1ffe-77d6-c2c3-bf89abc9f3cb,30.0,0.9996920017785051,21300.257669179373,3638.756080238392,3,3,False,1.0
ba67954a-9786-976d-e605-662f9502cefa,34.0,0.961262610686954,25015.801640078906,1536.2652431327572,2,1,False,1.0
8833cfbc-619e-f4ce-b1b4-8b9a152bcecb,43.0,0.9686106478046008,21963.696568015454,1366.2891061821963,4,3,False,1.0
17a30009-0511-4574-941b-178a05e93a6e,52.0,0.8606797304915202,24190.222480397275,996.4744157153932,0,3,False,1.0
06e2e059-35ef-467f-6a8d-805c578a914d,39.0,0.9896529427710974,26712.81949356795,4161.793612460927,1,1,True,1.0
fab09401-502c-779a-c00d-fc42245369a7,56.0,0.7587628347357451,32314.462148170936,989.5668664689808,4,1,True,1.0
8e073164-7029-0b12-d41e-b54b9c5e6370,25.0,0.9961998278567468,30249.74161716404,7029.881354678271,4,2,False,1.0
0eaf79ba-d315-2764-0c46-1342bb2632cc,20.0,0.596033738510652,23981.6024350617,3691.463682202055,2,1,True,1.0
847e7210-13fb-0b91-0002-a3b3b1b0fce3,90.0,0.7247057482017992,35912.39836705779,0.0,1,0,True,1.0
248305bb-aca6-90d2-3375-c324d0f34cf8,54.0,0.9094287043317416,17655.964218247052,1003.1762829236088,0,2,True,1.0
ec5e6fc6-ca2d-15b0-d3fc-61f0883820b6,60.0,0.6471520950843445,18045.03356338265,0.0,2,3,True,1.0
9cc73249-5a04-3ef8-76b9-c77ea960be83,27.0,0.6163297092899525,32015.47360717793,4949.374865987457,1,2,True,1.0
c257eb55-9da9-8e8e-8f2a-a5d565b1eed4,9.0,0.6978669529145441,33647.735306304385,6327.893330825517,2,3,True,1.0
ec5865ad-bfe1-b30e-f19c-e271c864101b,90.0,0.3384951872380977,17559.437155897176,0.0,1,3,True,1.0
6f30afaa-645d-34b9-ea0c-6d6debdf6eef,37.0,0.5610474343265863,23578.25085572945,2656.08284103064,4,0,False,1.0
c7b014d5-b121-1610-b534-88b7a3c13f5e,90.0,0.9694046922007926,19643.991869416444,0.0,2,2,False,1.0
b2895a2f-1517-ef96-3806-e9f25fd2acff,23.0,0.8357870467866444,25027.8377922142,4082.1087158964015,0,0,True,1.0
fd8f885d-21b5-afda-5e02-96f9aacdda8e,57.0,0.3134603173038952,24374.492791314045,337.67665903434545,0,0,True,1.0
2211800b-adec-a1c2-af96-7447b5427f2f,23.0,0.3856250080841721,32786.77926722729,5104.661993184431,0,1,True,1.0
3535ab04-7625-e6d8-a1bc-31610e6f28d3,35.0,0.5075347634764891,29379.02545276572,3244.8002685378824,2,3,True,1.0
46793e7a-a0a2-b110-900c-0f5bbb65795c,9.0,0.7461058741304177,28823.243284271597,4846.884371084049,1,0,True,1.0
4d95adb6-dbab-7466-6d0c-d416bb0d96aa,90.0,0.8981387166177897,37396.84831491674,0.0,0,1,False,1.0
a51c3cef-cf6c-ed0d-5d34-08f7c4f30033,58.0,0.987335850919376,35604.57184821155,252.05271173968583,4,2,True,1.0
63089ed7-87d9-34ef-5df4-f9b14f2364f0,11.0,0.9233578239914496,28579.34485855134,4449.34575145989,1,3,True,1.0
e513e620-95c6-3178-b6cf-02abe9ac6269,22.0,0.5232015879697397,15293.810044216983,1431.3567181641388,0,0,True,1.0
63a499ec-7875-cdf8-0e79-b8078fdbd124,31.0,0.8150967069669991,30672.75504716212,3295.109740044264,0,3,True,1.0
f7d715b6-6187-f121-76c2-6545a621487a,46.0,0.8080968176830113,23897.322836203777,1422.1759039031524,4,2,True,1.0
e4f12740-3217-314d-b79d-6fa1fde51273,31.0,0.7776985026794534,29439.076894206064,1267.8558332994182,1,0,False,1.0
515f5504-9a2b-5156-3a84-83e8306d49c3,48.0,0.9973452276593392,26667.28342985175,2393.869009250016,1,2,True,1.0
52460f8e-9f93-8ec0-fb59-c450540a6444,29.0,0.8921735889949657,19722.680655268727,2198.02629222809,2,0,True,1.0
2ef8c633-9420-5cd0-c6ba-559b9c8b2061,90.0,0.868912369901319,24178.38018582928,0.0,0,1,False,1.0
2e69cee2-7aff-4490-0794-cde88eece815,4.0,0.6034236437955661,26805.11883192536,4142.081287555173,0,0,True,1.0
28ec0df5-8971-6f8d-803b-03bca4c17a7c,15.0,0.8673676936986594,37318.06330888954,7249.938840836158,4,0,True,1.0
ec19b970-55c3-c488-2a14-dfd2421e8a72,55.0,0.950930695427874,33943.1508390252,403.992152415882,4,0,True,1.0
fcd77a51-92a3-d5b6-c326-3d616e19d13a,4.0,0.990291036591645,32300.081321214013,6626.314470188181,0,2,False,1.0
72f9b71d-b43d-bc73-c218-4c9611613aea,90.0,0.333574573683316,14671.702534870385,0.0,2,2,True,1.0
3e3fd0af-0414-b733-da50-d0b679df03cb,54.0,0.6794906936594486,27056.17107875956,781.8021728807994,0,2,True,1.0
efc8c16d-cfac-fd52-2d79-e67327084476,16.0,0.9742841482053404,21599.72551691688,0.0,0,1,True,1.0
42c5ec6b-7201-6081-c56f-af1dfea91d37,44.0,0.3253473297275174,17830.789572923764,1129.8451471708845,4,3,True,1.0
58f9f0fd-6df7-240a-865d-471694fffa8d,40.0,0.4770484761319407,24023.13438780945,1977.794406251405,2,1,True,1.0
1edfd7fc-6947-b1be-9ae5-82e89f6f2ca7,43.0,0.9952021993991318,15156.64699366467,859.0401926039731,3,1,True,1.0
2c01f204-eaa9-f80c-7da7-fc736fc29ac2,10.0,0.8350565686436244,27082.85068659,10535.98470535161,4,1,True,1.0
86a0ffcc-30ca-75d4-cc3d-26accbc7d361,56.0,0.8257452676216738,28574.326100177317,659.5960772304882,0,2,True,1.0
5282d9a1-495b-5cf0-37d6-8acd06130701,17.0,0.9411090014063984,26519.02932215988,8684.51406050522,1,0,True,1.0
e9168033-95c1-016d-db88-9d2c0e17cd73,16.0,0.4236296941317309,33302.60052963368,4353.859410377551,2,2,True,1.0
a61b29f6-89ca-78d9-2a40-bcab8433bb92,4.0,0.8685318143883098,19015.64954435896,4757.325121550884,3,1,True,1.0
c872db98-2797-abb5-74bc-c448be39923b,25.0,0.3494919160347938,29751.99617233339,3294.1522468714124,1,0,True,1.0
32f0c320-0646-6dc8-2dbe-405818ef9b8b,41.0,0.9824017135845836,22932.972060105447,1704.4181987531654,0,3,True,1.0
b67cb394-85eb-2d7e-c8d6-66551a62cad2,38.0,0.6269315257699623,32978.45649238686,849.6476897544472,2,3,True,1.0
65f69462-4186-800b-7a65-ae0b3b3e17e5,90.0,0.9302707662629056,27725.631072528184,0.0,2,0,True,1.0
c038b6f2-b8d5-5222-d3e6-a50831017f59,58.0,0.9239549756795488,32016.106482787574,594.9870629926979,1,1,True,1.0
bfd1e64e-5c73-11e4-b059-6099ae97bf64,43.0,0.9955823143851602,24846.12641835276,1921.2961395706056,2,1,False,1.0
7936d641-dc0f-e488-51c4-371710f6e5a4,12.0,0.9328387302724368,27700.174002147127,6819.957574317046,1,3,True,1.0
62c57421-f9dc-cdab-a135-965678013544,10.0,0.9999436695657224,26391.747469140955,3475.8478060777143,2,0,False,1.0
34b236b4-71d0-740f-6e94-163847272382,41.0,0.4078946384449336,35808.36422255795,2403.0082243090324,2,3,True,1.0
c667b7aa-b36c-efab-15f8-15b9913bd6d8,90.0,0.9778416156803696,22669.3395328126,0.0,3,2,False,1.0
7d48729f-837e-4f93-f28c-dc56a6ced71c,5.0,0.9928831485669978,15959.113618714831,3819.189104152927,3,2,True,1.0
560083da-a479-2d06-64cb-12df02fd3139,8.0,0.9940406963097692,25394.38538063753,5131.85553096246,2,1,True,1.0
e03718b6-176f-c44b-bd9d-75a7396ebf4d,45.0,0.4924353724433086,30881.433266925214,1823.450110445492,1,1,True,1.0
fb8941ae-e8b2-ab2b-85e0-b5ceeeb6d480,25.0,0.7145017096706436,25257.560457761178,4944.461585872136,0,1,False,1.0
bbfed556-972b-e89b-430e-7a766dc5d866,90.0,0.9775076966249536,34216.95395429224,0.0,2,1,False,1.0
1323dba0-e5bf-39ee-a381-2ffe6b5cf8cc,5.0,0.978086811957959,20103.37089188361,4548.115149338283,1,0,True,1.0
3e73df1d-d4bb-2150-e442-9b4a9dd0f8d8,23.0,0.3037876783640562,20298.920324574567,3096.800260336939,0,1,True,1.0
f110da1a-5bc4-6dc5-39fa-f0b4956bfc63,56.0,0.6780149314188512,21495.600233318077,503.1966291355759,2,3,True,1.0
48634a34-02e8-3adb-4648-a279c05e3d67,90.0,0.7908363242180378,29359.91883566776,0.0,1,0,True,1.0
27011310-1baa-341a-5c01-bc90363c8cdc,15.0,0.3256855297720631,37104.02021682581,8377.221943975477,1,2,True,1.0
3d3630f8-ba86-55ab-ea2d-1016c8450d8f,38.0,0.7892704392915959,23795.461774966672,3304.039563513136,0,1,True,1.0
6fdd065c-e8d9-6e5b-06bc-5a4b8aa2cdfc,90.0,0.9932296318328038,18779.259450073543,0.0,4,3,False,1.0
9c0a6b0f-59d5-c29f-fcbb-610cc03fcd5c,46.0,0.5816563385078987,24039.286443500525,1563.1663898415852,4,3,True,1.0
1888c78a-52e1-934e-7a89-9af3991ac863,14.0,0.6484550051939416,26414.5487474948,3783.1677386447273,0,1,True,1.0
d6a55299-8a4e-2089-121f-d1449663cff6,21.0,0.3635029258736627,17030.958339612196,2576.0633659656364,1,0,True,1.0
a02d5aac-a1d3-7fc5-a2f7-ce127133c38c,90.0,0.7804140705430558,23026.22363043448,0.0,0,0,False,1.0
296fe1cc-0721-31c9-632c-253febfdc7ab,3.0,0.9955415570474004,32702.33615568104,7585.8294901769395,4,3,True,1.0
551f78c8-6caa-a228-af6a-829d761ce129,35.0,0.7057616919611998,23237.391433496603,2089.4009609133504,1,0,True,1.0
2df982f8-3769-7694-09c5-8f28cad30b27,19.0,0.9698683279909632,16800.483675842705,3620.7170246226433,2,1,True,1.0
94f9efc7-471a-a493-eaa5-0b06bddda954,20.0,0.6994850805770041,22413.97563196474,5296.102900501305,2,0,True,1.0
2ac910d5-e758-28fe-25a3-be6a70711042,13.0,0.9564873849615582,17304.33534123433,2906.656382650786,0,0,True,1.0
7fc7203b-15fa-d9a8-f2f9-8bd67f906e90,56.0,0.7836483293379136,28939.96230060621,451.8958960531194,0,0,True,1.0
bc6131f4-6c41-124d-d2a9-1262fd258ffe,90.0,0.4187282760338632,27427.61728984316,0.0,0,2,True,1.0
403669d5-e2a0-0cf9-69b7-949b9a0bc2e6,18.0,0.7016695822620059,30388.467494130266,0.0,2,1,False,1.0
8b42cb80-c52f-8992-1e52-7eacaecd359c,90.0,0.785804691418238,22417.617314359515,0.0,0,0,True,1.0
8acac053-21b6-f15c-81f6-c92e6dae48bb,25.0,0.989567585832248,24153.473061863177,4095.091918119968,0,3,True,1.0
42994a45-d13b-ab27-cab5-de4ecd692b46,90.0,0.5311604208070045,20627.96969889514,0.0,0,2,True,1.0
2adae36c-ca89-bb26-dc56-41dba2f5ec9b,38.0,0.9801915175867492,31319.77232006989,4497.07574927287,0,1,True,1.0
329fb2e6-d1dc-01a8-3e87-3dcccb575ad5,36.0,0.9940458250309564,37370.17486796868,3745.386543322801,1,2,True,1.0
76f3bc0b-b4b5-b706-3da7-a6549ce48937,5.0,0.4897772502601731,29987.819072640184,11797.290965115775,4,3,True,1.0
974daac1-2bb5-3576-1a2c-11523abf32ca,90.0,0.3454935715084538,30014.75331313516,0.0,1,1,False,1.0
7003ce9b-d180-5a48-f890-2340fa4da9d4,50.0,0.9939655932923886,19645.14862777293,890.0190730656416,0,1,True,1.0
629d39d3-db8c-bee6-7370-39c09503ab13,60.0,0.3938305481899892,29982.128703347684,204.1783782327369,1,1,False,1.0
0faf81ce-b7a9-fd4b-68c9-520d3a96ce87,90.0,0.9713889083732896,25160.61109225124,0.0,3,1,True,1.0
ad757df0-dbb6-1c2f-1297-f8f2b89d44db,52.0,0.9976835728398932,29241.08279381843,496.31108385187326,2,1,True,1.0
ade31749-6376-a1a1-4aa7-d9b0169dfc3d,32.0,0.7242071072358793,23733.497695487677,2883.943536230496,0,1,False,1.0
bbd3c105-8777-494f-2e13-f99d7e71c931,90.0,0.9843865079885502,29202.29291719076,0.0,3,0,True,1.0
10955dec-e3e1-8bb4-343c-9c86ef942e7d,11.0,0.9865137851895102,25253.634683298973,4048.816090301969,0,2,True,1.0
db0eaefa-c340-543c-f8b8-60cacf355592,12.0,0.824628604963665,18747.399679601152,3876.306563045497,2,1,False,1.0
02b4f96d-a2a6-c6bf-15ba-e51bd5b2e9b9,28.0,0.745127206936427,24168.228473402152,921.408339723183,1,1,False,1.0
155472c8-2f40-e30f-1298-d7e8cae2426e,20.0,0.4532774485765808,24364.82471364733,6881.366637654001,2,3,False,1.0
9d7e97cc-fbcb-b0b2-afa7-19c11297ceb2,10.0,0.4177475434232696,21387.395754790086,3619.646942841071,4,3,True,1.0
caf40107-0b97-ae92-06d9-da98bef8416b,53.0,0.3042194464470276,30195.192170822374,732.2271611690944,2,0,True,1.0
5613f60f-dd5c-564d-b854-43c0b5ff2291,10.0,0.99003347372066,35057.60792813791,8285.348943298186,2,1,True,1.0
5b581c46-2a5e-dced-9708-094655e048e0,11.0,0.5856609830537125,34105.82151557147,7907.199588353563,1,0,True,1.0
571f6fcf-c2e9-b2c4-5d25-bb47591c0453,30.0,0.6772495672590724,34041.477629999,4817.337570184226,0,1,True,1.0
ede350d2-521a-a02c-67dc-e4c7ec18393f,90.0,0.9973265310576348,25405.15684481688,0.0,1,3,True,1.0
103cd16f-26e3-84b1-3178-b139775f26af,12.0,0.6491014216690622,30666.911793972187,6267.23556334755,0,3,True,1.0
c030e73a-5252-b5f7-44b0-86d89035b0fe,52.0,0.4661822643542984,36823.898127929926,856.9684730213198,0,3,False,1.0
b8caff5a-4d09-f206-8294-1b4783f55f95,45.0,0.8200939400706548,17428.893397860516,648.4639703444374,1,2,True,1.0
7e049926-f1d8-4bbd-a2a6-7a9aebe07d64,20.0,0.8843616483691955,21367.803496109576,4567.534935682297,1,3,True,1.0
98798270-f34b-9e8d-b6df-8f7de4af73f1,27.0,0.9741064026742626,21916.80945208557,3437.2746686653577,0,2,True,1.0
9b2ee571-ddce-efb5-0402-90342e106334,35.0,0.8335508993736723,36656.386626102045,3973.7673176065,2,1,True,1.0
1c2e9ca8-f330-9775-9118-6a9029c3b6dd,90.0,0.978298662450126,28752.447455263275,0.0,4,0,True,1.0
81407705-53e2-8d7f-b3ab-0bbd46dab2d9,27.0,0.6021108635132516,22248.081748891105,2865.5222924853324,0,0,True,1.0
90e7ebfa-1a06-f7a5-f55e-6599bc11b259,90.0,0.8557290402253209,26844.14426626284,0.0,1,1,False,1.0
3c30c8a6-9902-0cd6-c829-1c1d64fdf6a6,23.0,0.6054951605056388,34017.65806712183,6877.511842434034,1,3,True,1.0
8d414323-699b-7c55-fc5d-4e828c2ef87d,26.0,0.8033876599196618,24567.48936545789,1210.1494184052124,0,2,True,1.0
baee062e-0aa8-1d1f-0af4-1fdfa4eab5a0,32.0,0.4913490362650111,35206.25146245491,2930.9136837501437,1,0,True,1.0
ff63217a-7aee-fb00-7d3b-3c6ca0746486,28.0,0.3441328824608951,30172.56268733708,4144.2769706616,0,2,False,1.0
e90d4b8b-6ad7-0e92-0acf-e7ea51d777f9,17.0,0.456510609520908,23183.12545945401,6049.462640635514,0,0,True,1.0
82d2b3bb-a0da-2468-2c8f-0b3027e0ef64,42.0,0.9918598709965988,18899.10691358549,1380.0333573382554,2,2,True,1.0
6a8c6cc3-0169-e27b-db54-50b45faa1333,11.0,0.9059880360411622,29248.133580848156,8408.235742083463,1,0,True,1.0
fcefbd71-5e27-8753-38e1-c3f5512c70f1,90.0,0.9287490044467294,23018.760220935277,0.0,0,1,True,1.0
c68ed013-3800-2fbd-bdf3-7aa65b14bf92,90.0,0.9958000731756792,28070.3213216533,0.0,1,2,False,1.0
259a01bf-fc19-a5c5-9cd2-e9dd8589e648,90.0,0.3554061903851813,22333.576489237712,0.0,2,0,True,1.0
a589b23c-3019-deaf-6007-9a411b24e716,90.0,0.5235554769580149,20944.84571801816,0.0,0,0,False,1.0
ebc6b680-5451-9cf3-f00e-b429ca974d96,54.0,0.9990057726123583,26786.350454597672,320.0176913868753,2,2,True,1.0
bf0358b7-3243-5418-337d-81bef923ca2f,38.0,0.526881240117126,30954.789406882643,4519.39437473103,2,1,True,1.0
fbaccd9f-84a4-b5dd-d76a-98f224001b99,56.0,0.9704730795159632,25069.9552724078,400.757303137928,1,3,False,1.0
04efa26e-0aa6-a838-f52b-127a45b955c1,29.0,0.8926284642374177,15738.575029852796,2064.8454995261977,1,3,True,1.0
97abcacc-2fe3-f343-38b4-8b7f390e81a7,90.0,0.8462505391729127,22546.862882691472,0.0,0,0,True,1.0
a5691754-acd8-bbc1-812c-30080b4ed40a,27.0,0.2871762690025598,20852.414211621275,4386.202242256082,4,3,True,1.0
04b78add-86f6-f1e3-d432-608b253fab15,13.0,0.9644473899230802,23245.965537285552,7264.372845962053,2,2,True,1.0
dd6d5c7d-d0ea-7448-bfed-ec3ebc87e2a3,15.0,0.8330926961824255,26057.823190072875,6235.002066105456,3,2,True,1.0
bf4df221-1457-d5d8-dc6d-d4ed641d5629,58.0,0.4251105871973574,25904.358118758588,230.39529875262335,0,0,True,1.0
061cb9ec-90ce-fe20-7012-bf732912a3a7,15.0,0.5033983463139249,34373.10254052514,5676.690977701937,1,0,True,1.0
45181ecf-ed34-b520-653c-efc49b8bd3a1,22.0,0.872453341546714,28799.50372026482,5859.971511159716,1,0,True,1.0
bf10cc2e-332c-985c-ce15-af29c49acd9e,10.0,0.5098759414604208,29548.166950340023,5069.925727053394,1,0,False,1.0
85ca32dc-978d-dee4-8ea4-a72aded89b17,31.0,0.4333643352805746,31499.548921936905,4298.972985662961,1,3,False,1.0
467dd229-d91d-641e-129f-af236813a609,50.0,0.9995908943639324,24629.540627452632,1769.5451185239438,1,1,False,1.0
fdf8174b-d14c-10ef-d6d7-7d44a4faeedc,90.0,0.9848111945419687,21712.496705523878,0.0,2,1,True,1.0
e8a7e4f6-4885-1c02-2420-ac6b5d4e807a,28.0,0.5262736900927646,24435.90527381866,3800.293668387519,0,2,True,1.0
3d6741d9-6118-8887-b929-1387aca6c309,14.0,0.9667886244622492,24058.162674264084,5210.591348604228,2,2,True,1.0
dfa04eeb-f764-bff7-b371-b8e2671cd201,7.0,0.9755235634651126,33566.37334517937,6772.602530688149,1,3,True,1.0
c25aa29c-8918-9e45-c59e-35213a0702f0,4.0,0.8151004963455345,28217.479621782524,10579.442808881584,2,1,True,1.0
c8eab229-1d12-82f6-922f-98c6a1aca9af,55.0,0.2732795157453573,21930.296434828077,684.4778871571649,0,0,True,1.0
1b06a572-d0e5-7320-093f-ff0824533da3,6.0,0.9248227249934272,25959.94821603206,4481.899055816747,3,2,False,1.0
16deb700-ee0a-3e83-f64c-36d08c424629,28.0,0.7201164237033709,31236.86286631296,3347.5048005685203,0,1,True,1.0
93472043-71ec-4523-123a-4f3c6105c458,8.0,0.9237487725705252,17872.222149160683,3345.017188256055,1,0,False,1.0
12ef1db5-2e78-f0c3-451a-1af81b06c025,11.0,0.7933583783046378,25654.579805372177,2091.616518122586,2,0,True,1.0
e8c0e94c-a63e-2a2e-6979-0062208ee91b,36.0,0.4999615488796183,32215.633706143344,3066.5157948534606,2,2,False,1.0
1b90563b-8cd9-f302-e2d4-cc97c5fed6bb,42.0,0.9875353374812595,24604.961401145945,894.7156610966897,1,0,True,1.0
6c2f693e-cfdd-64d0-7e01-b8e94a31d904,43.0,0.6366954773984764,30571.145398242617,963.482547296042,0,1,True,1.0
b97510b1-6360-a195-df3b-183ddbd492d9,90.0,0.952761501639372,24127.138405964757,0.0,0,3,False,1.0
ca05d00b-e53e-c717-bd5a-57af9ade5b36,57.0,0.9989460560603184,16294.108075543463,154.86816128452503,3,0,True,1.0
d42281b1-34b4-a09c-33a0-f8ec6ee6f1c9,20.0,0.784549296499202,21214.17131853992,2714.6963048757734,2,1,True,1.0
a81274bd-fd3c-c254-83ee-50834003cf1a,90.0,0.9256732242113432,15755.054541448457,0.0,2,2,False,1.0
7ba3e9ff-acd7-8c77-5e8f-1f2cc75bc2c2,57.0,0.3887822976995448,24909.41726171171,943.0131161392889,2,1,True,1.0
f55844a7-326b-cff4-743c-81db3dee48d9,90.0,0.9955458791515706,16484.03254009691,0.0,2,0,True,1.0
ed1a9d97-5cc6-1b0d-573d-57d81634f1a1,41.0,0.6412678442408978,22656.55450930943,1201.134719451759,1,3,False,1.0
dad32d47-90bb-c39f-4500-0dbb231c4019,18.0,0.9299069704746722,30072.950992289527,4288.201216535373,1,2,True,1.0
a48441e8-02f4-c550-0dce-7c0fab854992,30.0,0.7716086172512927,33433.857443668865,5144.694427089688,0,1,False,1.0
6e011730-e6e7-1e26-20d5-8fcfe774cb88,23.0,0.8904212352197411,28138.82660884067,7918.804314277739,2,1,True,1.0
b821a554-70a7-f7e7-69c4-d6fc281dbeed,14.0,0.7433716983252123,31438.918993724918,0.0,2,0,False,1.0
cf4d75e7-3c54-2c69-def1-9fa2b7ec20e8,47.0,0.947852196636334,31618.079466879462,622.4403099280414,4,1,True,1.0
44c96d47-a911-c458-f415-44f471bbc6e9,43.0,0.9570273049647668,27333.61247225812,2793.3358773918603,0,0,True,1.0
1b7f386e-4dd8-23e3-6298-e3d15f5eafd1,42.0,0.3752660370003146,38556.99629291423,3247.2482005082293,0,3,False,1.0
b12782ca-7e2d-a516-79e6-61d0fad6fea9,35.0,0.8869767498595027,26280.378215875637,2544.644638606374,4,3,True,1.0
fc6c8068-6b6c-0e51-d5c3-5c710d6b4734,30.0,0.9741365773553086,18635.622431304168,3782.7473164590174,4,3,True,1.0
3c21cb27-0c02-72bd-61f8-48521286b995,56.0,0.3538636692122913,21400.88155657033,293.31798280670176,1,3,True,1.0
f162093f-fb46-dac3-7d03-1de3fb28a428,53.0,0.9765932842472436,26565.454013363826,598.6324440284875,4,1,False,1.0
48f241ad-aaeb-d455-1384-50913858dfbd,25.0,0.9031767623681392,38565.82188680412,6790.464558445803,2,0,True,1.0
5529bd7f-802f-8689-a54f-a9516cfdde61,90.0,0.794527360314559,22832.660535665585,0.0,4,1,True,1.0
080b8c11-da41-3897-11cc-80837a279c3d,4.0,0.6645607843015189,30621.742012283783,4824.970417895767,0,1,True,1.0
1e152b0a-a438-7dcf-898e-229ca84ac6af,90.0,0.9547909907052472,20870.06227759284,69.23104393061898,2,2,True,1.0
165e2b54-279a-da8f-0ad5-92f0cb652eab,35.0,0.8431188481715353,28977.92396384316,3028.8155067976127,1,2,False,1.0
8d207ccf-b035-ff8e-af49-c887f863f612,54.0,0.5636435827695349,26745.64811473084,719.2575549692641,1,0,True,1.0
ebb246bd-8e3e-625a-c282-370bf0ddced1,90.0,0.8564206694076606,22305.88309439191,0.0,2,2,True,1.0
a97b3607-1ada-7415-8af5-11aa0a67cb27,90.0,0.9996307944497496,21316.108012679266,0.0,3,0,True,1.0
591128ec-9e23-e3c2-78cc-7ba7a7181aaf,23.0,0.9979415481296132,21861.71635819201,5341.973065650675,1,1,False,1.0
6b601dd9-7088-2b42-0e63-3c471a005a3a,44.0,0.7717410131811702,24384.710319201506,1554.417895580559,0,1,False,1.0
dbf707ca-ee38-9520-3519-8076ffbc9941,11.0,0.6794264158774395,25144.634650032425,3917.8869443399335,2,0,False,1.0
09420fc4-c639-128f-5b53-7fbf5db2539e,90.0,0.521746120898452,23638.048952089342,0.0,1,1,True,1.0
cf6a9741-39ef-8100-8925-8c968328737f,38.0,0.4368747773446271,34423.34944422635,1919.9864833904169,1,3,False,1.0
dd599ebe-ed81-228d-11ec-0352cf756b40,57.0,0.6276310601458966,35351.98592901793,620.0212505195113,3,2,True,1.0
ebec10e5-72b6-0d48-0f0f-dfcd97e04230,90.0,0.8937820448518258,38169.31326821455,0.0,1,0,True,1.0
dfc9c797-4959-9200-d424-018c84dcf847,55.0,0.6576791440787013,26716.461699823467,520.2393196227745,3,0,True,1.0
ec9fa204-fea3-6b93-83b7-4e42396f88fe,49.0,0.8804452935158923,33503.01845954267,2629.022407507517,4,0,True,1.0
a74ed55d-3817-29fe-e128-b48e338cccb2,41.0,0.3683740867245207,27630.18844144628,2359.959349943186,1,2,False,1.0
99a36bc9-9a3e-18f8-1e5d-75ef9556c8f4,45.0,0.9943340090219388,22142.56338422784,964.2715318192454,0,0,False,1.0
8cca7925-0814-d9e9-0d4b-236361466d37,22.0,0.8542888797798434,34363.47798081365,5968.916550777961,0,0,True,1.0
e167cfaf-c2fd-8de3-65f3-853be9eca241,90.0,0.2969062546852618,28823.14873172033,0.0,2,1,True,1.0
666b2e9a-47c9-037a-7468-eed465ed0c8b,44.0,0.8631961767140026,22354.450873635386,2067.026363134391,3,0,False,1.0
910af69b-222e-1d9b-a000-6a29111c5eaa,42.0,0.6028470676862291,29565.87842373163,1790.6380570017436,1,1,False,1.0
6a4f4517-439b-a04b-484d-4f569e889d36,13.0,0.9867715278449912,18486.19495865673,2598.1882420951183,3,1,True,1.0
ffd35cc2-a05e-e7d5-c0b0-8fe451a6232b,48.0,0.5736261282449161,23540.05440393944,1639.76762596684,2,3,True,1.0
35983d02-9c02-70ae-c6bf-59281182a8ca,25.0,0.5781540669666488,31113.54773832233,3496.524121855033,2,1,True,1.0
8eaced06-8d0e-3c96-45e6-1cb890c0d4a2,90.0,0.3160294312659773,36225.47432478638,0.0,0,2,True,1.0
fc74cb5e-905b-94c8-2462-b41916bb9cd5,8.0,0.394790105777511,22851.211103780734,3388.0773913099374,0,0,False,1.0
148856c5-e902-5077-165c-aacd5cc2b817,90.0,0.5555968096217848,36191.823063783,0.0,4,0,False,1.0
d5be725a-5f4b-0b98-82ba-0002845857c4,25.0,0.3421768545100013,25520.509238335067,1073.0018892750998,0,3,True,1.0
a72fd7f5-9a3a-a097-eb20-2201e32079dd,37.0,0.4849987593002645,30808.11704625248,2656.665503993067,2,0,True,1.0
e82feb89-7877-ecb1-51a1-ff9e61df3d3f,18.0,0.7805985282010081,31429.552707540235,2321.9282242484846,0,1,True,1.0
37c8d834-ba1c-acf0-b626-5601db364d01,56.0,0.9800892338728444,27516.77224758116,270.4983203256749,1,0,False,1.0
5100a017-6331-7080-72c3-35d8217b7b22,49.0,0.9897755365912936,32001.109143827714,1831.1973851982964,1,0,True,1.0
98cf0460-e016-cb0f-f3f6-ce0b6c7da82f,45.0,0.767732328816695,27582.601340465404,939.542219545917,2,1,True,1.0
9ab10f32-8721-87bc-fc6a-3045ad2a2f9a,10.0,0.9566535950886796,32199.38225750649,4275.996083852656,4,2,True,1.0
fc67572f-c820-836b-ae5b-66c89cd9659b,32.0,0.5303267059657049,25427.102622200127,2700.6008474219425,0,2,True,1.0
f98aedbf-d7db-362f-c5b2-3bd53bfe895e,90.0,0.2899900746741088,24771.940899493115,35.18567635183403,1,3,False,1.0
80c7ecfb-1a63-572a-0795-793a64eddb59,28.0,0.8071146169656174,17298.028953987843,2786.41217389906,1,3,True,1.0
054c3cb7-be80-3fe3-99a2-86ab333106e1,49.0,0.9975467883102382,32263.93610117028,1605.02750834455,1,0,False,1.0
f246c756-b704-5bfa-c8ba-11a0a2e9ae32,90.0,0.3052496791202541,35350.316163849566,0.0,1,0,True,1.0
98a3f0e8-6941-b9fc-e12c-8ddaef7e886b,53.0,0.7694718338009859,23342.41022778869,477.35611914467296,4,0,True,1.0
14fe978d-02d9-99e2-9ed5-ef6e63a478e5,90.0,0.4551337014939844,32325.070907824906,0.0,2,3,True,1.0
44688231-290e-2eb1-6c91-882193bd3eac,90.0,0.4668626648557893,33170.16287064041,0.0,0,0,True,1.0
81e66580-d3fd-cd11-208e-1a3e9185067b,57.0,0.2962057998773836,33467.02591684506,522.6172396324907,1,0,False,1.0
30211f38-aa95-49ab-ad5f-4e7709a823ac,26.0,0.998293963953834,30189.08250927861,5378.170939967322,1,0,False,1.0
c57af3bf-c6f5-8c2c-3e45-f2345ca92dd9,19.0,0.6017957148844607,23668.220220806645,7712.566380991176,2,3,False,1.0
f15fd563-dbf7-ce86-c455-87f66bc2df2e,90.0,0.992098798872876,22496.517729001447,0.0,0,3,True,1.0
0f5342fd-b288-2c59-0195-007268d16ec2,8.0,0.7454245505528263,27495.02668813779,0.0,1,3,False,1.0
9f8b3d5e-e708-263b-c197-940e0c6870a5,7.0,0.8262823766318942,20474.522175351063,5444.459787198862,2,2,True,1.0
e4800928-2e14-965b-d833-4bac470456ba,90.0,0.7016425679618096,22622.56716626029,0.0,1,3,True,1.0
4447cea8-b032-0100-e089-d8e1ff5bae0a,90.0,0.9925239088693976,29024.99948917938,0.0,1,3,True,1.0
199f5029-12a6-4269-3442-b334da5bade2,8.0,0.5938017455584749,21578.72453897118,4856.091608885927,1,0,True,1.0
6f85479f-4379-c083-1c01-61303e802eca,90.0,0.3078445648344439,16784.308002549562,0.0,2,0,False,1.0
78ac2d01-d364-3268-af09-5dc31920da89,32.0,0.731489287565213,27193.717690413217,4056.818325688398,2,0,True,1.0
13fde7e7-fa8f-0afb-b9fa-7ad0dfa82458,19.0,0.9275560596233648,16529.754546303986,1987.6386024217425,1,1,True,1.0
d2e1a723-e7f2-46af-7f10-eeaf24cc4b2c,19.0,0.9569444860646064,29230.590585473743,5079.499922560633,0,2,True,1.0
07ac1444-2324-0142-0c19-f366f92b5325,90.0,0.954705967352282,25365.187304599003,0.0,0,0,True,1.0
1fb0e8d6-259f-0edd-282a-a9c5944163b9,9.0,0.6343379159793828,35642.57174725206,6809.184640196176,0,1,True,1.0
3f8d9081-f184-7c53-d0c6-9255e1a2914c,21.0,0.8561334238226319,26190.143560064644,3035.156704035859,2,3,True,1.0
d574fd85-5d30-0b50-126f-171219764f53,21.0,0.4789584577134005,37179.345090400144,5929.701839511222,3,3,True,1.0
925bbf31-0346-9bd7-9b93-b490a037ddfe,13.0,0.6978686615620232,33426.547636946125,8192.586949467688,0,3,True,1.0
f352dee4-875d-a6ed-1f13-7cdf64388387,60.0,0.4940560006001973,26978.72480446272,286.80194995589795,1,3,False,1.0
1032b5d0-3276-1820-aaea-932c75ab6b46,7.0,0.5286682637541944,20630.51745791112,5110.380679121406,0,2,True,1.0
d86e634b-4311-83ae-b31e-8e5dd796217c,8.0,0.483729738845825,25886.148026985466,5338.170685343101,1,1,False,1.0
e3b02787-536f-9f0a-30d6-8def7e84a6c5,29.0,0.3817260818832262,25481.933493216064,2377.1376901281837,2,3,True,1.0
f4cf0d2b-64c6-e9c5-289c-885f3b4a9775,30.0,0.3765399004670501,17219.094841632126,1886.753363344432,1,1,False,1.0
c2486628-cd57-af6b-c8d7-3d51b10f5b2b,41.0,0.8434338914859585,25053.040359939765,1688.374858360511,2,1,True,1.0
4c2299b6-6642-7577-1625-51d0ac0ccf7c,12.0,0.7423861230000802,27158.53590651632,4684.644920986192,0,0,True,1.0
82855224-de2d-9a1d-4e58-b3f334ac5b70,90.0,0.3262623908638802,38456.20742809946,0.0,0,2,True,1.0
4e58fb55-725c-9cbe-49da-d914a24277b8,31.0,0.8464054402964117,19787.667042232904,1883.0757753597804,0,3,True,1.0
4eb4ea16-95c9-a292-eb5a-c239a20f6415,45.0,0.8392151015377366,41200.07378184806,2951.627925545896,0,3,False,1.0
8e3d6340-77d1-2fe9-dfd0-ba175b6d22f9,46.0,0.9852166087745532,24510.79558588882,1375.4456199737683,1,1,True,1.0
12b02ee9-6fbd-e48f-03b3-15cb8e77fc4f,56.0,0.5730870563005527,33350.17345968295,460.2289707704408,2,1,True,1.0
0c11cfc0-6239-4c0a-e866-efd57f76b22c,44.0,0.3402950332384463,28987.177781602797,945.097339687822,0,1,True,1.0
04aaae87-1edd-1930-ec70-b9e74128d7ac,90.0,0.9983652107026988,21797.99717341153,0.0,1,2,False,1.0
f051f61e-6505-c00b-a74e-b1a48981cfc9,20.0,0.373185067478079,35143.63137061767,7659.266937881963,0,1,False,1.0
e36bdd18-42f2-189d-d385-676e16e13867,22.0,0.7522901665663342,25732.218721765246,5802.525034090857,2,3,True,1.0
efd8020e-4e9c-23b7-6f90-c580c00c367e,36.0,0.3976167486616698,32216.4517537738,4695.8922272744885,1,3,True,1.0
14478bbc-1a06-3b4a-dc93-37996cf44f2b,26.0,0.632513089043409,23290.229516928204,3936.557913144359,1,2,True,1.0
0a40a361-3e6d-d448-dc99-9b09c11ea08e,4.0,0.3074551629768842,23598.11146928276,5927.747054799176,3,2,False,1.0
3bf120cf-5292-96bd-325f-0e7f4d2528b7,90.0,0.9910844101662925,26545.25212256445,0.0,3,1,True,1.0
8011fed4-3b0f-dd4e-5308-96b73d64e994,20.0,0.6860964640235883,27009.009414315933,5667.884328389104,0,0,False,1.0
3111a856-1c5d-b8ea-bdb1-40eecfda6ab8,20.0,0.8317236559596071,37075.40278089351,7442.496027207962,0,0,True,1.0
ed20409e-cb44-7bbc-51e1-7097755bd4ea,90.0,0.7111946381162827,28479.349291531533,0.0,0,3,False,1.0
eb2e28b5-41c8-d469-7284-a0f1869685d2,51.0,0.6669010934005445,27340.90598897879,1118.8862962914857,2,3,True,1.0
8daeb133-824f-5e7e-e07d-93e2b9919631,49.0,0.5911834563498554,28208.018425002105,1296.8953390057084,1,0,True,1.0
cd86554e-64b1-e6c2-f9ab-5496594abb7a,24.0,0.6807727083645335,28655.90287303411,3325.8023720346573,1,2,True,1.0
b91b9698-8fc9-ba3f-62a5-f61a262c6e09,90.0,0.4525902531822668,19875.11382667924,0.0,1,3,False,1.0
18503c48-18ab-5d04-bbda-a02843ae3f9b,90.0,0.5022389770884013,21008.149221370324,0.0,2,1,True,1.0
385f49dd-697c-2fef-7e4d-3fadd62ce7de,7.0,0.3190849299805667,20678.59299286215,4094.183960450727,1,1,False,1.0
1034f1b7-d891-54cf-fc61-8c7c19e0135e,50.0,0.3553655376204625,20799.479071377304,1174.7780234173474,2,3,False,1.0
dc6fd052-ecee-c172-6c67-6e3ca7fdf6aa,22.0,0.997791273675795,25104.354529049982,4622.318267283434,4,1,True,1.0
6b148c40-9a87-80a0-eb5a-2bf8146cebf2,25.0,0.9076891363385096,27853.059221832576,4622.995799571336,3,0,False,1.0
5a333e37-a920-5617-ec8d-f17757b1801f,31.0,0.7520536042314508,33924.322003598936,8118.599744005103,0,0,False,1.0
b2997266-cc7d-506d-e635-1857c18e94eb,14.0,0.9680121159877269,27771.13190060061,9186.607445506734,2,3,True,1.0
1ffd1607-c707-1198-caea-c0887eacf6f5,42.0,0.4539173792203902,26558.90500715937,4544.085669967004,0,1,True,1.0
5c7d9637-4905-584f-9ce5-dea152e23311,7.0,0.3159743349825805,27493.548886623816,6582.083389444715,4,3,False,1.0
18462047-3da8-9aec-cad9-65cf0c535dfa,90.0,0.2813980927246882,31797.77222674132,0.0,2,0,True,1.0
341188aa-c471-18e9-97b1-fe3167ab4901,90.0,0.9296363539682272,19032.13497220772,0.0,0,3,True,1.0
c4250e07-226c-8e97-701f-b71e19b7b9fe,28.0,0.9943311523322078,20400.42615587293,4591.916070071449,3,1,True,1.0
beb17d1f-d246-d0ef-28fb-accda4017122,90.0,0.2845419443532704,34036.477989364284,0.0,2,0,True,1.0
b259385b-f4f0-550a-f119-467d38dbc100,90.0,0.9769862175379784,30683.61853119337,0.0,0,2,True,1.0
cc323bca-e596-8a28-795d-12c0c8377aae,48.0,0.8588628376835717,29012.351256540464,1193.1190824199953,1,3,False,1.0
27d3e150-dbec-b8ae-cf52-3f47695459f1,10.0,0.9137055506371404,26460.545468725115,8432.98126286814,0,2,True,1.0
b7788016-e9a3-99c2-0a99-f9a833804cea,48.0,0.7210162640685781,32851.59275797215,3694.2751864735096,3,2,True,1.0
ceb43b0b-a902-2661-82a8-116db6345935,32.0,0.7055655859182296,17926.13889869611,3232.822511843281,2,1,True,1.0
51e9efa5-5387-e64a-8656-66bc0ac8696d,37.0,0.4522597659137191,29107.319747978017,2451.4312474976914,0,3,False,1.0
5c98265a-d8c5-16ff-f166-0dc986ea7750,10.0,0.9582250662823438,30751.788034393085,8979.807748439265,2,1,False,1.0
79084775-748c-924b-ae44-055c08c72a74,33.0,0.988243924905731,19946.79365854561,2450.8136540485702,3,0,True,1.0
3d84d603-0005-f85a-ed7e-b7e55efcae2f,90.0,0.9619406870210818,19280.870553097426,0.0,3,1,True,1.0
76137896-5ef7-102c-7c72-5c1b09f2cce7,28.0,0.3460125676479422,25008.79152688698,160.93700444480257,0,2,True,1.0
b544fc2c-836a-d43a-695c-e0f42d81b90e,23.0,0.5970602876821598,37765.39859616334,4683.10223832729,1,2,True,1.0
e442ed39-bea7-7bd2-625f-5f8a356f4d80,43.0,0.991230003346933,23066.04746987419,2433.0549525262104,2,3,True,1.0
ceebe70f-dd41-6091-ccad-13be398fb02c,90.0,0.8868919968663789,25966.543226253325,0.0,1,2,True,1.0
ecbd2892-3a03-8b08-2515-bf46810f1a9a,90.0,0.6602225067878866,22598.81111584753,0.0,2,3,True,1.0
fb1d12f5-32e0-539a-7f40-7348e2d68dda,90.0,0.9608406920546232,20011.98713420664,0.0,0,2,True,1.0
3e705b55-187f-dd0b-8f9e-fc343306feba,37.0,0.972512996008189,26500.85472938284,1870.3190598197875,4,0,False,1.0
2ed2450d-b58e-ff7f-8925-1e817af9a643,28.0,0.7029464299273328,27995.69024938483,3006.784515911194,0,2,False,1.0
6066761b-cdd7-ae8b-5692-8ecf1cce0b9d,30.0,0.8614630814137268,31962.96368282333,3007.622589870301,3,3,True,1.0
77d6546a-39cf-1d76-110e-688bf4aec234,21.0,0.6785266293069332,31168.72993850084,6962.217309593809,0,1,True,1.0
51449935-8029-4002-8856-8a289f903812,13.0,0.6093622214201271,21088.04160590688,3255.159334571776,2,3,True,1.0
fe2fb83e-a20d-5339-9546-6d3ff50c354c,42.0,0.7109832206949521,33948.5733920264,1257.5563698257072,0,3,False,1.0
96a90dda-71b1-0ec7-5ed6-ab056c1a53fd,55.0,0.8819690145658668,25581.33175952253,537.8652550647946,0,0,False,1.0
60652550-976e-e307-6322-2cce65f46da1,33.0,0.8602273135346972,19285.33252385966,732.4294216004091,3,2,True,1.0
74435ed7-88df-4cd7-8721-ab9e9b37199a,50.0,0.8790629577938479,20757.172005760203,1709.1330788935472,1,1,False,1.0
c151d106-bf94-3707-7236-3752a835c01b,18.0,0.7672131383372089,22308.04778588424,3930.1352884501766,1,1,False,1.0
ff95f9e0-1160-9655-0618-71c43cdc3f82,52.0,0.9932563970334434,28375.05198730588,323.81019880663666,3,3,True,1.0
7392b882-c876-e80e-bb8d-feece377da3a,11.0,0.8501988903937926,28220.42788932671,4548.825633112705,0,1,True,1.0
0517b1f6-3511-9ddf-258d-92e6911d2e7d,28.0,0.8928211341357913,25942.525255233217,2805.9259195281893,0,1,False,1.0
09487c16-4b9c-26b9-8d59-5d20936b4ed4,59.0,0.9382116120882938,32566.31296143671,92.79805999043576,0,2,True,1.0
7058708f-e6c6-8396-84d5-aa4aee41b5e3,90.0,0.9153181296503436,28382.24139878972,0.0,0,2,True,1.0
611d9d9b-1b69-e1e7-5677-14052a31c009,90.0,0.275321617134221,25161.62103074864,0.0,0,3,True,1.0
471d98ed-3562-d60c-fb18-77963381e83c,10.0,0.9881712045227308,24807.15360655549,4782.121361651554,0,0,True,1.0
0c1c66b4-f9b4-05c6-e152-95dd8937a7d9,9.0,0.9481055804213968,17878.319529413217,3830.409658397026,3,0,True,1.0
5ceac4ee-1e33-cd29-6951-b310a0955952,26.0,0.954375428279578,20939.25371289873,2567.190553809869,3,0,True,1.0
348fadee-0d29-3d73-1294-0ac9feb32464,6.0,0.997352692999864,19943.257357190807,6289.067372118772,1,3,False,1.0
6fafec2f-2424-836c-d6c2-5a07e5009e61,36.0,0.9464452997616885,24347.46734955626,2102.762539649828,0,0,True,1.0
732683fe-e201-a809-ebdc-9a6657f54d20,9.0,0.614352705117387,27208.310503814504,8218.589476163306,4,0,False,1.0
c4468b47-6eb3-bf8f-678d-91db6a1ee985,25.0,0.3712474460864302,22459.764268874016,1921.4404718493213,0,0,True,1.0
c7dd66df-debc-0f95-920f-e2cd89776406,52.0,0.5593624084876945,24456.31371942299,461.79462655079743,3,2,True,1.0
a0d2848f-c9e4-3b9e-9710-cf64011d34a0,43.0,0.575132104500466,17988.821675416642,1979.5940329824227,4,2,True,1.0
7f496d57-f855-7af4-927d-c14586689bc9,44.0,0.4509158851117758,36002.87679338534,3156.9267028695244,0,1,True,1.0
57690ff6-acaf-7a4a-2a64-185924f3a044,90.0,0.4714914342630993,24700.59285164549,0.0,2,3,True,1.0
a7015b42-bdb6-963b-634f-b011bbd60678,90.0,0.9953178322437576,22580.460997999537,0.0,3,1,True,1.0
9260bb6e-d7c1-55bb-b3a5-65706630df03,52.0,0.5014373183426746,21173.97410553085,544.663781589686,4,3,True,1.0
22109117-a40e-99ae-16fd-e01fe7620a38,31.0,0.8906935175668916,17482.037218076843,1637.346407370158,2,2,True,1.0
8decb744-8c3c-4695-9132-2798a99889e0,21.0,0.6857807577573836,28321.89440613424,5747.609335341463,1,0,False,1.0
3c6d7b65-b741-0605-14ec-9e74850eec3d,19.0,0.9284480092935092,25835.28102951388,3681.642476157509,0,1,False,1.0
52cbb571-f46c-c054-f58b-6cfbd3007376,60.0,0.2929891674870494,25060.582134163906,0.0,2,2,False,1.0
bae6f613-9e9f-211f-12cd-5a4cefa456d4,19.0,0.8297388168759782,37012.59370349308,4325.644078377802,1,1,True,1.0
6269d07c-f7b4-11a8-e7b3-0691ecac3c90,33.0,0.9871225161367913,17121.2906288783,2421.3480737995737,2,3,True,1.0
ad0b855a-ea76-8e2a-e67e-b3765a670b7d,90.0,0.5899970064216723,16865.652177794964,49.36555693427735,0,1,False,1.0
46b590f1-3148-6cd0-3065-d85dae652d9b,20.0,0.8620217992575773,34219.06657141485,2711.957333196877,4,3,True,1.0
4cc6115f-8114-22e6-d25e-638a729fea5b,26.0,0.9124568015254332,31905.51756934618,3983.5584730706537,0,3,False,1.0
f74406d0-e05b-50f9-14c1-2d4bd86780a9,5.0,0.7158542340674134,35227.83613465951,0.0,0,3,False,1.0
eed276ab-4d4e-fa76-db93-441424e7b858,90.0,0.6107182281414534,27193.412152815414,0.0,0,3,True,1.0
3a97ce49-3c50-b545-c995-52af532985d3,58.0,0.99299679400326,20966.026798762417,70.88261512341046,0,3,False,1.0
a98523a9-5236-63b9-7434-aba11736aaec,7.0,0.3760666328181805,34135.512775056544,6290.913083844121,1,3,True,1.0
b4823889-7e11-cd42-f849-233a400e27ec,17.0,0.7308353435967581,31775.932475921287,5351.633167948634,2,1,True,1.0
5bb7cbff-4675-892e-2a35-69990c15f1e7,41.0,0.9987111855280656,23950.069625369044,1964.7321124158973,0,3,False,1.0
a840b61a-a773-99a1-9243-48f78052ecc8,35.0,0.3913862547548517,30591.18050908288,3441.2158437764315,2,1,True,1.0
f14b868a-3110-98ed-ff44-f87516c7dada,90.0,0.9914037586022714,12803.002773970638,0.0,3,3,False,1.0
4bd85199-fc1e-3e4e-fedf-cb431e192fc9,16.0,0.4541716695944544,18722.35686077141,2670.557345446696,0,2,True,1.0
ad72e021-58bf-db9e-a2bb-c15455c296d4,4.0,0.9992129399555114,27424.767750764524,10619.820311168063,1,0,False,1.0
c79f5919-caa6-13a8-c55b-bb2a3622f734,11.0,0.9758490555533516,33031.28851123308,6859.887911891988,1,0,False,1.0
2dc6e5d9-b6c6-a363-3685-9ab768c3e177,34.0,0.4872411761818495,20513.035095726293,2706.552897961348,2,0,True,1.0
67918919-1df8-0e7d-8995-eda9ed560aa9,45.0,0.8656427336430345,21530.514635800424,805.6295851717803,0,0,False,1.0
7c505b2e-7395-1bed-011d-27f45a896b1e,90.0,0.5768613929187384,22992.4123684782,0.0,0,0,False,1.0
af2b4072-b11b-dc37-4faf-773579d7873d,60.0,0.99088556235173,18020.963238994103,88.49833241245963,1,2,True,1.0
4b08c89e-c69b-253e-297b-9b48a2337067,90.0,0.8899079062272566,19624.120520635865,0.0,1,3,True,1.0
e6f4f189-7e21-0ab6-b2f5-adeb4d6538f9,9.0,0.6863192506175073,32950.57774599825,6225.670143241666,4,2,True,1.0
70479be3-1e23-e4af-710f-f4062d5ee26c,90.0,0.9092253533289258,24713.853760669957,0.0,2,3,True,1.0
224486c7-41da-43c4-e3e5-e225939e0e8d,46.0,0.3099684438297782,23380.03385971816,735.9510370479322,1,1,True,1.0
757c2529-88d0-5915-e36c-dcd3432ef552,90.0,0.8907602629991016,22584.40869443853,0.0,4,0,False,1.0
6fb9ae79-1fd1-472a-d7ec-996f6e818c0c,90.0,0.560176016310764,30023.484938806592,0.0,0,0,False,1.0
19d646e7-7ef3-86a7-134c-0050cda84725,22.0,0.8162281076191827,30641.27398254484,7421.668947752224,1,3,True,1.0
47be362f-72ce-2aa4-2eed-fbb9bc8e13c2,90.0,0.8781384449807254,26386.22206260953,0.0,1,3,True,1.0
1b603e0c-a267-310d-ec40-99bd9531f757,21.0,0.9587538673817294,26417.31904607664,4976.262491408462,2,3,False,1.0
bd65f973-6e8f-475c-70a3-7a2f8b1db381,12.0,0.8659531019290564,27254.496487143653,3319.015470798651,2,2,True,1.0
8eaaeb25-5ad5-c2f1-3332-899c94950a33,90.0,0.9425264770028146,14440.638245770222,0.0,4,2,True,1.0
d7bfeb1a-f259-9d65-5923-d39005182c74,90.0,0.9968731241134996,33835.95796188649,0.0,1,3,True,1.0
8fdf894c-bfb7-6654-649e-1abb17612bd7,48.0,0.4275988015689829,24206.53555493822,1538.282446455497,0,2,True,1.0
47da8ecf-7459-a258-1161-7924eb2a0ec8,56.0,0.974384189108559,27397.580226202524,727.0035907721581,2,1,True,1.0
9afc3407-0a5e-1d4d-0b07-e96c36659cf9,39.0,0.8858664427676003,31522.51581051857,1339.3879453802513,4,3,True,1.0
da87f4a6-8e98-c540-a667-9ea249512cb3,39.0,0.4575143454097503,25313.623629082274,2623.4855945782488,1,1,True,1.0
15ee1c9d-db8d-cfc5-4e1a-bfcd71051618,90.0,0.9268560144134448,31099.615558199937,68.52081063563118,0,3,False,1.0
46ebca69-a5de-b249-3651-5b7b58f54335,34.0,0.2821494745225306,39040.73445056281,3608.383820662965,1,1,True,1.0
c19b7b7b-d223-e878-0fc5-c2c8150b4652,24.0,0.994667509285284,21204.037254479492,3429.229141523465,4,0,False,1.0
868cf68f-eece-8624-7cce-375a4d1b7fc7,3.0,0.8495351480140385,33904.8983652312,8110.690720528793,0,0,False,1.0
ef3a47e7-358a-7e63-d02e-432140e4ee82,47.0,0.9804731636631928,26339.45547406039,1994.140119501765,4,2,False,1.0
ca658a01-7a7e-5888-47e9-eca57ca41ff4,7.0,0.8478839430639034,35041.90305123638,8572.195576402311,2,3,False,1.0
c6a897fd-d0e0-8c83-e3c3-432d2b7137f0,6.0,0.3375548418880271,17209.183153245627,4680.545486196793,0,3,True,1.0
9e6462ef-d6de-eaf6-60d7-4a568b8fa9d5,49.0,0.998971939102114,18073.289577086303,2054.4421551474134,0,0,False,1.0
9806d16f-6d0a-aa97-2082-8c1a46291308,12.0,0.7353862161793397,35375.043123910145,2877.7266651789823,0,1,True,1.0
3deb83f0-6461-ae80-94db-e7f70f40d93d,30.0,0.2912292637202592,30032.800844353224,4319.860083187956,0,0,False,1.0
4e6a43ff-52d6-c78e-63ea-dc4c732ebd08,59.0,0.9766351552027196,30388.91673249737,215.0510628883127,3,0,False,1.0
656b6642-5b7b-f498-791d-6565d1127d52,90.0,0.3168255815315671,27752.91088211661,0.0,0,3,True,1.0
e99c33c3-3b13-1342-5853-bb2cc159f4b9,90.0,0.9678679040953344,27334.713324077704,0.0,0,3,False,1.0
5a843c45-169b-2818-01bb-d8d2b22a8341,40.0,0.3030092925944213,21589.765747988185,2381.721887293711,3,2,True,1.0
5dbf85cd-bed1-b699-84fa-cf18f505b71a,20.0,0.5425323007007391,14726.887192317456,900.1896438064964,1,0,True,1.0
27947358-c907-fee4-9c91-2b11554eddf0,20.0,0.8600706586192715,31224.110967656205,4666.113209129535,2,2,False,1.0
e104c8e9-5201-29e0-e8b8-18dbb1a48e57,20.0,0.309905076630954,29803.28514340605,1341.6722319035437,2,0,False,1.0
bf4d62fa-75f3-0377-911b-bf6a2761f222,90.0,0.3848443305027606,21196.993714091084,0.0,4,0,True,1.0
c8d40038-7296-a0a4-6742-f5f662b7d90a,52.0,0.779793428770253,25992.98013877523,121.29290275213442,2,1,True,1.0
2a3f8aee-0101-0a40-049c-6e4a517d14f6,8.0,0.3248760345572968,35723.35996228436,8174.242700987616,0,2,True,1.0
dea3199e-41fc-02f7-d619-010d709a84af,90.0,0.4259314160888673,17798.932315818485,0.0,4,2,False,1.0
eced2736-a064-b8e0-396e-f1e887e4f7d9,39.0,0.9504896180863176,27002.09040732317,721.0201784400443,4,2,True,1.0
50cae67e-7533-dffe-4c3b-ce0fdcca8f68,90.0,0.9984550323326926,24848.039348665097,0.0,4,2,True,1.0
6f5190f4-49f7-a09e-f6f1-7bae094393f5,56.0,0.7886688042335588,25564.325549818717,229.7084725829413,1,3,True,1.0
1a4a164b-f0dc-4158-ee55-96be24920b3f,15.0,0.8359044333545319,22589.690260115905,3163.7608058297524,0,2,False,1.0
99055e2f-809c-2eb6-10bf-eba958575615,36.0,0.9846618096326368,19871.654160844097,905.0461969493666,0,1,False,1.0
f797ebec-5cce-d654-655c-584fba2ad18b,52.0,0.7784698689777759,26368.369797935076,776.3256895981133,0,1,False,1.0
0ae60e03-a81d-b56f-dbd0-e9ffe5a1d607,20.0,0.9044479379086164,29554.56981173169,940.977032040926,4,0,False,1.0
8c88eb9b-25df-aa69-f42b-06eea374c9ac,6.0,0.7746407902069465,23797.059506760845,2980.4146954473517,3,2,True,1.0
2da2c029-d142-c64d-59dc-2b34680c1f0b,90.0,0.7595357119060783,19399.766372805905,0.0,0,1,False,1.0
14246ad1-407c-7c9a-ce0b-d1dc6d0e5cd6,53.0,0.4889379780510028,36059.26460268397,2784.525471635612,1,3,True,1.0
f2e5d031-6f55-4731-d99d-22fe1aa627f0,90.0,0.7554511944666772,27190.38723033605,0.0,0,0,False,1.0
1f29546d-1fee-84cf-e69d-17d9090b1d68,90.0,0.993478909493957,31525.107594995083,0.0,0,2,False,1.0
a9c43387-0525-0efa-f59d-5aeeebf5e036,90.0,0.935637187611578,15488.263893802785,0.0,3,3,True,1.0
18cb4683-cc69-f6f4-9b5a-278467d08f59,34.0,0.7389979646680864,32743.51655189461,4157.686424602235,0,2,False,1.0
c3adb307-aa04-1275-5475-ae63773f9712,14.0,0.9256073675292928,22869.12523339772,3656.35137693626,1,1,False,1.0
66c530ba-1ab9-077d-0c62-bd7bb50e5168,32.0,0.9938538294026648,28467.74935944493,4668.674353319654,3,0,True,1.0
b0111461-f398-eb02-990c-95d738df03c3,90.0,0.3605272657289233,27817.84965350646,0.0,3,3,False,1.0
705fa496-3e75-9a20-edf9-6fa1e28d4965,49.0,0.9707774864303906,33503.95079883502,1571.0964579381628,1,0,False,1.0
bc8ac57e-f4be-3097-1289-172b6a51a53d,12.0,0.8338883610927639,23663.71517235457,5608.823898937406,3,2,False,1.0
4ff82c48-f563-056a-1703-fe7beca14c8d,90.0,0.7053558772560055,27461.05181808419,0.0,2,3,True,1.0
02705151-c49b-5ee6-8588-3639952f6f7c,23.0,0.997891603692454,27912.24009544773,1199.837768118405,1,2,True,1.0
afd66ce9-fdfe-bc38-06d7-34320dea7c5c,6.0,0.7495655344420806,28525.031765387124,223.8270230233367,0,1,True,1.0
fd4dd1ab-40ff-7b4d-9788-9a2e1e37cbc9,14.0,0.4270916493180776,25754.08429964471,3171.0831749528165,1,3,True,1.0
2ddea69a-a734-5d6f-15bc-fbb14bcd8551,23.0,0.8462035926141285,37008.927466466776,4025.3199030607766,0,1,True,1.0
43108b89-bdb8-931b-f93a-332fffe57984,27.0,0.7539230710394379,32561.973591705624,3795.627545365067,1,3,False,1.0
160c1dd7-d3e9-bd3c-b384-028d116220fa,30.0,0.998780698422451,25054.4279525734,1280.4767541586448,1,2,False,1.0
415246b7-e7a1-47cc-ff4d-bbc29195f728,19.0,0.2761474509917603,35676.69322199496,1739.0790182666742,1,0,False,1.0
5cd58ea9-09d4-a64f-56e4-be2cc6502332,90.0,0.9678339289525066,30163.616493412104,0.0,1,3,True,1.0
d11c5bdf-d48b-7825-56f6-fdbb6722b4b8,90.0,0.5161180067457203,31962.99796581092,0.0,1,1,True,1.0
945d4d8e-4e30-c574-178a-596da9a66034,32.0,0.4339583595026539,19374.872608006917,1448.3384658467571,0,3,False,1.0
e3950ce3-aee2-a5fb-904d-9e2d7202cf3b,54.0,0.7170582595666616,18991.79400237884,386.251272315776,0,0,False,1.0
053e641f-bda3-121f-bd69-ae10aa1b7f95,42.0,0.3835802857744437,23850.425379345248,2191.4399801305967,2,0,False,1.0
43d8016c-5cd7-522d-2210-72a808d08813,3.0,0.6258877268490698,20294.84556544418,4862.458019534933,1,1,False,1.0
ccc455fe-b2a9-4157-08b2-538c6939eab4,8.0,0.9395778930947204,32746.9079605373,8058.512092709976,0,3,True,1.0
2095347a-822b-3dce-e376-61f5d15b6132,55.0,0.9879675007706236,27537.120494603358,424.583071292734,0,1,False,1.0
5c393d6f-592a-fc7f-0305-068f20ba0492,90.0,0.987897051769804,27916.72982165214,0.0,3,0,False,1.0
bb0dfa9e-dd29-0e99-bcae-b83dc427c812,36.0,0.9594676907200664,19658.70595229195,3176.1803011109528,2,2,False,1.0
35b76e84-f3da-d9b7-6dab-03713f7e7aa4,53.0,0.969357167582392,23515.421052977897,512.5643819156486,4,2,False,1.0
c07e805f-43c4-a9f6-a658-12383e7f3784,5.0,0.8831536223156122,26058.77567940459,7618.020657191008,1,3,True,1.0
4de6945d-e8c6-f680-c74f-bbd668ab07b1,90.0,0.9992517889116226,17822.051433086344,0.0,1,3,False,1.0
4380b6e2-dec4-9448-011c-f50e6081cf97,32.0,0.7684427478166082,21688.455771384542,2214.8730687731336,3,2,True,1.0
7d2b1607-8dd6-7e69-431f-62f0db1782e4,43.0,0.9999314467834972,28189.445002043223,1191.2631717952029,0,0,False,1.0
272c0fe7-5077-f0bb-ff5e-0b4c410983ad,54.0,0.7604060818315553,28128.800218899945,616.3285448896444,2,0,True,1.0
62242c14-f1fe-ad64-9069-8cdec8f8ffac,90.0,0.8959990273680553,24235.125814340296,0.0,2,0,False,1.0
9a804b53-1a53-9ed0-4d8f-9391d1ed2995,27.0,0.9770830642000012,25966.444246255123,3414.672393679057,0,2,False,1.0
a0692fef-84ec-4d94-3ae3-b296748fc51c,15.0,0.9133823460585008,31848.540549425008,2301.8458495922,1,2,True,1.0
94846f38-20ee-ef1d-01d4-04f8b04203b0,90.0,0.3435370567952324,22992.716590454173,0.0,4,1,False,1.0
bbf7c66d-f936-f939-a3bd-cc99d75268ff,33.0,0.6361408264653143,23073.46339503304,2160.54519997131,0,3,False,1.0
5cad987f-5ed0-fb64-249b-6ab8c8d2386e,36.0,0.935344512583,22492.37809203305,3676.9466314351457,0,3,True,1.0
d9454586-a2e2-ab87-003e-46ef177bb40a,43.0,0.5090381607843825,21042.51993021799,1195.4228424137364,0,3,True,1.0
a467ca44-3d11-223c-9b22-5b75a34cf5e9,28.0,0.9048026275242478,28912.57998582153,4258.689824624171,1,1,True,1.0
063d5d43-a68e-54de-d6af-c1593a365d40,17.0,0.675945136661362,19028.467163731668,4180.11419453051,4,0,True,1.0
e82ba8d4-d06d-dd40-327b-033d4896738e,39.0,0.8052962990134174,20913.725305061307,1713.439271084459,0,3,True,1.0
614cfc50-4ab0-f9b8-3b09-cb983b97f702,41.0,0.9851945191313056,33196.345271476086,3541.9737406677023,2,3,True,1.0
95cd40e0-21fb-a111-17d2-df636007c407,17.0,0.4438854654126133,26695.272170240336,3921.593044613196,2,2,False,1.0
37847779-1651-e831-deb5-4bbfb2c23c46,10.0,0.8488810143389975,31209.322733372865,5090.601673692194,0,3,True,1.0
11dbe63e-9481-9c31-3287-38dcf5ef4def,41.0,0.3234348700224255,29197.91198413474,1228.4097556913468,1,0,True,1.0
7dc3cfb7-946c-1872-d89a-240c98c1bcb7,40.0,0.3956704695251268,31951.402929653294,2953.6998323727503,1,0,True,1.0
269cda19-06ad-0ae3-6287-e1f342ed6ab8,37.0,0.9999328510790793,28090.58036094092,2416.292013724623,1,0,True,1.0
8e508401-ebb6-7ea1-1b67-5a6091ff627a,90.0,0.678981096901962,21580.23856941152,0.0,1,1,False,1.0
3de5c6eb-c18d-960b-01e3-f60ca5240743,18.0,0.999494032911864,19393.27538629623,6767.888700617527,1,1,False,1.0
a64171a9-8ae2-bf44-dbca-c2f58693fdb2,90.0,0.9949016120611152,29777.28808157962,0.0,0,1,False,1.0
dc811a6d-b6c7-ee5b-47b6-1c89059a35a6,45.0,0.6001499204251634,25999.17448872497,379.6129642046968,0,0,True,1.0
aa961766-fc12-5d61-9838-9508f7f2b0d8,55.0,0.956153309504136,29389.7347165292,206.85278611331717,1,1,True,1.0
47bb19c2-0b9f-1a43-c098-3d8dd38b1b23,23.0,0.3208460184724223,25656.124063911266,755.7302367833664,2,0,True,1.0
20315700-c998-9ba8-e27f-1a8568f024e1,22.0,0.6291349000561535,35425.66442713916,7812.789032777042,1,1,False,1.0
b51304ea-227e-c830-f1a9-33f26178bb2c,44.0,0.890244505770643,28937.70031815848,2844.5701168192163,3,1,False,1.0
56d1958e-1cf5-71a3-49ab-7b27d02426cf,5.0,0.5004928112451074,36775.20630521191,9278.30183003886,2,1,False,1.0
f8fcf10d-c890-4f5a-7a74-c4310f4c7885,37.0,0.8067946584107516,16973.693104768834,1369.1630067010833,3,1,True,1.0
0c20d921-32cd-c322-c335-332fbcdd9319,41.0,0.2817893624776727,16581.705129403752,1420.343129551583,2,3,True,1.0
f18cad60-d479-f074-a7f1-58c53abe98a6,14.0,0.4770907795069632,24822.228110017026,2973.197494543004,0,1,False,1.0
f770ea49-fed0-12fe-054d-5a39cb0004fe,43.0,0.5639958807345471,26270.695700011423,109.68375638587328,0,1,False,1.0
6c464bd2-db2c-9c1f-9367-296e3036efca,38.0,0.8003189348022808,23107.301153422653,3099.1364625654383,0,3,True,1.0
b9c210cf-46a0-42a7-9039-940fc38c8ecd,90.0,0.8630254408735274,32283.641793293773,0.0,1,2,False,1.0
2725baa7-515b-1f1f-7620-4c456a5f6c33,35.0,0.5620576707294469,27118.15891962574,1593.8322567893204,2,0,True,1.0
82fbc5ab-96dc-2fb3-fe61-fc997d4f76c7,48.0,0.9512536205583828,29545.57000326676,1163.7202362567457,2,2,True,1.0
d912afef-d94a-ee3a-c586-6ee7537c76ce,90.0,0.4212713266857831,21886.700407828,0.0,2,0,False,1.0
b9f80620-a17a-265b-3f99-508d91406892,90.0,0.9987273210328812,24111.581942651563,0.0,0,1,True,1.0
19789f5b-137b-1e59-32d4-1086b7dd8726,15.0,0.9166735829122032,27206.372032512136,8335.361481715987,0,1,False,1.0
66a0c029-91c6-8bfa-4360-2dc65c6e0831,50.0,0.3814916728657933,24549.924825369584,1054.9457970347075,1,0,True,1.0
e65e4e39-7391-426b-1bf1-0c9a96fa9a69,9.0,0.742571294798186,29771.73856870905,4276.9278756270505,1,2,False,1.0
c3fc91fd-6266-2964-c09c-39b4e3e64f2f,90.0,0.8092187355909586,19870.50652210781,0.0,1,1,True,1.0
2f1a0484-c4df-39ca-6a50-7c147e0dd7e0,23.0,0.6018365087581119,37135.95013240302,5261.360414639062,1,1,True,1.0
d0aa07e5-b796-3a5f-3527-6550ed4a9834,17.0,0.5151883878879204,30093.064705001478,3055.6720225786444,0,0,True,1.0
be07516f-dd7f-5d03-38d3-1296e8f5c1ee,90.0,0.4551801696642882,23882.561810418265,0.0,0,3,False,1.0
5af1889d-ee4d-d6a7-b04b-88a2bd3a9315,90.0,0.9918397738531476,13494.606532501066,0.0,1,2,False,1.0
d90382de-4722-0d4c-8370-b955aa884bdf,15.0,0.5127563912259915,28019.76125629608,1346.6145023163876,3,1,True,1.0
103af7fa-4cf3-de0a-3f4a-076512375491,90.0,0.9989290232036386,20088.321849013493,0.0,1,2,True,1.0
1aba1d26-5118-89b5-b035-62060ffa3c08,57.0,0.8073255009573347,25014.762647672716,62.39761637575556,1,3,True,1.0
2da4e492-6e57-4251-f1c1-73836af3d770,47.0,0.7920864351813194,34008.76563870131,2666.663269852729,1,2,True,1.0
bffa6642-554c-af0f-c474-a225a8a4fb7a,90.0,0.8513050215253011,18277.68208382672,0.0,1,3,True,1.0
42c8239e-48cd-0da2-06b2-dad1d420c6ef,28.0,0.9617608264205336,28783.89995418851,4002.834415640833,0,0,True,1.0
e80e57e9-d2c5-ad7b-4804-7d83d786f0b5,41.0,0.948676678762786,31393.35602847649,3234.064393448823,4,1,False,1.0
5c351010-c8a4-9f91-717a-0ee28a1adf09,21.0,0.9823587675997262,28456.30812414585,5664.060495263596,1,1,False,1.0
262dad92-f589-c322-5497-912f3c94a690,90.0,0.9257347792362802,21204.35088510837,0.0,0,2,True,1.0
59febbdf-21a3-5a74-08cd-54962f95ca87,13.0,0.6691200282349293,28498.32217769271,4695.448475247778,0,3,False,1.0
781fbb9d-e223-39d9-8c6d-05030630130f,29.0,0.8020514220484986,30233.090290213524,2028.666444922276,0,3,False,1.0
861e2ba5-9360-4294-45ac-1f6e07b3b2a8,90.0,0.9228388756673164,33952.94124058909,0.0,2,0,True,1.0
44ca214b-88d2-40b3-2b44-b0f446143d01,59.0,0.7703438265834015,30796.39178861924,131.050493425085,0,0,False,1.0
e8a3e5a7-913a-dfa5-6e82-69a4eedd5448,49.0,0.7492468655967428,28184.27834352008,792.1789889004374,0,0,True,1.0
f8e9d31b-d5ff-4b04-bbf5-d451bc2b847b,8.0,0.5876659715637522,35380.40427175476,5538.716586452238,4,2,False,1.0
af6f7fc6-25a0-2c47-cfc2-8eddec710677,90.0,0.9705025644831916,20895.072502948617,0.0,4,1,False,1.0
a3c69ae1-51f9-86e0-bf5d-bff544b3a323,90.0,0.7434967378188604,25314.70002511987,0.0,2,3,False,1.0
bf012049-1562-1ddd-a835-96043a3a5375,27.0,0.4744461761646952,27305.5460373864,5178.209404739033,4,3,False,1.0
a300dc60-ef60-6529-d71d-b4bc1e638c08,20.0,0.5300187209928128,35273.011118869144,966.1144630365848,1,2,True,1.0
23edd2c9-2206-4d6a-6da3-560b124e4b31,37.0,0.8008229718969752,33603.849682824715,4891.4913445005295,1,0,True,1.0
43bf941d-baf7-299d-e647-918b41c41464,42.0,0.3602394203680547,38268.6174492708,3948.979943571874,2,2,True,1.0
7f7fe60e-d829-0d86-7133-c3c634dcf009,52.0,0.7371402337643395,32770.928889002724,758.828368640292,3,2,True,1.0
42c64bc6-0fff-3561-5b88-51c4515471cb,60.0,0.991374999728406,21255.21823026403,0.0,2,2,False,1.0
6570feca-1edc-cd32-5574-ad1bd03f27a5,6.0,0.3495780104110682,36761.53327041537,11711.601072250189,0,1,False,1.0
5ec28d0d-b527-1ee5-0b87-d27c592e07f1,35.0,0.5264825497284524,25193.61442279734,1749.1601684480645,2,1,False,1.0
fe8a3faf-a580-c161-563c-0434a03267bd,59.0,0.915289253070607,22790.623135834063,96.80927576072838,1,3,True,1.0
db66d429-67dd-a43e-1bfa-9b71ec8bb4de,18.0,0.3284905367373067,30572.129966988872,8077.477831180568,0,3,True,1.0
008bf622-2895-b88d-44f7-fee41fbddac5,34.0,0.7143201049982194,31845.80394480448,2208.6092005692367,2,3,False,1.0
9c0d15b1-b6ec-0fc9-2fcc-f66e7a985637,41.0,0.5843086014961132,29140.823041248408,1786.0762162550604,0,0,False,1.0
a47a62a5-76a5-ba40-c0a7-f198fe82a11c,37.0,0.8378611955295129,22070.14483016873,2421.132378089188,1,1,True,1.0
f720e30c-8507-6e8c-377e-9092f3781117,29.0,0.9772532498556472,29034.43471833177,2071.188218370155,1,3,True,1.0
e76b380f-20c9-3ed0-ab65-8ed79da9b841,27.0,0.7071614620925808,35353.06514738219,2177.43350341476,4,0,False,1.0
0557e301-0845-12fc-a3fa-24caeae53b13,90.0,0.9695563107374536,24263.542947338454,0.0,3,1,True,1.0
fd011cf9-bc64-6486-d226-3b10de4535f0,59.0,0.3449495903213599,25569.09875837128,8.089168063169682,2,1,False,1.0
e157e674-2d41-4f3a-ac9a-c037b553cea6,36.0,0.777760108077064,30263.72786684356,3987.066556600564,0,3,True,1.0
88fdb32d-c4ed-3fe3-35d0-3cbb784cb5d4,15.0,0.5085429741631613,19705.90455800316,3003.3698849099824,1,1,True,1.0
ce0dbb33-9ee6-b974-4816-89bb7512cd04,41.0,0.3506883327580787,36386.65023937223,2357.9815973259456,0,2,True,1.0
ecc06878-ad18-56cb-9c57-76fbc50a9609,21.0,0.6771384369579568,33608.578958414684,8095.794452762901,1,2,True,1.0
b5062f2c-afa5-de50-602f-5331d5529870,57.0,0.9346704319659368,26873.272095148342,120.5900903543947,0,2,True,1.0
d0a3508e-f7ef-758c-3be2-ce26f2baecf3,22.0,0.2852338046435312,30288.952327732462,3403.662562232196,2,2,True,1.0
b3669394-7c73-d4a5-e691-d289ff45771a,42.0,0.9960254329149056,26995.59373165094,1810.2183693524605,4,0,True,1.0
9040ecdc-4d75-e15a-8407-42f9c3e0d7c8,47.0,0.3173519656701516,21652.967553087263,638.1929054442206,2,1,False,1.0
6573ed7c-cf00-de39-52d6-b11ab43c966c,40.0,0.9786191187972806,20558.059594329752,1203.3242615702743,0,1,False,1.0
6ea12ada-4397-1c89-51e8-cbe313a0c7cc,38.0,0.9716348044101436,20010.16831806216,2001.9109200733665,3,1,True,1.0
d261ceea-5f96-7616-8c5b-317354707611,17.0,0.7032600546973152,34327.366852468826,1413.5868447016949,4,1,True,1.0
b8c71169-5ac0-2df2-f56e-38d50e96ed84,37.0,0.3039719483809862,34301.48935530317,1285.1753356664417,2,1,True,1.0
08c6cb60-1559-6df8-7dca-3a289f6eab08,21.0,0.4923251364163034,24911.90770125623,1746.4474282847668,4,2,False,1.0
2b5cc274-cf63-716a-b9d0-cee6965d1d90,90.0,0.2904083248985259,34513.34543260187,0.0,0,0,False,1.0
27513af4-e774-bba5-ffad-734ec326f4d9,90.0,0.6171495414880674,31742.91955765833,0.0,0,0,True,1.0
1ddc5932-ea01-73cc-f6fc-18bca6dcb99e,27.0,0.9863926255263888,21562.741973329765,4053.7763681076976,2,2,True,1.0
0f68a930-32b7-b6c8-14c7-b971ad61709b,15.0,0.9253262672161447,26262.822945837,7537.694356908819,0,0,True,1.0
9198f178-07b2-c8c9-5609-7494eff46892,26.0,0.8755662452596941,18900.32194983296,2044.2150324058337,1,0,True,1.0
86cb28ee-ae88-e112-ce94-b784722bfd66,90.0,0.4057062609850864,13485.34031513187,0.0,1,0,True,1.0
286ea05f-3fae-50a3-eb98-d0dadf9ed214,90.0,0.6556961338170629,17278.639689257798,0.0,0,1,True,1.0
398911f0-3e87-b217-2dac-28128e8bb265,59.0,0.7894689306650857,32887.71156637515,148.7869430442343,0,0,False,1.0
1f2c9c19-8720-3a6e-6ca5-90157b94f1db,52.0,0.856921098954803,26917.309322492027,582.40037215948,1,3,False,1.0
7f688563-5a2e-1d8e-4461-82f38b045798,16.0,0.4659571658322277,30550.46771466876,7956.11060370734,2,2,True,1.0
13ca3a19-fce7-240f-163a-2ce4fa64fa2c,56.0,0.3060358937424672,16791.416524855606,421.9222732525406,4,1,True,1.0
7c255cac-5959-e924-8fac-701288fb8982,57.0,0.961582241171609,40838.33255197327,102.25623061881642,2,1,True,1.0
d63e261c-ce9b-3f9a-6edd-b0b78c9b8aff,23.0,0.719754527427527,16463.11695849155,1858.8277464280368,2,1,False,1.0
ddf8109d-7c6e-5024-87b2-630ebc5f265d,11.0,0.6225047723354524,32924.705963885994,2953.595808460053,0,0,False,1.0
f39b897e-a115-fe6b-ad18-1019435c0878,26.0,0.99990622646258,19811.187091530723,3140.109864358794,0,3,True,1.0
7bfb9d2b-88e7-25a2-1256-a25a612fb2a6,90.0,0.5866521497824367,24971.190190149624,0.0,0,1,True,1.0
aff6198c-c33d-e4be-649a-c5c5765cd13e,7.0,0.3559023076741724,24083.20468605456,3958.991778807513,0,2,True,1.0
3f186c09-f615-fcab-798e-69bfd6e49402,21.0,0.4577848758203267,27818.22070867116,3687.936531156081,2,0,True,1.0
c8b6d5a2-3956-5a61-b6f1-5dfa0f3c6b74,42.0,0.9801176417564404,34451.344021074285,3664.9101183262233,0,3,True,1.0
fddd72b5-3f2a-0cd2-15c2-4f31eb76c72c,21.0,0.67093535045813,23301.47162891241,3659.729360204511,0,3,True,1.0
308b6f1f-c8ed-7205-9ac5-1c4eb879da9a,52.0,0.6744977830929767,19774.36022861168,387.642246648607,2,1,False,1.0
570dd8bc-6dcb-c71b-3221-d4c4e2683f5c,46.0,0.8928476537265937,16923.831704492954,547.2758047044825,4,2,False,1.0
dd2782ef-c1c2-bcb5-f3a2-6bde24d017b2,3.0,0.5704975186741008,21364.02406500404,4187.96414181144,3,1,True,1.0
d2b3adc3-2150-63dc-c44a-53d7d552bc4c,56.0,0.8039885626568896,27542.936881654092,299.8895019609076,2,1,True,1.0
d8eee25e-45f3-d420-d26c-b76f98334978,42.0,0.404002091841024,30483.656751796658,2861.3283440805258,3,3,True,1.0
47abf663-7cfd-d213-f538-7ef1edae1237,4.0,0.3233742526702951,21344.415496136942,3936.802624339063,2,2,False,1.0
8a2bfe50-ebac-5666-c795-39f1b68887d7,30.0,0.8737603029630446,31438.84261685643,5660.809329815256,3,2,True,1.0
59a3d2a4-bdb7-07e7-d8ad-06ce18f4307e,90.0,0.9864935739624174,16829.80892529823,0.0,1,0,False,1.0
87d91e6b-82ff-5ca4-8353-382bca022e81,30.0,0.352396742101715,26869.05840626072,3929.0104611673873,0,3,True,1.0
26834108-9b4b-18e9-c7cc-521044858755,90.0,0.9903358200067356,21243.04087140755,0.0,4,0,False,1.0
82d77a85-06ad-83cd-9c64-a98f4dc9fe84,18.0,0.9513676279982648,36521.34245857547,5419.055121969997,3,3,False,1.0
966e2334-a150-3c67-727d-899cb6ced059,11.0,0.9986386870921574,18814.129697113392,5938.650440905633,0,2,False,1.0
0930022e-6346-19af-e683-648eac18cf22,90.0,0.3751665305775506,23607.577683162534,0.0,3,3,True,1.0
728089c8-0efb-61c2-0e04-7c4893894656,22.0,0.9988702883416708,21775.329660466698,4918.735689402271,2,0,False,1.0
f6bf8e06-714e-a29b-f982-ac14baf64a26,29.0,0.5829562672074102,27741.936970347244,2623.003305278946,2,3,False,1.0
62b991f1-496a-2ee7-1ac6-7908c68d9ddd,90.0,0.6714543591874472,20542.3673212814,0.0,1,1,True,1.0
2dfbb999-71fd-30d5-8b04-949551a1ce88,11.0,0.9107823296089088,23038.421092959292,7910.826592436707,0,0,True,1.0
98d0feee-9e72-00c8-54f4-5f47a6cfe6fa,10.0,0.9625540617291432,27059.885210024444,2524.802726257462,2,1,True,1.0
53175faf-7aa1-ad76-e64a-bbebcefa6d19,38.0,0.9530364177131868,35037.73503670243,1539.0161149228304,0,2,True,1.0
08c3fab5-ada2-b5b4-523e-9f4bc5b7f7ed,90.0,0.8440492718003679,14186.051822584932,0.0,1,0,True,1.0
4513bdb7-70e3-2e7b-a323-d1532d1d844a,41.0,0.8553046812111078,36105.038934133394,1913.070262493603,0,1,True,1.0
e468531f-2950-e153-c2b4-3edb2e03fbdf,39.0,0.6297083248730253,26228.823800477498,1614.9611075519997,4,1,True,1.0
1088536c-03a3-ea39-1572-bfa51dc6817e,50.0,0.3850412144859142,28589.431842780625,1292.6900268778984,4,1,True,1.0
3d613655-f990-32e2-ec22-7a299db4a178,29.0,0.981143696769782,26642.00654159676,4529.542117255504,1,2,True,1.0
a1c181ea-0b9f-598a-ce92-0f7102356f1d,90.0,0.9833066058197796,27948.583906803902,0.0,3,2,True,1.0
f30368a7-44c1-f652-ec19-f26d11426683,90.0,0.3481339778274889,27800.141152641656,0.0,2,3,True,1.0
f0d636c1-0986-40c6-a9b6-fa9862d7c9f6,24.0,0.8338626805861116,17776.587068552733,1023.2247637226764,1,0,True,1.0
ed6179de-468b-2ec2-e53a-f5148fa328c4,34.0,0.9899396501445752,16080.51565574402,1852.6152669129176,0,2,True,1.0
eb8c3634-615f-5133-796f-7be815e5d090,17.0,0.9941181846117004,28203.491829162627,6034.501250317834,1,1,True,1.0
a636c7d1-0dee-8fa5-569b-60822beda130,18.0,0.3080099132438189,36044.63514726389,4799.7126400922825,0,0,True,1.0
5ce37527-5136-8874-1689-de9e868f8091,90.0,0.9978008520620916,25296.923058083183,0.0,1,3,True,1.0
8d154d12-abac-eadc-3897-c3a15b0aaaf9,3.0,0.4341108847116118,25797.31943827869,10607.71711698026,0,0,True,1.0
ef7bf78c-0af6-d014-0ed8-9519f556a842,16.0,0.809457533904276,20748.70698793498,3995.947660802234,2,2,False,1.0
98ad458e-087d-c666-7ef6-7b7ff9e3b373,8.0,0.897037521859327,31741.929394824096,2675.5243332083005,0,2,True,1.0
b269bef4-98de-991a-d601-5125b1770542,54.0,0.9811463955583164,14573.9309021746,728.7134854491735,0,2,True,1.0
111fe2f1-c145-7e4c-b6c4-2eda064aa24a,90.0,0.8730736268307917,31616.47546873418,0.0,1,3,True,1.0
12ceb3d5-f5f9-1626-fc14-a503cf2a0666,90.0,0.369110475659689,25934.47214306082,0.0,4,1,True,1.0
d28ca372-336f-6b59-8716-04c6ec1b199b,90.0,0.9327185412825408,14208.542249735425,0.0,2,3,True,1.0
9c516ef9-38e2-cad4-af67-f07245607c2b,52.0,0.8760086247966348,20950.97289972892,709.2525912221471,2,1,False,1.0
9ff85f0c-fe52-6105-1936-2a3ac903fde7,26.0,0.4381544152131948,26641.572138292413,3427.297223832778,2,2,True,1.0
ebc6732a-79ea-6b14-f4b6-54961bc908de,90.0,0.9539181204694738,12022.513912060564,0.0,0,3,True,1.0
8c1c9852-1a1c-9efa-dfc0-47cbf48b3c34,33.0,0.995248146800046,24337.15904789118,3613.938859038858,2,2,True,1.0
19147d80-33e4-f667-54c5-2468cbe7e60b,90.0,0.9088989190203776,22292.65315183813,0.0,1,1,True,1.0
40a1aca7-e7e6-8c12-9000-114110bf5ff1,11.0,0.6710922898889143,32483.044334410824,9142.839592581817,0,0,False,1.0
c01bc6ad-82ef-0eb1-a42f-ed4a69824e81,90.0,0.9176994988106064,21189.42325001154,0.0,0,0,True,1.0
bf1f17dc-08b2-4b47-70fa-bcfb58ea4767,51.0,0.566617353727621,20681.538990116867,660.9349667125865,0,0,False,1.0
b1beb441-d5a6-1709-84da-d1547b978216,47.0,0.8816643546160438,30368.763337518594,1571.438036809974,1,0,True,1.0
ad67b64f-59c3-0321-605b-46d609d52bae,90.0,0.8953835224901915,21241.30858835664,0.0,4,3,True,1.0
e7ab2019-c3ed-7472-321b-d1cf8a2557ab,56.0,0.8504119826752268,21167.195118701395,201.53886420731175,0,1,True,1.0
06b1c2ef-105a-83d3-e599-fc696df1d53d,90.0,0.4869605397357746,37276.18653836361,311.08246355599994,1,3,True,1.0
d103ca50-d37d-32b9-4d9b-d44c4c8aff9b,90.0,0.7857071596459778,25474.684727420587,0.0,3,3,False,1.0
96623505-cd94-c9c7-deca-c2009493ede3,49.0,0.9953007264897862,23063.38449927857,821.6016762311352,2,1,True,1.0
97caa9d7-9db7-8740-ef33-afb35e794eee,9.0,0.7464376471820591,24901.43504570766,6157.037932482906,2,3,True,1.0
ada0bf29-2b5d-999b-d3aa-3dc9eac1cbca,17.0,0.454463150097312,28612.70664977804,4348.866746824647,0,2,True,1.0
378a61de-c9d6-44d9-724f-55f50362bbbd,12.0,0.7014699241621942,18886.37562995247,1685.0018303017705,2,2,True,1.0
b9d6ba59-a33d-6979-7bf9-a5b6956688c5,35.0,0.3003814443104865,31773.754969582915,1523.3785938126107,0,3,False,1.0
27aef6f7-3b9e-f37c-c18a-3c2bbc539258,8.0,0.6499246135365981,25235.45858830229,5235.386734252679,1,1,False,1.0
b24166e7-f726-5d50-37fb-72466327d7c9,54.0,0.9679100359024218,31350.17781874505,1029.3581647636183,4,2,True,1.0
ac466e9e-2110-5a76-f285-f0ccc19d2934,25.0,0.4635219634267939,18929.913335969803,1814.23623648028,1,1,False,1.0
b97bd594-c687-34af-778d-e8380370a653,27.0,0.3256888873353513,24917.085379831267,3935.372509588469,1,1,True,1.0
4bec1fde-7f56-9a67-6a8d-0023ed834226,51.0,0.9637440876135092,32844.108745680736,797.5860571731969,0,3,True,1.0
8ae99d17-577e-cdf4-8d94-e5a4bf7a5f58,53.0,0.9184330252944248,27514.91300448506,1208.1503526022343,3,3,False,1.0
58570888-c95a-8ca7-1d85-e0d66fbf4acc,6.0,0.969348645467056,34598.030485368785,9608.54290659545,3,3,True,1.0
f7cffddb-eb3f-3eb9-e23c-457b3c3bb4d3,49.0,0.9846285303928682,23506.010725913617,663.2751923597931,2,2,True,1.0
4a01ac4f-44ab-ab8a-7c82-5b723af11f5c,10.0,0.460731490162686,24212.79129436013,5348.048556720101,4,1,False,1.0
c146a2e2-454c-e12a-a1f9-a4171d27d735,13.0,0.9924081450065584,27780.700899074855,5027.232811104597,2,1,False,1.0
2c498b81-3c9a-c9a8-c469-6d475044988d,90.0,0.8793246861795357,15680.082979506613,0.0,3,1,False,1.0
974da3cf-451f-6a55-f56c-2ed641f485dc,15.0,0.7718694559695591,28625.846844482985,4225.403224954893,2,0,True,1.0
fdb44e64-22b6-05e5-c833-c98b95c42c02,90.0,0.9885654824695556,16838.61602504954,0.0,2,1,True,1.0
cc596d58-4de1-57be-d680-c651f0827653,55.0,0.395957054132364,25880.13427659513,379.9524463460704,0,1,True,1.0
b7551276-d7c4-12ff-c8be-02336fb2bf26,90.0,0.9469021601366646,21407.141865901736,0.0,0,3,True,1.0
8acb6b46-3e80-eb81-6a6a-8a164ccd66d9,6.0,0.8075791680010007,19573.704368370734,5264.527174206064,4,1,True,1.0
a739744a-bc1c-710d-5cdc-17cac256113e,23.0,0.9912774482978102,19667.149407691697,2872.6060900830166,1,3,False,1.0
8c1612ec-be7d-e140-a61e-0a8af5140de2,15.0,0.7510060322749171,30613.632697515568,2905.171161521496,4,2,False,1.0
72c54a95-216b-5f24-4159-37507e00d14c,30.0,0.2917105850448408,24227.080638859225,4582.2334291862935,0,2,False,1.0
76ce8ad2-e868-b31c-2a9b-4c3b2a70e441,20.0,0.8265645600466837,26081.535208995618,2936.97132266996,1,1,True,1.0
7730cc27-a2d1-5ba0-3c2e-ea24bb469cc6,90.0,0.6594156623292327,15786.75644581002,0.0,0,2,True,1.0
6290b826-6beb-3441-f3c7-14670403e608,22.0,0.990367044180926,34085.41182430813,4453.528374685764,2,0,True,1.0
1d6f6e7a-17cf-fc90-be5f-ffbe696c372c,32.0,0.947416820907334,25278.880559531222,2600.235839336386,0,1,True,1.0
0476e725-5412-ff1e-0ce7-74b54d2b4252,23.0,0.52595817968254,33234.18819798113,6402.944319685572,0,2,False,1.0
d15acd64-7658-f4df-8a23-5d50f8f64ab2,90.0,0.9731876900445268,20811.90676844912,0.0,4,0,True,1.0
190925ea-a132-3c01-907f-b39467768588,90.0,0.952276215279836,21792.472709485864,0.0,0,1,True,1.0
04290344-3f28-0101-6f60-44731ec6eef9,46.0,0.906857442762553,18481.68252816614,1042.7886523650898,2,2,True,1.0
a89aa218-232d-cb16-ef5a-21db0f44f9db,18.0,0.6976632049308242,21003.01561748925,3514.3119052266293,1,3,False,1.0
419a97fc-1990-5704-68c6-9fb1391b74f1,9.0,0.8599616254859869,29111.42194326519,3956.9464397316447,3,1,True,1.0
76280499-f739-15e9-43b3-0b64ae1bb6aa,17.0,0.493461853922891,30065.747936816417,6405.034460808641,0,2,True,1.0
be495f4e-7df2-54c1-52a7-7bbc6b7f2b52,29.0,0.9971287445064652,18423.193250317297,1654.7341698473615,3,2,True,1.0
deb77413-4008-54aa-e173-526d48f30bb8,4.0,0.96819098363353,32433.883517042344,5438.476360457098,1,3,False,1.0
c944adc7-2e2f-d209-4870-5d366d65ed16,13.0,0.6085651423740952,30749.962135505524,5955.79618563644,2,2,True,1.0
31f66eb6-fcde-6fa8-35a9-6bf192656b9f,8.0,0.549901732581442,22844.995906076667,6094.066683349469,2,2,True,1.0
aed43ed9-e1c7-094c-ef32-5bd6649190e4,4.0,0.363711127056289,23918.68594532991,5962.576945805472,0,3,False,1.0
255954a9-be18-9552-1b8a-f26e234eee8a,10.0,0.9875688904423348,19721.24841126804,1930.312415796328,2,2,False,1.0
7f51e0a5-86da-3aa3-58b1-ed52151a2554,49.0,0.6731511283591491,33084.14221709783,1087.0850076916925,3,3,True,1.0
29b49295-7357-1624-d3f6-88b4f33f1f21,32.0,0.8668790017319908,20501.2546308758,2856.297065946619,2,1,False,1.0
56b5537e-d962-3056-717b-6d34f4e2d8f8,90.0,0.4455263425332381,23795.51239998429,0.0,3,2,False,1.0
7eddca3a-ddbc-c733-e4a0-4318603ef137,8.0,0.9442705997550688,26346.77935092857,6134.3661830923975,1,3,True,1.0
35d7f814-1007-88d6-7d5b-38c6ab80f859,21.0,0.7024652485597296,18710.2562950958,2480.0648324577583,2,0,False,1.0
0b547a31-fef8-f964-9b1e-667a3fc4affd,12.0,0.9995783015339744,30980.56001566961,3634.1825626363834,0,0,False,1.0
c6b45888-528e-9735-c27e-0c68d156f20e,90.0,0.3758412352140686,24097.97124914521,0.0,0,3,False,1.0
354df5b9-fef2-5f58-aa80-7554d7089b82,52.0,0.713729543541419,33401.007661330346,551.364571368352,4,2,True,1.0
a937bf8b-287a-04b9-c3cd-878dd294c26b,13.0,0.4354156194970421,33107.295883426865,8521.790530401608,2,2,False,1.0
1b9bfdd2-8b41-731b-a172-41c80cf2dfad,9.0,0.975945543520734,31155.73793751053,2897.426738290905,0,3,True,1.0
df27be72-ead3-0e83-2b7b-30b9fa108626,33.0,0.6884545049901251,31136.041399704867,3578.856283459799,0,3,False,1.0
e2cfb03b-7504-3322-00d7-33f0fe180be0,50.0,0.7032227831955975,31878.09031524279,1284.4675055791672,0,2,False,1.0
8de45bc2-f183-b97d-4a73-050e56563fb4,90.0,0.5371112492768675,20499.55274400225,0.0,1,3,True,1.0
c9405f2c-49c5-f0c0-eb75-fd9aea9cec2c,48.0,0.6217237985860418,19854.34847830061,1300.4424855762566,4,1,False,1.0
1f83f859-c328-4084-9f45-ac3ea7fb95e5,6.0,0.952026545328088,21338.168849301772,3842.485444909533,1,0,True,1.0
27830481-f204-df63-f83a-7614db12aa4c,59.0,0.777446984039704,25902.90602290829,21.309841797500827,0,3,True,1.0
ac53157f-3fc0-eb7c-e78e-a88d772f4e66,40.0,0.7257771897102626,22570.83698417773,684.269790056357,0,3,True,1.0
4eb3b7ab-110b-9544-27c2-3fcef40340f3,13.0,0.5697524080737421,33403.86243202183,4442.540360634468,0,1,True,1.0
0a5f8ff8-3fdc-a5b2-24df-aafb8f76cb14,4.0,0.6450737269446204,31627.09735617425,7111.893252941087,1,1,True,1.0
98308258-362d-1cc9-6e4d-9fe49dc32240,49.0,0.6448406086161655,26348.788635010664,828.8583540754867,1,3,False,1.0
4f30d176-d8e3-02e0-e1c9-843504a00f34,16.0,0.9042252699993946,17040.4631002932,3830.3573367797594,0,0,True,1.0
5c07bf04-8f3c-4312-fd34-fd66143e52e1,30.0,0.5915095310321695,38273.31693092114,2504.6813014216564,2,0,False,1.0
2f6278da-d91c-3dd5-dd14-b8b13a1ba03d,90.0,0.9154174234389916,24477.60420927935,0.0,0,1,True,1.0
32906776-dc53-49b8-98f8-1dbdee3fd8b2,57.0,0.7174173485340236,28043.831722524334,252.8948953889306,4,1,True,1.0
b8bcfc11-d1f2-fbcc-c44d-7aafee716aa3,90.0,0.3657996101122453,32167.135025135907,0.0,1,3,True,1.0
aa081419-4df9-6c2b-b314-194bc29b6d27,47.0,0.7201547034737482,23847.023572309223,1226.4304950511628,4,3,False,1.0
03fdf3b7-cf70-20f2-e007-a44e060e842d,58.0,0.8888185402266832,24788.41424052836,434.3458027100147,0,0,True,1.0
1eedde98-0c1b-fd13-161d-6038c2f3299f,17.0,0.7654593760686274,15913.559421941822,3192.9993186591746,3,1,False,1.0
edc7ba15-6588-2e5d-d9a2-82aa6c414b78,90.0,0.4712947438611082,36926.8328939979,0.0,0,0,False,1.0
520d7492-64f3-1e7e-e5b6-beb1a7bd4393,90.0,0.9624769901368798,24512.346710328457,0.0,0,0,True,1.0
d0a2f90b-327c-5f5b-e4c6-49d077e941ec,90.0,0.9779684116421404,24902.61071933969,0.0,1,0,True,1.0
831245d6-8462-ff0d-1820-ac5c5b200c8b,90.0,0.5697318069876973,20084.08193816601,0.0,2,3,False,1.0
d2978901-5c67-3a0a-2a5f-8985e9681f21,54.0,0.9759854108116468,26314.18916209025,549.3218979240121,1,2,False,1.0
dbcced19-17f3-0526-8491-e307e67854f0,90.0,0.4158254370832805,23756.82738984283,0.0,1,1,False,1.0
411eb2de-4db8-8aed-d163-50586a544e5c,9.0,0.9967896311593052,33637.42800031467,2266.1966904406545,3,2,False,1.0
315080c8-3e5c-c623-6178-20caec4e05d5,40.0,0.4590593547552933,28987.98510223431,1304.0430102177136,0,1,True,1.0
1f615c46-01d7-e671-4c7f-6bb362c86278,46.0,0.7872952398000573,19808.67355987417,617.7421189091033,2,3,True,1.0
c16d4d69-0039-252f-1bd1-7206518878bc,59.0,0.3127823393364067,20387.10940980338,25.534455881697365,0,0,True,1.0
b84d0fd6-8dcf-0fbd-b0e3-903948d893ee,11.0,0.957153260734013,19347.535454765883,3768.3193730991775,2,3,True,1.0
4a8c4c70-0758-8baa-b5b3-3a6cabacefdd,21.0,0.9962723329095396,32929.763773028564,7388.702466308692,2,1,True,1.0
0ebb7563-fad1-f7d3-cef6-a5cd2b4760cf,19.0,0.5812371559481528,19727.74850929982,3032.0228881607063,0,1,True,1.0
a3080ab9-9af6-43c6-7955-ffb48cc07b66,38.0,0.9836113549479416,21336.23659998299,1300.3072611115128,2,3,True,1.0
ad69b355-cd72-5f9d-8295-c6c9b48c7d40,7.0,0.9473727798224132,23769.73318542705,4406.379213112753,4,2,True,1.0
f7a39f06-e5c8-a31a-afe3-c247ecf7fd67,51.0,0.3172306599682075,32067.77693866585,1236.374724224559,4,3,False,1.0
595f07be-3050-4f75-742c-e3a58904ba50,35.0,0.7868473635319034,28702.08257662884,3723.002109150933,2,3,False,1.0
6b53d5a9-dae2-1cb2-c6b5-9d288ad51ed2,41.0,0.9973672791230612,22447.437473605063,2798.823464008787,0,3,True,1.0
c5b65204-1f3d-96c2-1d79-88b355f69dd1,14.0,0.96285497783327,32351.69549868861,11994.697471108051,2,2,True,1.0
c1bdf69c-2313-6d18-c44e-ba57c79e9bd3,37.0,0.9782915070470976,31381.065574165525,3252.1355414068844,0,0,True,1.0
1292e518-e7dd-d028-00ec-3c88b50654e0,41.0,0.5326267256243443,32841.888788579774,4984.910329751507,1,0,False,1.0
9e1b5e72-2f5c-5dbe-8186-98f10a8f56cb,18.0,0.8658643056388329,25387.31634342339,3770.938269024132,0,1,False,1.0
f3031f6c-6dde-7110-3fa5-6a120bfcfb68,7.0,0.9782035141510051,26565.69316076222,6490.257158399845,3,2,True,1.0
496b23c8-81d1-2f6d-1a5f-e086d6398987,90.0,0.8084361228598814,25933.45787610425,0.0,0,2,True,1.0
ac3d56d0-5509-aed5-7a61-e3c876aa20e1,21.0,0.3003199218351344,28299.147615142447,2966.829261828484,0,0,False,1.0
3a5c39a8-0aa3-fc79-db48-6c4e31212439,90.0,0.9870379747788126,36469.892529620425,75.90441790320483,2,0,True,1.0
b872c94a-82f8-29f4-4a15-7a8f80ce0f52,29.0,0.3371350514573962,42596.0188414657,3452.5138560941564,1,3,True,1.0
000c0b2d-8ac3-8629-e2e5-52a4a86ca6c5,11.0,0.9758871852923632,21814.00419535802,4498.262639896034,1,1,True,1.0
83a138d8-505a-2372-c2b8-77fc5b4c4522,90.0,0.6498728703216594,15535.913962724457,0.0,1,0,True,1.0
2f0edc25-c933-cae8-4299-76a9c753ff9f,20.0,0.8698855943353259,35472.76521252784,11833.025665718473,1,0,True,1.0
1d275584-baad-1855-fdcd-19b8fc5cd043,4.0,0.6185142026037285,29650.43553279353,7333.466961234935,0,1,True,1.0
60fcd96b-5c53-26f8-5264-9481a138a594,57.0,0.6105649246630994,25434.0572445724,311.41212578060527,1,0,False,1.0
5267cd22-65a0-27d7-3fbf-badeeec4f51c,12.0,0.9128358758533234,39060.1731311134,7363.494679780381,0,0,True,1.0
f2d83e85-9775-98b1-ae4b-dd314f1866fc,23.0,0.8174853889008343,14496.713130155997,734.7334275936219,1,0,True,1.0
35fa2e80-3aee-32aa-30ed-09715631e7a1,90.0,0.998062132211546,20083.81197251603,0.0,3,1,False,1.0
98a2701f-3382-69dd-b552-e94347ef2198,14.0,0.79603559631515,27737.223655504564,5382.145476665767,1,3,True,1.0
f709d8ab-9d27-999e-683c-5f920588e1f9,5.0,0.9129109216981008,18725.3370783431,5076.212372311361,2,3,True,1.0
81125774-9009-11f5-5c59-ecda578f5d91,37.0,0.5230337178325877,23914.857707057,741.0446482219122,0,0,True,1.0
3d3d43f1-6db3-2b38-31c1-22aa15ca1b9b,90.0,0.8855266171467178,28030.22957969268,0.0,1,1,True,1.0
a59fc0d8-6039-338a-3e2e-ab41704ccf4b,32.0,0.3665745736712602,25996.369502973284,1596.424039259809,0,3,True,1.0
f3dada6c-2421-4cd6-096f-5013a1a4d855,28.0,0.9810205226220258,34049.01087895126,4762.745713970734,4,1,True,1.0
f1a4d142-a57a-ce2d-433c-abaceabfe0a2,18.0,0.8793649973388568,25053.534966069896,1186.0612371905468,1,0,True,1.0
c0ab4700-24e5-3652-14e1-635e124666b0,36.0,0.5244116568714513,37561.934574828905,164.46093982030493,0,3,False,1.0
1cd7b7df-0d9a-9122-13a3-48c928454013,90.0,0.9850640906124436,26173.711816234743,0.0,2,2,False,1.0
522049b3-14e3-b9f5-7799-1dcc854753ce,14.0,0.3437731694673465,20670.08190726633,6087.471031551072,1,0,True,1.0
952071d2-746f-4990-321b-ee8e66cb4de5,52.0,0.940099408665013,13789.329525996203,530.3521306339713,2,3,True,1.0
8fc6db97-758d-5b6e-cb01-5b08a97b4a00,47.0,0.5282443968435115,26501.014393335565,121.54522103409992,1,1,True,1.0
08e5ac78-30ac-ae2c-894e-ec7d88a905fb,39.0,0.618934456899762,21950.668731879992,1917.280825104296,0,1,True,1.0
a1004a7b-08b3-0e19-5d69-092dda1a8ea1,47.0,0.289289272088512,26654.51713315521,1328.8840929299804,1,1,False,1.0
88a6c722-82eb-c799-c36a-d10b873e0639,90.0,0.885301349926748,34694.72608180455,0.0,0,3,True,1.0
b415f4dd-ed6e-9979-a189-7a6abc71b089,90.0,0.7577057297241994,22709.383458821743,0.0,2,1,True,1.0
e67cc98c-4d92-bc53-9bf8-98cb0b03ea18,28.0,0.3326598389670699,22810.50229045602,1786.556087037136,1,0,True,1.0
b4ae28f6-7b8e-3d43-54e5-c306fefc426c,33.0,0.4744672539501191,33142.07048466547,3632.210870287415,0,2,False,1.0
1a4958cd-4ce1-35dc-0741-2bde7c58cc6a,22.0,0.9780513031659306,33944.83460866106,5759.688587640915,1,0,True,1.0
f65b130d-bdbd-1418-7fd7-89b8ebdca138,50.0,0.5999117861344784,34092.28347184927,1825.2839553146528,1,3,True,1.0
d8111835-ec66-c0df-4902-e229382cebdd,90.0,0.6446679781437025,22599.520483259315,0.0,2,0,True,1.0
2c464aa2-42bf-1aa9-3102-bd081a3dd4ea,90.0,0.3753682005562031,26422.94394642681,0.0,4,2,False,1.0
4e27f2eb-9ed1-9d84-8139-eab00c10290d,5.0,0.992265754275953,29599.496600632792,7109.137613357585,1,1,True,1.0
1c23f67b-3770-6e4b-53f6-f7465b883970,60.0,0.3630133939941098,30090.965447548027,447.3281180938917,0,2,True,1.0
d8db7f03-26c4-c46b-3357-28f526624598,90.0,0.3999054901040695,20407.33675720419,0.0,2,1,True,1.0
a993162e-0a85-1ba5-3ae9-9e2ead822086,90.0,0.9999333433634494,31342.678497514094,0.0,2,3,True,1.0
711c4c5e-92d5-0e99-2d6d-5b23a6e068ba,43.0,0.9497811955452928,30858.86625332013,3776.261430615664,2,3,False,1.0
19eebf07-3da9-18c2-abcb-e1fde53e2c15,18.0,0.6970205603361213,20014.93007266483,4661.881864180033,0,3,False,1.0
7a09104b-52f6-2088-9449-5729e238dc98,49.0,0.995709141292198,26808.418527696056,590.0159058314249,2,3,True,1.0
f053ffee-8574-f8ee-ab23-41645032e21f,90.0,0.9600563040658292,22289.71347737455,0.0,1,1,True,1.0
a31b4c41-58fe-91bd-bdcc-fbbc94d502f9,24.0,0.709490181126024,33642.40750932634,8044.121533043106,0,1,False,1.0
93f63857-b143-719b-3c5c-e5f09bfa17e9,90.0,0.7456537711061343,33270.40321408148,0.0,1,3,True,1.0
d8668f06-2b91-af7f-6c06-529a09f2a07b,90.0,0.3545649102314997,29810.665315535,0.0,1,1,False,1.0
0c38dfc9-2d95-ddff-e195-0b6025f6f44d,33.0,0.725157925443566,32321.167515409597,7666.329070763863,0,3,False,1.0
ada836f6-89f6-6a5d-9ef2-61bc1cc381f6,47.0,0.9803985294772029,21608.32687997635,2258.591720674841,4,1,True,1.0
9b80e243-37ea-adc1-65ff-9feadf6198db,90.0,0.948329447739578,31399.80090029568,0.0,1,1,True,1.0
86e1af2a-01b0-5095-d781-99e9e4d11906,28.0,0.3914837546508087,21578.870292375934,3017.811109239309,1,1,True,1.0
6950b5d0-03c6-0ad0-7cdb-1bdfdb268a19,21.0,0.328882000462798,18747.35003041267,5437.380869937678,2,3,True,1.0
251a462c-a3f6-7b39-30b0-1cd9ea6b7f7d,14.0,0.6812173762848542,31272.13863241032,3891.486176570261,1,2,True,1.0
00dbf930-d4d1-0ea0-0af7-0dba31f7b3bb,16.0,0.5806509537145677,21590.558649213654,2864.3164898254827,0,3,False,1.0
cd0d12a9-a2e9-b53a-4ec5-77ee464a2584,29.0,0.8245398862987781,27967.98480594077,1787.2239837858513,0,0,True,1.0
81f186a0-4e39-51f2-cbd4-986826302d58,49.0,0.311343229781859,20677.273365237572,1073.7880930722465,0,0,True,1.0
bc241549-b738-c0c4-8c41-ab10ada7d4d8,5.0,0.4480022838444842,28883.824500496503,7192.118935728822,1,1,True,1.0
cbae2f5c-6fc9-4cd7-5405-30d0507042c3,30.0,0.6167936475864505,28804.218331191438,1017.9700899419116,3,3,False,1.0
b48095ef-f51a-1837-7440-3a3b89b01bfb,90.0,0.4280842335080987,16262.056057281008,0.0,3,1,True,1.0
83c951d4-e5bd-b5af-bd1d-056132affd64,90.0,0.5771249347389872,20457.392522914302,0.0,4,1,False,1.0
a2de4791-88fc-62dc-4c25-8ee8abf47bc3,90.0,0.9489562372663362,23863.80760869749,0.0,4,1,True,1.0
f8e5eedf-5580-390f-b0c1-7826ba0c28b6,26.0,0.3864973377963004,35575.29061074705,6846.915024675697,0,2,False,1.0
9dcf0487-3319-35f2-8d7a-bfb9f0488865,34.0,0.9901042803614494,22140.603686752813,2538.982183686579,2,2,False,1.0
bd9518af-fbfe-5a3d-f26f-fcc4bdae3cf0,30.0,0.3271682035023028,21783.51442723061,3328.448598839611,2,2,False,1.0
479a2d3f-174d-e740-33a5-d3db5d566ccd,49.0,0.6295267907657656,29633.30918058712,832.138535864102,2,2,True,1.0
5ffa04d7-7f9b-ab47-bd33-6bf96340834f,35.0,0.9826356600982208,30664.88263239389,2406.572598492083,0,2,True,1.0
b6f880f4-892c-d229-b0bd-12b9e62f4dca,56.0,0.9227164661386976,35421.93438701284,326.29492201334176,0,0,True,1.0
9e79e70f-f859-9628-7f8e-020fc35e8cf1,13.0,0.2932979654489448,34555.075102483526,9528.340711154458,1,3,False,1.0
9e95c540-4f5c-d04d-b5eb-f96bb89682ce,13.0,0.6875450850804739,27808.79507970697,4033.43006587288,1,0,True,1.0
d20ec29c-dc11-f2a1-dda0-f35df16b1e34,20.0,0.3486886631083516,20250.07032025115,2568.7745391333765,3,0,True,1.0
bde7e840-c677-c87e-7306-8ae361828db8,5.0,0.9874643156330672,26774.465068536563,4369.446571536812,2,0,True,1.0
afc6db9d-89f8-5203-0be7-f82c2fdaa0f8,18.0,0.9393013509424468,38948.75878444248,8165.826847812843,0,3,True,1.0
c161d3b0-37d7-752b-78cf-b536f268d7f5,40.0,0.2887433614859065,22345.07664500048,1634.044516949471,0,0,True,1.0
810330e0-76ba-f0fe-4cec-d2b7f8f9d689,25.0,0.8222330371448205,32626.585036396595,4373.902580522247,4,3,True,1.0
b14b50e3-93a1-43b0-ef3e-54991181b8ca,90.0,0.996089849103174,27217.778670512555,0.0,1,0,False,1.0
dc8c59a4-e7b9-eca5-0c12-b802189f1ef6,36.0,0.5758465817411724,29402.704850242477,6384.634041585679,1,0,False,1.0
78efd317-bb38-fa17-e4e0-d0663a1df282,13.0,0.9016957922295568,28314.91157598136,3613.236454441119,0,0,False,1.0
bda0a861-3e22-b3ef-266d-6b9f15066105,39.0,0.8808441956883633,31715.39915801276,3208.911774324496,2,0,True,1.0
21ef2a44-b948-4de1-4aca-c0b9e4c7e1bd,35.0,0.9364764214501404,33819.17770221899,4570.434340839292,0,2,False,1.0
7fa3e219-e90c-9f13-f205-2d8baeb1d9d2,21.0,0.2960300905636058,31631.989069243216,5192.153809964861,2,2,True,1.0
741e529f-3d42-8cf9-3581-d41144bdce29,90.0,0.9983748720280644,20705.90605476701,0.0,3,2,True,1.0
e40474a7-1f92-c74a-f2f5-822bc8f68967,14.0,0.8064715699034706,31534.215232559996,5733.88777743509,0,0,True,1.0
e7875923-fbd5-e191-80f7-8458fd8719c5,13.0,0.4834653651058496,30110.89722725478,3079.412782633752,1,1,True,1.0
8a943b51-cb26-bc57-7c69-e65c7b9291d4,7.0,0.994891627868168,13960.882432211863,2434.16729327996,1,1,False,1.0
dce97ff5-fd1c-bf51-989d-ce139101121c,44.0,0.6930649715450015,36519.91324544915,4209.624434443543,0,0,False,1.0
9ba75bd5-f172-9b4d-7d79-086febdc3554,90.0,0.969015461906458,23586.39869422864,0.0,2,0,False,1.0
783cd434-9f56-55a0-5a06-a2ce4b331192,23.0,0.9136443901104396,19846.99246502741,1852.6465271407224,0,0,False,1.0
f4704509-5417-3f59-c44a-7df0da0f96f6,16.0,0.9425871535775984,18566.81198701454,2874.94983744334,0,3,False,1.0
662028c3-0e56-edd2-6b98-2f2f4f4295cb,22.0,0.9535975164529116,19435.997320844566,1547.8000874457032,2,0,True,1.0
4a8b9e35-3787-2740-98dd-801eb4765bf2,28.0,0.9225240274963392,24248.183962629973,3204.7526400077168,2,0,True,1.0
14a70917-a2ad-0059-434f-f5a474887cda,33.0,0.8537962175748945,25954.997382527872,3322.1480319098737,0,2,False,1.0
8f1cb55b-9d9c-7cab-4581-d4d2de514723,34.0,0.9941551106350246,15701.110684641131,2411.8597086962945,2,0,True,1.0
420a08d3-dc0d-5816-3075-cc963698f0de,90.0,0.6215511335550761,23715.21032625526,0.0,2,3,False,1.0
7dcd9327-2118-f3ed-de2c-6bf624c350b2,58.0,0.9152823346410076,21856.495990859174,149.74458260885683,0,1,True,1.0
3e81698d-936e-f3f1-7e43-622b8541a44a,36.0,0.4172360243029952,23067.39650718915,4126.889298542626,0,1,True,1.0
6f33c0be-357b-00a3-6dc6-4e072ccddbec,21.0,0.328093961395668,28439.80017485088,5737.569347717976,0,1,True,1.0
55b0d69b-fec9-ddb5-8860-6677a58b8869,90.0,0.947127145923662,26279.170858287936,0.0,2,1,False,1.0
075299ae-02fb-1974-9801-e92f9b182b33,46.0,0.4044421766305611,35496.4375326224,2549.0646219114005,0,1,True,1.0
1ebdd0d0-f6ba-bc69-61a2-ff6f004594ab,90.0,0.4994432828218879,31912.40298959288,151.92891652692327,2,1,True,1.0
b0008062-4a4f-c7f8-c7c2-30d7b4d9ba41,8.0,0.6550440389706242,30948.49326087803,2606.8861348228734,2,0,True,1.0
fda84792-4d57-3ff0-7243-42b33b228c98,14.0,0.9506082962246208,21296.26802551195,4485.961215079623,0,0,False,1.0
21e54597-0808-cc44-b84b-734973b24524,30.0,0.9548149158328868,30195.544668109764,6139.077259967156,0,1,True,1.0
67b47bd9-6279-0039-9226-1dec8f2e72d8,31.0,0.918278596372748,19797.5820082078,2953.748382383728,2,1,True,1.0
0b1257a1-a7b5-b3c8-bf79-317add827273,48.0,0.3391575354996079,24180.74886583419,804.8454595266132,2,1,True,1.0
0c8ba5bc-1239-d08f-f0b4-19f2689f4058,54.0,0.7634228448735152,30862.16676958449,889.1139765377684,4,3,True,1.0
9ceb5b9b-730f-ae6b-41b3-3a9da3c444f0,34.0,0.9672645324260912,18366.203097178182,2725.3778496351706,4,0,True,1.0
5128cf58-071e-1480-ab97-4d61c87adca3,7.0,0.963111404328208,26206.62462175149,3211.1979565486613,4,3,False,1.0
4c731aac-9cda-7af3-722b-577a651d33a4,50.0,0.796681222564558,32261.34321065992,1045.0127559177222,0,2,True,1.0
488ddf96-91ea-8605-1b37-4106035b6b0a,39.0,0.972936298364772,33514.18288550611,3434.673633600308,2,0,True,1.0
e56cd4f5-b2f1-9214-35ef-cca6fb205bcc,90.0,0.8326024429215568,26352.262529582207,0.0,4,2,True,1.0
826b3ae7-1bc1-574b-db9a-fc2b6f1bfb97,90.0,0.9826314777028688,20720.87402975313,0.0,0,0,True,1.0
59ceb51f-01e9-f5ed-2c8d-d2c24921eebb,11.0,0.5315588539897687,23675.55123427057,89.99004841124413,4,1,True,1.0
762e1212-5939-036e-3e66-63755972cfde,8.0,0.3096261323916737,39887.172492361016,12234.536894953066,0,2,True,1.0
d6271633-03db-14a7-4d1d-5203c9a97c3b,3.0,0.3799728304640975,32194.594613322235,7202.42357813884,2,2,True,1.0
47b486fd-a405-f008-b7f7-aed91bc38e21,36.0,0.7483981934080253,20912.55388184028,2839.580753851585,4,3,True,1.0
76b676bb-0ec9-66d6-db9f-887ad90e8bed,33.0,0.4398641890439169,20985.235453368678,896.5366401517387,2,1,True,1.0
86ec686e-9b82-e21d-63cd-ba25bfea7f8f,43.0,0.3952181006685213,26501.36242692757,1970.183445314603,4,3,True,1.0
4e40926e-abeb-6dc4-8163-4e150c6d3e54,90.0,0.3147544472850145,33689.4682144633,0.0,4,3,True,1.0
f5d4bc84-6bbd-b0ae-e67b-035cd158d0ee,55.0,0.9825099830352988,22231.12740110498,364.1254166063924,1,3,True,1.0
6ca23916-8a84-cfe0-6a1b-b3ed4f9f250b,25.0,0.3835022743314943,19842.22125720496,695.8896113090971,0,1,True,1.0
aa61f263-c159-faaa-8369-7c2acd56ac92,4.0,0.9099506014590304,31271.6815778837,8704.658940270918,1,2,True,1.0
42df2ee5-4832-77ef-d835-cd4540856c49,90.0,0.3234192406106073,27289.499722417822,0.0,2,3,True,1.0
2b616bc4-b107-098c-3534-edcc8fe51ae4,4.0,0.9975475968036353,24044.05749805556,9851.083105665748,2,0,True,1.0
fa4e8607-2905-577c-9429-c0b4e94a8a98,3.0,0.6458165626716982,28207.52287839793,5496.07205613502,2,0,False,1.0
6bb532fc-789c-c955-0e29-a5b7bd35c675,44.0,0.399639595181458,26879.348755936266,2338.1303509957565,1,1,True,1.0
1cdf4001-734d-dbb7-40d6-10bb92f5e422,18.0,0.7602497433002772,28189.9560350235,2304.4817693862497,2,0,True,1.0
3d57238d-5961-e6c6-b9fe-abcf5b316648,90.0,0.9890788049037378,20558.703983120737,0.0,1,3,False,1.0
c81d8cbe-df68-4edd-9aa3-eed6356e8881,17.0,0.7491668740173277,37106.09123089511,3984.9102516473295,2,1,False,1.0
2f8ba8e1-6638-c050-6c2e-8ba01438e34f,29.0,0.8648755025846232,26546.42358257873,4223.097146990685,1,3,False,1.0
9022b6c0-f585-d243-97eb-198623c8084c,5.0,0.9042725448309196,28078.716899844843,3932.0990817102647,1,1,True,1.0
ed869c4e-942c-b24e-61d2-defe35ad0b8d,27.0,0.9922178558806404,27097.705411836825,1157.901762279886,0,1,True,1.0
699bb8e8-c01d-f0dd-1d5a-96adbc9cfacb,33.0,0.5762938736005379,17280.215186160218,2089.581162778927,0,3,False,1.0
0a52cd30-bc67-1fa6-2285-661dadfd1fde,45.0,0.8326793585443666,35935.500755155444,963.4816964035078,0,0,False,1.0
9800ff7f-3bcb-e3e9-2e44-ab596f5dbf88,22.0,0.9457845999288312,34347.01388600389,4291.933666936149,0,0,False,1.0
3e0e3b05-356d-63a3-b189-0786aff7b31f,3.0,0.5669777342944193,27538.7671952636,2104.8397526735444,0,3,False,1.0
ba422a26-2ea9-51a1-87e9-4f596ec7a4c3,31.0,0.9909883489634717,21905.18025327226,3750.8903276719193,0,1,True,1.0
9e8d9c40-5425-f257-1bae-f3909895b6f6,47.0,0.7471721765810833,27174.86820910813,1256.4545553960254,2,3,False,1.0
2e250b2f-8548-6fcf-3c24-464c665f8ad5,90.0,0.3693407596960042,30545.70702113589,0.0,0,1,False,1.0
4ffceeaf-66c7-bbc0-5910-f628e93c282f,14.0,0.5387010215656943,35681.003331169064,2980.1422964072017,2,2,False,1.0
c64e7630-1604-ab76-c841-cc9424eb54d0,49.0,0.99974817335523,21719.48123616151,1574.2185569221035,2,0,True,1.0
d801953b-4daa-f9d1-e98d-683fb77cbd2f,17.0,0.3076666430442923,25176.037832409314,5573.377639424879,4,2,False,1.0
7ecfd3c2-edd6-65e0-a924-86826fcff089,56.0,0.9599758208476312,26651.00174508927,165.05063260310732,2,0,True,1.0
12767e89-6e14-8f52-0551-560509d6e325,90.0,0.9682493083207524,22730.025000198453,0.0,3,1,False,1.0
67e49adb-2b73-526d-b479-5cb847d7d06f,32.0,0.7672702299437517,28785.570626515582,3296.169135486246,1,3,True,1.0
4c6e6ee6-9757-df55-d99f-fcd340d61555,4.0,0.7452735485429485,25172.132656575028,2998.6229818386805,2,2,True,1.0
9960971b-d948-fd65-66fb-dcab7a3c4c1f,90.0,0.4917811254835221,19920.56662887784,0.0,0,2,False,1.0
2b73bcaf-d0fe-1381-4dd0-ff2516f80aff,90.0,0.884847438105513,22082.45452284789,0.0,3,1,False,1.0
799c2bfe-9d4e-871d-8cd3-1ef84469e59a,8.0,0.6845713071966073,31946.999905781897,8291.327968108568,3,1,True,1.0
594d4c30-e985-ae7e-28a4-88e4dfe08ffd,7.0,0.9615991669828238,26099.661441465647,8228.464979648574,2,3,False,1.0
2bd0aa01-e440-eb09-cee3-ca8d7d46087c,55.0,0.9540751961500384,26928.940064963343,550.0309347175598,4,0,True,1.0
a0d53aba-84ef-3ddd-fb19-a58f961abbe0,15.0,0.5361210348416399,27210.391045099557,2936.3666246371045,0,2,True,1.0
bdd0c91c-09cc-5a67-5c7e-2476b49eee80,19.0,0.4927207774497629,19334.35308059183,3121.9726862917078,4,3,True,1.0
6d8cf4ee-8bf4-f937-a527-d13f4ac02e69,36.0,0.9993921877425516,13380.48068729741,2159.3709827339244,3,1,True,1.0
d7231e37-7b55-0f85-4b04-8df195924439,90.0,0.9954713860791627,32687.902782399065,0.0,1,0,True,1.0
9fe7c3d8-a806-0f49-8445-1af112fff3ff,45.0,0.4371851664404038,31341.22178754395,2179.5287027149684,1,0,False,1.0
47be1c15-785f-d255-7a66-b26502b50c95,90.0,0.9996389866946808,33706.77411676764,0.0,2,3,True,1.0
4523ab51-ba79-9c8a-5ef5-6801d2556e27,90.0,0.4732490711599386,28033.245609009355,0.0,1,1,True,1.0
c9e0cc95-1690-c886-e93f-ef2c566781aa,90.0,0.4789524366193448,28202.10908971193,104.53078605088191,2,1,False,1.0
4c2c6011-3613-1000-d091-4d33c29cdab1,52.0,0.3864950981124364,26581.20126334195,1201.649645290406,4,3,False,1.0
0d536e88-8de6-f6ba-ba42-835ec897c392,90.0,0.9900237935694534,19722.65675764992,0.0,4,1,False,1.0
6ea9b619-8d6c-aee7-c103-d10d24383219,90.0,0.8411849645263453,24333.603416211103,0.0,3,2,True,1.0
5e4e1309-544b-1151-fca9-49793317fedb,15.0,0.3918595814686064,20777.68043034836,221.97364596371676,0,3,False,1.0
c5de13c3-e999-773a-321a-b06fa68c1268,90.0,0.4464769146538123,23225.71957509849,0.0,0,3,True,1.0
b1657591-1abf-1dcc-1639-aa829114dff5,13.0,0.8155245205164341,30026.913737591825,6824.806680071722,2,1,False,1.0
57b424ba-3196-d3df-9675-2e0108077c4e,45.0,0.7826352178509145,35996.0718986796,4537.507672342701,1,3,True,1.0
d1e71d57-16cf-8dd9-ff75-3a51c7cb77d1,45.0,0.6849304665778444,32251.829836990037,2008.734607559623,1,3,True,1.0
163dcb4d-d869-cb0f-10a3-11ca8df4b4e9,17.0,0.964178113147749,36484.58274677221,5724.674339346904,2,3,True,1.0
2e285764-bf86-8d8f-6bde-9b300b0ef11a,7.0,0.5367044778503768,31875.55831006905,7394.998904284377,1,0,True,1.0
ad24abe9-69d0-9b01-b2db-b2526670cd85,23.0,0.8381484717752082,24256.315020698647,2721.359173566227,0,0,True,1.0
8f5b1059-5cac-e0e6-c683-d5fbae103340,21.0,0.9271071334812084,29967.031714506946,1710.4289906245615,1,0,True,1.0
55a41cf4-043a-003f-dca1-204ce8eee73c,37.0,0.564784657905532,30778.4463529134,2081.969876284129,1,0,False,1.0
433cd264-a37f-c98c-b4a8-12c1ae86678b,45.0,0.8660833862197892,25736.475243737044,2557.8522873130773,1,3,True,1.0
aa2449be-e441-2254-8e58-127729b9820a,90.0,0.8371637084270274,16666.169375409463,0.0,1,1,True,1.0
0a25b787-fdc5-dc90-5a71-bb557a5a2a8e,6.0,0.531796756160786,24497.001170349464,292.0883636206911,0,2,False,1.0
c79f047e-bb0c-327a-6c82-971386a3555e,35.0,0.9200962960887582,27882.606309913303,2155.439259192044,1,0,False,1.0
0b412f4a-7fa7-4d18-eeb6-a85fa9c99725,90.0,0.6824305509421583,30478.65255250898,0.0,0,0,True,1.0
ca2e6207-42a8-9d63-cc34-e129dce6bdca,59.0,0.7462699516402699,23607.018255509614,74.90204550294344,3,2,True,1.0
dd42685c-cd44-092d-eb7d-85c6b0490071,20.0,0.2900589518723828,19893.46886073585,3564.893796411783,0,2,True,1.0
36b86b49-1e71-93cc-59f9-30ecf950ca80,20.0,0.7522887627990459,21287.395388319463,4589.028714283132,0,1,True,1.0
4cd197c1-f64a-2d62-10a1-73228888c861,21.0,0.8645799828842218,25114.379401061266,3912.173049941121,0,1,True,1.0
ad8ab533-7caf-0fa9-c502-69d3d2cd05f9,56.0,0.3524712336882962,31715.430633591983,616.5711461730154,0,3,False,1.0
2b6834d3-48c8-6241-e8e2-e234d5fcaaef,19.0,0.3794221728838049,30839.599648254123,3983.836942784185,0,1,False,1.0
24186dc3-d7d8-bfce-a3a0-8fb645da7ef8,10.0,0.6610990924347512,28723.87336710642,3574.689823146983,0,0,True,1.0
3f530791-37f3-d45c-55ab-74ca6fb6df85,3.0,0.3060079527442155,32813.294801645505,3309.139300792746,1,3,True,1.0
4e4643ca-0ac0-f3d9-8365-609192fd89a9,51.0,0.3061620526298234,39894.27459040558,2960.500746080164,1,3,False,1.0
69f2a29d-1810-cc8c-3d5b-7a235d04e10a,32.0,0.7894887891687145,31368.057418441746,4001.3664029026,2,1,False,1.0
2405c18d-bcaf-8342-c1cc-6f8047def309,51.0,0.5755864922667817,33290.48880362623,1794.501442495119,2,1,False,1.0
7d5a58ae-cd20-5afc-51ee-a67b52cd2c75,90.0,0.413687720296263,37706.631578719374,0.0,2,3,True,1.0
acd89947-261f-a1e0-6562-80185c7be57a,44.0,0.9997752002474014,19142.90732963041,1398.872850541663,2,2,False,1.0
b5e02677-b17f-46c1-efab-e68b3ea78348,29.0,0.8711492948506184,24565.432582469828,1398.226726952385,0,1,True,1.0
bca8835d-6e25-ee5c-98e9-2a0e06aa53df,90.0,0.9945307260653514,24273.826616769173,0.0,1,1,True,1.0
f8c7fc8a-6b27-3fe1-0a97-9f9e14a36cd8,17.0,0.9142242674877834,21557.9461821802,851.0917322649674,2,1,False,1.0
c43c9b16-4b4b-746f-3ac0-c25eba6752f7,58.0,0.5450099435470712,13257.616317952616,285.4918660098281,0,0,True,1.0
74cde222-49f0-945d-65cb-395f567bdd3c,14.0,0.6700431031893694,23349.49132790016,8415.666206296763,1,3,True,1.0
52e31799-4c5d-3f9f-5f6b-2016fd591708,23.0,0.9977862908328604,24642.29364017523,2616.6028431663717,1,2,True,1.0
326f2e40-422d-99a6-4157-c2160c58ff99,90.0,0.8169277163354626,22151.181686367065,0.0,1,0,True,1.0
8ab651f7-3469-677e-16fb-9e4b638916ed,19.0,0.9030497934529234,27707.31696880675,3035.8573896633143,1,1,True,1.0
6f7688ec-285d-4b65-917d-ce5fac838db1,90.0,0.7636427926396618,24298.99069832776,0.0,1,2,True,1.0
373af2eb-47e5-bc46-814d-7e43b0db602c,47.0,0.7917498710320557,25861.54727454744,919.0887864403832,0,1,True,1.0
3cdd3745-0b36-5840-e579-5565b13954f6,17.0,0.9076253145741504,26660.3007519351,6335.4104638398285,0,1,True,1.0
247bb523-5c0d-27d0-8dec-cc2917102a7e,5.0,0.9072804597182972,24396.53127591236,3915.43355722938,2,2,True,1.0
c99e2839-69b6-b655-991d-f9f495abe84b,90.0,0.5440301464990623,33856.20775859749,0.0,1,0,False,1.0
bdaa7a3c-a52c-7a1f-f559-18cfcd741041,36.0,0.9052119497407084,27751.55113347216,2124.536715601172,4,2,False,1.0
e24459d9-fe24-fd8c-c9fd-768afdcf7956,54.0,0.7768391670152491,22405.87445961343,508.04749990352855,2,3,False,1.0
a03080d3-00d0-7c57-b554-27bbff28f506,3.0,0.7963537965430103,32910.82149284784,3755.375473891037,0,0,True,1.0
a728061c-7b97-5a83-b046-a0a5df62d833,11.0,0.624319107548436,21079.19991847073,3362.880366450576,0,0,True,1.0
f3926e59-692d-6cf6-a30c-f5ad7b027bd9,14.0,0.8401387319130276,27659.63174323432,5657.694558570394,1,2,False,1.0
33b0251b-bd21-711e-d3c6-500e8d172484,36.0,0.9792857475479384,36388.339726934006,5083.384527908745,1,2,True,1.0
9cb09b25-964e-4d6a-271a-a22de2c91494,36.0,0.9577412009380496,27076.533490858143,3555.4148283303875,0,2,True,1.0
322f9d51-ed3d-6a24-9646-91deaa0f9f6b,52.0,0.8847089726923308,25241.66164554858,1050.2406658066502,1,3,False,1.0
11e419e8-b0a1-4d71-7a21-a875242dd31a,32.0,0.5417096617172902,26429.375831140056,1366.6998971405114,0,2,True,1.0
d42b16b6-bcfc-49fb-c646-8c5f16acf1f1,35.0,0.8718061956882037,20824.74969521403,2983.3747615779544,0,0,True,1.0
aa35e321-e6bf-1183-1590-23f08c819b77,59.0,0.8921400173919303,25066.822023198973,66.11107204050907,1,3,False,1.0
14f970e5-56dd-29ca-f866-fb20a9bca58d,15.0,0.7300577830163197,26861.93474267544,2861.168800524425,2,0,False,1.0
8fd56a18-c246-3de7-e633-a944077a0a87,28.0,0.9991200712921882,19673.539256378324,1959.9442446176029,2,2,False,1.0
4171500e-d156-faea-5a71-712d229a4a1c,90.0,0.9894672221025184,20844.024621810146,0.0,3,1,False,1.0
665f5165-5cf0-27e2-8687-6047c3acaf83,22.0,0.8872652863134248,37484.65082172022,7181.770707288639,1,2,False,1.0
d926c153-1f9a-1d62-9ebf-ee2e6d6c5698,13.0,0.4923744899720363,28240.177614431374,3789.889816683418,2,0,False,1.0
ffe743f7-c352-aaf2-37cd-9bc0132efc3f,18.0,0.9877140147185068,18411.049031152863,2196.7460726458003,1,3,False,1.0
373f6a88-d4d8-da65-2522-15cf1fd2b89a,60.0,0.9753098691892704,16874.542311747675,0.0,0,1,True,1.0
9c6a9248-e568-7e8c-7477-09ae39ad56ac,52.0,0.3790851000464993,37451.18492283703,2059.592396336773,0,0,False,1.0
55db2454-f188-c2b7-919a-555b37626349,52.0,0.3306011619376329,24666.689799047414,492.48176811935775,2,3,True,1.0
33839ff1-d4f7-1e94-0d7c-1ef5fb70e280,90.0,0.9776779271497122,21099.57671891039,0.0,0,2,True,1.0
f8097c9d-d01c-32e8-79d7-d4a1378fc488,13.0,0.9933187122192116,21942.789284653725,3848.5167741435184,0,0,True,1.0
8b90d92e-4c69-02ba-2124-c4c6875de808,90.0,0.9686309394897834,20196.67140947452,0.0,2,0,True,1.0
2e35635b-288c-ada7-a55a-7dcdc0951e12,90.0,0.7053893171199257,14667.761828205228,0.0,0,0,False,1.0
2ae7538f-ad45-f68f-8573-65722721dd0d,4.0,0.9900871546128512,25957.27651216484,4231.795469414828,4,3,False,1.0
d7ba4ab8-a1ca-5f61-b512-efb67a1c38bb,5.0,0.9728316660374192,22704.35125261176,5715.894723331217,0,2,False,1.0
3a31a414-80b8-df32-3de3-162f27fdf6da,29.0,0.9423792727329422,29205.101243635418,608.0361770972612,1,2,True,1.0
e8d28012-3a2f-9479-ce8b-e557f10f3830,6.0,0.9464699742655992,26876.049495217387,5596.491441167261,1,2,True,1.0
3ad784ca-660b-2ceb-977d-2a04a016eb4c,25.0,0.9737696807532328,29219.25640407735,4653.732895554014,2,1,True,1.0
6706649f-e166-c9f7-3ba1-1eb3427d5f5d,35.0,0.9712440771177996,24067.308126650383,1474.2468744089365,1,2,True,1.0
a069bf22-5159-430d-8975-56c274cccbfb,33.0,0.950118979280954,19453.65264990321,1737.6438044967222,1,1,True,1.0
4239b612-850e-f005-0162-65c3bf516921,32.0,0.966765589813482,30587.17201646929,2865.568362229585,0,2,True,1.0
d31f2c45-aeec-502b-cb90-b90753dd9dd1,52.0,0.5833950115920408,15251.801176497504,285.9102766100052,0,0,False,1.0
c30d89ff-edb3-c4ac-d17b-e1ced318cace,53.0,0.6317021029788862,32973.63738614339,402.026723900776,2,1,False,1.0
0d7974bb-ae0c-5adf-01aa-27e1b2a11b60,33.0,0.4357949649154485,38929.202780091066,5859.0666446430805,0,0,False,1.0
45305647-a178-0e49-3cf3-360e32485be8,12.0,0.9739866794792116,38911.25404194903,13545.061566082572,1,3,True,1.0
a6239508-b28d-5fc2-e3c9-b77413fdd481,90.0,0.9999074413660632,23743.46480494585,0.0,0,1,True,1.0
a60cb636-41b0-a984-afe4-28e40be097cc,43.0,0.8501048501479266,25029.411622943982,918.7217010968824,4,0,True,1.0
e4831448-5568-a393-13ba-b88900d4ee70,90.0,0.9705667907560088,21196.513753716063,0.0,3,0,True,1.0
7af07aa2-0cbb-df23-a5e6-68446375dd4c,57.0,0.6907963180555503,20195.52408476171,221.34046253111015,0,1,False,1.0
ec01e711-b0ac-ed6f-a3f7-b0eeea592ab2,33.0,0.4331855542113019,29376.331073388737,2389.489952617202,2,3,True,1.0
bf58d677-b38f-dad1-9bc7-89922f607976,48.0,0.9998743946142246,15385.687634979262,948.9296434061532,3,2,False,1.0
c916faea-3326-f44d-933d-9dd4ace8fb71,60.0,0.7762107507320478,33903.67773209851,0.0,1,3,True,1.0
eed3dd3f-3061-cf09-b83f-1955929b0f07,5.0,0.6646476227941409,24610.61666266916,4178.18597332678,2,0,True,1.0
13de6d90-0cd7-26cc-4581-7b5e291e86b6,17.0,0.5077493255243521,27147.216937726425,1923.387972475521,1,0,True,1.0
da283d10-9d0c-34ff-6eeb-f8cfdd723054,5.0,0.4836217849877858,22786.73492323376,4664.152662216652,1,1,True,1.0
db8b08d0-1521-25a3-ab98-cd8a4725ec7f,33.0,0.8316879803827457,26881.580632979487,3761.300393168015,1,2,True,1.0
058c327d-afd2-7775-c7e6-8491fe9fe132,51.0,0.947149409360178,27699.9912986833,1925.1706031299327,0,1,True,1.0
d18f6ab4-4379-5976-e074-b2e5899acf35,10.0,0.3420134824900945,26277.40604568585,8081.771047301909,1,0,True,1.0
cc636143-f910-825c-8029-53d0bb3a2817,29.0,0.9669094307114562,27367.66358334435,2919.2197184794777,4,0,True,1.0
2eafa2dc-6dbb-0327-63a8-57eb87bc3ac1,19.0,0.8141353593122399,32924.58690756418,4245.221270275455,3,3,False,1.0
b7bd7d12-4b22-09d0-9a09-8eb8060ba52e,8.0,0.8172332540182555,29662.55187607596,6567.267760318538,0,3,True,1.0
52de70a0-c635-cc19-a586-470ebe1b3417,90.0,0.4277567026844119,22237.126915244797,0.0,4,3,True,1.0
1905bf34-8d40-65e4-b863-3cfd49b3f699,34.0,0.7033292552564089,24564.481178915667,3112.94491143257,1,2,False,1.0
ed26a1e1-1b95-a187-c87e-1070a8fbd4cb,13.0,0.4791033552124238,34332.49391741672,5287.950094790102,4,1,False,1.0
9ee6f965-1a14-33f7-1d03-6af36dc3e477,21.0,0.9670033602573008,26319.28907152805,5192.807362134147,0,0,False,1.0
c221443b-ade5-29b7-a64e-aab7cb44a129,36.0,0.9105495482661846,22065.85357867072,2448.3543689338503,0,2,True,1.0
bf2795c4-2e68-a408-2756-573117bb8a83,57.0,0.4425174619851664,17103.14836697936,369.7753323601965,0,3,True,1.0
d2752026-fba5-f556-9951-74c1207094c5,48.0,0.9673833981668396,31767.053907209363,1480.4318534100344,0,3,True,1.0
923678cc-5d04-9cfb-9725-2b83da210770,90.0,0.9595454564851909,20189.36007887747,0.0,4,0,True,1.0
27d5729b-d1dc-1ec6-e311-5a2510125f35,90.0,0.9285615463912238,25002.16234084028,0.0,1,3,False,1.0
8d767285-1369-c1a6-04e6-80c6cceb6ca2,27.0,0.9164891220757458,12923.938453837349,211.00557850791796,1,0,True,1.0
64cb59b9-b1a1-b175-e9aa-b6633dace08d,54.0,0.880781785029031,21584.956829549366,489.5841944060269,1,3,False,1.0
7203e747-a85c-58af-5149-a87a8aae8098,54.0,0.4868195546384896,18098.25609757512,423.5330613909348,1,3,False,1.0
ed59cad2-59b3-ee82-289e-ccb8b7692c06,90.0,0.7918943265713068,18555.988723018265,0.0,2,1,True,1.0
6b5aa401-352f-a414-9771-6882f543ba9b,8.0,0.8722014967698057,26933.07144261959,7338.121408047523,4,3,False,1.0
c1724f54-46c0-96aa-35b3-03bc61983b88,18.0,0.9848576352304306,19026.4471736637,3476.745298141396,3,2,True,1.0
961d8b26-829a-0770-11d2-4c9d3c6ebefd,34.0,0.977795306339218,23075.72206144466,3232.5309284714967,4,1,True,1.0
a3145f83-6a33-baad-4757-d9b4244b2eff,15.0,0.8880479168256048,27129.621088376043,4769.026129855473,0,1,True,1.0
96e10ed9-e5d9-207b-0c26-ed3050606855,90.0,0.4830323346164328,26651.59755740801,120.4617578726274,0,3,True,1.0
08e5ab44-b837-6539-5fe9-288dcb30c939,59.0,0.9896348023453012,20544.3814924443,500.08592711368783,1,2,True,1.0
3ffced11-99c2-86d2-4976-307a6e8c3917,50.0,0.9530051622557756,18123.79707915112,328.93043139187444,1,2,False,1.0
e66072c1-8ef2-6ebf-dfea-53ac08efae79,52.0,0.999349469922738,18588.409872794506,904.0915215736566,0,3,False,1.0
aaa2d76b-3805-a2a7-5582-e15b3374dd28,36.0,0.7409595066255232,22023.297936133706,2332.081385982142,1,2,True,1.0
86a953b0-3385-e9df-d173-80382d8cce34,12.0,0.7659701324458702,26363.94415064085,4473.902951822477,0,3,True,1.0
36ef1c37-3aa4-6541-e7cd-b77bb3b6a3fd,90.0,0.9972628898272626,17980.417125170425,0.0,0,0,True,1.0
7bca168d-f6ff-026d-eb42-af4d58c76131,59.0,0.9994477287444984,16944.342206259695,109.17505987887124,2,0,False,1.0
577f4470-9cea-b2df-1c4c-afbf22f7d91b,7.0,0.2750556445782581,20020.7647336339,2451.862941062723,1,0,False,1.0
c0977100-ae95-f4c2-8505-c36231861006,90.0,0.8927949909250145,24790.54163931212,0.0,1,0,True,1.0
446ebd32-2fb0-d783-e8aa-97bc5fc09b5b,22.0,0.3399477132216168,12824.317566302052,1372.6094805924065,1,0,True,1.0
0853a028-a920-3ec1-058f-7bc8010b96a5,90.0,0.99227419339842,29255.7316100422,0.0,1,1,False,1.0
c1481dfa-a7fc-c489-5a29-1dc352c36f5f,90.0,0.8843291156068459,29114.695757974645,0.0,0,1,True,1.0
7a3c052a-f484-9c22-2acf-afffe4d60630,43.0,0.3348792936999044,30082.31634107056,2154.9225818057143,1,3,False,1.0
3ea133a8-3253-5da1-9f48-545b5774c73e,90.0,0.923556240462762,32471.205829509323,0.0,3,3,False,1.0
90cfb841-7421-2ee4-e8bb-7d25cd77bfce,4.0,0.9430803205861914,32722.45251247138,10793.33546634982,0,3,False,1.0
525985e2-13f2-e407-9feb-f2c97021fb13,20.0,0.3618509288437843,25306.83245705556,5341.6948461343245,0,0,True,1.0
226d0eb0-c795-123f-6f3d-537b236247f2,52.0,0.9767680588861776,31973.64152861131,1091.903875479981,0,2,True,1.0
f555fbed-2449-150f-6a84-8462707fda22,7.0,0.404060330617285,31433.292913150697,6811.318659703532,0,0,True,1.0
aa826b53-8a74-ba7b-0764-c41afa5c3ab3,60.0,0.4921709994881134,22582.790226851062,23.339130141998304,0,3,True,1.0
24922bd8-87a8-7150-4609-90b3bcc2ac2c,46.0,0.3268034858960503,21454.42925672843,905.651295399903,0,3,False,1.0
b04d0bd6-faec-777b-32b1-2e28584e8934,23.0,0.9614567617107688,33752.467171879645,8329.148527728517,3,2,False,1.0
dc8e5bdc-b678-9954-c6ca-91ea9326abf2,39.0,0.9982746914983418,14846.494937788131,1238.7221176434373,1,0,True,1.0
bbfea8af-7682-e427-934a-e80584281593,51.0,0.7575314790668147,34233.4265823093,348.53349446151213,2,1,True,1.0
5255a517-1689-2499-08c4-0d9aff709a90,30.0,0.2913389331824373,24250.94489218665,2023.7659133070465,0,0,False,1.0
6339773e-a0e7-c2c2-4b3a-743a1ff4373a,90.0,0.4974465327246788,32312.59925263768,0.0,0,1,False,1.0
77de01c3-f581-5c9a-fc53-435cd661dcd3,10.0,0.7446199153195683,33750.977553490346,2306.2177310535926,2,1,False,1.0
3136562e-3ee8-59ec-dded-bd9d787ac7cf,52.0,0.9493935170958372,26151.15138219797,1498.9033128087715,2,1,False,1.0
3002936f-fec8-a1c1-c54f-016ef92a454c,90.0,0.9999337731470452,22777.666410873226,0.0,1,2,True,1.0
d7189c18-c128-4245-9080-d2b1e89f57ae,90.0,0.6680127892390174,27115.666533036423,0.0,0,3,False,1.0
b4adcc74-9fc3-9491-9055-9a0e5c14a8e7,14.0,0.4947835640302452,35157.906227392814,7781.028831909107,0,0,False,1.0
1943d3d3-cb33-f35d-564d-a00124e75433,90.0,0.491916178230444,21273.841357180296,0.0,0,3,True,1.0
5e6296bb-7656-99c1-a45b-73adce652cc3,58.0,0.3818781220632447,26966.05755671138,106.20303774491803,1,2,False,1.0
2ff4aaa1-ca9b-64ee-8ba5-d2604f46fa69,26.0,0.9984807578103893,20983.41591268576,3931.393934873175,4,1,True,1.0
5fa29fd8-b825-a7f7-d444-8128ac01133b,18.0,0.997342214155066,20978.115854299205,7180.390106570306,1,1,True,1.0
15833a2e-7283-204f-def5-79fa9708040d,25.0,0.2755289474335153,29359.47822974803,3177.674278222544,0,0,True,1.0
6cf6a56d-d153-9fd8-63a8-6f4842345378,90.0,0.9842461361754904,24329.15165134548,0.0,3,3,True,1.0
11659d2a-0a14-1120-d303-a0424dd4531f,51.0,0.9974410739568406,29390.07161549388,865.2177886358078,0,3,False,1.0
9fe7fcdb-73c0-9d5a-0a2e-d16a0d710a25,12.0,0.9887314540317912,33544.305944930304,6741.960929032275,3,3,True,1.0
7eefea22-3e92-3037-e42a-ea2a5cac09da,55.0,0.5249848233877248,33167.46895101498,1108.0471558244394,1,3,True,1.0
125452f1-8d13-fb0a-1e89-fb747c7b63cc,90.0,0.2877845282294534,16048.748379890005,0.0,3,2,True,1.0
c8b6a092-db90-c5b8-514f-c463125686e3,90.0,0.4475135433328871,35154.1487224389,0.0,0,0,True,1.0
3524d789-ec52-cddf-4b51-d64578911368,41.0,0.9301907714910532,24000.208491536767,1286.914947436296,0,2,False,1.0
31858658-4c01-ae0b-dfa1-bc42644faf65,58.0,0.9680722645340016,18186.923539529314,105.79615967230394,2,1,True,1.0
ad598f59-7929-d404-6245-1415736ec73e,9.0,0.4545539123442614,24468.602474039213,6619.822728860294,3,1,False,1.0
82cc9102-2a6f-b62c-8e16-0499f2a18e6c,50.0,0.8121818770945296,20032.012796652576,0.0,1,3,True,1.0
e2f2294b-0399-56fe-6438-40691372fbc2,90.0,0.9505055866042392,15765.588630048638,0.0,0,3,True,1.0
03a9cd08-fdb8-ab1a-8c26-87ace3c67414,90.0,0.8931849317773848,30576.374319692528,0.0,3,1,True,1.0
b64d01fb-7a0f-e359-209a-7897c4709832,90.0,0.854387732965329,34293.217257918615,0.0,1,0,False,1.0
036046ce-6d1b-d59c-8dfe-8f57a7d40f25,55.0,0.3571520368501847,32072.154355067498,799.0120364133709,2,2,False,1.0
2850edd8-5991-67d8-920e-96762ca830e8,11.0,0.6116570101935243,20109.652827839916,7636.151494289154,2,1,True,1.0
e977f944-eabe-1f76-b8fd-22b5d7051f44,53.0,0.9334867132657074,25107.8346622236,986.0699096586108,1,3,True,1.0
34dcbcf1-b912-cb32-d8e7-53c51339b58f,10.0,0.8259286846261812,33902.5665447112,3311.638679612743,2,3,True,1.0
d126f8f6-24ca-4ff5-5ca9-7f99b562f519,21.0,0.8297481649702154,18771.475082889847,3979.7278373734384,0,1,False,1.0
7a14ec49-f957-dc14-b13d-de65d7814573,90.0,0.3752996671902395,28449.495029888854,0.0,3,3,False,1.0
520d1011-3946-9781-92b3-377bde93ea19,16.0,0.982131739196318,37251.39150551635,4751.271137962528,2,2,False,1.0
f56a8899-0092-dea7-6033-ac13e89b5495,58.0,0.8187373527500345,23212.39654768854,130.07854149688222,1,2,False,1.0
fce2a3dd-27b4-94ca-b8fb-10164abdf457,90.0,0.5400372129488479,17665.09068137783,0.0,4,1,True,1.0
f9a0d825-6b76-993c-791b-b30a79aa1015,28.0,0.5920419611307842,20349.307000906585,2370.970837709092,0,2,True,1.0
6f57fb37-04a2-ac93-38ea-3c52a63ffd3e,12.0,0.8929722257467864,14476.634916023266,1102.7755240979282,1,0,False,1.0
54c1befb-984c-04c5-9f1c-fe279a8ea0bf,47.0,0.6408217144775888,28769.600732395356,684.3962958453076,0,1,True,1.0
ceeb9f41-4afb-be3d-2fab-ed5b99b9d835,11.0,0.6957022798371923,27438.17655643606,7025.522224738817,0,3,False,1.0
acb55890-8670-7f4e-9937-0a4c34c924a7,20.0,0.9644392847341366,21184.741406633504,2025.3521405329675,2,0,True,1.0
f3b70f58-a775-a73a-7fb2-9df3052ab6d3,90.0,0.8473769659751246,23643.066487778444,0.0,1,2,False,1.0
3a5f766c-0956-1105-a513-823147312523,46.0,0.9700688711566102,31617.55326337683,1387.657075750987,0,3,True,1.0
786ec373-21fe-63cc-c050-8f804b981632,23.0,0.9887756966994397,14525.29935332366,1477.1738974438806,2,3,False,1.0
bc4d8d5b-bec8-8857-7584-ffe03ffd4b95,28.0,0.4995900076988055,29808.27888763453,2815.8061618952665,1,3,False,1.0
328aa455-e9b7-a35d-ca54-2e7081b5ae53,32.0,0.468312620984476,26058.56572838807,5144.4157489183735,4,2,True,1.0
ed8fdbea-6521-0a2a-005d-3b6c23a9db4d,90.0,0.4266236311591622,29568.95253970023,0.0,0,0,True,1.0
dbc26c4d-782b-3b3d-2479-25d35c80fe40,31.0,0.9772959900203624,22917.30235747508,3164.4747630143024,0,0,True,1.0
8d3ec8eb-8d07-17ff-1c1b-296c3e939743,58.0,0.8871562232952526,21093.15472110352,200.8410476009729,1,2,False,1.0
cb83f0a3-e574-24f4-56e1-94718a68b9e5,18.0,0.4243632588554623,30216.78120474592,3653.63028144656,1,1,True,1.0
24a6e1a6-6058-aa18-b303-2a0bf5d15afa,25.0,0.7155529037233929,27317.293201798664,4930.703028222981,0,2,True,1.0
1d3b88a2-f266-0df2-8e18-3e0d365d7f84,90.0,0.9786770222897224,28807.69254414073,0.0,4,3,True,1.0
51ad2e3e-2148-e554-ac30-1e494dfcace9,3.0,0.4875022492042893,31964.45409656161,5862.989667423316,1,0,True,1.0
19f3e43a-02f2-e30e-a736-8c68955807e1,90.0,0.7784927507692182,17729.66955681479,0.0,3,1,True,1.0
0ccb26d2-c187-8136-e28f-ef3ee0b72f00,90.0,0.5865207621564584,26431.11965465988,0.0,1,1,True,1.0
a7ca2147-e60e-11c8-3447-dc046ae7e2c6,90.0,0.9889530883778388,18094.64033633918,0.0,4,2,False,1.0
da6330b4-3528-5d89-7a59-10ebe757c43f,90.0,0.8161508205130348,36584.08733402642,0.0,1,1,False,1.0
b2f4171f-a613-bf39-30fe-440e06dc59ef,32.0,0.8605137970778042,19575.760173696835,1722.414672155678,0,1,True,1.0
73971253-4f00-7676-0a7c-93a3eabce893,12.0,0.5050285287492458,33556.32628328711,3371.588624233374,0,1,False,1.0
02fe4722-af24-af31-96b8-fd8fc301e50f,20.0,0.6572607325656252,26371.28193135801,2633.596607290921,4,2,False,1.0
a6c4e1ea-ea06-0a3c-798b-fa9785ebe8fe,30.0,0.3674160141059743,23440.217138736087,2063.835735248959,4,2,True,1.0
a3ef26c9-a537-768b-e332-1be07c5879db,40.0,0.6813391292592101,23039.502150921355,1234.9577207729455,1,2,False,1.0
c4f3c457-8a51-0f4c-ff5e-bab20ba7024b,31.0,0.6669794384460226,25215.55502575101,1572.7156602018038,0,3,False,1.0
44b63409-c51f-8e5b-16a9-13c0580c9a9c,90.0,0.7682679201233045,23830.79290700162,0.0,1,1,True,1.0
ce2a73a3-9f0e-184d-bce0-68cc12753f1e,37.0,0.8933649338799838,25024.79632759772,3089.116083913555,2,1,False,1.0
06cce852-e49d-223d-1831-04207c9ea12b,42.0,0.3530866042096897,33637.90768049143,2362.941364723084,4,1,False,1.0
5fc23a1e-b872-b276-d196-ef6cb0f588b4,9.0,0.4290055892112605,37388.77962068007,5078.491480275895,2,3,False,1.0
511be09b-131a-fdc0-360a-2e905ab9aacb,90.0,0.9997339714907314,13343.724494135617,0.0,0,3,False,1.0
60c28c57-df71-87cf-f822-be6f07cc024e,20.0,0.7517880022826116,29231.63903258684,7060.738657367096,2,0,True,1.0
f54f7442-a28d-7e2e-6ba2-5e8cd0674baf,26.0,0.4556582388276388,28579.298832033623,2894.025618943406,0,1,True,1.0
94519113-6fff-2c22-5f1f-cf234bf77188,32.0,0.955309316879272,32393.711707768925,4539.251074775131,2,2,True,1.0
ed1f3666-d2fe-accf-f84d-fd795febbd8c,15.0,0.3183403732877204,40465.54666640354,8452.548622039245,1,2,False,1.0
a87a00ae-7bb8-b186-86e2-6741dfcb9a1f,9.0,0.3478340459460426,25998.572239672623,2698.157655157548,4,2,False,1.0
f8028c9e-f440-99db-a9c2-beb4f69ca571,35.0,0.2753198428974686,31074.978464973323,4690.986074424945,1,1,False,1.0
0320ca13-7dd9-583c-8e32-956e40091dc8,34.0,0.7910040541712052,21350.205785921447,2389.8509567609817,0,1,True,1.0
63958b5b-07f6-6be5-4288-5b84649931a8,19.0,0.7834341092833477,29771.49994548072,3801.988931447256,1,0,True,1.0
79ad84c9-1292-faa2-d00a-3f315132c741,51.0,0.9735107525615686,26724.370587644135,1128.1199137562223,0,3,False,1.0
d9972c28-fe03-7057-e6d0-39a8e19013bd,90.0,0.9977836938013638,15008.832404697969,0.0,3,1,True,1.0
9fd278cb-f38e-3822-56ba-efb98ce82683,90.0,0.920656227108908,32937.015518634544,0.0,1,3,True,1.0
b1aa284d-ca0f-3eb6-c13d-a7463f4f6ccd,54.0,0.6036590239907317,25359.2257191868,537.9957058776703,2,1,False,1.0
d1af1549-f05d-f3d7-46f0-21c15287512f,29.0,0.6175825962679309,23328.63032770554,1075.9253155704778,2,0,True,1.0
fde6393f-960e-d0ce-159b-ae299d39bba0,19.0,0.8226424975988976,26747.79023655241,5179.642343073371,3,1,False,1.0
b61754c1-5906-ccea-266a-343d2333e2ee,14.0,0.7503442626416678,26749.573502382424,3566.120876398704,2,3,False,1.0
c58a2726-4c84-137d-5932-f6e66d076e2d,35.0,0.5099845173483294,32316.15722961275,2410.426754500741,2,3,True,1.0
d61cd9f3-f697-2d6a-a039-c0ba63e99314,36.0,0.9730392583838198,25524.27279337783,4395.105973582234,0,3,False,1.0
4e20defc-aa7f-e265-b0b6-44fbb7a5510e,5.0,0.9970586841911112,37273.18406779214,5311.955529968688,2,1,True,1.0
16069790-503b-7a91-dc7a-31970b1943f6,31.0,0.6995245307654337,28674.86020258908,2556.7654534389967,2,3,True,1.0
fc835368-c376-f913-d62d-901e227ab001,9.0,0.4947106077946496,39239.60337110399,7076.249476449728,1,1,False,1.0
fd5fd468-10d5-bdfb-70d4-2f99fb3a65b7,7.0,0.9483639376987674,24045.33968547821,9312.548906297923,3,3,True,1.0
76d49d68-e484-0ed5-2689-55b52fc0fd87,54.0,0.642617445748975,22350.638131798823,778.500219795211,3,2,False,1.0
30085c57-9081-d949-f7ab-4db323d2aca9,9.0,0.9387151403897972,28025.55574764647,3028.2442738550017,2,2,False,1.0
e2d17f3c-70c6-9dc8-35ba-11790f77c141,24.0,0.9978637682940856,34628.17344736446,7340.772123599361,2,1,False,1.0
a7ff8679-5725-aa60-5e35-53694dca12e2,11.0,0.5600611522772985,28931.99262689434,4613.520402726176,1,3,True,1.0
b5110bd6-3776-2b13-44be-23a29112cf04,24.0,0.3572387302509811,23485.243571455703,5080.871142047202,2,2,True,1.0
39db3cf2-e596-4658-ab54-fdd32aafa0f9,10.0,0.9087946230050312,23727.45548268438,3346.144322768241,1,2,True,1.0
1e6ed3b3-b494-b5b6-2422-fd37d529a6ce,90.0,0.8733308342931819,17364.411507899942,0.0,3,2,False,1.0
1d18e121-da7b-0c20-35df-572868ce5166,31.0,0.3420826104850259,19641.49645557154,3551.296942215873,1,1,True,1.0
04d1ac7e-cbb8-6e72-df45-730b79df7700,3.0,0.6866226105340012,36526.36253633257,531.17723113227,1,1,True,1.0
e1f12dbe-5056-145f-944a-278bdb20ede8,3.0,0.4515541873298434,23856.4333947148,2148.0500549469075,0,3,True,1.0
caddc5d0-9f81-451b-f15d-f7935fdc6810,54.0,0.9735113792510288,31705.641113455004,588.3774939531773,1,1,False,1.0
5e2d3aaf-a502-27c8-413f-069f7ef235bd,43.0,0.9994184258971386,19201.967124763723,1145.098811911546,2,0,True,1.0
deb0911e-ce0a-3da9-a0a5-2e3c24cc4f7d,90.0,0.4137358359406162,34738.490998409354,0.0,4,3,True,1.0
48441b62-2c64-dccc-f7bd-e4d31460058b,11.0,0.590242507753527,19445.47794116061,3617.243723580217,1,1,True,1.0
d7ada937-c778-8df9-4adf-412be2faec10,21.0,0.3107103056808342,29342.04060994158,5517.341902357059,0,1,True,1.0
a27a0039-3464-b73e-ae27-3e8c0a7e2c6a,90.0,0.8343912019883467,33035.742961420736,0.0,1,2,False,1.0
b137b142-7a62-b098-cf53-d24c1351da02,35.0,0.9273762192001496,19668.00185908642,2785.5927277759306,0,0,True,1.0
b26fba62-2190-d416-536b-effda225a371,5.0,0.3112807342784413,23359.27416190673,4073.16725593266,4,3,True,1.0
bd7493b5-4dda-0c82-4303-38402b8ba342,90.0,0.6806306030746102,18863.9500072349,0.0,3,1,False,1.0
4bb6c2f3-6011-0623-ea66-2e2579b851ed,9.0,0.3226828305297848,39267.07882819336,6587.17330811769,1,3,True,1.0
77fe60c3-9469-5e62-71b5-9493334b5904,54.0,0.9924729765471124,27740.25417936261,238.79556440595655,4,1,False,1.0
682f2162-c35d-5049-72f5-450f8a545c36,10.0,0.2779857008577647,18897.99639495672,3020.136279121697,4,2,True,1.0
19f45d6d-1229-5082-df4d-5dd17b46b15e,14.0,0.3912372475672563,36300.01092667936,3500.473926161828,2,3,False,1.0
214d6552-3d9d-07ca-8414-03b91c3b69e0,32.0,0.779941713468293,12611.894851589692,1885.649733940964,3,3,True,1.0
32980062-0f10-45df-7771-d9d4d93caee2,10.0,0.9573778929364228,28026.177096594514,11529.970337280984,2,2,True,1.0
c3f773a1-5976-e61a-415c-5c5ba2b61c23,90.0,0.5057127504851122,32276.115070420736,0.0,0,1,True,1.0
2b7a03d1-a745-5bdf-a8b1-99c2ca6bd3de,34.0,0.4181638078171042,38553.90853028215,3988.792872781352,0,3,False,1.0
9d96d845-3cd0-e3c1-eb59-3096bbdfd499,26.0,0.9539174511147046,22136.492539784176,2460.180494708908,1,0,True,1.0
b167d7bb-ab6e-f369-06dc-56c3a5d1ee8c,55.0,0.9733703764836816,20045.6058404782,276.7538101717581,1,0,True,1.0
52808933-85a6-e451-0d65-2d2ed8fd8beb,90.0,0.990205010310365,26240.853823179004,0.0,1,1,True,1.0
c099f293-fa90-037a-4aae-a16f75ffdfca,14.0,0.8462120861332724,27964.71640683817,3865.884752975713,1,0,False,1.0
759ff6c7-8940-6fed-6990-901df12440d3,30.0,0.3482131855265292,24487.860040410447,3298.6742601067053,1,2,True,1.0
5e71c5de-bd04-fbe6-8ca4-bb4a41ae9bb5,9.0,0.9909772031824228,23601.65809823501,3313.4341482296804,1,0,True,1.0
0af1660c-1d06-f522-9b65-4debc8de0294,31.0,0.4611145656924062,19523.86850271064,1944.386495923888,1,0,False,1.0
84f72ea9-c445-fc2d-2ab5-b705b7873301,50.0,0.5264189072527382,20580.77629810199,608.2013397752418,4,2,False,1.0
0b29bde5-fe90-656e-7baf-816964176004,18.0,0.7655560020347237,28706.20956868225,4856.0663250407,1,3,False,1.0
74209c7b-220c-bba0-432d-35efaa065139,90.0,0.4643238399292131,19026.234488804315,0.0,0,0,True,1.0
a5c9b9ed-a786-f8a8-0ee5-115c514f553f,90.0,0.9331362075364452,25646.878508700735,0.0,0,3,False,1.0
7e661906-b35a-12da-12c1-aaf7f2b17ad4,55.0,0.7637095569728307,26910.3948688906,329.9966207744316,1,1,True,1.0
0991c91f-c6a6-6bf2-0cbe-b084c9cfe8f2,36.0,0.9976161048257142,25738.452633243996,2481.1392610728403,4,1,True,1.0
72176a6a-5d31-6aa7-2cb8-19adace6392d,34.0,0.7166377350346448,19876.142755518144,1610.4112023633695,3,2,False,1.0
5585a5d8-565c-b5dc-6052-ac1230291a31,54.0,0.3570381172747142,28988.861157011303,345.37047707759336,3,0,True,1.0
2c1fab72-cca8-4100-a164-93b53a815dc4,37.0,0.9999335648598892,15017.586135688603,2836.8068641194736,0,3,True,1.0
2be0ac7a-a81d-b459-7e98-ca9c8d24dc6a,90.0,0.9142319411996128,23436.8304916923,0.0,3,3,False,1.0
6c18159c-4215-9318-8d97-d357cdd7a3cb,39.0,0.3968013523151748,17542.142506870536,373.7035869246696,1,3,True,1.0
01611304-7d3a-d667-88f5-941b3bfeda59,43.0,0.8953268146319747,21739.61128310956,644.5548549322014,1,0,True,1.0
1f24b57a-f966-cac6-6ebd-19818272e9e9,46.0,0.4472263567560093,20357.341386168857,1396.7551001710308,4,0,False,1.0
ab57d361-dca3-fae1-17b7-ad31ba83b783,33.0,0.9183432823662164,21592.914614182348,824.6598286980709,0,1,True,1.0
0de0f0e8-7f5a-b436-41f1-572015d0b591,29.0,0.9232932960492416,22671.27974473525,1488.0676013876014,1,2,True,1.0
4688f1dc-d3f6-912a-3f8c-f71c848570b4,29.0,0.8294656082319124,31183.541179232576,4640.191716434262,1,0,True,1.0
91ed98fb-c0ff-d030-4a55-810c0facc025,52.0,0.3411474203713311,21169.57982217241,301.0843213866113,4,2,False,1.0
ab0ea6d4-cca1-d113-040e-647271e53667,25.0,0.2921671614306586,24282.312501585475,5170.934030546387,2,2,True,1.0
1a3ebf1f-d997-35cd-0203-74e52564249c,44.0,0.7289494453606169,30362.84079183024,2608.794793600395,1,3,True,1.0
423dc242-9aee-a651-cbf6-0effb27d873a,17.0,0.7951032758433059,24255.80313951017,6229.031482193248,2,3,False,1.0
97c746f6-f950-e25f-5bd3-87860783f13d,90.0,0.9598695867886748,31351.760791835077,0.0,2,3,False,1.0
2713d4f4-4ba6-a92a-c132-f5b4c0307b63,9.0,0.7421732894825143,26943.6593004554,1601.0650087505562,0,0,False,1.0
1f357d7b-46a8-c112-e07a-1882624aa86a,90.0,0.9782483018758078,13847.319362270971,0.0,0,0,True,1.0
3d067ae8-8fce-b7c8-b783-29db6ea2e3ec,12.0,0.999900626610936,25853.320307304595,3979.309647944877,0,2,False,1.0
e602ca97-c057-59c2-b218-958dbbd8d311,48.0,0.9322042546151518,17682.52961384046,1940.376139908053,2,2,True,1.0
853cfdc3-e665-8b57-9ce1-151fe3b35b94,17.0,0.7828977505607281,29479.025275780008,1351.3245651897612,0,2,False,1.0
ad6fb52b-e0a4-0c1e-20a6-43e28c0f3ef4,15.0,0.7684835547003227,21816.806897130336,3968.745397205244,0,1,True,1.0
871fe5c6-c023-f1b5-1ad6-06cdc9b01156,8.0,0.9673989875782047,26341.663584192596,8528.141945129477,0,2,True,1.0
a890f4f8-7163-fae4-1ea2-bbaf5e089651,19.0,0.3137067082362478,30546.10389164172,2898.3239276379645,1,0,True,1.0
584d4a62-9384-f77b-4329-4a9dfafedd6c,7.0,0.4598331675496643,19165.42222156164,898.2445911558528,4,2,True,1.0
4824d751-902e-da1f-3c4e-57de48c8b1dd,90.0,0.9785297185300283,20818.433398427296,0.0,4,1,True,1.0
8fe6d83d-bb1e-8eb2-986a-2e34e6d83b77,57.0,0.9975455576271276,39922.0087748115,550.3109533647925,1,2,True,1.0
f2c0fd91-8c8b-b4ff-674f-ad07aad3276c,18.0,0.4709148923639336,24054.393073210143,1645.2860048710909,0,1,True,1.0
2c07d2dc-ed67-fa35-4b7e-ac3b6b473e3c,48.0,0.7025634427227184,30011.63043045356,1461.525238985994,2,0,True,1.0
d36bc843-f156-3793-ca5e-f97331d5095c,39.0,0.4862216071055067,21526.643412802303,3184.78656646875,1,0,True,1.0
bfc3b302-8d20-b38c-2d16-ffd3a5edec87,28.0,0.7314490887649304,27735.28697404696,3035.8926306425037,0,3,True,1.0
9a2e0ee1-d618-c10b-c982-59d911c4a0c9,90.0,0.5577915723377705,27560.033287063958,0.0,0,2,False,1.0
1f8af443-9a5f-24f0-3d88-0066cfbaf391,7.0,0.7124132564053974,31249.946367867786,842.528540551927,0,2,False,1.0
66563162-f96f-27a1-a725-079b2a0d280f,45.0,0.9340538086225474,33982.76526518243,3150.241103791004,2,1,True,1.0
3217629a-8332-d602-9431-aa73641e7c05,18.0,0.4942203332618918,31036.911993574115,2345.2594743939194,2,3,True,1.0
bf2e0d74-e0fc-7442-11a4-744e50ca62cc,59.0,0.8766677529098357,23531.794686798065,26.76547020634464,1,1,True,1.0
f02f97c6-6c61-edbe-79a5-8b71851eb8cb,59.0,0.983501774738412,18190.050338578545,50.43723625412253,3,3,True,1.0
63c61f0b-6c69-3f4c-c83d-848e0a7228c2,5.0,0.5422640657730237,34948.41026075784,11284.904290990473,0,2,False,1.0
c0bf1ede-fd61-7def-0846-3b1256d9810a,36.0,0.9670581944383868,34034.423768130466,3416.3796663425296,4,0,True,1.0
36016e33-c1da-46e4-aa26-fc8d003946ca,6.0,0.5603305445605313,36872.517572877055,13370.045967566562,0,3,False,1.0
90f58e9e-ea56-5150-d0ec-db318b000a0f,44.0,0.3780169044395223,19883.19980380347,1053.167576559076,0,2,False,1.0
fe058c70-1b9e-10ca-31fd-313445ffec85,90.0,0.8080520984622914,32671.73635366322,0.0,1,1,False,1.0
f615b64c-0b6e-d29b-d0ce-3dbec45d662e,31.0,0.5788501002977128,17795.034885999754,2423.110217410937,3,2,True,1.0
b9e8f1a9-c1fa-d5f1-d33f-d28e7bebb5d9,90.0,0.9760316289937956,27546.198218579437,0.0,3,2,False,1.0
af2da0bb-a8fd-467e-ccf7-a7ddb481761c,29.0,0.9895310556198712,20066.45884126771,1982.29462971214,1,0,True,1.0
cdb48a47-b8a6-5726-5bf5-ce9e49427772,54.0,0.5723994894367309,24902.954305339088,829.4261615356047,2,2,True,1.0
ee75cd78-6ce8-6c98-c0bb-31b9eb45e8a7,50.0,0.3885885536151826,20186.510055047933,933.7950955109764,0,1,True,1.0
9f1a4026-4ad1-4bc4-414a-2b359bc44d9f,58.0,0.8170501547015053,23007.53164296709,193.17658108612196,2,0,True,1.0
0196210c-1028-5834-58dc-8fcb5fedd1b6,3.0,0.7762213584402297,21310.510116137924,8785.493437696176,1,3,True,1.0
52c05e9a-f1ad-12b7-b4b8-cb1304ce666e,35.0,0.4368282834441753,29980.45121539145,730.6703375570333,4,2,False,1.0
dc8e9033-8f10-5db2-6743-1068ede8d311,51.0,0.992056235063596,22715.46536219913,309.6449827860972,2,3,True,1.0
342c6e0d-2fca-a4a0-c97f-b82dfdfed840,32.0,0.6554853244773631,33358.57961726457,3431.1578664273216,0,3,True,1.0
fbe196b9-b6cc-a9cf-6da5-25d3a51f6f5f,90.0,0.996504193283432,32358.01513679157,0.0,0,2,True,1.0
3958a9b0-95fb-1a0c-9f30-70e09a6d9be2,7.0,0.3928498594533797,32354.39042763125,4510.8788870056105,1,2,True,1.0
71dc0c6e-d7fd-d715-dfcc-cfdd8cb6ecce,4.0,0.9968413781803084,32038.28783074223,4483.132673771532,0,3,True,1.0
6bd670a3-d55f-f5f9-a36d-e5b4777c56e9,9.0,0.5648747796115726,29949.543400968003,5273.220297752987,4,2,True,1.0
defa26cd-8fc1-0235-f0ca-5bfa4b86e35f,10.0,0.7858559888580245,19756.03012830681,2822.8775241365965,0,2,True,1.0
b3878683-cf8d-6f40-7ecb-c0a4fa52636e,14.0,0.3090208530641056,31640.934325836268,3546.979836995613,3,1,True,1.0
96109354-98cf-2ecb-fad3-96b0da0461e6,22.0,0.6595202769988929,26545.554118226097,2557.3566767156985,0,0,True,1.0
5ff7b6a7-3c29-1df8-c048-15583e145c83,23.0,0.4806271683201936,36175.10237644463,650.0217739527775,4,2,True,1.0
823bef97-28cd-3914-435f-3c3fb6f99c0a,4.0,0.7375087288471175,20757.220434661154,7281.79243313161,0,2,True,1.0
785ec782-30e9-858e-4b27-87ab4b48ddd2,60.0,0.8881705741156063,26907.40754650188,121.1215930773345,0,2,False,1.0
24e4d4d5-cbc5-4802-636a-582686e951ee,25.0,0.3600426690342455,24279.06059668131,3743.838947578095,2,2,False,1.0
e0e8087a-ee70-ca9a-3a35-8f242a6031ac,31.0,0.3631147911952637,29767.01303719773,3862.822430552116,2,1,False,1.0
7230e3b5-484e-b4bb-7d28-0ed85435dde1,90.0,0.8673478919478975,33618.30146126513,0.0,0,0,False,1.0
67469d16-eea5-822f-31a8-72631d270921,26.0,0.7272682787301858,23479.37802572769,4330.884917314757,2,0,True,1.0
7a7f3898-d512-67c3-f245-4433e4b17eac,6.0,0.8176500303344424,20095.34843707696,1173.734388050107,4,1,True,1.0
da3da2d8-909d-5c76-9622-129002642250,18.0,0.3767002667102183,30475.60873375288,7104.234925638316,1,3,True,1.0
ee8d7f49-a183-b8b9-01cf-8727b5e9294f,17.0,0.64001206725984,23886.19602590012,2807.664628393538,0,1,False,1.0
65dba4bb-a9d4-0f13-8838-66ed58c73c48,6.0,0.9909331081054796,25968.92111679033,4069.356551035404,4,3,False,1.0
899508c5-0de6-86e3-ec38-74641add920d,25.0,0.7876342631171419,22122.903762512484,4660.91651460898,2,2,False,1.0
811aeb8b-1c37-3519-bf37-e4fd5ad4c43b,42.0,0.6173584722848131,34443.84119269581,2890.624045910292,2,2,False,1.0
212dd27f-8461-69f2-873e-df4f1e134cc6,19.0,0.6272648632035532,23707.037069233043,4938.691063355007,1,3,False,1.0
b3861c16-7d51-26cb-b700-ae4b62168241,90.0,0.974493509266376,24109.13130282733,0.0,0,3,True,1.0
be6b1faf-9cf1-5799-30cf-55cd18bad433,24.0,0.4801710305581899,19301.90121709118,1174.1935154184453,1,2,True,1.0
6e8df971-3246-51ed-6e90-cc88c8bf5398,90.0,0.5385873730464862,22913.111184354864,0.0,0,0,True,1.0
cf4d5f80-ad7c-53ce-828c-4ef92002abd2,53.0,0.4045915009273205,22710.804895349786,595.79266499435,1,2,True,1.0
4c4bbf53-07fa-06e6-9860-a95180e2927e,90.0,0.6392014104276941,19199.12962875996,23.956504886796164,2,1,False,1.0
91253038-6168-5eb4-7a28-94267ddb43d7,58.0,0.804323989830005,36085.71647106102,359.4125411006427,0,3,False,1.0
294fd877-ebb8-7cde-6c53-f22895e63f5a,90.0,0.9938174119862824,31274.275749775763,0.0,0,3,True,1.0
0512635a-2661-c5e2-4711-c0bedaa5e97a,17.0,0.9892026665151544,24072.51927315479,4063.537984924465,3,3,True,1.0
72652f76-c96f-5d58-e79d-6562ba49c8c3,47.0,0.8806849332006981,27284.17075321468,1448.595856595166,2,2,False,1.0
070995b6-8a34-f85c-f3d4-454532195a1b,45.0,0.7051355230704809,27593.118274859746,1315.048103800424,2,0,False,1.0
ecf5541e-f8ce-8744-92b5-3976d7183cb2,90.0,0.998683193663104,20043.73529249421,0.0,3,3,False,1.0
22ae3d89-973b-ec4d-a449-3197b5056f86,9.0,0.6537323511803935,19682.448063284024,8403.412838704991,2,3,True,1.0
ce2cb6a3-9e0f-ea62-02e5-c4b6c951acfb,90.0,0.984288640967304,31006.035931418133,0.0,1,3,False,1.0
a02066f8-3ea1-c931-4bb8-203d3d0ef545,54.0,0.8998516596724877,26400.132435649677,764.763578377449,1,0,False,1.0
81c888ce-ff64-ccfe-8412-4d865948f7d4,90.0,0.7038955755223969,17347.86909402541,0.0,4,2,False,1.0
c485a24f-1c7e-0032-0b9e-3cd8a7e9bf4d,28.0,0.7626189509519752,29626.21279332538,5236.1740181940095,0,2,True,1.0
c93a614f-37e1-be7b-eba2-9cb4a0d09bbf,90.0,0.9596939403419208,36875.59409285261,0.0,4,1,True,1.0
693aad9e-71d4-3e45-ab3c-6b647c46a512,58.0,0.6071472541733439,24434.40860987728,197.7885470403815,0,3,True,1.0
1223789c-24ab-ce49-2924-f05c6ba7f3bd,90.0,0.3702790902293214,19238.558310576063,0.0,4,3,True,1.0
47ad6b83-5f89-2afc-7199-2c91834ec504,90.0,0.9916744722674726,29074.975845388773,0.0,0,1,True,1.0
ca7a1b8e-573d-ab85-40a1-593281140ea6,5.0,0.9219454154670342,27380.33995833325,214.33855379745552,1,1,True,1.0
6c50a8d7-4c69-f72e-b7e1-96f30de389a0,12.0,0.321959864908637,22452.248662796588,6780.54524694918,4,0,False,1.0
98c83432-c871-827e-1b04-5077588fdc84,27.0,0.9959464894617696,32296.32025452389,3863.878578148506,3,0,True,1.0
2338f654-dc50-8eaa-b9e7-5a5bd5bb6c54,11.0,0.9074493606692592,33366.456014594805,3828.606721756965,2,3,False,1.0
8c498e72-75b1-c8a5-28c9-74e1052169cd,55.0,0.6703413661166414,35083.52336602459,588.3866238681707,2,3,True,1.0
1d81160e-3ebd-844f-6ccf-b2dc56045c9a,90.0,0.9665148457352296,23160.50548870264,0.0,2,0,True,1.0
9d0497e1-8545-2e76-897d-4a53cf740bfb,23.0,0.326078396990079,22008.84530093433,2390.144989126917,1,1,True,1.0
7c454b94-8cfb-13ca-74f1-883f2bb81f66,5.0,0.3089748752366127,32720.98036395489,2265.6541667060487,2,3,True,1.0
98fd8400-a944-8ea6-47a9-4a79eef618c7,40.0,0.9996499896867312,23859.046386650483,2631.832156209776,0,3,True,1.0
24b2866f-bc53-5218-5fbb-e3503e43edd4,33.0,0.9920411084163064,36307.74203519281,2343.4515309264384,0,3,True,1.0
f38c086f-edfb-b900-e06c-feed89976375,40.0,0.9573233165257112,37413.56353383101,3818.463049802952,0,0,False,1.0
4a841bc0-6668-5d58-6b21-6d79f7877784,52.0,0.9911790388402024,25790.17633915128,715.726619061191,3,0,False,1.0
b412d53d-036e-6732-dcd5-cf1c1c00b39b,90.0,0.5938932088393797,28115.201057721384,0.0,0,0,True,1.0
8b255b1e-cd46-7a35-6561-d906ad572be8,17.0,0.8058699582150416,18935.06756356055,5725.213883529048,0,1,True,1.0
ae88e729-5203-d5e5-6876-1430e9b1ddac,53.0,0.5031973936672322,16575.273023276255,1187.42036779491,3,1,True,1.0
a3a3bbc9-7e61-fb98-7ed0-4f77fcb424fe,21.0,0.9144132206022006,19848.139320928272,2174.242812883508,0,1,False,1.0
aedbf593-22ce-5434-98cf-7c63d3c7b87d,24.0,0.3639968472892996,25741.5483261064,3516.10268263386,1,3,False,1.0
081b7be0-1806-c7ee-437b-d613cf90c95c,90.0,0.9917609763045496,31288.824948118,0.0,3,0,False,1.0
dbab34be-cbb4-f3fd-ad32-4aa39554259f,45.0,0.6513194409366809,29772.83057659788,1556.624723371972,0,0,True,1.0
b860aa1a-fb98-aa65-be91-34ea3587f6a5,3.0,0.3246176698547505,35399.645721317924,7555.493635428954,2,0,False,1.0
2b2e3c4b-d821-8302-e81b-f3080ea45783,26.0,0.3117169449325856,35206.02124555984,6262.023546564234,1,2,True,1.0
a7646d26-b869-cd6a-37ae-809cdaafc104,3.0,0.9975566268090276,33604.08392118772,9424.746093072252,1,3,False,1.0
6b1cd42f-e220-e4ae-f8da-ed08dd4dce6a,33.0,0.3865965287250836,28245.50540274457,3788.210503946319,2,3,True,1.0
4b8e977a-5e53-627f-e021-6c9af9d52cde,44.0,0.9965006257990556,13509.26259928136,907.5905775416423,0,3,True,1.0
9dad9c7e-eada-3964-b434-deac67c46ab4,8.0,0.8502764301347359,35231.9658906125,5345.207722479044,2,0,True,1.0
04cc1fe6-e474-d3b5-c80d-b5b9e25d3669,58.0,0.9527487228299456,32478.685299308607,228.10004452183887,0,3,True,1.0
201371b8-da6a-5dbd-7471-b7d6833e48f0,60.0,0.6846541289224436,36264.9560164045,22.637327642766945,0,3,True,1.0
9b070d62-05bf-edd1-1271-0159755552da,90.0,0.9068925600040572,39021.46159309314,0.0,1,3,False,1.0
82454542-55f9-30ad-a844-bb44df4a967c,19.0,0.3630686289536913,20901.53645729196,3250.061052555605,0,3,False,1.0
52b54d71-bc8c-5fc9-b4c4-6f9ed52b4022,20.0,0.7984414002323502,42500.14129886326,4867.738342008855,2,1,True,1.0
be4046b2-a5ba-575b-d50a-102228e18e78,90.0,0.8619380293912905,10474.462136623692,0.0,3,1,False,1.0
5d94ee33-8edb-a800-7e3e-49a9aafe0923,17.0,0.3224755111873301,28324.621565137026,3814.61013788878,3,3,False,1.0
235b9f43-49ff-e9b7-1ecf-5d40ed421d57,39.0,0.8244526967219447,28425.4291398294,2028.822232153169,2,2,True,1.0
92453a76-f50c-e8d9-ee5d-901d4a04bae5,7.0,0.3394619317543395,28318.34802942111,3700.171959121206,1,0,True,1.0
5263a7d2-14ee-6909-432c-4846097c82c4,4.0,0.9923554549022092,30787.455873863968,4504.551512959741,1,3,True,1.0
cb4404b3-11f4-26d6-6bab-de32ec14f7d0,44.0,0.8648936500435589,23918.26132958348,965.4325379101682,4,1,True,1.0
becceca2-3b0a-d55c-5788-f78d0efab5d0,38.0,0.9392880726158666,28337.430911461997,1994.5940988651444,0,2,False,1.0
0f570a3c-4c8c-e1a7-c09b-947116a194bd,43.0,0.4126721512977717,34776.46644952171,1975.0102878823568,2,0,False,1.0
0a887db9-a5fd-8362-2c09-8dcd5458f1ae,90.0,0.9992127772032868,15677.132673825532,0.0,0,3,True,1.0
f38be14d-eb4a-02a5-8d8f-07de70f5ecc4,90.0,0.346309313092929,38225.04216077195,0.0,1,0,False,1.0
73c9dfe4-7c20-42d8-c1dd-19c306ff245e,34.0,0.6448434982088773,37187.80261222586,5145.004626405275,0,2,True,1.0
30e86797-1e3d-19d2-852c-d01ff31dd9cb,54.0,0.6534319745069596,23328.98028624256,1183.0790039066694,0,3,False,1.0
2119bb9b-8258-2867-df6d-8fe4a099b10d,58.0,0.7162460109486188,33145.746946185536,519.5454371632474,0,3,True,1.0
6f239320-1578-01fb-4266-d487c10dc693,16.0,0.8459239672741528,32519.021808491503,2934.572292793772,0,1,False,1.0
352f946e-5324-cd8f-72af-25cfc4d54029,35.0,0.5905649577962375,33088.81051915683,2037.396693425704,0,2,True,1.0
24bb005d-afb4-5df5-4c3d-20f36e58d120,12.0,0.9118025864910974,35115.54445490276,7813.252539097478,2,2,True,1.0
5100345e-b800-afec-3342-4591b3a0a048,44.0,0.9005955576312378,20845.42234730069,1849.4271313914464,2,3,False,1.0
4d92024b-b882-c7ef-7883-464f3af9c6a2,51.0,0.6615434627724307,18348.147942970183,824.7283314431,2,0,True,1.0
d1aa0b28-ca56-1645-86d3-22f1b5bb9251,22.0,0.93413403164695,37690.31999719282,7498.990931147783,0,2,False,1.0
b8429282-4c54-7a12-d590-33c90d2e49f5,16.0,0.4967079575084064,28155.68233851965,5124.276664123222,2,3,True,1.0
c7659208-edf9-4892-8f7a-64c865deb17e,11.0,0.3419242733517638,32498.724400062023,3389.7753012218545,2,3,True,1.0
82dddb8d-de63-2426-d936-80082a7a4457,24.0,0.8663302933412939,28201.32709437556,6346.6694167557525,1,0,False,1.0
76d4ee76-516f-801d-cb09-da36968a65e2,20.0,0.9646989436525154,20148.62317042379,804.0953290170207,1,2,True,1.0
86d41a89-2bbf-13e1-17f4-afff55322639,46.0,0.4684039492444176,32991.10383437118,2749.5200964488185,4,3,True,1.0
9e78e980-5953-7615-abf7-58250b1fa768,23.0,0.4196093733577508,24258.471336889343,6124.877807860751,0,3,True,1.0
30162d1e-bb52-119e-9ce6-67f168188898,59.0,0.7954228300318037,23773.606806719858,106.53283910772808,0,1,False,1.0
9d31e905-933a-59e2-1078-d65684530805,35.0,0.5446607875115114,23756.378548746878,2982.2487514483787,0,2,False,1.0
0296bca2-8cd2-3cd4-71a9-792593aeae2c,11.0,0.8372327205116605,27613.84828546289,5832.325581234512,2,1,False,1.0
055da529-f448-bcf6-eba6-535c3feae4f0,57.0,0.4125839504453735,26494.9164604301,231.27733019789736,0,2,True,1.0
68293001-3777-eb36-ba96-5760848db5c0,44.0,0.4013031967403909,22480.193676355528,1806.2343949601056,2,0,True,1.0
cbee9bef-6971-e9ba-a7c0-a75cff0d53b9,45.0,0.9929589085828632,32012.747469218837,0.0,0,2,True,1.0
b5b9b304-7838-c012-4145-6961a5b0f7d3,9.0,0.6214930416785551,31288.806342604053,5632.641993995488,0,2,True,1.0
cbbc0767-62dc-57c8-a3e5-e2f0dcbf09c0,90.0,0.8434618888656374,25700.54254772516,0.0,2,1,True,1.0
a29652b2-e50d-39c5-972a-88328c205169,18.0,0.8400465907353357,22470.126699477238,6869.241233966285,0,2,True,1.0
dc586ae7-a91e-16b1-8594-8bed24bfc6fa,15.0,0.6407833043546505,28962.477532245357,6330.386586095364,0,2,False,1.0
bcd89e4e-473d-c8aa-d5bc-a4fab8d78edc,90.0,0.9928620831241692,21220.88205968948,0.0,2,3,True,1.0
719c2f04-d426-e326-13e2-b2cd0ae84235,32.0,0.9595932153272791,15974.056113876964,2012.353910472678,1,0,True,1.0
20e85c40-e13a-ffbc-f89a-748530482832,26.0,0.9923341159008884,27832.47994242153,3953.165755582551,1,2,True,1.0
466f98af-b75c-1654-cf6d-27405b85b9a3,46.0,0.9669861421017384,13779.566934586152,1412.106298285822,1,0,False,1.0
6aafffa2-cfb0-5ea7-59df-bd00c84e3465,9.0,0.7724100876829159,24664.05138273495,5093.68675949874,4,2,False,1.0
d15b71ce-1d02-485d-4088-d34107ee2b32,90.0,0.9909251509076108,32319.77069599265,0.0,2,2,False,1.0
b00acbb8-4924-b774-ad4c-4e19cb55d93a,48.0,0.9641658295203094,27905.53610507514,1131.2820594286975,0,1,False,1.0
4eb83b53-f328-2545-5126-0b295d9d068a,27.0,0.8292627827494526,24004.81316921789,2869.6417318699937,1,3,False,1.0
c861e931-388b-b832-c9a9-a84c51d9561e,49.0,0.9408703046449024,38054.4642173928,1867.6475277255531,0,0,True,1.0
6c1856a3-bb57-72d3-298a-47b346304c54,60.0,0.8110468421812173,21054.2053722002,0.0,4,1,False,1.0
fec8eb27-1310-5a5c-81fe-c1a5f412bb56,90.0,0.7324700615624479,26433.57502332369,0.0,1,1,False,1.0
d35cbbe3-b9d2-abc2-5c36-a40eb362d0ae,20.0,0.7655393964678289,27758.1532605093,1885.926574047944,0,0,True,1.0
5929c24c-2b60-73cd-45f2-a85b03fc141a,48.0,0.5781905268941436,21553.916817211608,1336.981795901685,2,3,True,1.0
bd8c6e0d-648f-b4bb-0473-f358cfe573b4,17.0,0.7357774776637459,25935.29284318437,4154.9131428086985,0,2,True,1.0
e24000ab-7a33-17d5-624c-309bc1a7510a,33.0,0.374231988189355,34953.27216872059,2546.154870609614,0,0,False,1.0
4302b16a-21fe-4a2b-2ec3-575250c3b827,17.0,0.9835215497070432,32309.411018421488,3975.263827336479,1,1,True,1.0
fb1a8adb-523a-1de3-ff79-af3d4181e839,55.0,0.6012046114663361,19715.2941825421,589.5061127990956,0,1,True,1.0
c32e2033-0c05-8cf0-d81f-0cc29827007d,12.0,0.7927673467758394,36186.41091834383,7935.555623763885,4,3,True,1.0
4ae7152c-d9fd-7788-8855-7f9fcee97577,23.0,0.725477697376417,28585.34288846501,7019.155992394068,0,3,True,1.0
a96be4eb-1a74-edc2-7b1b-ce3bfe9ac4f3,36.0,0.8662024984781551,25341.493589813992,1278.9924046465846,0,1,True,1.0
38e59f37-e5a4-d722-29ea-671a8a344940,3.0,0.8554578766599067,20913.62628549466,5122.126994682534,3,1,True,1.0
c4e5334d-e7c4-118f-47b5-10940cc35e0e,7.0,0.9459837967272994,27708.322212816056,3950.417876564921,1,1,True,1.0
849f118e-da47-0307-5d32-e62bd8b3e855,26.0,0.4984154054187905,29380.95621220742,4807.220002862086,1,3,True,1.0
6bf2bf22-aad4-c5db-5ad7-cb6ddeb3413d,90.0,0.960227422285831,20023.695517052503,0.0,0,2,True,1.0
50fef5b3-0bb6-35e1-1112-b8dba5a0da6a,90.0,0.9498587557713958,19770.83100875915,0.0,0,2,True,1.0
f7d937f5-316c-7847-aa1d-fbe9ffd12cf4,44.0,0.4707198342528912,28527.020226294942,1282.6334773160438,0,1,True,1.0
9762f068-5e2d-fafc-90ae-33ebd4b03076,90.0,0.6227433607145183,24592.62887270905,0.0,0,3,True,1.0
6d51fb52-2e23-ba17-c7e0-5f3272d592b3,21.0,0.3635461116109145,23966.815032776743,2829.933909132589,0,3,True,1.0
ebe7713c-1ff0-365e-ea58-5f1af41f539c,90.0,0.2991495155049343,26833.99529667323,0.0,0,3,False,1.0
2c0d9f2d-f4d9-75a8-471b-97974e388570,56.0,0.9753322041406428,26411.11650120533,690.95271815137,0,3,False,1.0
2c4d2d5b-1562-8a1f-1cc8-ac9a8b23ad99,53.0,0.285248317742092,25271.561300328565,1141.2738275943518,4,3,False,1.0
efd24314-aa50-046e-0d9f-a9dcdd958807,90.0,0.9962464702042272,22210.401650394026,0.0,0,1,True,1.0
52968b25-81af-4262-5bf0-534c5c3fa8db,5.0,0.3788749081875699,21806.80324227653,4483.151493992132,0,0,True,1.0
4960b000-9f51-8bfb-5912-bf27bc048b1e,21.0,0.9917446731914884,20987.67293663641,6530.575125997689,3,3,True,1.0
9c221737-a967-8d7d-3c64-e1782f2f24fd,50.0,0.8704416447410586,27268.177973028152,588.4334363048413,0,3,False,1.0
1727955f-5a2d-bab6-a69e-cc3bf062bbdf,42.0,0.3835962202064586,31731.20482334555,1296.9740133583048,0,0,True,1.0
ad97fe89-c8dc-cda0-630f-4e498347fe18,19.0,0.4446222078264494,29083.55525653176,3996.371052821633,1,0,True,1.0
bf648191-f841-c2c5-b07a-eb65c6e22ea6,90.0,0.8169550563468884,25262.499002953555,0.0,0,2,True,1.0
a1ddc94c-bb99-1bca-2ca4-82823b724c2c,24.0,0.7212058253395071,18980.4617170947,1639.2574345873672,1,1,False,1.0
bb81c8c4-9b17-5dac-fc7e-5e3838753a7d,37.0,0.7989273233681687,24655.27634360181,2028.0451438215173,0,0,False,1.0
ecbe8956-87dc-2c30-1e21-63766c980078,90.0,0.8321393923580509,19620.960241414494,0.0,3,3,True,1.0
b86e4a79-7ab1-e63c-5cf3-8d669a14cda4,17.0,0.2807374006409343,36484.54577500548,3919.0883211525006,1,3,True,1.0
10602016-82d0-7848-7c58-a2ca5cf7a139,90.0,0.9994601914555816,25819.58617630903,86.70563630805795,0,0,True,1.0
cac1908e-77dc-acca-8071-bb00b6d3fe33,3.0,0.4919724703053227,32758.176733840457,5098.374230643887,0,2,False,1.0
dcda7a07-da82-d89c-d6eb-0311c65d6d54,42.0,0.4433672372956067,27854.363652988017,2702.556391555077,2,3,True,1.0
9edf3aad-fc6e-a8a1-f68f-042c38bccb61,90.0,0.9211804661427714,27372.41643067344,0.0,2,3,False,1.0
73233d1a-5d54-f1a1-20da-3261fc1b2532,58.0,0.7720551987665352,26475.874403614976,414.7026847819827,1,0,True,1.0
1bebb8f8-c247-607a-282d-67e720b9ec3c,57.0,0.7583208328649685,18982.662266633724,279.5076069543698,3,1,False,1.0
ad1e88a0-e36b-97b3-e79e-ff19f9151dc0,44.0,0.9475656573404724,40187.034109586624,4415.603016691491,2,3,True,1.0
e0cf547f-287f-4d73-3cfd-d9b40c9d5434,38.0,0.3620275189178977,24804.811470937795,2102.9307946575896,1,3,True,1.0
8561d6bb-3700-2c04-3857-528836d40a2e,16.0,0.8995743351188088,25098.628200649604,3531.504484518383,0,3,False,1.0
c78d4339-8aa0-9436-fcb7-afeb459c25a5,14.0,0.7362038812093166,22852.81513661094,1357.4606970860946,1,1,True,1.0
8e5a3e70-5154-6996-115f-cbb1ff3abd64,90.0,0.9999221548498972,28913.89644902103,0.0,2,1,True,1.0
16e976fc-5506-415a-4cb1-ad2123f110ea,60.0,0.904984675910131,23021.36605468868,59.45557149690228,2,2,False,1.0
e1be012c-b899-67bc-5c48-4ab75bb991a3,43.0,0.8195135741345404,22532.285596238835,2669.2240680241325,0,0,True,1.0
49340921-a0b6-ba99-f589-8f2b42a43b3f,9.0,0.8777522121101877,33051.336416069025,1954.4666328746305,4,0,False,1.0
890a2842-7734-76b4-157f-47405050e6a1,8.0,0.2931090521719204,22960.876459070845,1500.803808710763,1,2,False,1.0
2e42a1d6-4488-1254-e12d-99c0b190d0bd,39.0,0.8732169532456433,25595.59510766783,1102.285132432363,2,0,False,1.0
4c3a9f62-4e0c-0bcf-38e8-ba45615d4850,52.0,0.6206414200343858,23766.886444229596,571.3158945214094,1,0,False,1.0
492b65f9-837b-39ee-e1db-f8981d01f2a3,90.0,0.9934634125576572,29245.203240929863,0.0,1,2,False,1.0
727cf271-3227-efa4-48fd-81353ae8da94,52.0,0.3199812505166598,25140.26160767756,850.8569525271068,2,1,True,1.0
3d2ae1df-37b0-29cf-edc9-3bb9b8efe98f,10.0,0.361458176179483,27279.18012444375,6031.109573930489,0,1,True,1.0
701d11f2-8326-37fe-a281-103d08414f69,22.0,0.999988616052811,20721.71058329338,2362.7587522866406,2,0,True,1.0
d860190e-86e9-12f5-55a2-cfe0131767e2,20.0,0.37592735137197,29283.458060207973,1532.2877129850326,0,3,False,1.0
5f4d15aa-b1d7-6b3b-a9f5-1f83ffa472e8,17.0,0.9859369775609552,24081.29396875133,5189.848615720563,0,0,True,1.0
4233b4ab-6af7-3d37-ddc6-8020aee0149a,31.0,0.8049740023666121,27840.6629288888,3497.2646317546187,0,2,True,1.0
0711b1a6-de7a-c440-2f83-975c43bc8ad6,26.0,0.5364879493631859,23223.48734203519,5224.160187746647,1,2,True,1.0
ee404b53-7a11-ad21-0781-65cf7abf9f1d,31.0,0.3862124377710176,28018.33226129286,4588.899024824942,0,3,False,1.0
bc9e5254-f96c-e6ed-3745-9190630eee24,90.0,0.4621530060592511,20620.46523797005,0.0,0,2,True,1.0
c7e0b2b2-e708-8750-8b34-6a2ff0016e25,50.0,0.8011788962736047,21552.41255719012,888.2110525213341,1,0,False,1.0
91242113-bbca-a746-e4af-548406577e58,5.0,0.8585299464094753,36088.3100751684,0.0,1,2,False,1.0
5a863b5e-b0e7-f788-dd24-a2f8d3a478bf,54.0,0.3389727618903068,24794.245961682194,307.2269433836915,4,1,True,1.0
52283d3e-ffed-63b4-0697-44c7d76fcddd,90.0,0.9906767477510312,31177.99102720715,0.0,0,0,True,1.0
9c36aaf8-e74b-9cac-5bc4-f4cbe4377d38,53.0,0.9374803723487872,23718.68104194878,585.8027848412677,0,2,True,1.0
0cee8b55-929a-4d6d-c4a2-0a0ef6d618ba,42.0,0.3500720684581389,14825.9471188048,892.8602772647836,2,0,False,1.0
ca4553a1-1db7-f1b1-dd3b-a20b2c01192b,90.0,0.9970221382322008,26404.28202437401,0.0,1,3,True,1.0
6076f8bd-40a3-fe7a-e96c-76df5705a8ea,90.0,0.3184485901875692,34570.62907117803,0.0,1,3,False,1.0
990ccd21-3009-4280-9556-728c20432bd9,22.0,0.3420334525214611,30363.79957756368,4278.632357567794,3,3,False,1.0
bea4f123-b59b-c09f-098b-0241878bd33a,90.0,0.7773024578320789,19550.440974507368,0.0,2,1,True,1.0
c7ac0825-d040-7e65-09b2-9a5e8d20aad6,13.0,0.8669412756549265,24239.207508348405,7973.699580610585,4,1,False,1.0
d3c371de-97d1-0699-10c9-f6d597fdb88d,12.0,0.8358999824683161,29593.594531892184,6840.673805764503,1,0,False,1.0
4875785c-8b72-1412-092a-f939f8d24977,90.0,0.6082613741152288,35125.14582498606,0.0,1,1,True,1.0
995df3c0-38e1-d395-29ca-8340f4fe4e2e,90.0,0.4666207838076437,21351.24234985641,0.0,0,3,False,1.0
2c1ea1ad-1957-6056-657e-274b0e1d332a,60.0,0.9250375573827868,36188.90632543124,246.1990037914801,0,2,True,1.0
407b3b02-f720-bdc1-dd74-af5de14fa897,31.0,0.5306286520300577,26902.996222460675,2429.09200490234,0,3,True,1.0
38cd55a6-2d14-9bf9-a185-24b4df6970ba,14.0,0.9363600400891514,42418.42738091378,3400.18205248002,1,1,True,1.0
cebbc9c4-1128-ec1b-19cb-73e9132c184a,90.0,0.9936850018076884,29070.97131364881,0.0,1,2,True,1.0
3703da0d-2dd0-3e0c-ba2b-c1e130ee5b47,90.0,0.9995861849210168,13287.417708059049,0.0,3,0,True,1.0
02630adc-48c1-3705-3309-62909c81e27f,5.0,0.3545134430402234,15547.851782458134,5022.276932147264,1,2,False,1.0
b8a47e9b-4f38-7842-c4a3-ae2529772d4c,35.0,0.9988262170447192,22990.91230988633,2188.9109927723766,4,3,True,1.0
460ebdbc-b932-c9f7-168e-276f1ff7b7cd,90.0,0.9087841694499064,33534.532724269535,0.0,1,3,True,1.0
76194aa5-7943-65ca-5b03-403b81469227,16.0,0.986470133174801,17124.848317675198,3531.6654580104114,2,3,True,1.0
1015aa1d-7381-904b-a529-be2173a2adba,21.0,0.9683337194651102,19548.7436114596,1480.5209937550633,0,1,True,1.0
83604eaf-adc8-5d00-6dbe-d52d912438ef,22.0,0.9324648216678728,18774.88042765558,3910.421017124222,0,3,True,1.0
20560c38-40b8-1743-d9a1-5b0b635679af,25.0,0.9896008479208406,29496.01708712157,4307.5354142964015,1,1,True,1.0
1d3600e5-f0e3-e112-0bf3-a9e41e90fd6b,22.0,0.7655822299607642,36332.7198022117,5835.070108071445,4,2,False,1.0
b81c197e-907d-6644-bf37-9f3afe7bab0f,90.0,0.9750124685444432,15850.93015348184,0.0,1,2,True,1.0
29e8ccc2-f9cd-1dc6-a680-793ebe316b44,16.0,0.9985811113141878,31295.16204945884,7063.073040065023,1,2,True,1.0
a962498f-2274-35d6-78e3-20c95466770e,21.0,0.8554761310338398,31978.194212353363,7123.453421469215,0,2,True,1.0
bfd9b3d7-5be7-85b1-9c5a-c63d03bf03d5,32.0,0.8198780608134612,17118.123485536667,2219.084804082152,0,3,True,1.0
30bbaf02-4fba-d1bf-8b33-fa5cb36f91d6,56.0,0.97106814364728,34739.041454038255,675.2424559247072,1,2,True,1.0
b37130a1-990b-3c1c-cc96-2228bb3f9193,20.0,0.3584047349220745,18080.183312713063,1936.6499545775948,2,2,True,1.0
e90888d0-1154-2123-c177-a4a3afca5364,48.0,0.4351825644828239,20425.31468060132,1396.5069281478718,0,3,True,1.0
7002cb1c-dc11-683f-497a-672960603f45,34.0,0.4907464000148706,32547.148060124666,1695.2007725820288,2,2,False,1.0
bf1ae4c8-7fb7-a290-6cd5-56f0825c09dc,42.0,0.8073322299277208,31890.29169885877,2289.462044310033,2,2,False,1.0
01869b90-cb88-b0c5-1084-b2da7cbba5c4,32.0,0.9996797024819112,27621.48105026616,0.0,1,0,True,1.0
6d241c54-508f-8369-9829-4b63b79e5fce,54.0,0.8659477149535802,27369.465029875424,758.5050062658412,4,3,True,1.0
ee31a526-c26e-ae26-7a82-86ed37bda43b,55.0,0.3096013866524977,20579.6388860762,486.8922726877119,0,0,False,1.0
e8235506-93cb-773e-9ec9-563ef2a3e0c1,32.0,0.6899866903480261,22300.542779943327,5411.414256836569,2,0,False,1.0
6fdfd916-5b9c-1878-d684-8c0c574d0058,7.0,0.9352215606191704,37848.26299741409,644.8002981729773,2,2,True,1.0
9f49ac40-55ed-bdf0-b98a-a5c5af25714e,15.0,0.8575818187936972,20823.31767502412,2652.318008875635,2,0,True,1.0
b3df2dc0-57ba-8b47-afd5-7860ac2afadb,30.0,0.5633781540683487,15522.911660835003,1086.4880046533028,1,1,True,1.0
2fad2c6e-2d7a-a772-2d89-6e16f7b739e7,90.0,0.8241802410530727,31910.023733982944,0.0,0,3,False,1.0
ecaf80c1-e2f2-037b-34f8-5378394b474b,90.0,0.3610895091365388,23630.813841064733,0.0,4,0,True,1.0
96ec6b3d-9a14-45da-02eb-427753e15f98,53.0,0.8174200881135745,39257.63437551578,1067.3609454395605,0,1,True,1.0
1f093099-4bb8-5403-4cbb-ee30911f8f02,31.0,0.8052828462075712,35663.51620510503,5944.012080418951,0,3,True,1.0
7c3dbf70-dc75-3d24-b361-b2ea586d0724,90.0,0.8269114243575265,26144.318808925145,0.0,3,3,True,1.0
65ae1501-8bf4-7162-d2d6-88de4072e421,90.0,0.4613087573340285,31826.912704959628,0.0,0,2,False,1.0
19f0972e-f10c-92e3-ead7-1653407b2b39,38.0,0.5476318193130301,20547.963954483923,1937.2518866964044,1,1,True,1.0
b01910ae-c907-1954-f111-a71c3a3a5bb1,7.0,0.4304326250222614,42222.60461925562,8753.445266553923,0,2,True,1.0
1f49cf73-1297-73ce-d7f8-d536ac3ccf54,16.0,0.9996480689108342,26434.11303624474,7826.061800612622,0,2,False,1.0
4788eade-9b6a-5885-af96-8b1cefbcace5,50.0,0.9663624786316442,21097.191432843643,813.055129412299,1,2,False,1.0
2b7a8d5f-1867-ac2c-05e8-8d626a085de6,26.0,0.3980767286521907,19404.022155807597,2744.425984199339,0,0,True,1.0
0d0432b8-57b3-7423-121d-6bd84286c00c,28.0,0.9503665537644892,28514.278624945357,5445.653000746713,1,2,True,1.0
eb1e36c9-6dd6-446d-918d-fe91829640c3,6.0,0.3018562562058816,23867.784514471172,605.230255330905,3,3,False,1.0
af76e73a-0ba4-b1b8-1f99-721f2f97fa40,41.0,0.6953585080980863,24310.78119539808,1188.5514048885425,0,3,False,1.0
16850950-9cd8-334f-d0a2-3c1c49f048bb,90.0,0.7302486885562292,27982.078788109426,0.0,2,0,False,1.0
7762aa0c-18b8-b326-b4c4-10dc911abd98,53.0,0.6946350127114628,33671.52304760689,1071.607855475143,0,0,False,1.0
3453cf9d-23b2-d19d-628d-159fbfc8ad60,50.0,0.8944692605714117,29548.28631609102,1478.6336799907688,0,3,True,1.0
b9fbcbe0-c89d-b880-5951-20d65b1e536c,90.0,0.7321784278539528,15595.696469687531,0.0,3,1,False,1.0
d6cd9445-77cf-612c-dd16-0fa34bcf3875,49.0,0.9597856597158408,31491.625463502383,1499.480975433465,4,0,False,1.0
b119f855-9800-c52c-4de6-974c36aac0b2,9.0,0.9980212341105436,24119.10705963693,2368.755011177828,1,1,True,1.0
a016a954-a26a-dfb1-f06e-567fce160cb4,28.0,0.3559129056441152,26869.21165397337,2707.657377643949,0,2,False,1.0
f9eea006-7870-e54f-baf5-cdb3afd674a5,50.0,0.5827588779842385,24929.70277968488,973.8791957538822,1,2,False,1.0
7ee5e114-a37a-9587-987f-0d2ca1fc98f6,38.0,0.964789849067518,19143.072086945584,1700.4025079084,0,0,False,1.0
1017a153-8c73-b40b-b37e-4a2e1aeaea73,18.0,0.9003903558988658,32075.57220274164,5598.637222008867,2,0,True,1.0
ac653e4f-db80-3e50-9023-29317c361136,51.0,0.9760742943932454,32017.424706542057,1593.4152333774382,1,0,True,1.0
f5feada9-4ab7-039c-34dd-6d309137c2db,56.0,0.6700367460642608,28668.317625672007,439.2779617057295,2,0,True,1.0
39e8b736-c52e-9ca0-58a8-a8b1645567e5,33.0,0.9541573119143668,29462.70772319274,1890.2627424588884,1,1,True,1.0
1870fec8-7546-1336-e794-d628af6718d6,21.0,0.3832694919744779,21700.481632556224,3120.4714836706107,1,0,True,1.0
271f605c-ed44-710d-e714-a6b476e35025,90.0,0.4359792889258621,22886.484547375007,0.0,2,3,True,1.0
476bb0f4-20f4-0a95-c1d3-962b4e28d9a2,57.0,0.8176858434173191,32471.934569002053,166.01332352489823,4,1,False,1.0
8f11c752-460e-66fa-9c1a-ffcdf31ff429,48.0,0.9985464214737636,23648.3015983102,1314.732711516958,2,0,True,1.0
0d29c4d6-164e-7240-c2d4-ebb29fb74c6e,39.0,0.8675666063273073,19989.76580882528,1226.6666217863512,2,3,True,1.0
16056328-0230-7206-f4ec-f841626f6b70,4.0,0.5516067779135823,25875.528846889927,6606.865341345803,0,1,True,1.0
bdb544d8-0b7a-8065-d291-56bbaa15a37c,90.0,0.8944579150330503,36701.78928786857,0.0,1,2,False,1.0
2e78e872-9134-4e47-ed5f-c75c40122881,90.0,0.9978018114739398,23453.329057221268,44.680801895431976,1,1,False,1.0
be12aa6e-31b4-ba6e-3c80-3ac4d3f1d626,23.0,0.9500272240620778,26565.72557745513,5005.404784599047,3,2,True,1.0
5003ea59-74de-9747-803a-fcda6211495a,90.0,0.3354106711468392,23442.212349022,0.0,3,3,False,1.0
afb4ff41-d481-b61e-4467-f6d779fe513f,5.0,0.914146873307008,27081.407563432407,3763.498251565255,4,0,True,1.0
b541e818-4530-c419-ef41-e08757e44e90,17.0,0.6015146488438217,26850.534946791988,8015.429123671766,1,3,True,1.0
d6ef14a6-50a6-37e0-72ac-5e37b379c0eb,11.0,0.9968291412736664,22663.98772001363,2004.7885734956656,2,2,True,1.0
75c1d02f-8fe9-83f4-d728-ac7f0ad42965,19.0,0.9772645294148742,28841.831764000854,7242.932956650136,0,3,True,1.0
6fdae33f-c7c9-8f9a-36e2-3b239499ce04,21.0,0.3157076083615963,30478.77913305744,4329.274034422889,0,3,True,1.0
9a80a789-63c4-8690-5039-d1bf4f638b75,17.0,0.4666760231739389,25993.30324738998,4461.029634569252,1,2,True,1.0
d2f97771-5e6e-3f21-2c11-f741749daf66,35.0,0.3557526801822822,27278.24668690185,2043.9720078709693,0,1,True,1.0
36d14a3c-9665-29e1-21c7-5901fe08136f,53.0,0.6561479416909718,22293.758660597174,617.7320000959502,0,0,True,1.0
0cda7757-4c02-399e-e61d-f6cbe4ef1ac1,90.0,0.6459940109425248,36035.71130673756,265.4130591980554,4,0,True,1.0
326cd5c3-269f-3815-e940-85d43ea9ac95,60.0,0.9062830904933132,30589.571405443523,0.0,4,0,False,1.0
07cab727-f582-822b-2e1d-b6a7b71199b2,21.0,0.6837849248154424,26360.90192995734,5829.961388659577,1,0,True,1.0
4e5aaeb7-546f-5d30-16c0-78ebe0834cf8,11.0,0.6824706829053763,24961.04998676289,5351.09392728721,1,2,True,1.0
8012b880-6f47-9c05-9890-cafba84c8b17,90.0,0.5543031110261016,25061.75028397289,0.0,2,1,True,1.0
fdbaa61f-3177-d890-db74-c9971e7120c4,34.0,0.6571674825808044,27998.894872147943,3771.840543106428,1,0,True,1.0
f6891fb2-fff8-fb82-7232-98264bc2aaaf,90.0,0.9891061021111104,19708.99719994904,0.0,2,1,False,1.0
a60164e0-d8d5-bcaa-885a-eb3868d6a4d7,13.0,0.8256320705859835,32375.66544360681,7062.148221543877,2,1,False,1.0
52e9ca5f-6910-8a2e-1e6b-b6cc66cf3dd4,30.0,0.4015268551837692,28098.255797163987,1108.6995600196014,1,0,False,1.0
0e90251c-470f-0602-bbfd-bb6921503613,90.0,0.9963040055068052,27277.77510135497,0.0,1,3,False,1.0
af6d8f21-b084-6fd0-2b12-e94cd83953f9,22.0,0.7393134505193151,30097.510046068528,2769.3735810721,0,2,False,1.0
af273b7e-cbd1-2f4d-79ac-a43d2841336e,35.0,0.3832384696152613,20162.12029286141,2226.8266709841987,2,2,False,1.0
d8916e49-066e-bc48-0009-5ea271c8fd11,16.0,0.9332795036229452,25846.374299571704,0.0,0,3,True,1.0
f55811ab-dee7-914b-0cfa-a827b340cc35,28.0,0.8255126768246637,19250.279095745485,2222.172200361625,1,3,False,1.0
d9288d92-61b5-9af2-4082-9bb12d3b6080,15.0,0.5363752556969003,23257.328460499004,3219.0253373464107,2,3,False,1.0
6bc396ac-89fb-abd7-5e45-8efdd054e8a1,6.0,0.6166491162934079,21849.740085698453,3968.8100496100487,0,3,True,1.0
3265cc45-6aa9-142d-ce80-bb71ffe1f84d,6.0,0.9763697192248916,19985.126185015542,4400.390950076255,0,3,True,1.0
816456d2-2f63-e49f-560d-47e008cadf05,16.0,0.4424701646259691,27086.34355521864,3474.5913237494347,4,0,True,1.0
2b07a06c-dbe5-f451-92dd-8f6a806804b5,7.0,0.8928496663412764,29002.49925419984,7111.458114304692,0,3,True,1.0
21642587-bde3-480d-3ce4-5b017d98affb,3.0,0.7996362215037977,28349.968755590693,7379.199106561015,0,0,False,1.0
458a5c8a-8516-c0f7-4f42-ed6978a773e8,90.0,0.9988897346429148,17415.009845102548,0.0,1,2,False,1.0
e847d798-3885-2d8a-b500-be174c228a4b,90.0,0.9999693828029436,16947.756672453375,0.0,2,1,False,1.0
9e6bf1cb-0f1a-03c7-b8b3-720a8eedbad8,21.0,0.4602145251914203,29431.72846595734,5952.409591807643,1,1,False,1.0
d7aeb4a6-e586-e975-5421-5f4dea3a551a,90.0,0.8946788589501198,21806.240561181785,0.0,4,2,True,1.0
15deb1a2-86a5-f4a1-db7c-92479cbe0e13,90.0,0.8659739208071481,18238.80602411296,0.0,4,3,True,1.0
568c0a8d-919c-9dd7-7b23-7157bdc1e85b,12.0,0.9982941881955072,23221.38940741012,4364.891416672434,0,0,True,1.0
46295bf8-9220-f323-f092-0309ec1f9c04,41.0,0.848111749721146,22860.33196551221,1871.1431229559328,2,1,True,1.0
1c2fdb66-91f5-0ef3-34cf-48d316fb09ad,90.0,0.9771251283350308,21970.739938472336,0.0,0,2,True,1.0
cfc124de-da92-cdf2-4957-7aa8912c3361,90.0,0.510600606752933,24122.6794698339,0.0,0,0,True,1.0
1f68f804-64fc-09a9-b19a-897a28fb406a,14.0,0.3984891397873756,18696.00959568795,2780.2278478950666,0,2,True,1.0
b7cadf0c-dd57-9601-0525-84e57bc8a031,59.0,0.9965044461627272,27088.2451699892,47.92906254022574,0,0,True,1.0
70519e73-50d4-a51a-8055-a6e8abd1d1db,90.0,0.999257390214252,21973.7009977204,0.0,4,2,True,1.0
c4aab5f1-0f4d-93c8-78bc-a23c79052fda,50.0,0.6322648279811864,25828.675644123254,1550.9737036625595,2,2,True,1.0
e187aa93-0e6d-2d35-eebe-9494cf326ba8,50.0,0.828342313818376,27723.56659369954,1165.941589217819,0,0,True,1.0
ba678a3e-7546-448b-f197-95bc4802884c,24.0,0.7189502763228841,21633.51151540271,1317.4126648755555,0,0,False,1.0
25c9492a-b03b-7e2b-4c84-08acb42f2484,40.0,0.8703281053077347,34646.86273462593,3340.74855913571,0,2,True,1.0
21614c92-6ca6-f2b4-530a-34a98349e42d,60.0,0.6521094731835849,29599.968568946068,56.09784403232692,1,2,True,1.0
e60530f8-b258-a3ae-e0da-446a47f5361b,9.0,0.8171280763449077,21890.909884226865,4835.152090513862,1,1,True,1.0
3cdcd0fe-0216-64f1-3b4c-ba5302f48261,53.0,0.8967046267994058,40278.25489161217,2413.455843833349,1,0,True,1.0
2667f31a-e84e-4ab7-93d6-c1a443bcf36c,3.0,0.9888673553578008,23626.20993478676,4453.257040559595,2,2,True,1.0
81b37c8e-9633-407c-bda5-c7cf7c8bead9,24.0,0.6766546050819611,23854.982086785836,3501.635087349557,1,1,True,1.0
4ea2bbae-44f9-5ef1-74be-20ddf8af8031,23.0,0.6438527856718311,29387.535453732737,2281.368406979568,2,0,False,1.0
1f172e61-11da-8251-5fb2-0c1218d8848e,38.0,0.9319649055989834,23507.529739163707,2848.16691411344,3,3,True,1.0
f7736be0-4e03-a43c-cd4b-dcca1055d01d,45.0,0.9519771439406108,23449.199211126805,1675.4607085903074,0,2,True,1.0
ab9ec7e0-946b-3aa4-925a-79ea83c3ef0a,51.0,0.7296714375142963,34776.330298202585,1116.052863296473,0,2,True,1.0
e4d36099-990d-eb9a-e982-f5c0f711d0f6,20.0,0.8446505197832617,21102.535049790844,3160.1213668511414,0,2,True,1.0
04c1b392-5281-fced-d71a-2ec4f1979e98,4.0,0.7825723032322501,25601.66664813705,7961.809678551417,1,3,True,1.0
5bf7616a-7a4a-3720-ef7a-34d969922d98,90.0,0.4957162379814024,18020.364445772077,0.0,0,1,False,1.0
d4effabc-db94-4b33-c4ae-67689b43634f,26.0,0.6598006664305792,31320.53272691291,2738.054330900274,2,2,True,1.0
fcf1fe64-a041-4ad0-0e05-0f0514ea4562,11.0,0.7887979868149507,30635.87229531758,3079.529912445981,0,0,True,1.0
7ac67b06-06ed-cc90-27fa-5803424b8d3b,15.0,0.9950116090979702,23873.146212052587,5190.397978911643,1,2,True,1.0
fdf5d117-c697-3e71-51c3-12da5d9b823a,49.0,0.2838632104528147,27150.899275319687,1357.249490213519,0,0,False,1.0
2fb95d40-d525-42f0-48cf-aa88247fada4,90.0,0.9212409753306304,31139.94109357737,0.0,2,0,False,1.0
af29608f-7c8f-d2f0-a26e-22332a6097b3,90.0,0.4776893861813548,26524.92865186532,0.0,1,3,False,1.0
5ace5c98-33aa-cb2c-996f-1434bcd6ed02,9.0,0.4211111299221129,34014.260086184804,5680.9892601743295,2,0,True,1.0
46737356-d104-211c-6860-ae2829384f26,41.0,0.7035333157791834,26996.768319169376,1839.259876968072,1,0,True,1.0
596eae08-568f-adaa-ed90-42d468a167c7,90.0,0.9965634474825932,22404.89035211674,0.0,1,1,False,1.0
9b0e7f96-267e-d55e-4208-e9fedb094821,58.0,0.9995120445669708,19177.905598007583,190.5358516112823,0,2,False,1.0
01f515ca-9fdb-7ea2-ab1a-1d385291aa39,42.0,0.9734402922537244,24022.783496552744,2497.2558017260403,3,1,True,1.0
199dda1c-e821-b8d4-2076-025d60b506d7,44.0,0.9001754462080662,25668.241525951827,1090.217444702169,4,2,True,1.0
3fea3b29-b2a2-b8c0-1a11-573982711c5d,30.0,0.9196395104443424,14668.853858258071,1285.0201610856277,0,2,True,1.0
be95a53f-d67d-5e82-aef6-52649651fc6b,90.0,0.4899309711405706,30492.39654678136,0.0,0,0,False,1.0
fe2910da-104d-4e31-59bb-3c509eea60d8,5.0,0.9483272195236646,31445.23539094174,4137.582800288339,4,1,False,1.0
4a656d28-ed4d-57e0-5950-70f613d635d4,37.0,0.9532414293920976,24919.287356328037,2370.1997867578584,0,0,True,1.0
af7a5526-5929-7c06-bd62-dde81768d399,33.0,0.6016758354433827,34004.565428371614,3089.589260673132,0,3,True,1.0
a48252ee-ae29-fc7e-f4a3-80797cbe9b78,30.0,0.4620595934202521,27562.230872816584,4166.621337687843,0,1,False,1.0
b835e73e-b6c8-0526-eeee-13790a4c86a6,56.0,0.5852835690798723,32531.758385701512,162.2915888259692,0,1,False,1.0
a3b5ae38-bab6-063e-87bd-9923b97f7e83,90.0,0.9901297888540812,25641.852760690905,0.0,1,0,True,1.0
b4e5ebb7-6981-31a3-dd5d-e7a647176f17,9.0,0.4485538169471834,27086.858969850007,0.0,1,0,False,1.0
34aad6d7-825d-6ac7-e0b4-e589397edeb7,40.0,0.9936072880378743,17736.99076527927,1383.9023315439358,4,0,True,1.0
75cfd0e7-37b5-fb73-57d7-8bdca78f254e,11.0,0.9343337681213024,33862.52129006896,6293.472277904614,1,2,True,1.0
891c4039-df78-c650-14a4-54379d365e83,51.0,0.9689401612548856,20438.94108793875,388.35452903433134,1,2,True,1.0
87c10279-e5c2-8808-6070-ca9dbe0668d9,42.0,0.9435330283505834,23582.21189921921,1861.8933428174523,0,3,True,1.0
22a69ae3-335a-79a6-f21f-b0bd099c2800,90.0,0.4099915870526546,33335.850801653534,0.0,0,1,True,1.0
bfc454af-d145-1add-81ad-c8b45d486214,18.0,0.9880362246640052,18600.590455278783,2240.299734962027,4,1,True,1.0
7dab19df-bb1a-4f3a-043c-5343063a0945,14.0,0.958831109471334,30565.21061389878,5733.627381578182,1,2,False,1.0
bf1578ff-639e-3f3b-09e2-af14392a7b9c,50.0,0.6081244954767341,22429.558320672542,993.7989936280096,2,2,False,1.0
b61665b9-0713-31c4-d5f3-438b1b0a9a6d,31.0,0.2937124686551138,23252.061730530047,2867.148511024121,0,0,True,1.0
587edf67-2a24-c04f-2c69-6614f6ee8bab,32.0,0.884057426747649,30497.12990723102,4163.396699583312,1,2,False,1.0
a80b102b-2493-da0a-22a4-5e5875e67aa0,54.0,0.3380454744355365,27563.0226237521,637.6747269905366,2,0,True,1.0
651e090a-bb24-59e7-a6bb-0e54c117330b,39.0,0.8975626177948798,30709.1381558487,3491.373656497524,1,1,False,1.0
0e8cd563-7667-94cd-d2cf-ecc645037868,31.0,0.4030284416149426,29929.430250793084,2799.6745316928327,1,1,False,1.0
a429da1f-3409-e261-6c5e-2169820e71c2,42.0,0.949942920673121,24846.204357323917,2335.089841520673,0,1,True,1.0
4bcc9798-40aa-a8dd-948c-5f84bb3d3802,90.0,0.4159785184625891,26829.43116089549,0.0,3,0,True,1.0
1c860aa1-8e24-cd3d-a5b3-7def1ee098c9,34.0,0.9606150740394772,21335.367989016053,2071.109812070275,1,1,True,1.0
e351eed2-4fce-fa64-5be7-7b6e0f519078,30.0,0.9888673469537472,31203.274023414448,5822.554791314332,0,3,True,1.0
0ca6b5d0-b9b9-7504-f70c-d213d3555ceb,16.0,0.8900583975418036,29538.91220333927,3128.6791125899213,0,2,True,1.0
3a25901f-9421-8883-fba1-9de7b3c5aeec,57.0,0.9845285484654718,28488.491084175257,266.1664241572756,1,0,False,1.0
e5d06920-b6c2-2704-2232-b298e858171c,54.0,0.5539288181980162,33020.56990514857,1124.3162512486872,1,2,True,1.0
ff57741b-3d9a-3ab4-52f8-e857619e162e,90.0,0.914865134240192,35837.76897520842,380.6363664340948,1,2,False,1.0
735b4ad2-65de-e0d1-5dba-ea49936ce566,36.0,0.4906594066651939,23887.092443684836,1287.1326617546058,1,2,True,1.0
d579b338-de99-5539-ab27-1dd182ede1a7,29.0,0.6110131166255085,31588.752485147677,3240.826165871112,1,0,True,1.0
de11aa45-048f-4a26-4e16-57a1e47517be,55.0,0.7777486771650662,35146.195636937686,1300.5981003894192,0,0,True,1.0
5735c707-a2ef-6a07-c674-569531a9e8e3,50.0,0.8139857811622773,33823.42973279661,925.0333271690204,1,1,False,1.0
335c8e49-8e47-3b83-887d-92c5141f8849,90.0,0.9998599506547828,20767.521711531284,0.0,1,0,False,1.0
34bbf3ae-9b49-c78b-5b23-2f184c2c252e,56.0,0.5138524004887756,28098.787336450503,488.0138010396735,0,2,True,1.0
5bc45761-54f8-5f71-8ea3-5399152160cd,90.0,0.8840700447191735,15190.256666591751,0.0,2,0,True,1.0
b7d33ad0-4005-0d85-d2bd-c2ce16642ef1,31.0,0.6168391871721759,39564.407990307154,1065.5278830158964,2,2,False,1.0
b134a0fd-d13e-3d89-d70d-dba375fb6ec9,42.0,0.4493430810120695,26802.685521093936,880.096979218564,0,3,False,1.0
e1db36f0-d6b0-7d12-bd05-63924f0162da,23.0,0.9282476419165484,26606.2674884671,1593.6569300785732,2,1,True,1.0
493bb5f2-6001-fece-9362-579230ba036c,50.0,0.4509605125694181,27854.87278359747,1166.0406735464485,2,0,False,1.0
466016a2-8ab7-78b8-f6ef-d2930ee3b0d7,48.0,0.698896174233045,32324.257191711025,1663.2256771908264,1,1,True,1.0
58e82ffb-db2b-5b0d-5b64-0ccfe719809e,90.0,0.8021592553619399,18511.5584321895,0.0,4,3,False,1.0
3f8c0a17-35e3-abe4-67cc-ee9bc51669af,42.0,0.9058355156569712,25491.079257704747,1889.5619541031008,1,2,True,1.0
aa5fa152-5c86-ca4f-40a3-ddc1c54e5d4e,22.0,0.8968488577492515,25250.03601008688,4652.761006573094,2,2,True,1.0
ba8b2c34-994e-8fa5-592a-3c2f0e536982,44.0,0.3183982908300277,31325.94638312777,2313.290483673469,0,2,False,1.0
e8efef45-34ff-4e87-c031-43890923aae8,6.0,0.6284425813770708,37723.15173820064,3553.248686571448,0,2,False,1.0
05d93ea7-2bfd-53d9-b1a4-11e0222ee381,4.0,0.996617948125305,32594.248241170477,9069.981201241546,0,1,True,1.0
892be9b1-76d3-1f40-0712-7d6622767c74,17.0,0.8345874143888851,31376.11079221243,4690.508302436978,1,1,False,1.0
9be20e9f-dd15-f0e3-258a-700ba8448f91,90.0,0.6770650319424583,14122.23509021585,0.0,2,1,True,1.0
e1b03e11-ed53-9634-171c-cfae8bcf0d38,32.0,0.5898812216477826,27629.35421973823,1323.3614021704038,4,1,True,1.0
9cb45b26-898d-8f4d-c379-f899a50c77d2,34.0,0.9687154321542396,26754.32562076089,2232.540397629526,0,3,True,1.0
c05291e1-3b81-b7eb-d391-5edbbbba795d,90.0,0.7311192510234011,26501.725239508327,0.0,1,2,True,1.0
5ab7b5ee-dbf2-fc0f-9c15-c0201c6bbf6d,24.0,0.5546930207981123,33701.35969186394,6131.602603712386,4,0,True,1.0
8eac63d5-e57b-9819-f292-cf256ebdbb6b,6.0,0.2895779168361087,30622.904454166342,8330.51481739353,1,1,False,1.0
beb794df-18a8-9b88-e211-b779c666d74b,5.0,0.2906376425576947,28820.11364567717,8602.272998059401,1,1,True,1.0
33ff7eec-4da1-7083-0c8a-4ff57aef6a6a,9.0,0.8035114811384939,26073.43635725262,4477.744156558831,2,0,True,1.0
ee686273-091e-0c21-04a0-c75b8b06e9a6,90.0,0.7259457189382358,23915.903172622864,0.0,2,0,True,1.0
df082eb3-e809-4eb5-d7ee-2c2dc79fd9bb,39.0,0.3927227473226534,35659.81581366951,2611.419439563874,1,1,False,1.0
71ff419f-7deb-8e46-8af9-e139e34f537f,25.0,0.388678939841492,29925.431715170856,2819.0817157722745,3,0,True,1.0
e2b51ead-5662-88ea-7290-77cb9eb8381c,90.0,0.7150020455916388,26465.26626918143,0.0,4,1,False,1.0
fe29a7fb-f2a1-39b8-3bb6-14357f327191,6.0,0.8789487565699711,29306.510247426213,7346.859016002718,3,0,True,1.0
902d8814-1a9e-a87d-2948-f8df85c5bc08,8.0,0.5172191486003727,22410.565395025194,3586.6831512846607,1,1,False,1.0
fdc27309-34cc-cdf4-ca3b-7d57954f027d,19.0,0.8793927804757496,19428.87171885721,965.4644016096717,0,3,False,1.0
f5ffbe78-d507-d2cf-361c-7d747fdcb26e,18.0,0.4776138514874175,20070.74065469444,1366.166422404163,0,1,True,1.0
f0de59b9-cdbc-0033-5016-9fff82c5e092,56.0,0.9887290541642316,20742.619452153594,553.1904515474679,2,2,False,1.0
d5afa831-3439-299d-1a0e-384af0e96951,6.0,0.9756863054587376,25122.391673049213,9593.78989593563,0,0,True,1.0
9bda8e25-5e84-39d3-143a-257f28d7c7be,90.0,0.696453398198793,36453.513337840486,62.94783344300858,1,2,True,1.0
cc47cc59-fe53-4cc3-7f05-8a2a61e90359,90.0,0.4364688134722247,27688.9008561974,0.0,3,2,False,1.0
46481e9a-7d7e-89da-1a10-2afe75434d9d,43.0,0.7423769114102478,29966.31227375203,2138.252842688368,2,1,False,1.0
53c759f2-91ba-418c-dd52-9f5abd552764,12.0,0.8957894849819078,24045.18943692115,6770.410540525907,1,1,True,1.0
88d07fac-108e-b07d-b98b-889d9cb82e9b,47.0,0.9868499958073348,33633.04136166243,2022.0784599071635,1,0,True,1.0
4fbe9188-a72b-e961-d1ce-52793348c57e,17.0,0.914548338026806,30602.93963840623,11108.741228587978,1,0,True,1.0
a3fb1e46-0ffb-8d71-948c-49afde32b85b,26.0,0.5119886485476286,20646.82259490708,2644.9300652317665,3,3,True,1.0
9aabbde0-a26a-ba5b-d264-05d03e451220,90.0,0.9566675452150784,24100.11872945267,0.0,2,1,True,1.0
063cf340-64ea-9d71-6ff8-c089c12c9c72,49.0,0.6109972817273609,31365.451976293487,1364.051873804358,1,0,True,1.0
6f6dae09-b270-22b9-fc72-992854c59a2b,55.0,0.5114737136791978,31123.01948660159,782.1315842342717,1,3,True,1.0
f2ca9c0c-5c3a-64c2-7cfe-f87e564d6632,17.0,0.9732451510800156,23730.016314459244,2126.0176061074458,0,2,True,1.0
93cf92ec-9fc0-1c7a-adf1-8853264a12e6,46.0,0.905209115631221,30634.39687624514,2203.140110978482,2,2,True,1.0
38a42c44-7992-f2bd-1a94-346fab674071,16.0,0.9615589298718248,33723.19145706669,3391.8713060890645,0,2,True,1.0
b9e0046b-3c6c-c3d1-0cfc-6486c3bd610f,53.0,0.4985517691555263,31401.85011182456,731.3510125158538,0,2,False,1.0
3b002f0f-50a4-9c58-30af-e04dc8fcaef0,38.0,0.4577468054259358,35143.185434087885,4698.931087504558,0,3,True,1.0
306a71b2-574a-40b1-13e0-bd47379a13a0,90.0,0.6573561076478763,35824.57758317023,0.0,4,1,True,1.0
89778a16-bf29-92e0-4795-bb7c94530650,90.0,0.3486789706269193,26494.969700307287,0.0,0,0,False,1.0
347ec31b-ec10-bd8a-6a80-b32b81f45d3e,30.0,0.8887452283682046,19993.028648175496,2997.836412372113,4,2,True,1.0
e3c37d80-6583-3457-2376-d92a520b66a2,7.0,0.8666203628084087,22762.614190070773,5138.257241367772,2,1,True,1.0
1edb3f77-1873-e03a-ae4b-90ebc9be09f0,32.0,0.6564093616225642,33253.5633610028,3222.9668527778,0,2,False,1.0
6d4de7ce-c6ca-c337-f2da-cce540d2aea9,90.0,0.9867201653340428,17559.899621536704,0.0,1,1,True,1.0
66672496-1ba4-0c54-5be0-f63986bc0593,43.0,0.2772871969329153,11030.00491291244,759.7058097903965,1,0,True,1.0
d81b1301-06e0-3ef0-bd5a-0c90d48b7ddc,3.0,0.7559352729847262,31034.61677484085,4661.279661636708,1,2,True,1.0
4b3bc3ee-b16e-1491-39e3-a9a760055e6c,90.0,0.9925580810558264,23680.432158687174,0.0,2,3,True,1.0
f465c4c6-ee13-d314-6bd5-543480d54300,26.0,0.8603303874384332,28333.163100375157,3377.0799490310637,1,3,True,1.0
dca5553f-3bd3-72e7-3aba-2d74cabf5c59,16.0,0.5922373422894359,27449.658079432636,5052.38718059332,1,2,False,1.0
a699694d-41bf-1d2b-d736-fc1be4d46c83,27.0,0.6428692544561977,31890.15833541124,2249.7214016762205,2,3,True,1.0
0e9ed28a-3c11-47a6-b685-29bf92350e3f,18.0,0.3491984335008832,31156.66973693397,0.0,2,1,True,1.0
74f8e726-5bac-872e-7daf-e4c0fc6b3347,90.0,0.3794800250040965,24798.106494347456,0.0,0,0,True,1.0
03fdc91f-57e4-dd17-fc4f-308f3c3dafdb,52.0,0.3665916735232588,18964.32538850593,961.427629469871,0,0,False,1.0
f2beefd3-cdd4-7155-50c7-aa98a4da3e57,29.0,0.9980265827330036,28720.467971086488,4038.629954841527,1,1,True,1.0
ebe5c151-ea0d-0f70-0c5f-29f77e50764c,9.0,0.3895871754642919,24562.748888243048,4302.767691050755,3,2,True,1.0
3232a34b-5289-bdaa-bbd9-ee7c147528c7,90.0,0.3263766141837506,30782.088147284503,0.0,4,2,False,1.0
8fb642e4-869b-99d2-ee50-a4e5a468fd0e,11.0,0.4603267354779768,33663.75429477984,9454.41698206392,4,3,False,1.0
762fb4b4-9370-d0d1-8396-ecdf9b8e2c7e,33.0,0.8777354729196185,27908.963852775552,3806.917019184772,0,0,False,1.0
42028172-771d-d9c3-5c57-fbb68002a40f,47.0,0.2915392884510215,34358.966461742355,1091.2818704117706,2,0,True,1.0
2f63fb1c-d88f-0d5f-f8c3-b930d6f21828,14.0,0.7869524565763636,31730.333568171554,6192.060626617064,1,1,False,1.0
377b0e99-d811-e6d0-ad57-6f4d49dabf74,44.0,0.2739905704268559,21358.939729549296,988.6685528761736,2,2,True,1.0
ba8e7efd-c512-1726-2580-a731ba5ef61f,31.0,0.3725756297453643,23415.32813800012,3177.586128495629,1,3,True,1.0
8cef80ba-c059-f6cc-7b28-272529ae0628,90.0,0.999427268517284,15270.498289666795,0.0,3,3,True,1.0
a7db69e2-99d9-8c9a-292d-7d763e928b3a,90.0,0.9867037504348533,23254.846067586757,0.0,3,3,True,1.0
f9503da8-0868-a46d-1594-c0bda5c4d33c,90.0,0.8612947953910529,35723.047478719025,0.0,0,1,True,1.0
01cf523d-7f03-4d9d-f8cc-bf4110f649f8,43.0,0.4077863902051314,28678.83385061821,2843.75065346618,3,2,True,1.0
f584ac4b-1d79-c143-bf61-8262549b158f,27.0,0.7027209629222566,20079.908368218938,2491.1906485164477,1,0,False,1.0
01611887-80ea-17f6-060c-3c148882d88b,90.0,0.2850933931350095,33223.799047326174,0.0,0,0,False,1.0
c5f00f18-2cfe-4412-454e-a1e4dbe6c3fc,50.0,0.4553794301344703,31423.299574767043,2651.967781648662,0,3,True,1.0
7b84393d-516b-df8c-77b3-b33f07449bcc,90.0,0.9887466337466038,28001.806073629883,0.0,0,1,True,1.0
408396d7-3617-354a-9903-092b0a317c84,90.0,0.6101565053911049,32192.36905836831,0.0,0,1,True,1.0
5551c5eb-796b-31e0-9dbd-101f023e4380,39.0,0.76072911139398,16719.520736049642,633.6603438795057,3,3,True,1.0
793cc5c1-2387-f1c2-23e3-73f0b8e0deef,33.0,0.9089107909684776,20187.86054670008,892.3258180770457,1,1,False,1.0
9c9c3218-97c1-2159-b3fe-6b6ac0aef70a,56.0,0.9636185009599414,20862.43508918991,47.64228852350856,0,2,False,1.0
16e175cb-695d-6d90-8c79-32c95ac137ed,43.0,0.8826548409422535,30009.12074360407,1597.6528471108034,2,1,False,1.0
e66333ac-3c00-1df2-e371-9732a9c2ee59,17.0,0.9706777380585518,27735.166619318243,2451.6047402275835,4,2,True,1.0
4e102fd1-17b8-8474-6ffa-71b9cb305fe5,57.0,0.629935449221326,24937.853365720668,569.6374562481244,2,3,True,1.0
9c8d585b-7b8c-b949-781b-379f38d0e6a2,5.0,0.9090086009689634,38912.60861490702,7620.778035195677,4,0,False,1.0
7cb25550-52ce-05b8-9a29-4523265d3105,13.0,0.5609427781905733,23775.063054272192,3877.6511345165145,2,1,True,1.0
5c51daa8-938f-fd84-8474-0544e4f74f8a,90.0,0.4175507236390735,30930.51923787461,59.82264020148626,2,2,True,1.0
09e00cb6-85d9-6d77-3853-38d7787ef8fa,90.0,0.7449883783984041,24336.17476292041,0.0,2,2,True,1.0
4bc04f18-7886-93cc-a21a-9adc41f8bd39,30.0,0.5663198571602026,21910.9906651661,2516.015296053902,1,1,True,1.0
d5e2d6f7-10a2-a0c2-e87d-f832aed4b919,90.0,0.6861970734240362,26855.165869191485,0.0,2,1,False,1.0
733a77e7-7baa-6821-ae4b-4f090f06dab4,10.0,0.7573601259982691,31741.93127124296,3870.685466751947,3,2,True,1.0
45f56890-834c-4aa1-0451-8bddd753a849,40.0,0.783019181052345,33504.63112566885,4538.519740019572,0,2,False,1.0
74823cbf-bf70-caea-a743-c3ec99df6216,4.0,0.9923080882671436,31604.336841719694,7993.505144534816,2,1,True,1.0
0e8a4a48-923e-d9b6-99a0-b9e275ab9db1,11.0,0.9143962100070396,36755.24539170097,9035.0481649605,0,3,False,1.0
1bad6acf-01c1-48de-8292-776e322819f5,27.0,0.677293374470764,38613.29695742568,3901.168355196868,1,1,True,1.0
aa17c284-ef52-7ca8-4bc4-eba170bf7e6a,90.0,0.9996816907897912,16704.75767349398,0.0,1,3,True,1.0
30bb7ec2-6260-974e-21a1-af29833e03f8,59.0,0.7509564397104874,38552.44897252485,427.78372632913965,0,0,False,1.0
c86a8cbc-166e-2d34-acd4-3fed7f8aea75,30.0,0.8994661789365865,24145.91725826042,2422.4240481840407,3,2,False,1.0
9fbcfba6-43ef-8723-9456-55ddc796c66c,39.0,0.9228317591998132,20760.236642037424,2013.2276588455552,1,3,True,1.0
c4407b5f-e517-e775-4597-76f3969e71fd,90.0,0.661486670001572,27567.09995599157,0.0,3,1,True,1.0
8e8f4ed0-4e2b-6d6c-8951-ad51291541eb,30.0,0.985421244518898,27903.52897282125,4759.424176964125,1,1,True,1.0
3b633c08-fa1d-bb12-342a-441f5fa447d9,39.0,0.3788958575456168,28604.86475706461,3219.08091049738,1,0,True,1.0
0d7a3e90-0b71-40db-5f06-e5deb0e31abe,31.0,0.3657829232359504,21904.127511497994,1893.1727831240985,4,3,False,1.0
1fb2bb8b-a4a0-aca7-728c-ae9826b94c1e,23.0,0.9750023684301602,18711.053172779648,2478.340729416997,3,3,True,1.0
e2d40cb7-8abc-7146-8d7c-1ffe6556b5e4,90.0,0.3226274094750666,31665.58648262779,0.0,2,3,True,1.0
02aff28b-427f-7919-1fa0-e3a1a6cb6c4b,18.0,0.4854560799835347,24186.384668327417,3578.741985042756,2,0,True,1.0
9ad848ae-c878-5012-ed36-ab67bd2997d7,13.0,0.7321410367971111,28956.569817553573,0.0,1,1,True,1.0
3cf8cd6c-7f35-3e98-5215-f381d09453ea,33.0,0.9639292112152577,35478.19838543104,2823.240695861997,0,3,False,1.0
f22a22e8-f9c5-37dc-aebd-707bac480656,6.0,0.9954352779359495,21680.563779163844,5914.918551741297,2,1,False,1.0
47b69f96-b59c-1527-207c-bfea13a70e35,9.0,0.3197026236524207,30728.69530548564,4795.140083713006,0,0,True,1.0
1e4b660d-7394-e8e9-4e45-cefb5dcfab4b,25.0,0.6827309110649931,22932.220362904747,4430.301216017674,4,2,True,1.0
9bb91d76-0827-c410-0135-c4e310ca5da2,36.0,0.9644169672957048,38751.48823587964,2712.163890061361,0,0,True,1.0
54ae63bd-b975-6baa-91d0-a6c9becf453e,46.0,0.7518307015480404,21039.787392648923,330.2421709539726,4,3,True,1.0
3f0467ae-baaf-9b3f-e59e-c5995c46459f,30.0,0.9994859063814432,28125.47887127369,2499.7967618563885,0,0,True,1.0
817096af-4d5c-c720-374f-f25bb37eebed,37.0,0.6457887845502032,23599.07864466844,2481.9975464481795,0,3,True,1.0
2cde4817-dbf5-3a39-8cb1-dfc21994673d,42.0,0.4582608913742285,11940.839727520111,1163.067847609742,1,1,False,1.0
8f3c4c35-e3cb-dce0-d7ca-74451b63dac2,14.0,0.5599057600720085,21290.592553391856,7774.803874785145,1,1,False,1.0
518839ec-15f4-2f3f-bd00-056248dd2c81,30.0,0.9764016948576612,20910.11204973702,3531.5287448217155,1,3,False,1.0
fe895fb9-3432-b931-5ba3-d48fc8836a79,9.0,0.2848851200146752,24035.93703867808,6035.316735406052,0,1,False,1.0
54d0b1dc-99d0-9505-5941-9e59f4b85809,32.0,0.9573390405013416,20148.91369760177,1848.7764384579773,4,1,True,1.0
5984ffd0-7989-0a0b-64ce-1c05671e5764,5.0,0.6996277221931986,26954.58663153541,4786.667792675241,1,3,True,1.0
42906dab-2cfb-7767-4356-fac25af60dd5,44.0,0.6959824522422268,27604.51457684136,1030.528715874756,0,0,True,1.0
1dd81949-3abd-1c81-8d11-b300ef76bec2,41.0,0.7832104235550817,21032.92193387271,1278.8289190724292,1,1,False,1.0
3e51da60-5699-cd75-18d5-184b4b54f8e2,58.0,0.913090396210746,26449.18219761754,224.01851139097448,1,3,True,1.0
570e936e-f2a5-72a4-d771-089a61b77500,52.0,0.9280002636371462,30861.56250839513,1497.034186672591,3,3,True,1.0
93db3292-3bd5-fe74-57d9-65ef0ba0ae80,27.0,0.7964288751925261,34644.44272806558,4654.226113848985,1,0,False,1.0
edb15e84-4cba-ce8e-6d30-dc269697f34e,9.0,0.7273972736142227,29661.54003964117,6590.176602862585,0,1,False,1.0
58518331-b297-b582-5104-f3a4ccb2b464,45.0,0.6342534896221922,19295.039417607462,1115.7695348173495,0,2,False,1.0
3f51dd98-a9ab-491e-897d-b0830fafe174,90.0,0.64341884244529,17471.974998700854,0.0,2,0,True,1.0
8f0e9064-cdb2-43fd-d2db-e5f262bf71a2,32.0,0.8473063143040049,21138.01515930064,1371.899338015914,0,2,True,1.0
b8b97df5-3702-5e1c-cb15-0ca876bb84be,8.0,0.4199164429339574,38794.71092472982,11233.182928303697,0,1,True,1.0
200c4576-8d46-3ddb-e156-8519400aef98,5.0,0.4583984298260775,29996.674557295864,5204.910040237971,0,2,True,1.0
70b21883-89ea-17ac-288a-749814e00d9e,19.0,0.4343364026372635,36264.87367605086,6606.232998997376,0,2,True,1.0
8160fee3-00ba-48a8-c665-1eb13ad3fb1b,27.0,0.814082549711287,28716.92604158023,7511.531960830986,0,0,False,1.0
db95ddd2-a749-bfea-7ede-a52e3a3791a1,8.0,0.9664785123598896,28763.243322582734,8377.929063968384,0,2,True,1.0
06968eb2-cfd5-e9f7-66d4-f044e390cfcd,6.0,0.8212601968218819,27007.154874287626,3484.674614990177,2,3,True,1.0
71dfeb1d-489f-c479-4745-3b841726af2f,90.0,0.8689240726113617,17249.2584937501,0.0,0,2,True,1.0
84b4787d-53ed-f109-964a-746758f94459,41.0,0.3932893996561723,38272.96014152329,2123.4418848885966,0,2,False,1.0
41f37f44-b4aa-316f-0aea-15b155e35b33,90.0,0.9616666821702315,19332.21860285936,0.0,0,1,True,1.0
666535aa-8a8a-1f67-3888-7e96488e6806,8.0,0.9114178878301534,36767.545192200254,6121.465217984136,2,2,False,1.0
abecdfbb-7c42-7dc7-f6fa-c0f764477de8,20.0,0.9994150590070774,27811.55789685215,4005.94409741852,0,1,True,1.0
63b20c4e-a4f4-f185-75c1-4b7641ed4135,25.0,0.9632214914063442,28604.35907868839,1844.08688158948,0,1,True,1.0
87cb01ff-c07c-e61f-0263-b846fb2fe019,10.0,0.8678616898180493,21558.032189307414,5749.147165040265,0,0,True,1.0
f6f239fe-3c5c-ecb0-18ec-a6dfe8b29b90,52.0,0.4582916525043346,28612.0659506757,912.3814723941116,4,1,True,1.0
6b268a76-3d35-db0f-ab2e-c2b6009b7aac,23.0,0.3929403501496717,31329.448202036237,1666.3087691789212,1,3,True,1.0
0d777fb2-f4e9-f6ca-d3bf-396b2f9eade7,37.0,0.998618779918094,24214.16062926644,4624.723029451818,1,0,False,1.0
33451c30-43b3-4274-ecc3-3385052add45,25.0,0.6652856676986139,27456.51507358097,3862.284946049208,2,3,True,1.0
d68508f6-620d-81a0-abb4-e750eb4b5d34,57.0,0.7624365622081134,30307.315365257506,168.26682796128458,3,1,True,1.0
c2d81562-a54c-f0e1-fe10-44f1adec3b6a,55.0,0.2907892610928344,28132.596144139457,202.89991146852984,4,1,False,1.0
79bbe1db-848f-160c-3cfd-a2c3ec8909af,42.0,0.9491885021874508,31378.145114359613,1701.2142296662648,0,1,True,1.0
e83bef45-dcab-95c4-7f45-fc8cd0624dd3,23.0,0.6194141452203011,17342.329983781874,551.6294066676041,0,2,True,1.0
36703aa4-732d-27eb-4efc-f9d40729e157,36.0,0.7813761405154415,21656.73750852164,2553.9244733425567,2,0,False,1.0
7ca167b6-01cc-2fb4-6816-0c9778815f28,90.0,0.9793629872431838,16304.5215801453,0.0,1,0,True,1.0
e1c54a23-463e-463b-4140-50cf28fafe93,34.0,0.9833889715651862,24734.14359114045,3256.825651178214,2,2,True,1.0
933a39fb-227b-2e62-b0eb-9c12f8191cac,90.0,0.9774586625762832,25007.367585282667,0.0,0,0,True,1.0
240b850c-f45f-395b-ce4e-fa3d4b9ac937,44.0,0.7391173561452796,26011.13496925174,664.7202312093007,4,2,True,1.0
11f0b6d4-83a1-7d17-6359-350c7a7db6e3,37.0,0.9112792404492688,31466.419260517927,2538.9028656663345,0,0,True,1.0
5914ab64-fe8d-6a57-0961-231be4c3e9c8,58.0,0.7693420781438618,21402.36660505745,131.68940530953395,1,0,True,1.0
33b09476-56bd-7ee6-b99d-0d72852dc7f2,90.0,0.987586041184218,18697.426175557743,0.0,1,1,True,1.0
0aacceae-9d75-4226-fdb6-eedec431e344,90.0,0.8630976605247572,23779.02983062793,0.0,0,3,True,1.0
929ef593-5b9a-572f-9212-d111c3c2ebf4,15.0,0.9627554318895498,32752.555935381668,5935.980572091729,2,3,True,1.0
a1919fbe-f165-fe4b-258f-6282956a1b6c,25.0,0.9817713064806955,30877.29457677489,3707.407845795025,0,0,True,1.0
0b103887-eabb-8a70-6a8a-1a2f69d68755,41.0,0.9960006187367064,17503.15953325035,1452.7589741078775,2,1,True,1.0
ea7ba9b7-b944-efbc-4274-3fe22f375c7d,52.0,0.9575937938015464,17940.16297929229,1202.915552867793,0,0,True,1.0
9c210f38-1398-d2b7-3f75-31c4ace085fd,35.0,0.5982288696834142,17435.884145619573,1583.4507429158036,3,1,True,1.0
092cf6e5-4f7a-2bf1-15c8-22a289fe78d6,90.0,0.8968448990080023,28333.81817895542,0.0,3,3,False,1.0
cdc6186b-78ad-2f11-986f-07908229ee2d,19.0,0.943612000510068,22492.20362393942,1173.566266608928,1,2,False,1.0
4563e4b8-e3be-c3c5-8f5d-bc6d096f4644,90.0,0.9906512675250057,12538.408884412922,0.0,2,2,True,1.0
1cb6fbbb-bed8-691a-7ebe-4c547aed0395,48.0,0.5180436936444268,16361.077511806468,429.6981564311313,2,2,False,1.0
4915f5c5-fcdb-cafe-bfa4-ea6857efd838,9.0,0.4241184480019178,16520.29957491858,3065.593425997244,1,1,True,1.0
1a9c4eac-7aed-e90c-636a-a8bd5b7ef364,28.0,0.7012256225485851,33525.16907425239,3044.482803850436,2,1,True,1.0
3fce69f2-21ed-b0e5-daaa-323f9a7ed3d0,45.0,0.5497827396523277,23213.089504796077,1018.3103667373572,1,1,True,1.0
a015f30b-bcd9-6eb2-8e25-2a8001cae4e5,38.0,0.7598113893957388,30776.82036547157,1490.4976112891698,3,3,False,1.0
ab11829f-a10a-b377-e7d1-6f4e4fe24c76,42.0,0.92090341583855,26744.22371715942,2227.691334734725,2,1,True,1.0
99087738-f7f8-59f7-bc6f-d7124c9ae549,46.0,0.9986028844616937,33427.73051828559,2306.755552915389,2,1,True,1.0
9a9df8f6-6fa9-cc45-4636-802422ca8074,90.0,0.4499776912457171,27798.95410897855,0.0,0,1,True,1.0
0a1d1f9a-c6cd-9478-2d57-bb2a351e2a2e,90.0,0.508930621447772,21496.50757996921,0.0,1,1,True,1.0
44527280-eba0-18e2-5453-4c93c44c601a,7.0,0.8094774307869331,34517.69256883441,6741.859019905737,1,2,False,1.0
19abd5e9-8957-c712-ac63-264f045ec6d7,39.0,0.3706550009482682,25070.850253769582,1853.730714207201,0,1,True,1.0
18163b2d-60d3-7c56-21f1-4b6a91858df0,24.0,0.5051209948310987,23030.230435034933,3445.1123410432174,2,2,True,1.0
b35ddb55-5517-61bc-7d98-6478f5c41cfe,42.0,0.7183805010919753,27339.097009913068,2582.4234959278683,2,1,False,1.0
eb772f63-f9ca-1e46-ea4c-ef77f4ee0d1f,30.0,0.749279428007628,19099.413086941207,3539.807409540775,2,2,False,1.0
8e679aa9-4565-a13b-95f1-f774b95c590b,37.0,0.6753577657219876,19766.355277083927,2570.681657845028,2,1,False,1.0
f592b66c-ef62-873d-ce6d-8d776d13d50f,54.0,0.3082615847856461,19614.322554701223,618.9325519416649,0,1,True,1.0
e300a89b-3a04-dbca-2447-426d614e6f0a,8.0,0.9251013421949305,31998.566940348523,6439.3659986128105,0,2,True,1.0
29b5cf28-c888-3ec4-ab70-bcb270a55cb3,5.0,0.653642059084853,26798.867643321893,5673.511114101199,0,1,False,1.0
6f6ef12e-8a5e-9657-23eb-76f90c67a421,4.0,0.7238209568604792,28262.365686394653,6579.521557245706,1,2,False,1.0
6aa5db1a-9825-9dcd-87fb-08ebcbbb9a8b,30.0,0.4264748497267546,22497.105481824747,708.7056127031657,0,1,True,1.0
1fa6327b-d7cc-72d9-6e75-88405a57044f,30.0,0.751634203038719,38741.198024861165,2169.983703315355,0,1,True,1.0
0fa873b5-c793-0775-3d70-e395489802df,4.0,0.3892124261069778,25757.554320520416,5938.036632944321,1,2,False,1.0
0e929420-b28a-da63-4c80-638ce1d9dc36,54.0,0.310596949290174,24194.65208697866,517.5193738344699,1,0,False,1.0
395fb145-37c4-907d-8f09-a2a5cec57bb8,14.0,0.2981006920168063,34121.572422013225,4557.847603288265,3,2,True,1.0
f7559626-6569-0ea0-33e4-4b404433ae22,21.0,0.6495950597605885,22140.25555760402,3469.8848579194705,4,0,True,1.0
e7924e92-f332-89da-5d36-86ad061fa03d,90.0,0.9951005728531946,30930.985595732087,0.0,3,1,True,1.0
1b34b83b-1108-1bef-9ef5-7b45888726f5,90.0,0.989485698995362,18614.05413444303,0.0,1,2,True,1.0
1f4faea8-2867-b277-173d-5c02d49a5b9a,90.0,0.8407566793637793,19915.40988206787,0.0,3,1,True,1.0
67b5238d-ca1c-839f-07aa-9116c12acc3f,47.0,0.5039383958241596,33135.871839882544,2218.9872061661963,1,3,True,1.0
608a82f4-80a8-84cb-9625-cba0c59ef278,90.0,0.7836610307845531,19775.14471981472,0.0,3,2,True,1.0
45f07a8c-8ab0-6d71-3853-988f9781d7d7,26.0,0.2863352621380608,25755.02110122753,3534.995457638613,2,1,False,1.0
d56838d7-70c8-48af-4cd7-f18c0c57e782,90.0,0.5623001199659735,20168.23773479381,0.0,1,3,True,1.0
3bdc7e4a-fa39-9bc7-8ef2-03791b4b5ead,10.0,0.7564663713913432,37579.98300054809,5966.41992818268,0,1,True,1.0
1a47636d-1d3c-819e-706a-7783f7575bc5,5.0,0.3816940318724782,27489.278633824302,9619.810358441937,3,2,True,1.0
b147083a-d442-37f6-5a60-4009ef6b9e80,90.0,0.9923101871948844,21997.873146995626,0.0,3,1,True,1.0
e31589d1-972d-4a42-3173-d5994ac0bd3f,4.0,0.7421039670224046,30687.87895735102,10263.387091732438,0,1,True,1.0
4963277a-a454-c4b4-c651-25acc1791133,48.0,0.4441663715032464,31472.445169326144,1287.8854058956604,4,2,True,1.0
6e8ac467-dfce-17b1-c846-a1ae9b87b693,49.0,0.7064624137879563,29619.582932838213,1354.2957526474022,0,1,True,1.0
f746cf76-83fc-c41e-7a00-b4cf9b71e85f,55.0,0.4100268152183412,22833.126633418968,519.9105058117572,0,1,True,1.0
d582fb29-d40f-3725-82af-b34b829323ab,90.0,0.9994412099651688,17077.404796247574,0.0,3,1,False,1.0
e0bd0b8a-6894-7523-2109-8ee59097934a,48.0,0.803261106559404,20221.551819410983,217.4205857592631,3,0,True,1.0
7b499517-d95c-4f78-efc4-f0c1e3bb5e16,41.0,0.8330053967591488,22779.6660906713,1926.2352875260672,0,1,False,1.0
620fe5d7-ab4e-7cfa-6c95-481ba7203f7a,90.0,0.5866593558286606,22935.95510337877,0.0,4,3,True,1.0
5e98e67c-13c5-6872-f701-b1f78d6af223,7.0,0.9186110370137536,26389.947878295683,3061.792168851126,4,2,True,1.0
4aaaef95-0b10-b1a8-3cda-705aad46496c,4.0,0.3986175342473683,32230.719467409766,7668.313272306779,1,2,False,1.0
06369ed8-4a80-2ceb-e2ff-97af5bb0e8fc,27.0,0.8133865206242067,23445.050181599,350.193485225705,2,0,True,1.0
a450524a-5dd4-6b97-bf0e-2692314daac0,6.0,0.9784124045136036,20603.107735428417,8235.637989503231,1,3,True,1.0
0ac8808c-59d2-732e-b35b-182b191501e7,41.0,0.2764303288739492,28998.045956087022,1514.46931456784,0,2,True,1.0
04875c54-45df-6fdb-2367-409df851c400,25.0,0.341628545800498,28494.585764684543,2629.2215359625184,2,2,True,1.0
a42cac85-6f01-f8ec-ef93-df199369b556,52.0,0.3210266833474896,31287.276447767348,1772.500735536243,4,3,True,1.0
791f511e-0f96-c0e2-e90c-12bebfb5e00a,15.0,0.2850553415712674,31733.28081100689,4743.337585671194,0,0,False,1.0
d793ace8-1cc6-a6eb-93c0-11f001309462,14.0,0.8288650499941989,24284.77446808133,972.6236964360284,3,2,True,1.0
dbffb5ae-d205-86ae-0e7a-c0de79154df6,25.0,0.9804638394505708,25384.86599719612,3636.3023535004286,0,2,True,1.0
ee19a891-d91b-ade8-9a24-80674eb20131,58.0,0.4632670162149697,27862.14500717512,319.7667612947354,1,0,False,1.0
011d316c-a85b-bc0c-8661-0dadd454d0dd,90.0,0.965394819569494,14533.67175587146,0.0,3,2,True,1.0
c9240458-af00-e1d1-354a-f5cd0748e2a7,8.0,0.9404587030810851,17726.07687171133,3281.4403364875725,0,3,False,1.0
59a5fb4e-d01f-071e-7f46-04a5ec284242,18.0,0.6767471292629952,26331.402823588964,3421.7697965647803,1,3,True,1.0
d75ab563-4256-2edc-d07f-cb87a113bdd1,90.0,0.9877874904359132,25109.82493075868,0.0,0,2,True,1.0
fe4f925f-050d-5294-fe2d-479d1528f1a4,56.0,0.9823957625248372,19987.80569235796,370.8774055739727,1,1,True,1.0
d723616c-6ff4-1285-043a-9747ab5946b0,90.0,0.8763628418617568,32426.86411699989,0.0,1,2,True,1.0
47b0f275-4384-ee79-3843-d39887dde147,24.0,0.3175345437697146,32689.52641812148,3417.0083786200066,0,0,True,1.0
78584dcc-0e43-8415-600f-04569b58cc5e,8.0,0.9705775897668624,38892.55849358356,4929.326775498828,1,1,True,1.0
214768e5-943c-7b45-4fb5-e3811dd41255,49.0,0.2921201963837087,25115.370808082265,1840.7776198819188,0,2,True,1.0
5a5b1a00-48d7-4865-22fe-1673bbfda702,7.0,0.4783376644025706,25078.798724051685,6309.968078034607,0,3,False,1.0
5757b516-bc3d-d4ca-8cf7-2a97f9929153,34.0,0.9825115512749292,24180.13160319817,2810.467922564622,2,1,True,1.0
4df4b659-d973-de09-bd32-34ae7a1af144,90.0,0.9993345376389874,20175.641342644565,0.0,0,3,True,1.0
18fe04eb-7536-6f2b-3861-e74cc9d548e5,32.0,0.637382302512495,23769.998319656774,2345.582600084266,2,2,False,1.0
266ff7d6-a16e-c2bd-27a6-09d0a7320433,40.0,0.9021250547051104,31836.42690669521,1489.1476592002311,2,3,True,1.0
93b41f50-6d84-9dfa-55be-9380334a251b,12.0,0.3056717857249408,32434.001553782648,3074.044292901752,2,2,True,1.0
f4f06f1b-ec92-eecf-145c-2698b2db90d3,51.0,0.8317477018549159,31455.1409605033,965.1168655392332,0,2,True,1.0
7c542b27-06ef-f5c6-3c02-bb60a58ff05b,33.0,0.961350620629967,23339.67161524248,2226.5801476228203,2,0,True,1.0
f9739109-c538-22ce-2c74-aeb6db3fc832,25.0,0.2890338258358241,29640.16660509149,3328.974821317244,2,0,False,1.0
54d98d36-dcdb-6486-e037-b650c5636a53,9.0,0.99472915732477,17781.74777458691,2990.170292672851,1,1,True,1.0
08b45537-2f32-1a0d-6443-4e8ae4976a31,10.0,0.6216948079308923,32676.858262621197,8313.642921555704,3,1,True,1.0
613925f3-3687-3daa-4328-6965c24aae37,90.0,0.996539206581768,18444.504994816783,0.0,3,1,False,1.0
9d827d45-2b5d-b0cb-ae3b-b079cb6a4af5,51.0,0.9568698748433488,18589.70389232137,987.0182793851384,4,0,True,1.0
5bf9ff60-7687-6aa8-b161-f54bc621ccf8,28.0,0.7939910184312781,28248.36534452587,4126.428265494057,1,0,True,1.0
01d2ccc3-9e95-c457-ef1e-747e60eda49f,22.0,0.3147599478039506,30394.216129413944,4661.429322942561,1,1,False,1.0
9c58e4c0-0afa-47c6-7d6b-16f552b69a93,35.0,0.7713747006055908,27692.772152980117,3859.1218574374025,0,3,False,1.0
50011b4d-a396-50f5-d353-5fa1ef18e8eb,37.0,0.9961942337087032,21634.830160804693,2419.860719472549,2,2,False,1.0
7e3561cd-10fe-bf8b-38ee-dd004a070312,3.0,0.744743571135862,24113.544296502496,6532.766468662728,2,3,False,1.0
b0f8212d-d1e5-21a6-07cf-b6c7461ff69c,59.0,0.9985299220182012,14339.850794566764,67.11500601183187,3,1,True,1.0
2c3f9aea-22c1-aca5-256e-ff762a43e0a2,90.0,0.5164421109460239,20409.248750882783,0.0,3,3,False,1.0
20d8c1ec-6f6c-d15e-d65f-8fc51428587a,90.0,0.7177182190288045,28492.516956248022,0.0,0,3,False,1.0
fc983790-b979-de32-4740-f3dfff3e66c3,25.0,0.985173340126568,33127.28002169975,2961.528942900268,1,3,False,1.0
7280f793-11c1-4314-bcc4-c7fc10b0f0d0,13.0,0.3981320547466754,20395.96395807556,4355.537267150487,1,3,True,1.0
1627f1b4-98a4-1026-59f2-38afbe4e6102,11.0,0.9901326125406286,24355.39121901551,4498.818872221298,1,0,True,1.0
103fc480-a6b0-9b60-f96f-aa61c991f99a,49.0,0.9845233169367702,27255.12946169727,861.3023138151616,1,0,False,1.0
ffa15476-7a7e-fa8a-0c0d-5230fea92fc2,90.0,0.4833601246812439,16531.667258336485,0.0,1,2,True,1.0
c80b864f-b214-2719-691f-5118c38228b0,11.0,0.7176280272286228,33772.366112381525,10674.73903967441,1,3,False,1.0
01cb97ef-e02f-efa3-a070-e81b5590df8d,90.0,0.6579851816776486,26138.050752709536,0.0,0,0,False,1.0
24aaa3e3-bc09-ea8e-e6e2-7bc2b699ba66,90.0,0.8430278141866165,31044.40856759148,0.0,3,2,False,1.0
84279490-0bb1-92de-0aef-7eee389ef875,90.0,0.7851341532084892,29800.27251736255,0.0,3,1,True,1.0
88ce888b-5330-5574-c4f1-fe7ab715e0bb,90.0,0.9760555578701444,24507.8894503238,0.0,4,2,False,1.0
dba73b7c-a436-13b6-3449-ceee78938193,4.0,0.2771608700258602,30999.33702368479,4236.170676126705,0,1,False,1.0
32ae796f-3358-b37d-3912-25abae4fd96e,90.0,0.6697077430775585,15339.4701492594,0.0,2,0,True,1.0
6cbe4c86-c8dd-4b5b-14c0-ffa587bff909,7.0,0.9757958212348924,31287.81673235047,4403.769757964154,1,0,True,1.0
0f9eb5dd-8342-c804-0650-a4630b06ffdc,33.0,0.9152140500138748,29128.500214860196,3898.8791364159806,1,3,True,1.0
b043ba9a-8df2-9fff-bc8d-8f6d035bc87a,29.0,0.801969838933938,21141.267603537384,2152.7324848324056,1,2,True,1.0
7af9a9e8-e257-de03-b839-257bf600e297,90.0,0.8942842769214809,21510.3959459341,0.0,3,0,False,1.0
becc9dfb-f4e8-d032-d702-39d15acde35e,8.0,0.7742476999612822,24688.241269531907,4549.81048142002,4,3,True,1.0
b142e291-7ddc-9c5b-9cd0-979117c76bfe,16.0,0.7845992242755249,22370.84765386657,3633.190633384345,2,0,False,1.0
f02ed888-bfd1-e7d0-dd70-1be8284aca0a,21.0,0.8381792166298739,23471.64173635548,3265.9531614743933,2,2,True,1.0
98db0227-754c-d37e-59fb-d0044c2fd20d,28.0,0.5450847114798645,37208.7221404223,2364.7327325865863,1,2,False,1.0
9ca193bf-c482-f640-45ba-40e6cadcad17,49.0,0.8118516233488962,18686.088014933644,0.0,2,1,True,1.0
c99f39a3-a1cc-dab7-9439-88d5bf0290c5,90.0,0.9622127839417988,21924.34850247684,0.0,4,2,True,1.0
1495e96d-93ca-3bf1-4b52-f1cc155efddc,55.0,0.9763917748802864,33282.48554203587,719.3706392372756,1,2,False,1.0
e3ac2c36-cbf2-a9e3-3411-eb7918151d3c,14.0,0.8226585273443581,31333.542242690204,3290.308701946798,4,0,False,1.0
f36eebc1-2fe6-9ef1-f751-d483478c102b,14.0,0.3344188922759865,23145.202812569343,3639.556838514868,2,3,False,1.0
b954990f-5119-60c2-3efc-3567a3cce841,19.0,0.3541475522299347,28924.854225374937,8074.168463858493,0,3,True,1.0
01e95074-d3e3-24a1-e4ec-94f7bbf4c571,5.0,0.8400261121519214,25770.26900195565,6326.317894352146,2,2,True,1.0
7fddba2e-8ec0-3bbf-cc73-6c2daccf7404,20.0,0.3358942277976819,33557.21396400945,6170.681327095402,2,3,True,1.0
28413309-820c-0d63-0977-f01b5268da9d,22.0,0.5569870780993392,29995.820790188514,2796.51932545974,0,3,True,1.0
1be2c582-6737-5541-3ac3-09f906dfba19,48.0,0.8868701713525591,29162.574595094527,1525.0223850284897,1,1,True,1.0
d9ba1b9a-7338-6313-d1a0-15df3675972d,22.0,0.6822505949096831,28159.75258918633,5852.457816091364,2,1,True,1.0
f4d580f4-ba7e-efe0-93c1-d891fc922261,90.0,0.783470554262661,27309.822349519964,0.0,1,0,True,1.0
791523bf-e4cc-bf15-e2db-43b372b34699,8.0,0.7415327473893285,18739.432106027976,4390.035215723206,1,1,True,1.0
933e2ffe-76e6-464a-0c30-6e4783f8680b,90.0,0.3489651511777112,33584.365039423545,0.0,1,1,True,1.0
c165af68-2b6b-8de7-e24b-42eef102074e,18.0,0.967418484525752,17153.939804407717,1626.6836355491314,4,1,True,1.0
50eaf415-616d-f4c4-99fd-d5779be2f28a,4.0,0.4662470464708437,37645.96943879231,8586.565739877737,0,3,True,1.0
47c694df-5067-7d59-f706-aa00c2659219,14.0,0.9979368431503642,21134.33874028881,6500.933742765141,0,0,True,1.0
365f5b43-0358-1467-33ab-3c4af58b028f,42.0,0.674182272626487,34284.00204742819,3833.352742149186,0,2,True,1.0
23e4c869-370e-a3ab-7c96-ee9090f1babf,29.0,0.3087550050049829,21315.26796318473,4839.289408904197,1,2,True,1.0
187957f4-cc02-4827-3c1e-06c734d89d52,16.0,0.4908515968046062,29803.39940287906,3297.2151251110818,2,1,True,1.0
198737b9-4d74-a086-a400-6c526edc4e77,16.0,0.7220087475620746,34998.18341902237,6260.755279867457,1,0,True,1.0
de213820-8933-b8d2-e9e2-4aa8d66c0c4b,11.0,0.7318182574070206,24916.039276975345,7927.909452623105,4,0,True,1.0
cb671b9c-d34c-01f1-0d6a-d24c76464212,13.0,0.295846138125563,35070.81309607587,6204.584684442307,0,2,False,1.0
9ac573a2-4d8b-bf79-43ca-18a6ac327b83,90.0,0.9806927147743916,29179.72896022359,0.0,2,1,True,1.0
4367f3c8-b585-7ed8-7b71-601e775da709,13.0,0.5962229294091312,39805.52846674054,1442.391154554238,1,0,True,1.0
49aaaaa4-1a79-8c0b-00ca-3b8c2c8889b1,90.0,0.551150346225449,21006.93657643725,0.0,1,2,True,1.0
1be612aa-39de-d723-82af-b020ba5a31bc,58.0,0.3850532105833698,42715.48224758882,179.12386985020484,2,2,False,1.0
2699db85-8c8f-0a35-3daa-0e9107f21848,49.0,0.5423056082271344,23304.99653052831,682.2059532628706,3,1,True,1.0
fa65fe53-5442-69dc-0f1f-fa888ff2873b,90.0,0.8655445862717226,28313.36218881998,0.0,0,3,False,1.0
e1931351-8f8d-2ff1-d6b7-98e95d153b54,43.0,0.9994725737279396,15467.711326927922,691.4494294777782,4,1,True,1.0
b7ecced0-2ba4-bcc3-1a63-a5000592ece1,10.0,0.278085117579749,32065.42050210844,8170.834514257723,2,1,False,1.0
3b3b58a9-f79d-8846-5d34-da66a8df64aa,55.0,0.4079807574993414,28963.062571427425,377.3019838632496,2,0,True,1.0
ab06489a-c241-8ff4-29df-d09f867bad57,51.0,0.9757999352407764,13393.580689548193,233.04615229687735,3,1,False,1.0
51557624-e0d2-14c5-9c7c-9bf54471c1eb,23.0,0.5812179274844694,29885.935222244738,6450.359149400993,2,0,False,1.0
81facc0d-96c5-b13a-2688-55d663094153,18.0,0.9105531097225602,32780.19550916787,1711.6796237788603,2,0,False,1.0
5be8bc95-06d4-4f26-39b0-b9214ea79c9c,26.0,0.8101520780399043,34388.83062885374,4279.151349925865,1,0,False,1.0
9f53ce45-26fc-ab91-a90e-2cb35530084b,90.0,0.9224454394905034,21137.16924670471,0.0,4,3,False,1.0
171b26ab-a19f-daed-1b89-e83feea977ee,56.0,0.9896491897846872,26256.83177554063,439.3893367290525,2,1,True,1.0
74761ee2-608f-f529-c62c-c57e7adebf86,44.0,0.9165036403728044,30332.204148321296,3080.8558314215625,0,2,True,1.0
77c88526-7815-5435-1002-e7a4988036eb,90.0,0.9017091938732082,24302.156610350557,0.0,0,2,False,1.0
eab169d3-e4ea-c3af-875b-870fbf52e652,17.0,0.8047858261582578,33797.76692874111,3267.181156356095,0,3,False,1.0
85d507bf-3769-1bba-e3c5-05411d12b794,9.0,0.5377156562037247,22227.1874839759,3198.417082441801,1,1,True,1.0
baa14c3c-ae93-93a7-72d9-974d1c755e22,7.0,0.9621332247219628,34711.13143977,8915.710065353713,0,3,True,1.0
55b1f135-9f0f-53fa-22a8-a8ef2ecd0e37,19.0,0.6348883826489659,23055.74210464274,2833.877923632097,0,0,True,1.0
3870596b-d830-358e-ed42-8c533af92bc3,90.0,0.6513725624877164,19834.49242133848,0.0,3,2,False,1.0
32fffc63-118a-cf04-4978-316c1cf7ad06,16.0,0.8859188950548412,31684.09042754138,4524.066181962098,2,0,True,1.0
0710092a-15ff-a810-a5aa-f6b2fceadcd3,7.0,0.7692687833197989,25821.5877128673,4864.064205307458,2,1,True,1.0
5967a33e-665e-388c-5353-6c6fd35e9e48,52.0,0.4644925909703938,22932.943150300245,1788.4464526383542,4,3,True,1.0
e5994aa4-f892-701e-d7aa-4a5c3bd6a02a,11.0,0.9635180391782876,24759.304528904617,4825.802392272485,1,3,True,1.0
86f8f0a6-34a3-7c10-21c0-266ec41710c5,59.0,0.4097078606040367,31077.205093193745,133.79465379001385,3,3,True,1.0
7c75b99b-2f25-b6c2-4416-1709dea50b99,27.0,0.9962045320798032,22223.630602888898,2109.004600263686,0,3,False,1.0
c4b70f43-25fe-f57a-d28c-133c854af395,33.0,0.9984959715722516,28181.6716974221,4062.2099506342506,2,1,True,1.0
d7c0e765-8e5f-7570-cb3c-67c95bbbdd74,32.0,0.3185147253637933,31253.5879026898,4153.346015009072,1,0,True,1.0
26d72b88-348a-cbb8-bace-aa29e217ef24,22.0,0.9211000173869331,28913.598350625736,3692.868038543475,1,2,False,1.0
68eb3d84-5daf-3896-7537-5e9ff1eb8975,6.0,0.3800416633604759,23010.38518662557,1748.222683107759,1,1,False,1.0
1391ac21-ed98-b3a4-4fa0-e4c0d1562de1,27.0,0.8119614336419773,34693.05613405877,0.0,1,3,True,1.0
9ba948a8-7bcd-2e9b-0338-0d8cf4773586,33.0,0.5880044186038597,25573.031001649982,1447.392960766544,4,1,True,1.0
0adcdc56-090f-9003-30ee-c366a1c432cd,35.0,0.623231995053983,21891.562139086396,2778.899534600874,1,3,False,1.0
a5a749a3-1228-28a3-82a1-0489582fa567,3.0,0.8572122100956522,23486.27153721853,2696.7637096538683,2,3,False,1.0
608426d1-50f4-ebb9-037b-28b77dfbe9f4,29.0,0.6265461449186501,33893.73636418814,5347.364295620481,1,3,True,1.0
28267155-2990-1b3f-9acd-b515449523bb,7.0,0.8383915240987013,34031.25635994059,7098.253362684323,0,1,True,1.0
d848b4c0-9358-b408-fc76-e5ffe003ab57,17.0,0.9900427350950765,34124.53433529429,6485.758563246681,2,0,False,1.0
9456699d-892f-3b4c-3f93-9f9de0b8119e,10.0,0.9834768298687626,28162.925865878417,6611.09738020086,2,1,True,1.0
3410e851-b461-624a-c058-a2af49b815cd,35.0,0.6198080526762073,20408.37319193491,876.4562145077381,4,2,False,1.0
31eb5dd5-eec8-e6ba-01df-4e6a97b507a7,90.0,0.9884310008335706,20513.570501414404,0.0,4,0,False,1.0
e9222c64-083a-a051-5501-3c2467099f5b,44.0,0.8422276101034982,16666.734881045184,1964.3648545155024,1,1,True,1.0
639f51a6-0696-bdea-3adc-5fd2feb3759a,49.0,0.9996123263989068,28695.61253292455,1463.336439656006,2,0,True,1.0
0d5d21b9-b078-8e54-5660-3484e324dd20,27.0,0.4239092819100217,18111.865361950124,2900.6381121453983,1,2,True,1.0
88739c78-7180-ef7b-3d0c-2b38312da2b3,29.0,0.8602758826802386,27420.7959907428,5103.206966187925,0,2,True,1.0
3a754f2f-3b68-03d1-5e85-78ce882135b5,31.0,0.3457664105284634,27936.04440942499,0.0,4,2,False,1.0
88d23ec4-92ca-1335-b1e7-840a0bd471f4,37.0,0.313288848813517,27414.934366207846,1330.2939252574838,0,1,True,1.0
3b0ffdc0-d842-3a9b-84b8-f9f986a84b7a,52.0,0.3236256163191696,28099.10828267442,212.67665563200944,0,3,True,1.0
2e5c0d54-5814-3557-5e9c-33e0f8ddba75,13.0,0.7175041983526723,28822.66683595505,8074.966591302288,0,1,True,1.0
ca3dec1b-5ea1-2ccb-0a1d-c11b6b18388b,38.0,0.5798585864596456,28177.299317191068,172.59892170006574,4,0,False,1.0
15e62de7-7068-21ba-7d36-a77200e22074,32.0,0.838804420904326,33175.50188952465,2046.90276438288,0,0,True,1.0
7672d36d-61fd-2adc-f275-f6a33fd082a2,11.0,0.991204143227547,25600.569362111564,8364.850004956832,4,0,False,1.0
24fdf362-392f-0f52-4835-5644bf32d3b8,47.0,0.4586698175205396,33613.94429853225,989.7302312784208,3,3,False,1.0
9835bed4-15c4-9438-4602-75aee70ebaa4,28.0,0.6533437088142865,17756.390749750666,132.78527887763502,2,3,False,1.0
d0310323-1237-391a-0585-2b0a3b8a23fe,90.0,0.9985768362021952,14465.398612251274,0.0,2,3,True,1.0
e196ca2a-aeee-99ba-2229-c3f2c4850e48,10.0,0.9998737833722712,35222.31865361309,0.0,2,0,False,1.0
f1184ced-ea1e-b8ba-3a65-d41b96f7e76f,11.0,0.4348915564124625,31793.97411549137,2856.950896134189,3,2,False,1.0
1bb4b740-d4f0-1175-e836-5a10fd845c93,9.0,0.3854420666498682,34124.60446863327,3284.4112230421347,0,0,True,1.0
f4af8a8f-d19e-ed40-fc2a-ad7589c6c178,26.0,0.9462509771653084,14623.19101896842,2298.020378847242,3,1,False,1.0
b0e07dd8-12f7-cc1b-59c7-8e8b4107ec5f,8.0,0.3499964108493293,23071.794151968585,5607.84756814746,4,1,True,1.0
5dd24a11-4200-5376-fcfe-572411df81fa,19.0,0.9461600378502668,31825.035147237268,2509.863271136019,0,1,True,1.0
1e2cac1d-2d19-a3d2-79ab-669a0b95ddc7,28.0,0.3905747087848223,30898.03806968673,3416.469809217266,0,0,True,1.0
9d87b8b2-c53c-f9e8-129a-cfc052e9bc14,7.0,0.3305974162081786,38415.11707985467,8673.40129825382,2,0,False,1.0
5eff1ec9-9989-58b7-8596-cbda9ee8664a,51.0,0.670277360127324,22646.506455583483,405.13754955940425,0,3,False,1.0
45d45027-11cc-5643-e4c9-b4fc7a7b2b3b,59.0,0.3128700182328847,22840.79389547167,39.64814560999828,0,0,False,1.0
4bbcc687-bce8-92fd-24d3-cdbf9d2742bf,51.0,0.4131291705224751,15574.30207922852,364.2076232060252,1,1,True,1.0
fcc42708-d688-04f0-f341-b08d00244782,42.0,0.2994252407138305,22208.83748366468,1339.0247966362208,0,2,False,1.0
85ef749a-a23c-2de9-6c3b-f3f62bbf2fa0,15.0,0.9981063215469156,21529.39329739874,1114.157991919695,0,3,False,1.0
8290e15a-304d-aaed-e1d6-2b6245660218,12.0,0.9462607093891016,30326.112204343637,7950.7338688246655,2,1,False,1.0
d723b781-0e9d-0d7e-c3c4-50db9c37c3c0,27.0,0.9843197030431226,30574.828593469647,6946.907559806311,1,2,True,1.0
b598d62c-4d44-5333-04ce-55bc40424dbc,46.0,0.3273579662652692,35307.15867157842,2422.889333855458,0,2,False,1.0
a842db97-c6f5-5aaf-fb1a-748d7f05db6b,90.0,0.981537680665665,14096.282908274788,0.0,3,3,True,1.0
12dc128b-ed71-c47d-5ef6-32f4facba851,90.0,0.9999814589772132,18283.839396872187,0.0,4,3,True,1.0
cdc8532d-7f08-264c-9e07-a2fe8b90f526,4.0,0.603816326408378,28611.26797418468,3497.039274747723,1,0,True,1.0
f153da83-0ffa-e32b-8f02-c56e561f41bc,11.0,0.6162403994210806,20622.39640195104,3304.3211653424733,3,0,True,1.0
0b639e09-a528-5631-4177-877999d90583,27.0,0.3269185789582418,26187.911441084456,5336.324746714648,1,0,True,1.0
fcba4241-cf89-ef45-1ef1-ef29b248a2dd,38.0,0.4484681063580645,34703.797434983586,3157.005095407923,2,1,True,1.0
9bf016d0-7b09-dcb6-504c-f53f820c6d49,26.0,0.6456946023616147,26690.54248091428,3997.2242271659234,3,1,True,1.0
1b0359b1-5a8a-136f-2033-ddef68d7914e,20.0,0.925428948489718,29842.981952923958,4544.206254818812,0,1,False,1.0
004fabd1-39bb-41ae-ab47-df09d61adf52,49.0,0.4591227799613191,24157.93283411466,442.27532599298667,1,3,True,1.0
82321180-d476-913b-a63b-d52ca1ce95c1,8.0,0.9999450361770432,26114.833247350944,7673.2445835666,0,0,True,1.0
7869c109-5af7-6650-bf9d-760fbbf5f264,30.0,0.7788681376088412,24431.306120015062,5609.475011122187,4,3,True,1.0
4cb4cee3-a76e-d6e7-dcc7-c1e2014e7ca7,90.0,0.9903247333045966,26890.18445096845,0.0,3,0,True,1.0
8d18b4cf-cf9a-7b02-d074-fc0021de1b1b,21.0,0.9813793065940586,17781.230873042045,396.27027838506905,1,1,True,1.0
11645f7c-3966-2818-3f73-658d6f5b8a57,19.0,0.6328936620351266,29991.36001622804,5904.979329109916,2,3,False,1.0
9bc39dac-b32e-0fb4-5611-c8b7141d826e,90.0,0.6759733033813081,26341.270279313627,0.0,0,0,True,1.0
9a49b7d0-1750-da5c-bdb6-83dea0eba363,13.0,0.6885864913830069,23539.800676522784,4211.494829742794,2,2,False,1.0
1f062c08-3661-25c0-1d0c-e2a91be1bf8e,34.0,0.9403594188169396,26608.958779589684,2307.0032983428578,1,2,False,1.0
61be1f6a-8156-b569-e256-863848732bd7,19.0,0.9310083279154744,23381.68897671716,5534.270321497732,3,0,True,1.0
f27b0c90-32b1-563a-dc37-2f5953667ab1,9.0,0.9026031356935916,28645.39138415821,8666.485691148815,3,1,False,1.0
c14286a1-55c0-c540-e39e-ffb9f60bade3,90.0,0.7202456475210153,34970.25642376431,0.0,1,1,False,1.0
8000f394-411d-c400-1dde-f98dc66dceb7,41.0,0.4413004421511415,32863.628966405566,4237.851231899,4,3,True,1.0
3438275a-4fb2-38b4-5486-f6fe39c928c6,90.0,0.942798369635534,32223.336947404096,0.0,0,3,False,1.0
11a53865-fec3-32b7-96df-c45d05ae0b2e,90.0,0.9977847904911245,18137.774344819474,0.0,3,0,True,1.0
fdb9966f-2daa-7bcf-79a9-2b4a0050fa0c,18.0,0.931886999768074,26874.081545211146,1614.5038311086146,3,2,False,1.0
c4c7faa1-c7e9-7170-b5df-a8a383d3dab4,90.0,0.4675926321788397,26360.392620041745,0.0,2,2,True,1.0
92f960fe-a135-2f26-3114-ff7f6c8ccb9e,9.0,0.9342668787969762,20180.98160343287,2142.589090788936,1,2,True,1.0
324b305d-d86d-f8b3-f2d4-e687de1f646c,34.0,0.391866353882758,29322.43224080334,2784.910897039446,0,3,False,1.0
7ade579e-2612-4c99-5a96-d26988269e48,28.0,0.3415330337914281,37503.06595045875,4461.341180373736,4,1,True,1.0
e1ab77c0-e166-03ea-3753-00b2953cc82a,90.0,0.9923719085906404,24043.985117472213,0.0,1,1,False,1.0
7789606a-c29f-370a-4e05-d857e1a6b7be,38.0,0.8739248579332092,18656.53515835745,2515.475249796616,2,2,False,1.0
a6831bdd-a337-c7b2-f66b-779d5488445d,90.0,0.6359316934977176,23392.12840024525,0.0,2,0,True,1.0
093c4bd0-e359-acb4-7d7e-15a066fe563b,22.0,0.9709780223777048,16278.668290020149,3658.266636802107,1,1,True,1.0
eddff307-d456-cbc6-fc93-1cf8dfc37126,90.0,0.4291212590230545,23235.78476516046,0.0,4,3,True,1.0
9779f55b-ef63-7ce4-0de0-28a7a1fa40cb,11.0,0.6768857334955246,35593.676368503846,6980.620485746373,0,1,True,1.0
af901cb2-f139-1a1d-6b61-54d221b6ed00,43.0,0.3926204241716373,32904.86046285184,4468.431977837657,0,0,True,1.0
b2e406c5-f776-816a-430a-a7b518fa6197,44.0,0.5676886991539112,23105.398997414053,1053.4137345984402,2,1,False,1.0
703e2696-d5aa-9f0b-dcba-82114c26b81f,90.0,0.5762134993591654,24670.573233324205,0.0,0,1,False,1.0
48f46b65-3fc4-8d62-9951-a95346562aad,90.0,0.2851615264350263,19033.932466264352,0.0,4,1,True,1.0
fca24417-430c-08e8-0764-e165f0e7f62d,46.0,0.7033456336242401,21682.02276290359,1502.7564935571604,0,3,False,1.0
163a1d0d-f146-3fa1-4282-99facffb6910,49.0,0.997236058106547,16294.487911080176,837.8622598851098,1,1,True,1.0
43085271-6093-ea7c-75cc-78cf6c7f3510,19.0,0.9848633952756576,21532.40026100256,1670.1038984294462,2,2,False,1.0
856e533d-1d30-4dba-bf8d-29200d208fe0,90.0,0.9999050308831372,28232.115569447447,0.0,3,3,False,1.0
06ee1f10-66a6-1d7f-9816-c74ace646f01,30.0,0.3667295424966627,19981.71988125816,3598.704715629234,0,1,True,1.0
6913f317-434c-54ca-b915-929c1916a403,37.0,0.977634823080872,26888.709201761423,1771.621619496927,1,0,True,1.0
387df33f-8000-aa04-a293-9ae0e068fd2c,8.0,0.9810786280647692,26277.52804213417,211.8603265624428,2,2,True,1.0
f74e4928-ec2e-43af-a9a0-fe5b56093dd9,9.0,0.5728180172221253,34260.448813704585,5379.9874879730905,0,2,False,1.0
6f36643a-7df0-646a-55a3-65b31630ac21,45.0,0.5970435236446233,20575.29310779257,868.0999580529983,0,0,False,1.0
6af0ae9f-944c-9f3c-3f7d-70b9bc08fc97,41.0,0.9948699685879708,32365.3087099449,2417.768056248424,0,3,False,1.0
df141baa-5c28-d55d-c910-02ff06d1d60f,20.0,0.3836631590280076,21749.430486185127,2804.4861747715395,1,0,True,1.0
bb16425a-43d4-48e1-fac1-43a6894b8680,90.0,0.3896002614567074,26211.70516256588,0.0,0,1,True,1.0
726453b7-11f6-b5a9-284b-bfcbddc1c2fd,7.0,0.9929011319390229,23485.72131091533,3045.713074767972,0,1,False,1.0
170a3d81-e040-da6e-54da-6cae976bea20,90.0,0.9966639184457936,31107.02294224392,0.0,1,2,True,1.0
3d4fed88-e242-fbf6-c6d5-a0eda46b711a,40.0,0.4451640522232989,30287.897918740004,2591.2212455134054,1,2,True,1.0
631b180a-ac60-0e76-894f-f8c86de99cb8,12.0,0.8012653169037053,19010.510530988984,1998.373403480129,1,1,True,1.0
4e7f1858-d3e1-716b-6778-46ed5429784e,90.0,0.3358255387409719,29276.50297619072,0.0,2,3,True,1.0
1a79ccc5-988f-6f10-d5ea-67339ef4b226,11.0,0.8049166645462228,31356.481396213687,5086.558861221781,2,1,True,1.0
7e72da2c-6cd7-a627-efc2-2af262c64711,29.0,0.7635138960369762,19451.16878988262,2421.754504401293,0,1,False,1.0
67e7413c-34b5-b43d-eb59-4942f82eb414,5.0,0.8025091913531582,27781.10102079717,2466.874232907431,0,1,True,1.0
68b5371a-dbb3-78ea-d607-fa5b4e351a40,14.0,0.951611871083488,33779.262672974,8607.686359170955,1,2,True,1.0
7d833fdd-3eb3-a1db-fcc6-bbe365a8f397,90.0,0.5233613890926588,20014.96990061104,0.0,3,0,True,1.0
d7ca78b9-140f-0cb7-53a4-3b62ed411845,52.0,0.9406708424216748,29383.45320902337,749.6422844132321,0,0,True,1.0
c10d7148-07db-d079-a6ad-b756d4fb3799,19.0,0.9751744621125036,23326.844653626296,3664.144641188428,2,0,False,1.0
6b8a8994-2939-0d0f-b72b-20985491209a,55.0,0.50281398466206,20943.869467549743,410.3933134364883,2,2,False,1.0
14a9c79b-852a-3b57-6710-77fc01e1164a,47.0,0.9416056382741224,29172.597426627603,654.003029212404,4,0,False,1.0
37df70f6-044d-d30a-0e6c-08342f3e6e9e,90.0,0.528654817221955,40859.21715047773,0.0,2,3,False,1.0
1bd210c9-25d2-b16b-f2a2-79bae53c374f,15.0,0.5263405947097115,19689.9341806352,989.2566380339408,2,3,False,1.0
e95f4fe5-dc73-dda1-a927-c7c56591b197,32.0,0.9760447432059324,27264.235962354025,4789.258550516071,0,2,False,1.0
296a23ab-4cd7-8eee-4317-4ef3b92ac3ea,4.0,0.3500797317314235,19707.17841569665,6419.626680807493,4,1,True,1.0
5c9c4f6c-964b-bb6a-1af7-7f95f5322d38,55.0,0.8517494725237307,13498.828041512006,24.37333659047872,2,1,False,1.0
3da30a27-81b2-8c9e-a526-06602dc90746,90.0,0.9792299789131724,14797.070748861915,0.0,0,1,True,1.0
0b5e2159-3cd4-b82f-a812-e9095e86d2d6,5.0,0.8127257178898112,26398.186430880767,10636.270630198624,3,1,False,1.0
801762cb-331e-0f07-b679-178ac2fa69c2,58.0,0.9930952545406684,24042.344850468533,172.2538293205852,0,0,False,1.0
484206e1-b66e-b196-db97-55d233cb9600,24.0,0.5671362854910095,35972.93376523683,4637.139725035868,1,3,True,1.0
a4402ec4-0743-aa75-b4f0-95ec8dd1ea96,40.0,0.4695425219275922,23193.96646437314,2724.8834814490747,2,2,False,1.0
adc58585-3789-4663-35c6-921badde5725,56.0,0.8569418111191881,19432.83002216139,295.95780613439405,0,1,True,1.0
bf59e6da-ba90-2ffb-89f1-aae718ecd842,26.0,0.2945436755978926,26718.922401421914,4180.446604381449,3,2,True,1.0
a7bae4f5-2fbc-6a0f-5403-e70fc2e7fab8,11.0,0.9038168653097052,22849.557426902844,6403.640221371383,1,3,True,1.0
b6ee1bd6-cf7f-0fdf-cca9-a6d64f201be8,15.0,0.8399583999849892,22417.773417274,4759.960151552994,0,0,True,1.0
a9dec013-35a1-45de-fbba-d8b324f2cfdf,90.0,0.9781479851691632,17388.923277431295,0.0,2,2,True,1.0
1b81e831-b99e-e672-2639-8dd1e8be1c33,24.0,0.764198285205467,24929.1850319327,6061.841887056959,3,0,True,1.0
e60d4c93-be6d-8a63-f362-2390d46ccd24,90.0,0.7212528307371174,27395.804468417457,0.0,0,2,True,1.0
7a806b8f-4fed-7340-b6f0-9bcda703f8a8,36.0,0.6886113754231867,24777.468201754036,1424.794760601639,1,0,True,1.0
ef277825-5ecb-8af5-9435-1b7ba6553d2d,30.0,0.528605527337778,30700.44452832928,3961.4435699135943,0,3,True,1.0
23a740ee-0ba4-9e22-c945-e471bd994e21,90.0,0.9895751240988728,22031.4005101201,0.0,0,1,True,1.0
02dc77b4-a693-7e00-2be5-3d016386ba29,43.0,0.7318923938802618,14116.755935451149,1133.678230017979,2,0,True,1.0
8a99bc35-6d71-028c-ea36-a0df952bfcf6,9.0,0.2950485687097023,30084.118691301275,4237.501619426132,1,0,True,1.0
7d4abd68-9db6-694f-7075-6af170eb47a8,38.0,0.972020996130757,19749.4310573048,1044.613788772193,3,1,True,1.0
12943601-b3ff-8735-5a91-f755404e7540,54.0,0.8908464261741104,27272.73692370222,1170.0251611110273,0,1,True,1.0
b40fa55e-91b9-33de-e567-1efb66ddfe22,19.0,0.8277952370998483,25648.66729397981,4581.552227662265,4,1,True,1.0
5922eb1b-87e0-1507-9c03-f67df42f30e3,90.0,0.9958802547571576,21706.86180280561,0.0,0,2,True,1.0
3edc568f-b7f4-946e-3705-ef1d6f01295a,59.0,0.359933191032345,21891.33804031466,61.60132873658609,3,0,True,1.0
50a8f6cb-de42-d49c-b770-8de854aa3663,40.0,0.989098047510601,40534.44038241187,2227.243096615033,0,1,False,1.0
5f528ae9-2fe5-6d6d-d23c-2a4d041c40cb,59.0,0.9917147129551592,21793.849014423944,30.41524118746208,2,1,True,1.0
94c4374a-8f26-00ea-7928-7cb62793bc6f,17.0,0.9802146485473554,29134.77120510356,5038.359654225454,1,1,False,1.0
b9968c0a-8126-f394-25b3-6fe80d6080ed,25.0,0.8345774182824764,24947.34464159438,4330.80527808101,1,3,False,1.0
c3904544-4665-01ad-b18d-2f07f84a72db,22.0,0.9962556925116528,14247.737574410072,4316.961514268624,1,0,True,1.0
78b39aa8-e81d-5866-0e08-60c8da6f331a,54.0,0.3780667391924847,22793.09399344226,386.0133825639472,0,2,False,1.0
43b36265-0fbb-8bcc-b72f-b23d33e8fa85,90.0,0.9997679775880493,21788.338337362125,0.0,3,1,True,1.0
0a57ea25-8014-f3a2-0736-c464bcf6c1c5,41.0,0.9314474943618468,22042.166625794893,1570.6638809411777,1,3,True,1.0
70c77340-a7f0-cb98-f951-f0d5ec5c2a8e,7.0,0.9774292947276532,24638.824860227967,6579.668678917008,2,0,True,1.0
7819e992-3b81-6706-8fd1-fd3fd6b40e33,59.0,0.9982782421322162,23010.798239707077,102.13817306285394,0,1,True,1.0
8f09344b-c20b-3c7d-f847-d8f72f305c97,90.0,0.6854077069822403,30938.63975521222,0.0,0,2,True,1.0
b237beee-6c59-eb38-10f0-a24f88c182f9,90.0,0.978919621728768,31218.235432948724,0.0,0,2,True,1.0
926cd0d8-a150-48e9-073e-d4e6b56c07d3,90.0,0.9211980430237696,18978.888296210287,0.0,0,0,True,1.0
39a36de5-55af-c272-29b3-91efe00da8e1,90.0,0.9999496291296762,23007.37715043019,0.0,3,2,False,1.0
c1074614-4bb7-a1c1-0cb8-6be1d4856e4a,9.0,0.8496493478951164,18193.983110077803,4013.7755175945554,3,0,True,1.0
c4243f43-f655-caf8-ecc9-669c5a343743,90.0,0.9777858734587848,28271.13748136353,0.0,0,2,False,1.0
7a0cbf9e-d976-f231-7c45-ff7573818423,90.0,0.8592046726063024,27171.201627285856,0.0,0,0,False,1.0
c02fe9dd-03b1-a447-cd7b-33e13e74b0e6,5.0,0.300550112813032,30957.63725441381,7142.83780807357,1,0,False,1.0
bfc9ea81-ef2c-6742-1499-ae002737c2af,14.0,0.9078425914806612,37214.22274096853,1020.684575846068,1,1,True,1.0
66d77c01-1d91-64e9-f97e-d0bb5fa224f5,4.0,0.4040263165019038,31793.83553842888,11258.083944700302,1,3,True,1.0
aa35b10d-3cd7-37bf-d97b-ec88fa9485d3,52.0,0.5648013555750009,31912.49761584416,1084.9137576996177,0,3,True,1.0
f131cf8e-9897-6b4d-dc4e-5835d18f044b,90.0,0.9608019252666492,30914.52497599532,0.0,3,1,False,1.0
60db1eec-cb86-2dfe-eb10-742e64e229f3,8.0,0.4459678704876811,28709.796430154693,3716.951040441911,1,0,True,1.0
60611621-a80a-199d-9999-7ee5f64ffc8b,14.0,0.5553255593030654,24246.228712818305,1909.143616519381,1,0,True,1.0
91b2e177-6c8c-9784-be4b-35fd6de7237d,15.0,0.9760163113306486,24044.404462091552,4428.320632219019,2,3,True,1.0
2fad3815-67cb-78f1-f2fc-7979ba38782d,17.0,0.8577311447029558,33840.711889872044,6656.180074277295,1,1,True,1.0
8b5e70e2-a9df-8d77-6c7a-ddba77d5ca0e,41.0,0.9589528265855676,22011.339391563924,2342.584453000562,0,2,True,1.0
5108b1ee-f031-294d-9587-8253578ec70d,18.0,0.9351869048569994,25787.654459948066,2186.0732671570067,1,2,False,1.0
b48dc504-bce6-a878-c804-2c58a23273ac,32.0,0.7752401857600171,23000.744967779065,3734.1369675611936,4,1,True,1.0
c736c97b-0217-a7cd-3770-570dbf0bacfc,39.0,0.6172269556655119,28331.966740915494,1842.480204753544,0,1,True,1.0
6e2e629f-cd5e-007a-8aa6-fbcbbeab40b1,90.0,0.9903554625575868,16870.94146089477,0.0,1,3,True,1.0
e67d6f2c-9612-7cda-bcd8-1306871b847c,90.0,0.972779570722032,23558.625230318445,0.0,3,1,True,1.0
90f6f865-ae6d-ddfd-4969-b0d9ad433623,20.0,0.8076960346463746,25474.05112431449,3807.18445699542,2,1,True,1.0
b40f8116-a425-1faa-5c62-d31e058704f2,33.0,0.3101968888477833,20699.54721137956,1742.6947766362694,1,0,False,1.0
c67d5465-d064-3536-3260-ad9da648231b,26.0,0.2769460481188181,36315.67680298631,4542.793677697644,1,1,True,1.0
946a1425-2086-885f-1c00-b207617a9cb3,90.0,0.6065892017767633,23085.87167777145,0.0,4,1,True,1.0
28c15e9d-cdd5-dbf9-0ab0-f11facfa32f4,20.0,0.9867999774393694,21921.692961116983,4274.464645327125,2,2,True,1.0
8d7b95dc-2895-a9e4-4504-6530e8242775,90.0,0.9748097281674531,25601.34190324525,0.0,1,1,True,1.0
98e361e0-b4f8-eddc-d0c8-95e466c17972,90.0,0.5362999135922546,21899.863961061204,0.0,1,1,True,1.0
24e844c0-c7f3-426f-2fe8-cb97701e9b46,11.0,0.98353660753261,27624.872202818424,4349.636055012898,2,2,True,1.0
7e0cca3f-fd65-f14b-60a1-39c35aba966c,90.0,0.6293524347271868,27933.48843190287,0.0,1,2,True,1.0
2a1b8e8d-805e-e22d-1b3d-136fc91a3837,90.0,0.9705908888415709,33162.98855517895,0.0,0,2,False,1.0
ce051c48-7c60-19ad-d8c6-11b9d3a452d7,9.0,0.8266366130131961,35878.60043101371,3946.6860639197503,2,2,True,1.0
c1a75cf2-959a-8e34-3de6-ce6bcc38120a,90.0,0.8994670385198499,26839.808912882152,0.0,3,1,True,1.0
33ede046-c72d-f67b-b145-cfdf3ee9c683,6.0,0.9519665501825946,30349.386517846997,4159.907946597348,0,0,True,1.0
3c148622-9a6e-d20b-f4de-5a49bd449f30,21.0,0.4245482866195725,22292.17408918423,3592.0756295573333,0,2,False,1.0
86bc1c4c-1b96-1866-3958-7ed629c63fe0,36.0,0.8826003572041414,22517.64832693749,692.0777231003752,1,2,True,1.0
b0e5a904-0198-ce94-bb3c-8dd9ac76db3e,41.0,0.51594569739489,24981.48893870429,988.6247779266004,0,1,False,1.0
8bd03e2e-6bc7-83dc-99e6-e623d2839ff2,18.0,0.9998285552997552,33135.17470474398,4296.610737220743,0,2,True,1.0
74bf6881-db0e-99a0-eccf-8d5b36a66171,33.0,0.9824249144055136,25278.97843090841,2431.165479296815,2,0,False,1.0
e9a88f16-3050-40a3-80dd-35af23184232,90.0,0.3192561639167164,18272.45743967712,0.0,4,0,True,1.0
f30e0392-8217-defe-0dc8-8a7fd7867fb5,23.0,0.9991914699002076,23426.044668759845,6235.077088759409,1,2,True,1.0
192a038f-a292-6866-a8bc-fdf5369a4a65,90.0,0.9935561197534132,16918.71445543835,0.0,3,2,True,1.0
f728db57-8a83-73f3-0549-113cc8b61ec3,34.0,0.4976318443483944,23544.502458847983,2295.0973048780274,2,2,False,1.0
f1806135-005b-15cd-47ab-5ffc78070db2,48.0,0.4748668631733129,34014.7309796007,1759.035689622457,0,3,False,1.0
c40fcaab-d487-b18a-14d8-b012de95bf18,35.0,0.5914577653621463,25646.658637589244,986.73870411365,0,2,False,1.0
ae380cda-a3e5-1ed8-7d7f-fd5206819c55,50.0,0.3872932754856895,18862.927907224363,548.8838805802953,0,1,True,1.0
578b7dba-0bfe-227a-117e-575bf2955abb,20.0,0.7643420476595866,28847.32609615305,5478.428737306255,1,1,False,1.0
4705f2c5-b80e-d038-d000-36f2ba6d29db,48.0,0.7307275501608598,22888.34607363612,1136.5812327536294,1,2,False,1.0
439d420b-ce73-c9b4-d8e5-b8b33de82f89,90.0,0.999717041194172,21234.217519335703,0.0,1,0,True,1.0
539ef0d8-bd15-a91c-87d3-9be07a721c21,60.0,0.5784847151329644,37765.51056087014,0.0,1,2,False,1.0
95c53d1e-2af5-bd12-0836-8a2cc4a832e2,90.0,0.7125095508371867,33774.16798350599,0.0,1,3,True,1.0
0acff05f-5e90-6fe7-73bc-815c8702a3f3,52.0,0.3551956540095741,29429.615784090136,537.0941798379798,2,0,True,1.0
a4c84e1d-d36c-348e-52bc-728ddfbe6467,20.0,0.3461767999860573,35834.2892845743,1533.917222364926,2,0,False,1.0
937a3efc-54c2-ea20-2110-2f475420c1ed,28.0,0.3393441242909245,26294.13312189687,3451.02537340685,0,1,True,1.0
ac805a8f-05d9-8fe4-df68-072d679e5e12,90.0,0.9988022586865462,16217.666769560325,0.0,3,1,True,1.0
af3e8a14-baa6-f9a1-b973-d177cb38df30,21.0,0.9757590434170776,17916.07843967918,5284.590329926271,2,1,True,1.0
3c5682c6-01e3-3c53-ec93-88d546fa5a07,25.0,0.7590185423371761,15514.851452363444,2563.163436379979,0,1,False,1.0
646850d1-c351-2539-d52a-b323ee6d590b,8.0,0.9870968053708424,26746.89920406946,3762.325067812512,3,1,True,1.0
02529559-30d1-afe9-3962-fb002b7ded15,56.0,0.951883323749533,29028.882876871045,734.4025969294876,2,3,False,1.0
e9a3de10-3b1f-cfe1-5d42-e592f2da3d07,90.0,0.4470399657882375,19943.58721497613,0.0,2,2,False,1.0
4810b4b2-190b-8570-8ed1-325cadb24ada,25.0,0.982148317934109,26012.81366146926,4161.067680661412,1,2,True,1.0
9b58d51d-6760-cfc2-253e-0ca7fb888f53,90.0,0.4520450538776183,29557.699558532437,0.0,3,1,True,1.0
928806c2-6357-e2f9-2b9e-a0f8d7761c35,90.0,0.919663328370036,23164.101979874988,0.0,2,1,False,1.0
33efe433-4725-8c47-24cb-3f4b26ddf70f,52.0,0.3953790074246356,31602.70424735252,1787.2892670245287,0,1,False,1.0
dd11d16e-117e-addd-9b1f-470e5147d2e1,90.0,0.9532400323435802,24784.166826125056,0.0,3,1,True,1.0
2b77aab1-612d-b07a-1a80-1b364e8082a3,59.0,0.904071297453773,31655.57491053954,107.78880362104454,1,1,True,1.0
1f3c3a62-5328-e3d1-dff2-6cb83d7b1518,90.0,0.9786127200693664,26775.77147156641,0.0,1,2,False,1.0
13f8338b-64f7-a702-dcbc-23401b731e52,10.0,0.290133421736731,39782.4310220011,5350.00989156913,0,1,False,1.0
0176f30c-4ba5-6a0b-5474-3f888a000179,10.0,0.963389634483233,23570.22626556144,5419.1359867124565,1,0,True,1.0
e1ba86db-8a1e-b042-10e5-ba03bb5a865b,90.0,0.9934983262103156,31404.016537006744,0.0,0,3,True,1.0
da0f6720-56de-a999-cf1b-8e47d72d0377,17.0,0.9058138417771324,26040.09099182447,5591.611560221707,0,2,False,1.0
87bf5d85-a77a-797a-9f6d-2f307b09118a,11.0,0.5422821062069788,29307.7763969838,8463.16978910843,3,3,True,1.0
9ec01425-adc5-b872-f48e-9ce357f1d53b,8.0,0.3675193474375495,24523.87108802017,2939.917661337788,3,3,True,1.0
394d68a0-6bfc-2ea9-5e5d-543e726fd506,3.0,0.4350732006897236,23358.37153308796,2133.34968457396,0,0,True,1.0
37f3ef38-365c-43a6-7f4c-8f2bf41c027b,6.0,0.8427920569759157,32165.84968907039,8352.175066195276,0,2,False,1.0
2e93c7d8-e824-a695-9939-27c48627c20d,35.0,0.2750706046652447,16709.474614944847,2030.6744457257355,2,0,False,1.0
6fc00d8d-588f-7d09-ffbd-9dba127f5b00,14.0,0.9741361293188004,37732.465106521006,4163.849124965063,2,2,True,1.0
ccb97d43-ac79-eedc-8934-bf2a9b2d5ecf,28.0,0.8517767293769773,19807.5526862343,2731.3894003442792,1,3,False,1.0
5c9134ac-8bea-7693-3d82-ba48118fad44,41.0,0.9607449323267234,35483.66762022933,3925.2732284038407,2,1,True,1.0
e0708f0d-d754-1a43-f746-dc3ed51800bb,90.0,0.9435845010241064,19818.811728696543,0.0,1,2,True,1.0
e5f21d89-f271-bdc1-a4ee-b21762107b84,4.0,0.7109501854483894,22254.25209733694,6495.820853281552,2,2,False,1.0
6102f8f0-8c2d-c3d7-2cb6-a56ebc6afa46,18.0,0.792318236384463,24253.08449888033,3994.182272201245,2,0,False,1.0
bfc61940-2591-61b4-de8f-6d12da4e60ec,27.0,0.387985543151768,36081.17328314352,5010.897842950696,0,0,True,1.0
e03f9100-662a-5eb3-d02a-5d72696214aa,20.0,0.3154630818846086,17577.640742281415,1788.2619054589495,0,3,True,1.0
4838b06e-ee7a-d574-2171-96221f5d6cf5,90.0,0.9997428256411576,14933.02457652883,0.0,2,1,True,1.0
b07ff00f-2987-7d9e-2eab-20f658cc8d1b,7.0,0.933513349938833,33195.10999385991,6209.753779994501,4,1,True,1.0
9c4425f2-0209-396e-7d19-4af296d55868,9.0,0.9561956074040322,16442.51879556296,5575.964460018031,0,2,True,1.0
c4b84549-2d86-5014-09ac-8f1c429defa5,10.0,0.7841824950960297,20417.004031968296,4865.458230928753,0,1,True,1.0
bb12248a-e0f6-64a8-f757-ae4d28e992a6,90.0,0.8651019278222253,35684.43029736485,201.58148386828307,1,1,True,1.0
d9e0aa2f-ac42-8a4e-0583-a596636c0d49,10.0,0.7780882114724278,25860.9931911782,5631.829722457219,4,3,True,1.0
16e6e124-daf0-f38b-2f41-11b1103c6a78,8.0,0.3832143357869474,35986.19958287068,5191.001319349355,0,1,False,1.0
d35fe1f7-8c03-8a26-3c02-01d8e4c04582,33.0,0.9712658310296896,25797.19591861751,3107.095188765,0,2,True,1.0
31c884a9-3347-3733-9b15-724d4d7e51b3,57.0,0.6973728577087482,24036.9347773676,184.54807864604385,0,2,False,1.0
5ccfcccc-6285-93d0-cae8-e143e15a253e,34.0,0.4324602759576531,17040.60054306982,1141.1459890645838,2,2,False,1.0
131c3f6b-3300-c74d-2565-bc382df7defa,51.0,0.95745572771984,22350.537944582607,667.7072677508799,1,3,True,1.0
5833a769-2142-2bbf-2702-d51d40528c4e,24.0,0.8883457279159347,32233.90983470848,6817.302898628287,1,2,False,1.0
dcda4610-a184-b2cc-40a1-e5e3a0f189b3,51.0,0.7876291117792412,21561.001836271225,102.55067614817948,0,3,True,1.0
d6556c48-7866-fb38-4d7c-6e0355d05405,26.0,0.8944506412059152,24036.06684892844,4359.916661337211,2,3,False,1.0
6ec7cde2-0c64-a7d9-bb61-12e9fa2988b8,8.0,0.5106536214756188,32997.514333838335,4946.260795377539,3,3,True,1.0
95df1738-b55d-986e-4a1c-c2b47f4bd6b1,29.0,0.9991461469638926,22599.30720965965,3986.477811191018,0,0,True,1.0
9bcda3d7-fbda-d0dc-c048-ed28f0180ec8,50.0,0.863842763239334,20255.21579859528,697.355173053459,0,0,False,1.0
dbb21c5e-e316-ee0f-35e5-cb91905d7e23,6.0,0.6121536654076573,39669.98921485367,9049.437261123536,1,2,True,1.0
8eea9fc8-4e2c-a2fb-28f8-6ad6954d430b,24.0,0.966662866074905,27758.120935823936,3491.250358911994,0,0,False,1.0
3398b014-69e6-27fc-a02c-841829ea9021,51.0,0.958912568809034,37719.67417342093,937.9622413180524,0,3,False,1.0
511ccc71-c683-1449-5c5c-7a82951930ff,46.0,0.6606684081548081,34459.17596493062,1442.385658280966,0,2,True,1.0
8bc6a333-b5c0-5e66-6b4d-e2b4e6a09087,27.0,0.4432009870021964,24538.394069478432,2733.1881893872965,2,0,True,1.0
de4573b4-4204-6d4e-06b6-5e18feb49804,12.0,0.8972045529437112,31759.777682389424,7546.512083796919,0,0,True,1.0
91d6fc43-c80e-9e93-4cac-1777cee19ac2,23.0,0.7361902908952562,25133.742186830124,2342.055078198382,0,3,True,1.0
4810b659-ce28-cd7b-81aa-a0313ff9b2b6,57.0,0.4730826107747771,29256.42457787713,625.6479693731064,1,3,True,1.0
95bd000e-4e18-6a98-c7a5-b86a39dca185,58.0,0.7903461794508161,16441.32623358338,179.6639814965849,2,3,True,1.0
9688b2e6-e6d9-caed-2e51-73f6a0acb891,20.0,0.7359465641683268,28590.58113584773,2006.668407996019,3,0,False,1.0
0da37027-3443-b97b-0d7a-def88efe41ec,23.0,0.8924648458297202,30890.34570335501,3710.092445020151,4,0,True,1.0
a5fe9478-42d7-bd93-5cf2-25db8eb8ae01,22.0,0.5379914540064707,29825.233986138384,5125.744536547394,0,2,True,1.0
8943d498-d01c-7a74-3951-dae01036bfec,41.0,0.614631315612091,26702.254632584536,1378.2342409355838,1,0,False,1.0
29001768-6643-d009-7c4b-6b37b4f4d765,90.0,0.9916728333511412,27565.818732309024,0.0,0,1,True,1.0
50374c46-3ede-c588-84df-fe255e010b5c,15.0,0.8474642542889761,31276.57781748093,6589.552775568652,0,2,False,1.0
ab283ac8-876c-3528-41ff-4d0606d3e922,90.0,0.9886656657753502,26190.98067913132,0.0,1,2,True,1.0
d67b2950-2eaf-b58c-0e28-88886c938324,90.0,0.5140102144951435,15076.57912561548,0.0,1,2,True,1.0
0b616c34-a919-af48-a050-976abeec129d,23.0,0.94089792263933,23747.39936992636,2607.1686467727386,1,0,True,1.0
feb1fbf1-d08f-289e-8076-db8b644556a2,13.0,0.8535639593066968,29553.33923362821,5961.5907553281095,0,2,True,1.0
1508e87e-bf6f-b04d-f614-04ecb9ce9f12,26.0,0.984483078352404,22750.62379433562,2685.609546621312,0,2,True,1.0
dc9c08ef-7b75-fee4-38e5-bb0352476d21,41.0,0.4764270248860187,30774.446366567136,2320.793790382324,0,1,True,1.0
767829d4-a316-e8b7-633f-8f397bac1d97,90.0,0.6396878901322932,26917.12364804325,0.0,2,1,True,1.0
c5218b2a-4b47-7480-8d51-916382d1b946,90.0,0.929832434896583,21593.220270528527,0.0,2,0,True,1.0
8526512f-a226-41f0-c6b1-9a2a34ea591c,14.0,0.7150084550422138,26034.237185046542,2050.6284406238933,2,0,True,1.0
7b8d3ce5-2ee1-3fbc-8155-cada1566e31a,10.0,0.6922957823938606,21620.40099690863,4372.619549426289,1,1,False,1.0
f32833fd-d065-d617-c866-c9c9c1b88b26,90.0,0.4561466260887438,28010.23568040604,0.0,0,1,True,1.0
293b1b7b-9c66-84b6-65c2-2718acce9930,11.0,0.983602864431082,25461.018071822804,4483.224774466897,0,0,True,1.0
28dee729-b8fd-86a4-c314-bbd576d7844d,4.0,0.5374463305217962,23751.39386994237,4438.147339239276,1,0,True,1.0
06c41b78-d683-6dc8-0944-4fd5d7a0902b,14.0,0.999981203685678,18776.57832367764,3112.805666906356,0,3,False,1.0
52fa2bb5-3adc-6f55-5d3d-2780ff2b9b57,12.0,0.962652450694596,29897.453898634863,9861.99905212058,0,3,False,1.0
8d895971-060d-a556-d1f8-e1ebac417eef,10.0,0.992367606574168,20992.134663135228,5338.224215666658,2,0,False,1.0
73ded881-469f-bab2-f6ce-c8b678453c43,20.0,0.699393499123237,30438.845098338763,4980.839330513669,2,2,False,1.0
cdc0c942-744f-f22e-69f6-5ff441434c6e,39.0,0.5815031034911288,26531.276423619245,2259.688786909152,0,0,True,1.0
c18fc5f3-09f9-8c7a-7344-af05ddc60786,90.0,0.3059297703768691,23712.54081917758,0.0,3,0,False,1.0
11986dc5-90a8-75ea-b1af-25973481820e,24.0,0.9798105052250484,20228.488625152324,2737.8364910192054,1,3,True,1.0
f1e090b1-8abb-e8e9-b3cd-8dabb24c1360,18.0,0.7271706015223405,25156.29154222462,3037.4106556507327,4,3,False,1.0
fb5944dd-e697-d4e2-e45e-35d1f756c62b,43.0,0.9734940191923882,23295.634367929983,554.9401307437328,4,3,True,1.0
655411ea-d55a-63a7-ca64-7330455cf1d7,51.0,0.294797078393452,31528.09563746433,1020.776798410982,1,0,False,1.0
13255fe2-dbe0-a54c-c8de-048f030f8c01,36.0,0.6793238208306968,33200.35948367212,131.86993449380438,0,2,True,1.0
c76352d4-237d-138c-dcc7-c5602e815933,35.0,0.9272027853117286,25761.515347230856,2998.7162457070517,0,0,False,1.0
173acc4d-2057-7fec-1f0c-ec394bdb31b4,26.0,0.9877730029936328,23681.01641797343,2823.589961238682,0,3,True,1.0
c72fda76-47ed-9c75-fa71-3ab54847c0a3,6.0,0.7004884241454931,29075.37452661507,3825.835486222478,1,3,True,1.0
0720da13-216b-e7e1-917e-b8a669f5a95d,45.0,0.9125018567032108,19225.57315144882,1120.0902866032566,1,2,False,1.0
a78dcdc9-3f46-1031-8ff4-2d3db5d9fea0,9.0,0.9846490009113218,26087.380600060023,3647.6182104981576,2,3,False,1.0
7a040413-2ee4-60e1-82ea-043b9f3ef73f,90.0,0.6582579805311876,37904.47025407054,0.0,1,3,True,1.0
5b55ae63-d2a5-9c0b-11d3-a6c5184b81aa,19.0,0.3313548744558095,35269.800973124075,6013.108069158134,2,1,False,1.0
93702da5-d278-f421-5425-8e1ae5aa4a77,60.0,0.9966564138031638,21451.712187684123,55.07679124849948,4,1,False,1.0
edcb1000-23fc-ff24-5941-c288c4aa1338,11.0,0.883935192583512,28863.96756932372,4475.384216693397,2,3,False,1.0
28417ac5-c05f-be4c-be4b-06b065584f65,13.0,0.994676415444726,28916.774348267845,10310.599436359702,1,1,True,1.0
e9f32b44-6008-cc9b-e0fb-fa9e68777040,19.0,0.6955781076404093,21417.30417060253,5481.766703691479,0,0,False,1.0
4e252981-29cd-d45e-dcb4-8a3db3e8912d,48.0,0.6030196805724234,23234.01617221999,758.6574059925294,1,2,False,1.0
f071c6d6-f715-bf96-d713-c31d5d61c5d2,90.0,0.8526227203160129,33288.01158177988,0.0,0,1,True,1.0
11832a8c-0218-6eae-ae1a-4c9700eaa563,4.0,0.9904908182010524,14533.077782054028,2107.381529044127,2,3,True,1.0
a64fbdff-c38b-2648-bd90-47c6f71562a7,60.0,0.7426814970882073,28845.59525137277,0.0,4,0,True,1.0
43d1396e-7a46-9695-d59e-798395a7239e,54.0,0.662490337991088,22002.31172199118,154.012340269722,1,0,True,1.0
11feefc0-cd61-ab23-fc68-1ba61b5cfd90,57.0,0.951093019765772,31876.188719223428,227.22580100292456,3,1,False,1.0
09121e35-1129-e5fe-bc29-3e6550d4fdee,30.0,0.9362961001107832,22630.99478466748,3595.3768233053243,2,2,True,1.0
18b8e802-4fd4-eb9f-47d8-2280f8943d4a,90.0,0.9905420291420096,21296.024314471404,0.0,1,0,True,1.0
a6b4831c-42f4-553a-733e-ebe48a0511f9,90.0,0.9661486630379812,18088.959375599145,0.0,2,3,True,1.0
9a699787-4748-b527-0fe0-04e09152bb16,11.0,0.3613091900552514,29379.211865824745,5439.9182047050845,3,1,True,1.0
4c5ea0ae-1a76-497b-5514-618e57f57d0b,90.0,0.8948342699805215,31585.588939400765,0.0,2,2,True,1.0
88559c84-77b1-47ee-2883-2bfebfa85008,25.0,0.7470325401213317,28249.02082284729,9078.13715277413,0,0,False,1.0
61090903-2974-12ff-1403-c4e96580c9d8,60.0,0.7817379900859971,27090.393412227502,0.0,0,2,True,1.0
4df9a7f4-786b-0ba3-0f2e-836b54188236,90.0,0.4798752347144582,36449.01862835085,0.0,2,2,False,1.0
30ef486b-d5aa-8371-db0b-f0924b24132c,25.0,0.8715918460187696,15667.635296913022,1692.2592600295611,3,0,True,1.0
d9241909-e72e-0047-1d60-fa92f90ca217,14.0,0.8294654232180683,28632.375645347714,3372.716301305549,0,3,True,1.0
accc8526-284e-c317-764e-ae669236b911,58.0,0.9942942630789054,34233.211869008635,458.1884062665022,1,3,True,1.0
ab34b195-4f0e-2d21-d56a-9398b3af251d,52.0,0.9703084113139836,30446.47025771672,1128.3516211845852,0,2,True,1.0
0ea12733-3a97-82ac-fd17-7b4da0fd4a5c,8.0,0.4746741027188832,40642.1610826497,9178.954343946982,2,2,False,1.0
bc385c9f-2b21-b06f-aeb2-df3af0ca2485,13.0,0.5241033236889142,19730.018676213906,2614.1883653312057,0,3,True,1.0
5914c687-7920-0ed3-fa6a-1b1154eec004,45.0,0.7511621234924617,25805.66789089832,197.80696562157408,4,0,False,1.0
3ecc3400-a4ae-68df-e8bc-98f518f5a50e,57.0,0.9692198274905968,28189.5871561808,235.4169123541218,0,0,False,1.0
74cf0281-97b6-a697-573e-d9e9263d6b76,90.0,0.4140456132421234,27841.135991197178,0.0,0,2,True,1.0
bfc0f9fe-d087-4664-4ea9-d19a2485ed7e,36.0,0.3676934737125621,40658.71220563806,3068.277064026596,0,1,False,1.0
9cb69308-8b4e-09e4-61f4-403eb8dda890,43.0,0.3848665429824944,28737.738864610656,2083.387738712321,2,3,False,1.0
a169f1e3-7611-78cc-6618-0e19226f5b96,14.0,0.9002736814795136,25015.32568877138,2643.2279408313907,0,2,True,1.0
7bf5667a-6032-3902-9bf6-e9753df6afd9,90.0,0.6350397682710265,20253.131441991856,0.0,1,1,True,1.0
4247e78c-76b0-63fa-50ea-24a042a4a147,32.0,0.9236214554082988,22271.390747880672,1369.0156292969652,3,3,True,1.0
d332c22a-dbde-cd67-7566-a98a64dd0978,22.0,0.9865087602378874,30253.456753921244,2617.405194556092,3,3,False,1.0
372a6846-5341-7a6a-6cba-4a3bc442f82c,44.0,0.7124322167406634,33905.38316524014,3928.3629000856927,1,3,True,1.0
58ed2688-700f-4207-60a9-2cdefc922999,33.0,0.4710441447493538,36045.6917571767,1892.0148802326407,0,0,False,1.0
66e342ca-8e70-c1cc-e44b-633d7e00b281,90.0,0.3238401324643631,19932.276683340828,0.0,0,1,False,1.0
ad3df01f-0a97-b081-bb05-650c9e01fcaa,90.0,0.9999316542431732,20839.7474331343,0.0,3,0,True,1.0
67eca4a7-ade8-8b7a-08d6-47eb767b317b,58.0,0.58807286124071,25588.837034168868,389.0233248528157,0,2,True,1.0
698b9f2d-b3bc-9d11-1703-bdf91db21ebe,90.0,0.7357763327740069,31878.38708138668,0.0,4,1,False,1.0
879fd6c8-0ce7-5030-2257-02f3395ed918,15.0,0.6610141136952092,13200.132461335448,1804.263183774853,3,3,False,1.0
4eb1ff7c-b37c-ad26-ee5d-465e5d4c70e8,17.0,0.7451750507385744,21510.19474656753,3747.060320372899,3,3,True,1.0
ee471ab1-9f81-bc20-9d1b-6ba2ac5a7c39,9.0,0.7719951364233041,34440.60577109168,8554.379434664697,1,0,False,1.0
fb7b3e92-18d0-005d-29d3-11f25d9525f9,90.0,0.804641109046181,22663.21662337262,82.30966313333518,1,1,False,1.0
862df198-a08b-f477-bf66-f90ae159f980,31.0,0.4810847710204211,34336.80829793477,2685.277149505884,2,1,True,1.0
9fdb4239-2ee9-5e80-20f2-a165a9e84788,8.0,0.971550518854935,28521.0949122116,6761.58379987511,1,1,True,1.0
fa5a98ee-c842-7567-491d-97b502a8f314,21.0,0.9204116401250432,22500.46076513017,2559.996304743788,0,0,True,1.0
a449869d-bb69-454a-f459-ca297aa60541,36.0,0.7341879256767809,25805.115139050133,1911.1510465821648,3,3,True,1.0
3db5b137-e3c5-2af8-14ef-3bd509f435b8,31.0,0.927935809058573,28130.42566639507,1897.2696519768847,0,3,True,1.0
0bfd347b-29cf-0195-5c06-45e123e6c6cc,15.0,0.5609514210472129,15487.938787653697,1246.62985326615,3,0,False,1.0
cfac6ee5-6cb5-2463-fffd-e9337ffe2af2,14.0,0.88318909447339,26388.684017325093,4889.784586459207,4,3,False,1.0
2a78ff8c-0de0-0bb5-b3d7-fbfc9fe98d77,57.0,0.7615344055298664,34797.977710258776,876.846381604317,2,1,True,1.0
291a0317-bcde-72e7-dfde-e0db6e37efb1,51.0,0.3699275539482758,37847.90836166815,1019.3714436510486,0,2,False,1.0
46a5307b-4cac-9e13-1b6b-6d32b1a740b1,37.0,0.9595775466796196,35805.59439573011,6458.664795709289,1,3,True,1.0
22b7a16f-dd48-3222-6848-926847954f04,35.0,0.8522067036040702,32344.80114793154,4023.1291212525616,0,3,True,1.0
7c5bdc58-6258-e0ce-bfab-397ce9d07ff9,42.0,0.4157103691702746,23126.030636590167,2107.8763209219405,0,3,False,1.0
ea559bb5-1571-a969-7807-ea48b8cf07ee,53.0,0.9785657280065267,26440.47739344053,756.8126704998947,0,1,False,1.0
72b176ed-d63a-9356-3c33-56f3f949cbe3,14.0,0.98744723062522,33054.85118658769,6552.092822975997,1,2,True,1.0
750fc97b-bace-46a2-2980-f47b02ca136f,59.0,0.7940079004533748,29658.244243923084,60.600026549927016,2,0,True,1.0
ae73a200-d286-f583-c285-108da6aad645,40.0,0.7576015252331907,19711.48137241658,1293.4241689506246,0,0,False,1.0
cb07f325-17ef-e47c-9e25-bc7fbc7dedfe,25.0,0.8383080568515471,31789.376283967045,4141.666238793162,0,2,False,1.0
d15f3803-6de9-c503-8b9b-a69cbf688e74,90.0,0.9911996127770732,24890.591264662995,0.0,3,0,True,1.0
84e96acf-3c6e-2df1-a791-1c8333c67223,4.0,0.361102232424856,26530.529432334348,6030.772343983065,1,2,True,1.0
2a979ae9-6aeb-b0fd-5323-4f3a949f92eb,50.0,0.9812292879555058,22353.597110095405,680.1298364249484,0,1,True,1.0
12a256c1-a7fa-4334-edf8-49ffee227fd9,43.0,0.8211163806132259,23190.170184668525,854.856598240339,0,1,True,1.0
785bc8ac-775f-1e2b-bfb5-5dc21c684c80,90.0,0.3341583303540261,29082.40678672257,0.0,0,2,True,1.0
18c71386-2b71-74c5-01bc-f5c067eca13c,12.0,0.7304311748172837,29069.393324648787,5457.030447439818,1,0,False,1.0
47b6b83a-95a9-c0ab-532a-11f3f0f38957,56.0,0.8492160711927474,24884.6512226367,619.779150179767,2,1,True,1.0
1103cc6a-db2c-70b7-9ea4-9a0b64a2aa74,35.0,0.8471628758782986,20030.923883901552,933.970166678939,3,3,True,1.0
754538c7-4e5f-a021-a158-615030664dc1,32.0,0.9596025480750264,16325.69110325334,967.2154959400036,3,1,False,1.0
4986a9fe-c5fe-3b49-b1a2-307b913d4dbd,55.0,0.9893939511184904,32453.129297422736,828.7818013579389,1,1,True,1.0
5a5a3b42-fc99-4ee4-c237-553294231ef0,90.0,0.7548174099930575,39306.7990230506,0.0,0,2,True,1.0
1d5e2dcf-0684-d872-4b1c-e8bd3cc270ef,30.0,0.449730618041621,27661.943695154627,3058.912769187492,2,3,True,1.0
a24e2455-4bcc-b06f-13ac-d0127ef4064f,39.0,0.3611074334717879,17756.960310861294,1087.2242613619685,3,1,False,1.0
f4b6fd33-e4e1-941e-9f9c-163e5f045eed,8.0,0.9242160992578082,24040.060640764197,3158.1071900782763,1,2,True,1.0
193e81ac-2e58-f294-fa57-0889574307a2,55.0,0.5942533763245427,27458.090019838688,352.3809925760835,1,3,True,1.0
ca507879-62ad-f21b-2ae1-71315b6a3374,36.0,0.579388164844606,20311.642241571237,1479.4867353096088,0,0,True,1.0
11735ab0-6575-1fa9-07aa-6869d0c861ed,19.0,0.3449855805917509,22158.966504557116,2125.345945532168,1,0,False,1.0
d165686d-73e0-a27d-c102-39019d45c9b7,56.0,0.5161490093720638,29076.000473949563,994.6109422503818,1,0,True,1.0
05503558-96fd-20b8-6238-48e381349049,32.0,0.431428370258499,33830.99375001329,3516.396337670601,0,2,False,1.0
c0866ba7-4ee4-da21-0c6f-7c4ad5bb2188,90.0,0.9632981356296306,30667.366258880644,0.0,0,3,True,1.0
42a902cf-5a68-d39a-6651-136e2d208743,10.0,0.6736721590413846,29434.92034987209,536.4183942177434,3,1,False,1.0
0b5740c7-da00-fa35-c75b-4cd06a9b1570,51.0,0.7066801793039412,40887.86023100722,2512.779218986459,0,0,True,1.0
3b1da7c0-d06f-1bdc-337a-9a084f0b9f04,12.0,0.9962983766204356,15823.118418480768,6657.344657465386,3,0,True,1.0
659b384a-0875-f7f0-fac0-dc50db790d7c,17.0,0.6360857560413781,23317.63868540988,3989.063652386062,4,0,False,1.0
085efc5b-4296-107f-86d1-96a3a24f230e,52.0,0.4539631557480132,19569.86576915627,868.9920644022451,2,3,True,1.0
baddeb55-666a-64ca-a64e-95076085f20b,60.0,0.97374411997332,30501.01196832233,223.11293691524267,1,1,False,1.0
fde3b46d-4211-92ca-edfb-93a30aa4c9e6,41.0,0.8798970608541257,19692.31400016748,1193.8131520599056,2,0,True,1.0
4b47dc69-7ace-2e0a-4742-f851bc79da1a,27.0,0.3905052969369509,20008.25554588818,1207.4330507291625,2,0,True,1.0
ea0222d1-47f6-c5a7-47e2-983b0220198f,43.0,0.4044189861514939,25114.86823888428,973.654539199366,1,0,True,1.0
e34deda4-4a69-1807-9e96-e6b5c8f64b45,90.0,0.980984304276665,19590.788555747567,0.0,3,1,True,1.0
b30612ad-21d7-d16b-569c-e5fcf8e66d5b,90.0,0.9076105936422024,24253.312628611224,0.0,1,1,False,1.0
9de58a1e-02e4-f6c8-ce62-f8d5127bef85,33.0,0.9481278170860752,32510.568756428995,3940.903934617872,3,0,True,1.0
8697cf3d-f49e-a2c3-3106-5d3451ea0489,29.0,0.9819106156285275,34901.91441232103,6321.3824938737935,0,0,False,1.0
c4b7eacd-6831-a68b-b2e2-7d7a53eafb29,29.0,0.930643977379484,31532.46345272863,5079.265271393909,2,0,False,1.0
470a4905-e011-2438-22d7-258b450fbd46,30.0,0.3221641577308678,36595.843660057246,4355.552855959697,4,2,True,1.0
e7fcfe6d-2799-4479-d7f7-64d8110940dc,48.0,0.648357415527501,21416.61143143128,559.4045388362395,0,0,True,1.0
1217dd28-c07c-3f1c-890d-aec9062a209e,57.0,0.3714053338589376,29345.064508055315,398.7565788442103,0,0,True,1.0
81acbfa1-4733-b8e7-8b3a-798c36af565a,33.0,0.9174597094652852,30037.477319125737,2118.404204677412,0,0,True,1.0
47fcd05a-e644-7454-f5bc-bcb1d096f723,90.0,0.7518800380517211,32949.78930732678,0.0,0,1,True,1.0
0f2373f6-ceb2-c540-06a7-84ee8cb29c86,14.0,0.6800426648011088,28622.28362431672,3436.0655297583057,1,1,False,1.0
a8706f32-a593-4c90-8ceb-d7939f267857,34.0,0.5737486233583686,28415.650246279005,3804.483424004293,0,3,True,1.0
f03a4785-dd26-2d30-aa8e-1c11456b99fe,90.0,0.5730431657668741,29300.6662680862,0.0,1,1,True,1.0
58e1f1ef-bd3f-f56d-a4c7-5c32bbfbbaf8,90.0,0.6881660488588406,33677.519642772975,0.0,2,2,True,1.0
0eeafba5-2670-15a6-390f-907fa50db344,13.0,0.9216223274407044,21094.8643246195,6315.877060690805,2,3,False,1.0
f9fea3f4-3040-3d4a-757f-9ab60b93f1d0,90.0,0.9834191502820744,28678.632332450303,0.0,0,0,False,1.0
42ccb2e2-76c7-5838-97dd-8c8cb77e5261,36.0,0.4889187612695357,35258.064058733726,1570.5555624998176,0,0,True,1.0
29dc03d8-528f-ccba-c0fb-16bac47e3ba9,8.0,0.9504211913833068,24193.097482411857,4892.516881916816,1,1,True,1.0
d8a6108d-cb82-9ea7-eac3-18135779905d,31.0,0.9991891280419918,25758.284759726102,3724.221382237684,2,3,True,1.0
55df461b-2280-60a4-dbc7-05933a33b333,50.0,0.9997777007048372,29200.462337676054,708.58311534846,1,1,True,1.0
a049647f-c934-637e-0a63-c12e79d861cc,90.0,0.363142730674256,34104.13339953852,0.0,1,3,False,1.0
ac57a916-5ccd-53ae-7ef1-177757219c48,90.0,0.9669310254094626,26024.75996658153,0.0,4,1,True,1.0
0f8b19cd-3115-9624-0890-999a66031576,44.0,0.7485914036324559,27418.27774469013,2374.638382046011,2,2,False,1.0
a12ad084-c3d7-62da-5501-7c7b92abed83,8.0,0.5382561572559604,22609.329890178637,4199.019727295031,2,3,False,1.0
9dd6d481-0df1-6e9f-c741-e4516cc1a30a,90.0,0.8728381324668132,22328.667031022516,0.0,0,2,False,1.0
2995fe97-d155-d4f6-226f-ec6161361288,5.0,0.3314831103379496,33053.08844819057,8274.638421789768,2,0,True,1.0
94897185-f1ab-c088-cacb-43a76bb7a362,11.0,0.5465391804201872,39584.10240069974,8943.10812072717,0,1,False,1.0
bb71d7f4-ad4f-41f0-de93-514c61938196,6.0,0.9720276692094058,23142.315602292558,5748.587923976219,1,2,True,1.0
3f0eebf4-ede4-e50c-9108-249da4274ada,56.0,0.929768439581642,25951.022881053424,695.4908412792067,1,2,False,1.0
fabaeb90-d2b0-3cf2-4fda-1bbce629a987,12.0,0.7380802493124011,19023.58477776756,1420.6330650885263,0,2,False,1.0
0c25f4bd-409d-9fcf-946c-d2f68a305c05,40.0,0.9938959865625352,26569.51403727212,2866.620440681253,3,2,True,1.0
ea6e17c9-7ef3-c302-c8eb-1dd1bb9800dd,24.0,0.9709452957038186,34303.18196280619,6042.279150075927,0,3,True,1.0
24a3efe9-1001-5a18-a994-a9277204a61a,39.0,0.9066506793016992,28153.6993747358,1940.2838477385965,0,2,False,1.0
4feb9645-2c9f-706e-02b6-9bc44b556e1a,50.0,0.277145486368735,35611.66966333957,1759.1763565537149,0,2,False,1.0
168aecf2-cb0d-1a95-f57b-e9f64c6e956f,90.0,0.5760303581193833,23372.46347730021,0.0,1,2,False,1.0
c58d6087-bb20-90a0-f83f-c3943b5a41fc,9.0,0.8535646155311972,21921.463526224947,1109.696858310436,4,0,False,1.0
96063a1a-aed0-cd0c-6197-be1394689224,90.0,0.912552656855492,15241.547349229011,0.0,3,2,True,1.0
6f53652e-b52e-2a75-a868-c146f2f0782e,51.0,0.711859178098474,21667.740137679182,1008.1004911902548,0,2,True,1.0
9217c967-c408-1b87-9e9e-2357e50ffa64,22.0,0.8656698949118045,23492.21603604948,3605.172629264289,0,1,False,1.0
313bb633-ab17-9bd0-43ff-257ef5dc5a73,19.0,0.9323459036570126,22252.84637099467,4320.119736904817,1,2,False,1.0
17f6b025-f210-475a-6a67-41e73c0d7616,24.0,0.9881321451005286,22507.40114206304,2733.030245681476,3,3,False,1.0
d2dde1ce-cec2-4ea5-b054-56c10298c9ff,90.0,0.9952130383514802,29583.0264283727,0.0,1,1,True,1.0
c5030dc5-65cd-b7c8-5ae2-bea12c4420c0,29.0,0.9804593802562036,28258.529457481603,2545.396663465193,3,3,True,1.0
193bdf39-3db2-323a-53d6-e04850ae8e40,8.0,0.6465110313847848,23054.88989583819,5235.571651788933,0,1,True,1.0
7a1ccf60-dbe0-535e-c1cd-127f1bd16ab4,49.0,0.9248130545552884,14295.43023456854,841.3599963245146,0,3,True,1.0
3731b10e-893c-d36b-3ca4-f1333593e709,39.0,0.9826113097627448,20901.23016749468,2615.833032260244,2,2,False,1.0
ac2a99d0-5e04-98b5-d5a1-8ed84633cb2b,13.0,0.8802544636365673,26678.508228800238,2852.982711888608,1,0,False,1.0
11cf8e32-bd30-c183-e3be-a96063f29191,39.0,0.9563749797950032,27843.48703461468,1395.5020841609755,2,0,False,1.0
47e681b2-d3bb-9db1-d100-4ffa75cf4a30,44.0,0.9323131942710816,29040.594484207177,2531.5097317768195,1,2,False,1.0
8b7b1bea-69a9-84dd-0e59-f7b590bfa1ac,90.0,0.9849411591733764,23339.580921339133,0.0,4,1,False,1.0
020bd2ea-29d0-0e7d-c1f5-469835e61f98,90.0,0.9509388322926496,24109.977995078465,0.0,0,0,True,1.0
954c146a-7729-b414-2a61-095018f0191e,46.0,0.7686448947513939,25370.171478374366,1333.2390688610014,3,1,True,1.0
a3f24d14-104f-60ca-d824-29ab12e1cf25,90.0,0.8123032361664094,26214.47871767809,0.0,1,1,False,1.0
8c69cde0-26c8-a57b-6e65-1ccaafb5061d,13.0,0.3123676649851561,29004.410124789265,373.9270428744189,4,1,True,1.0
a9cde353-33ad-7ab5-2f3f-aa19ff4b0fce,90.0,0.7748280155739841,29172.00085020389,0.0,0,1,True,1.0
e6139706-83d9-611b-50e0-eec49da74f4a,90.0,0.7572827235969022,23411.493498277283,0.0,2,0,False,1.0
7c928c83-8d8c-359f-e8ec-246d9093547b,34.0,0.9530380333816648,19258.279052253296,1484.8690079353487,0,0,False,1.0
a77b0d87-6d50-3e1f-0c7d-4b4ea4d75e3d,9.0,0.9370270682722738,30047.86415943784,8349.723715232465,2,2,False,1.0
1955e116-cc0f-91e1-ff1d-33f439fa5b16,11.0,0.7990732916251674,28312.154845674748,5522.150939335977,2,2,True,1.0
05fd238e-c8f1-b78f-3fc2-9ccc1e171576,90.0,0.9981181757778412,33615.59090939538,0.0,0,3,False,1.0
71cdad16-f85a-a2c0-5d3c-88312613f285,20.0,0.3301253637345266,22453.72233456564,5008.434864842078,2,2,True,1.0
d1d7f35c-4efa-e2b4-2b06-acc8c98aa0f2,37.0,0.9322726311064802,22859.87576065391,1283.2324727364708,2,1,True,1.0
3d38a778-7b26-1b13-981b-4e576bba3b35,16.0,0.9946927083974438,20000.5852718504,1274.779278807207,1,3,False,1.0
d531fe78-45fc-bb78-6013-4025ba5da751,59.0,0.8626336838625943,19252.45608252825,70.9943782170589,2,1,False,1.0
db58b1a3-d041-97ae-3c48-e8138bc077da,38.0,0.9182211510670693,23642.947993455724,1195.5231412719436,2,1,False,1.0
2774733a-7450-2234-8a3b-4c4fa3b7242b,23.0,0.9937471256144484,31091.345395107444,4581.438831011751,1,3,False,1.0
d47579b1-c4df-e738-8fdf-3b6f1a9f599c,28.0,0.3540278424990506,29741.403817365343,3425.3462518192123,2,1,False,1.0
8bbe48af-723a-c5cb-38b2-ea1842b7ad23,90.0,0.9402759102203307,32670.80257929401,0.0,0,2,True,1.0
c2c43e2a-895c-64bd-9548-d27b680c0e72,47.0,0.9897966239551428,15275.942044714418,691.6152512761482,2,0,True,1.0
b3f0756f-4ce3-8b0e-42e0-9836826fb474,90.0,0.9863163617833616,27090.126844349645,0.0,0,0,False,1.0
e4859b98-e1cb-0f7b-6fa6-421de6167a5a,10.0,0.8032343051389165,27232.50140686343,7911.131131960826,2,3,True,1.0
f54e35f4-f1ad-8e08-9997-abba749173aa,32.0,0.9424378123725536,26096.94698787505,2606.055067534443,1,0,False,1.0
e37b8b65-444b-e06f-3a8f-b55906d27996,90.0,0.5647052129110448,24332.18383210196,0.0,0,1,False,1.0
67204cf3-138f-eaa7-f3e7-220006e278d4,28.0,0.7791583761156238,30534.7883652082,2206.899101424256,0,1,True,1.0
e6d0209f-987f-46a6-9053-3d3742c89653,10.0,0.5227597088601889,30946.85224002831,4806.73269472763,1,3,True,1.0
13f058cc-4542-c8ee-161d-290fe2c8c45a,90.0,0.9777114052925592,12941.191601680875,0.0,3,1,False,1.0
79599420-c283-f647-5ac1-c7482a537901,56.0,0.5452154004809617,23953.86551605651,440.7826276855272,0,1,False,1.0
8fec487c-449f-a641-1196-98702dd25cb6,40.0,0.9820728320428164,14891.710292257068,883.5189823806943,0,2,False,1.0
66fe7081-8e25-8940-d583-f827944c5b4e,21.0,0.8139635632409058,31254.11403668388,9220.751580349555,1,3,True,1.0
b649bdb5-a4c7-517d-1a56-d5ac9653312d,35.0,0.5787155016780433,25858.74279234204,3136.776492305612,1,2,False,1.0
c5fd7d4c-1c47-7e03-40e9-ef9e301928ee,29.0,0.5990806718734332,27800.453981438917,1735.181430187571,0,1,False,1.0
97ca9089-ab05-5db5-e302-d0ea3aa50750,33.0,0.2817340820873306,25928.5090438234,5547.947067741107,1,2,True,1.0
3c45e3dc-91f3-40d1-f6e7-b4de66fafe6b,21.0,0.7000273052981172,21036.725553078464,3061.0244078185315,1,1,True,1.0
a4a82610-ac91-1847-6d6b-3de9f9917573,37.0,0.8356827563340465,19702.10911857646,1016.4971583358758,3,2,True,1.0
6c774a68-c4d1-f8cc-a94d-d17dfd52bcaf,53.0,0.8631208686679203,34411.14163046183,1338.40149895866,3,3,False,1.0
70817c6c-3e7d-8141-ea13-45c5c23403fa,90.0,0.9188337737589752,24739.788202948635,0.0,1,3,True,1.0
a47ef877-9a03-1c3b-4d85-9cbed7ba02b4,45.0,0.6674690163448267,35055.42518496399,1957.7747205732144,0,0,True,1.0
f6d95265-b763-2745-a39f-a313282dae65,53.0,0.4681874344768683,32425.946352722967,694.9629454263235,4,0,True,1.0
6a32335a-527b-a7d3-2a5d-d2030868b1ab,11.0,0.952986262491976,25307.78834695964,4528.810292383281,0,0,True,1.0
2777f2bb-b64e-ad96-1441-a6118ffb1de7,30.0,0.6337356944008695,29325.586124864323,5189.226223390764,0,1,False,1.0
d62336eb-9e15-4cf3-92dd-8af5ce221d5c,15.0,0.979184044678476,31322.737169266053,4127.1709618542245,0,1,True,1.0
f6a8aecc-b8b2-0308-57dc-af4eeb05990c,46.0,0.9972755592157628,23724.76521725481,1087.9269693461692,1,1,True,1.0
3b30df16-d1ab-08b5-6c97-eaec3ed10618,22.0,0.3197806246758793,29011.111047279504,4999.698736968172,1,1,True,1.0
f1135b24-44a5-e9b1-6f1e-f079e0b83f21,37.0,0.984555550318785,32230.12933848923,4715.030012848686,0,1,True,1.0
fd132516-68f7-d960-e2f7-492641c526e6,27.0,0.7128868420871031,33372.9584227472,4315.318151298906,1,1,True,1.0
1f82ac95-7b20-1347-0992-d57e56a7be7b,24.0,0.6446386273255658,28508.958437778183,3587.875814317551,2,3,False,1.0
162b4afe-0dbf-6b47-aa8f-29f3623d51ae,7.0,0.8969849614932107,27942.39759204777,5482.191490473459,1,3,True,1.0
693cc1a2-827e-6031-ea50-ff5342f8ff70,90.0,0.8445087253181982,15791.747617510082,0.0,2,0,True,1.0
7803d01d-7397-be99-a584-17848d3c679e,47.0,0.6158954708180605,34475.53947369146,1934.966074491128,1,1,False,1.0
d2c75267-c712-fd33-bfa7-f6086de8844b,90.0,0.942062129089861,38962.409707687926,0.0,0,2,False,1.0
2841381c-a268-14c6-5cf8-c6334672484d,20.0,0.5097936555226017,21432.859163265748,2745.348078652067,4,1,True,1.0
5ed0510c-6508-6f81-79cb-0e85545e1e4e,55.0,0.3504442078685019,22470.94061809193,415.5983149085652,2,0,False,1.0
88507fa9-ab0f-ee7c-0319-2985d99b258d,6.0,0.5897607099629033,22526.681645679542,9170.182910240048,2,3,True,1.0
fb0707c9-9dce-fcb8-e32d-977522ea677b,11.0,0.5323379635106597,28904.351501348425,5115.348218926222,0,0,True,1.0
cb38957a-e792-3d65-9678-cf7cda767c27,90.0,0.7930218473564223,19941.62106223034,0.0,0,2,True,1.0
13e24ac1-d975-c8e8-e63d-ea5473bd1309,19.0,0.8252972160890324,26942.773690412592,2552.742972506393,0,3,False,1.0
ddea0d1c-2e5b-d5c5-1663-f4d80aba5052,30.0,0.7986576081680884,32903.476412115924,5749.049284085291,1,2,False,1.0
feb55263-8275-6fa4-08ff-279dab0b11e1,24.0,0.3262717102724435,37532.35741000234,6418.757052743426,0,2,False,1.0
6f92eee6-a138-78c3-ba9b-ad8987c6ae62,23.0,0.9102871808509484,32853.140376416486,5573.865182359884,1,3,True,1.0
34edc064-b9e9-3aed-27fc-3cbcdf72cf70,55.0,0.276722039580788,24647.69241349488,537.8970417872068,1,1,True,1.0
4a2f68d1-4c85-8c7b-492f-77b82e3cf013,11.0,0.4314932995938098,26052.62340230808,2634.9139873260647,0,0,True,1.0
71bef152-3dd3-8486-2e3a-21980956704c,44.0,0.6817335257917196,19594.976185711108,298.9539970582198,1,1,True,1.0
dc16ac5b-ec3a-01ed-77a4-12c5d91f9959,30.0,0.5943089626849523,14136.036202949124,1429.0509836390272,0,0,False,1.0
c5b0f171-00e1-e41a-a21a-0c1212247d64,41.0,0.4423626304209222,38307.25780124848,3042.0257608849874,1,1,True,1.0
e1d0e8d4-0292-fca1-e92e-397911504769,33.0,0.9285657776465456,25520.250494412998,1234.513345546227,2,0,True,1.0
50b22879-0b81-2197-b621-810a1f3a40ba,29.0,0.462098232772568,21721.721427945224,2746.19619831654,0,2,True,1.0
29d805a4-6f55-951a-64fe-1614906d25c0,39.0,0.998247546100773,28260.413175515994,3320.147175342896,1,3,True,1.0
2546cd15-318a-9302-c466-d6b7d9cdf66e,39.0,0.9994190385599612,21206.30494514424,1836.1985331892631,1,1,True,1.0
249d8642-3976-f5b0-6ac9-439de26be371,33.0,0.3700475335860562,29966.12230487866,3928.120963119485,1,3,False,1.0
263d1f60-7c71-1919-4eba-528475e19091,23.0,0.8512341872426479,28148.15454502562,3151.778151388237,2,3,False,1.0
9d08b169-d35b-1d80-c69d-d95ce5f630bb,90.0,0.8281036336882761,31801.458933082904,0.0,0,1,True,1.0
03963993-0568-d3d0-d00b-db07c086b9c7,90.0,0.7567008399391794,29783.10411215611,0.0,1,1,True,1.0
d7827871-8f87-b17b-1843-f7960ecdad8d,11.0,0.8979286584795138,26950.045584702,5707.766574321012,1,3,False,1.0
ce26297b-9de1-3280-32af-b3fd019fdeb8,90.0,0.99970297702313,24939.969478996205,0.0,2,0,True,1.0
3f02fa92-9b58-2d50-1fb7-9308fa4ce36d,34.0,0.8894291773626962,37098.4267060851,8688.751790901284,3,0,True,1.0
68c7272a-e550-7326-8cba-4ae13dcd3f74,56.0,0.9518191767258118,27572.28956032533,797.484944048989,4,1,False,1.0
63c6289f-2d67-b102-aaa2-284ef093bf4a,90.0,0.9839234863521036,21227.033954867868,0.0,1,2,True,1.0
e8147c81-dbae-6794-a06e-eb05af49aec0,8.0,0.293410082423841,35811.26531306388,9470.643390719966,4,3,False,1.0
6e34a310-b1ac-df0a-3e50-edbcdec5f5d9,40.0,0.8675404064699901,18178.19372124809,2776.2486802852554,3,2,True,1.0
92ecbb04-2957-ea75-05d5-e648f4e7ef02,8.0,0.9116771768279308,23518.5300322982,8555.657123772224,1,3,True,1.0
3a1a03d9-11e3-3b8b-fdce-3d0ec6c0445e,9.0,0.995414083044857,28127.004921414307,9109.328369564106,2,0,True,1.0
2b1f7e17-b39b-9ab8-857f-7425d9ff7353,9.0,0.9489833008918804,20898.05060012178,4679.898356401168,4,2,True,1.0
17bfea27-fc41-600a-2f73-7f9966ea8067,8.0,0.9317004555256326,30739.49781730652,1759.8111646669165,0,2,False,1.0
c0a3c995-fcc1-2172-832d-7f330371aa97,90.0,0.8859118352278716,27987.06606860061,0.0,1,2,True,1.0
5708e388-6b87-b183-7de5-ef2a634ff133,18.0,0.84169310483851,20727.110287779426,3311.1134126052275,2,0,True,1.0
fe457d41-ca82-d7c8-1873-b14100cc94c7,36.0,0.3296600541894023,34574.5238567206,1821.3815465044145,2,0,False,1.0
168df5a0-139b-7dfe-68f5-dc6ef20ccf61,36.0,0.4831863439765526,31277.232358117795,3385.7259127079133,4,2,False,1.0
fdbf8a50-4ede-c27e-599a-6d3fcbf39e8f,90.0,0.9901793434533936,25245.15711324536,0.0,0,3,True,1.0
f1cdd731-23a8-6b78-1127-790f8a3650cf,90.0,0.9130554421213204,21759.463377157277,0.0,0,1,True,1.0
710d832c-c991-2829-4c96-eae529af48b4,35.0,0.8739674264564912,27677.9723118939,3382.891458040212,1,3,False,1.0
81908f2a-1b24-1faa-4664-61d3656d0421,6.0,0.4130631522443747,26797.5641455426,5978.963160996201,2,2,False,1.0
7581f9d2-27bf-8386-cf9e-fded1c2fb70b,22.0,0.949521967748285,29321.671979470662,5009.59280356686,1,3,True,1.0
de5ae86f-b4af-86f3-6158-027c48e8b8ba,55.0,0.9514452732084152,25084.67055183724,576.9117634022425,1,2,True,1.0
8ec94864-75e1-0229-78b9-935c1822a713,40.0,0.9124638418141312,24609.88783166489,4180.766788864378,3,0,False,1.0
31e876e0-347c-043a-32fd-d3cacb2cb257,48.0,0.3245136243391218,30201.310886729872,1313.322765197765,0,1,True,1.0
22ebf9ad-73d0-39e7-677d-fbd58ae14878,45.0,0.9036476981805012,21954.652786355127,1116.1846389266057,3,3,True,1.0
1a1e3657-ae55-5e56-fd4d-025ffb6d337f,90.0,0.8567367193456237,15576.92256145635,0.0,3,1,False,1.0
c32af343-ad88-6b91-8a71-f3426e17308b,18.0,0.7764767883933675,24384.564044961997,5474.280531415319,4,1,True,1.0
3af1304d-2e50-0329-5ab4-f8fd27f5bd63,24.0,0.9331658300374414,33384.877256700056,5474.121238861416,0,1,False,1.0
a77ac213-7e81-8047-ec81-2c700bf4f098,20.0,0.6367784261962962,23207.34172589204,3578.729845924729,3,1,True,1.0
67497b67-e2ff-e42a-7d0e-910abbd5755c,59.0,0.779150652916218,22663.846607534408,27.424214874753098,1,3,True,1.0
45757e05-afa6-adf1-38fe-b5b3a05e3367,17.0,0.9969958360766944,33318.328111487965,13415.606866384896,3,0,True,1.0
1f60bd1f-dbc9-c2a2-6caf-1601056f5cdf,44.0,0.4158811120601584,30215.47968627717,1325.2264078598853,2,1,True,1.0
e41f3784-c0e8-8877-8543-5819d918e8b8,20.0,0.9952340078886036,17822.20733873685,2707.530576431785,2,1,True,1.0
c3a5b491-2dde-7c1f-7014-ffb349f1abb1,54.0,0.4352030892562554,39090.47792123825,241.8087461852271,2,3,False,1.0
b622e3cf-455e-02cd-f9b7-9c80ad96b06c,49.0,0.8151908413678141,32133.719505917536,860.0187669724505,0,2,False,1.0
f6efc437-ff32-73b3-7055-9434e2d374c4,35.0,0.5661765863763828,20704.84058189348,1764.3544101323828,1,0,True,1.0
d32bf156-6593-4654-e0cd-83f7f0ccd51e,5.0,0.8686895074483192,22444.390259101463,3286.137233408861,0,1,False,1.0
1451e0c4-8b2f-5e8d-80f4-257a04f90f5c,90.0,0.9815214831864564,28957.87802670423,0.0,0,1,True,1.0
d7e08a90-a893-61f1-74b2-c206a626a460,52.0,0.6702537996856538,22715.61449427796,173.70387850168132,1,2,True,1.0
f893b871-3bce-feea-2e16-325fc07baa4a,90.0,0.9900818100925428,15312.46350516529,0.0,4,2,True,1.0
d72a0b65-1fbc-ef23-a3c0-9f20783ad61e,90.0,0.7143268389489897,22341.08471450381,0.0,0,0,True,1.0
b7f62c88-e522-5806-b906-39caf41839a0,53.0,0.3939659162663176,23074.31405443258,807.6719296530594,2,2,True,1.0
eb5734ce-ac16-4c0a-4b8b-c39367c7c080,42.0,0.9644316608925512,21565.01542997859,1366.7283357749272,2,2,False,1.0
afb2b173-1428-eaee-d3dd-ab57387b713c,30.0,0.4684191884538291,26352.976929961544,1976.9455248774173,4,1,False,1.0
efdf55b7-ed62-a76b-6dc7-126600082ffb,45.0,0.985230542431595,23566.127942087696,1892.1889860259016,3,3,False,1.0
a50cd006-ffdb-aba1-9c47-132f2274350f,55.0,0.9535679560275216,19391.940955925333,557.61401062662,2,1,True,1.0
564c0df0-278d-71cf-63dc-2e5c49334379,17.0,0.9787314681395572,23247.903631929952,3314.3310891756955,3,1,False,1.0
752f2cf4-b1b2-272d-96f2-6bef445d84b2,9.0,0.6308264974610687,24276.08912418317,3522.719034611456,0,1,True,1.0
fc464801-df30-f3e3-8fbb-4174a69f375a,19.0,0.8299284940678227,26619.95157392017,3758.335783894139,0,0,False,1.0
1617b5a7-f0ce-7444-114c-c85e82ffc53d,15.0,0.9928380785338188,32417.19090208191,6645.535878222959,0,3,True,1.0
e47a4315-015f-e454-17c4-b778ab535a6f,47.0,0.3179172763767837,37005.69529578526,2232.9316987488064,3,0,True,1.0
07869a37-2baa-cdb4-f604-a62dd32b1ebc,6.0,0.553630220469366,34807.78597262585,8199.972216373337,1,3,False,1.0
745a8b8d-0d99-9f4d-54e0-1aa6557c3553,51.0,0.6936961371561855,26740.07450615322,608.4506555967844,1,3,False,1.0
8ca8ae4c-5509-56da-3330-7e267a8793d6,31.0,0.5104219637293819,22676.151419885457,3070.419828103085,1,0,True,1.0
a9aab1a0-4ca1-ba74-bfd9-8112c5f75e2d,53.0,0.7578259951736528,28243.73135590623,1009.624039957536,0,3,False,1.0
d5d45941-beed-dfb5-f97d-0202b2de3f60,90.0,0.7555924314851686,16445.657114036057,0.0,3,0,True,1.0
1ed976e2-6c52-d168-c73d-14fc4f668a58,24.0,0.965479408689252,35687.568084670886,1791.2264825390732,1,1,True,1.0
43b5d93b-a925-e3b8-aee1-93839f3dfb01,3.0,0.4349860484552393,32044.19126993593,3684.949668045124,0,1,False,1.0
d59e8656-25a5-1d1d-a1aa-3750ac31c3f1,90.0,0.6419778518670269,17272.001039922317,0.0,3,1,False,1.0
8b53b09d-36bf-e714-15c0-533a0b467552,14.0,0.9596809730437312,21260.260415097466,7137.642377591995,1,3,True,1.0
ae6f7590-aec9-7f8f-a317-c0693b60b2e5,10.0,0.9880424750799764,20590.719232557632,3148.868598920976,3,1,True,1.0
4a9d8fd6-cfed-ec43-cc93-1fd77735351b,90.0,0.9125840425978672,19198.79808714892,0.0,0,1,True,1.0
eb6998b0-24ba-5d6f-a1ab-ff9f4f60d9db,90.0,0.5469350927528839,27571.39596486633,0.0,0,1,False,1.0
21b72aef-4502-5b22-a3bd-c3feb6db4c7b,32.0,0.902507012988181,17202.418007869455,2379.19798221331,3,3,False,1.0
30b6e4d1-905a-5399-51ac-b836618e9ccd,8.0,0.3149500128762882,22102.36822589029,2998.1409787648204,2,2,True,1.0
674da386-b760-103c-1540-fba88abfcba6,11.0,0.9572585394775204,17764.07730311923,2633.2322733092738,2,0,False,1.0
238ce66b-fc10-b7cd-4ab1-f522c777e8e1,90.0,0.9231810523215987,31871.97429735812,0.0,1,2,False,1.0
e4b67354-c3cc-0aa4-a8ee-a4e1fdbed11b,41.0,0.8348145789674571,31482.00625944434,2747.2908150174453,0,1,False,1.0
886beb39-a3ec-bbae-2973-30e7299c8bf9,4.0,0.888441262926628,30246.6189471565,10073.594851271457,2,3,True,1.0
6d1b6ac5-5a76-a643-207e-c52abf989a2a,16.0,0.3203292512653513,21769.79287747058,6914.270765131446,4,3,True,1.0
b730eaf3-dbbc-291c-b038-3070011ccd2a,90.0,0.3550272679023339,34747.4109840799,0.0,4,2,False,1.0
0bcdccbc-6847-1b47-1a53-dbe0487fdd0b,5.0,0.6615906132764763,38627.254147044325,11209.641631125902,0,2,True,1.0
dc3fd186-3f95-c837-a64f-4fe44887170b,90.0,0.989747420003376,23404.41033568873,0.0,2,3,True,1.0
b5f83c20-ce49-b104-d2c0-01024490d0f6,40.0,0.4127822571169566,30441.12944086429,2448.9483479514406,0,0,True,1.0
141546ca-6b75-df73-dd3a-cbb82ddf2372,90.0,0.7882975570978364,31655.93168977774,0.0,1,1,True,1.0
f2446a0f-5820-5cf6-6f05-d07477805337,33.0,0.7179094114676668,24204.04298466076,3195.6465078204324,2,3,True,1.0
3ef5c599-bea6-1adc-70d6-7a350b737e8f,57.0,0.9049421837495764,25175.27523113524,511.7665170932335,0,1,True,1.0
effab6f1-dd31-5397-2eae-1283bbb34428,52.0,0.9904616556960146,22672.9227648014,816.3895427288477,4,1,True,1.0
9b6c4dc5-3bb3-c22d-6e8b-e448eeca9ba1,4.0,0.5843009603074815,24258.09915316265,914.0492810728372,0,0,True,1.0
b48aa8b3-52ae-818c-9d7d-5379e46baa8c,26.0,0.9534859109868412,35702.11673858707,3817.950766409841,0,0,True,1.0
70aa2e8c-dd8e-5256-055e-24be9f7ef6c1,49.0,0.9874578566884894,29953.98723495065,140.0593906122118,1,1,True,1.0
4d00f05c-6cfc-ba2d-3c05-b6e3c1aa7cf8,51.0,0.9722179864550368,25513.393329570805,1079.7210411413948,0,2,True,1.0
ead485fe-dc48-cfdd-c37c-a1543431b8d8,35.0,0.7111883331254015,26116.41118524408,645.1361040948661,1,1,False,1.0
9ec20f73-fc69-3db0-51cd-881e0881dec3,90.0,0.5903481657651325,29571.298103958143,0.0,0,3,True,1.0
6e9eaed9-0150-e6cd-970a-2efcac6e0d79,33.0,0.3516460047096941,31351.446083676987,1614.5746287251318,0,2,True,1.0
cb79b6d2-1c52-3ccc-8470-975a28398857,14.0,0.3725872016817994,37966.18633978187,3419.901104989305,0,3,True,1.0
b3412954-e555-2e9b-2c17-73387f7acb32,20.0,0.3097815853724223,30862.10174498013,5225.4974605692,0,3,True,1.0
7e7516ec-12e0-3d5e-92a0-6acc42951067,17.0,0.673975370490727,22212.347259965394,1271.101127686968,0,0,True,1.0
bea5601f-dddf-b036-4cfc-26e239c86596,36.0,0.9529816897275414,32555.994788658965,8093.396064487071,0,2,False,1.0
8af7283e-dce7-dd09-63c6-444b689a1c57,5.0,0.9907699507363268,36346.422729288206,8493.249202619667,1,2,False,1.0
dd4f94be-b3e4-ba3e-3bd7-58aebcfb8a24,22.0,0.7309328162371691,30682.66448013795,3289.280860199005,0,3,True,1.0
2fcdad1a-5c18-6448-3e12-44c65b76d25a,51.0,0.8276476516005923,26684.417141773392,368.5115412340822,2,0,True,1.0
53a5d111-202e-855e-8d8c-1e872221a347,4.0,0.8828483965908361,18254.041914549045,3062.1222059865727,3,3,True,1.0
5cf6589f-c5d1-0112-2d5c-fda7b8d54aae,26.0,0.9849737958580402,29102.73577951052,4520.134155517953,1,3,True,1.0
f31ac64a-a53b-50f3-ce15-37cc4d44c479,16.0,0.5886030677455807,40418.421969975614,3361.071218312576,0,1,False,1.0
4cfc3b66-7187-31aa-93eb-109c8e6cf81e,42.0,0.6402892773939143,39211.06708724041,4882.582838515709,0,1,False,1.0
4afe4953-d3a4-bdfb-a9a8-5a3483bba5af,90.0,0.4896929896842942,29251.521703522587,0.0,2,1,True,1.0
d680f36f-a48f-d969-27ea-9338a67215f9,60.0,0.917776602314215,21559.942658503907,39.89731919961738,1,3,True,1.0
fe5d772f-8c06-a7e1-25f8-39dd9f157fe4,54.0,0.9737691343155266,29427.98162672337,767.0127120668934,2,1,False,1.0
b5490f3f-bfe3-e358-45bf-aeda19af95dd,49.0,0.7423766936535052,26871.86964861133,1105.1475260309596,4,3,False,1.0
a1b85fd6-b44a-cd02-ac09-1626313484ab,22.0,0.5433750897352816,27695.68571155595,3997.589239147359,0,1,True,1.0
d298bb43-aae4-d9a9-5b09-64a0d2af8270,13.0,0.8777898608557598,27478.36732778552,5340.741204522745,0,1,True,1.0
3373940c-5b41-0dc5-0e13-392806cea51f,43.0,0.9597423088105334,29570.438283704047,1869.7427249923708,2,2,True,1.0
e3f7c69e-59c6-f1ea-28a9-77925d567c07,58.0,0.99218316489465,32617.12897853517,287.5246571077275,0,3,False,1.0
3fb09953-80aa-01bf-4e01-7b94063d8561,16.0,0.462977454868906,23526.926736630598,469.2677332039121,2,1,True,1.0
da514343-7687-cccb-a6ee-85f98f5a7169,90.0,0.9855608128460732,28321.851289041024,0.0,0,2,True,1.0
2191e0d3-db90-e811-03c9-acd4f53c817e,44.0,0.7773838098370248,21696.7224550268,1796.0075908087058,1,0,True,1.0
3283f001-ebe9-e275-317b-7fb0090fd69d,9.0,0.6183559053308072,34671.82211825652,2130.2237355163097,1,2,False,1.0
67a4554a-0270-4223-25cc-04418e06d3ad,5.0,0.3716999944599225,35314.51974114912,7734.726625527018,1,3,True,1.0
abcefb39-766a-084c-5c20-33c45e19af0d,10.0,0.3734636864062042,30356.43445372594,3236.9393366708405,1,0,True,1.0
d652e337-6d65-f3d0-9cf5-04378a60505a,49.0,0.9981132854006262,27378.74605666244,1060.9377608595396,1,0,True,1.0
b1afe4c7-5986-b661-9a01-8f5a84dc45cb,24.0,0.4820321651893721,27024.44597171357,2343.576927231554,3,3,True,1.0
0aa2fba9-d8c6-a639-695d-0cde7f5fd5b9,23.0,0.9939546187226376,33868.76674340746,3550.987193050514,2,3,True,1.0
5fd88d7d-7fab-1b61-a3a1-a23fd8d2b3e5,7.0,0.4180123768378328,28578.56691874058,9628.928279623018,1,3,True,1.0
f26a61ed-2a82-fad3-b2ca-d15b6497a615,27.0,0.6444073135619385,19835.06274446744,3338.99615023567,1,0,False,1.0
24abafce-2ac9-7b4f-9774-ecb469be3fd2,59.0,0.9659438500256664,33582.49865386473,151.2262970235625,2,0,False,1.0
e4b9857d-d968-1074-5137-b4872220bb56,34.0,0.362922788125559,18990.28653589065,1109.7711740457974,1,0,True,1.0
8b91f4b7-db21-45d1-95b5-b9e2918bd8b2,90.0,0.72627270384808,21388.0761260672,0.0,2,3,True,1.0
50c2c7b3-3079-f302-cccc-ef5afed1df61,43.0,0.5695513753785582,34575.49014172326,3079.133054538668,2,2,True,1.0
5cc76d81-2416-afcc-614d-24af2657f741,90.0,0.9050117099566658,27596.023680938124,0.0,2,1,False,1.0
1c5328bf-f1a9-031f-234f-9c2c0b382bfe,5.0,0.8106679611551435,35182.85337832959,13990.945161349382,1,1,False,1.0
c7377057-d375-d476-d225-0464fcdcee52,42.0,0.9902657479562962,16728.769259798297,1440.8380622307805,1,3,False,1.0
8a3e307c-c73b-7af9-26c8-feb9eb3a5951,90.0,0.9828476881266912,14018.57474593236,0.0,0,0,False,1.0
3b65c7c6-8bcc-ecb4-0726-28f2aca82ef9,39.0,0.6115995520856097,26311.230043243628,2242.207147473203,1,3,True,1.0
10e3f349-2b16-db86-12b8-3ac9e191b20d,51.0,0.9577889006829172,33812.765964685634,1326.858200290808,0,1,True,1.0
98af6b88-5710-2a70-da95-6028f3f80a31,90.0,0.9708183127295876,21591.622259560136,0.0,0,0,True,1.0
e781a200-8148-6538-1678-6b0761c2b388,43.0,0.5740800417194455,21904.02054472733,2269.3162711313125,1,1,True,1.0
722ae0c4-008f-135c-dee0-cbd655f27b93,90.0,0.99172197903516,27940.651941708977,0.0,0,2,False,1.0
675abaa0-bba7-da8c-c913-6c028c90dc9d,22.0,0.6223973513223027,23682.652042778314,4131.841993576639,4,0,False,1.0
0d469fc7-d27e-0cc3-cae2-e3da2baad4e7,58.0,0.416084922027188,29070.55690419044,92.54522566289236,1,2,False,1.0
91cf1d6e-ce69-92f2-fff1-31e2eea0139e,29.0,0.2876110355638273,33086.10621290447,3466.2148082090416,2,3,False,1.0
576feef8-33ea-87d1-fc62-cceca4ec1a0c,3.0,0.9296563366646076,19701.39126006789,4017.842780168526,1,0,True,1.0
0a93fb75-294a-3b05-d9ed-e6f99941a2aa,21.0,0.4951726735889536,23981.636715777724,5275.411006242326,2,3,True,1.0
c56723a3-6047-4fae-ed3d-90acf09bb5da,59.0,0.4616576170210959,15003.735878678432,511.09865916689296,0,2,False,1.0
9b75c078-9086-fb1d-95ba-ef00d7210f5a,42.0,0.3013062884365601,19511.2994026224,1329.3051761372049,3,1,False,1.0
b02aff3e-e2f2-0499-9fbf-895859294ae4,33.0,0.3130067728855489,30460.3700625596,1363.812449145834,2,3,True,1.0
bac10989-ebd1-2fb7-d803-bd7cd81e93b5,90.0,0.8441009032460864,21587.62991270062,0.0,2,3,True,1.0
18af3a55-effe-6f80-3a77-ef2bca96b7dc,6.0,0.5875801986387508,31516.75913062696,9557.073621107524,1,1,True,1.0
4d98a986-39c8-26c6-e9f4-956588d7904a,22.0,0.7958068981359535,23294.375713691315,6448.31269054212,2,1,True,1.0
c4790d25-b9c9-2f3e-bde8-3f2422e9110a,34.0,0.7981046482796025,30665.928481138864,3310.376401953597,1,2,False,1.0
d45c102b-86de-4a71-e641-32dfd931b730,51.0,0.9942741743662856,31446.286602891785,1750.7731564639491,3,1,False,1.0
917be117-e6eb-0b2e-d779-ae4edcfc6353,55.0,0.2896581568076602,21033.951661952928,790.8662888300933,0,2,True,1.0
9a553d21-ee1d-f3c2-bfcc-aa50d858c555,13.0,0.7367521524969725,32367.031089233413,7023.905622822876,2,0,False,1.0
566976bc-4cf6-0ac9-755a-a3a2ca001a64,26.0,0.612045339369146,25001.80968318287,3520.098884660044,0,1,False,1.0
59f946d8-b2a0-3f70-49e7-6f5346531149,90.0,0.906069837237985,19928.739627774863,0.0,3,3,True,1.0
e8e0dd22-c9d9-1d6d-33b9-95f5a6cfe787,43.0,0.6970083647210206,19508.57980617237,1641.8717583418616,0,0,True,1.0
6c401808-1b29-493b-f3c4-59e37780b435,14.0,0.910584299990059,21655.03430127893,2723.0842204538667,0,0,True,1.0
1d5a51fe-18b6-177b-cf2d-4be0cb59b6bd,27.0,0.8803700839685622,23897.16188764761,2847.301169806277,0,2,False,1.0
7a16d4cf-09ef-1b93-35dc-888f042fd1cf,15.0,0.5075983222655669,20455.22550501949,9884.76431143074,0,1,True,1.0
28fd0571-58c9-4a97-ff23-94789e380371,60.0,0.4890806921695122,15987.588076446971,0.0,2,3,False,1.0
e5869180-cadf-20f9-600b-6f4f1d9c0f33,31.0,0.9999064540844992,18757.59461795293,2794.244928380312,2,3,True,1.0
bde204ac-7547-4f7e-016d-2f0360b215c0,44.0,0.4066780490062392,26071.06353049781,793.8033028630821,1,1,True,1.0
8d21b36e-615a-1767-cf92-3e89b8cc5b80,40.0,0.8954531716655885,15423.387866292744,2894.8811631642548,1,0,True,1.0
16ed78f4-f208-2f0d-2cbb-6b2ac4d31941,90.0,0.6619838950109711,23208.733212046413,0.0,3,1,True,1.0
6d573c3d-8c29-fc2e-74dd-d24be45fcd96,40.0,0.9897832568653576,30928.03401836782,3011.893650899202,0,0,False,1.0
adaefee3-552f-5b30-f196-b96b021c6949,90.0,0.9984079423250504,26943.400243141223,0.0,0,1,False,1.0
391d8f71-7a5b-e9a8-15fd-f7b3472cb503,43.0,0.963154514387395,30096.72835641051,1225.9719330507112,1,2,True,1.0
070bb3c5-2c86-90db-4e70-47e813fb06c1,8.0,0.869686828447309,28625.674864882774,5085.13331244488,1,2,False,1.0
35d41c1c-7bdf-a807-9495-a8df92ef08fc,12.0,0.6759324870213369,19251.058670756625,4163.568267310346,1,0,True,1.0
2427793c-5e6e-52b7-2c90-5afdd19ae9de,56.0,0.9959054292767366,30901.225447310742,607.9438812540053,0,1,True,1.0
660816af-fe2e-058b-8509-a2116631ae5c,13.0,0.99799631291779,15425.60059765483,5869.866253841674,3,0,False,1.0
848907dd-d2b9-d8ae-4ae5-00dfbf926f0c,54.0,0.8823946155175711,27783.979885370027,838.6878860939719,2,2,False,1.0
86409fb9-4fdf-daf4-499f-d770208db2ae,90.0,0.9968236825848076,16850.511056691066,0.0,3,1,True,1.0
ab9c6a78-46df-acd9-819f-6dc4e940038f,34.0,0.6093532164286061,29578.819067153785,1412.3583544954386,0,3,True,1.0
e24e2e97-de93-8a9a-abbb-05ce5e07757a,14.0,0.9991640123956524,32826.100950543885,4088.695533499732,0,1,True,1.0
2f88f33d-ce7e-930d-0b77-be67f6ea4a8d,90.0,0.9280563821095772,27483.019277411,0.0,2,0,True,1.0
0cd375ec-063d-406a-1b46-43db326c77b4,23.0,0.3048511045513434,28427.3536433354,4999.139769344091,1,3,True,1.0
64bee074-0a83-eca0-2ea7-9702cabc1c79,23.0,0.7218988034174625,36304.20804697113,4904.883176029598,1,0,True,1.0
b49e1857-3cd7-d9ba-961c-e98031f94065,14.0,0.5949291655114919,35078.57595276482,9808.759009843425,2,2,True,1.0
e8bdedf1-fe37-4ce2-b91b-3aa6b8c4ae5c,46.0,0.9924985959990136,28122.358937834917,1300.418502991361,2,2,True,1.0
dae4d950-8ede-a4bf-5e61-e967f31437b5,46.0,0.3484554470464016,30381.92583681661,1774.693221471903,1,0,True,1.0
13e2de07-4cbd-c5c3-e3ec-a410f16b2b45,27.0,0.9904863496527692,36361.9500269008,2835.1997920337385,0,2,True,1.0
92dcd7f7-6794-0358-1446-a1a10fad0d19,52.0,0.6246468974778341,33889.381917393715,2209.8127376594894,1,3,True,1.0
c1ab3787-ecd2-038b-3f08-cae05e666431,56.0,0.9956797813386028,20469.519207312034,452.0282288488905,4,0,True,1.0
803a8976-0567-4565-c362-9d6fef3e304f,25.0,0.5452306307290183,30297.890705651967,7855.280171293307,3,1,False,1.0
8fe5d5ea-41c1-6aff-90c8-40af953f4769,20.0,0.5345102890646042,25309.380382367643,8542.245531358087,1,3,True,1.0
74f2aa50-18be-887c-66ee-5bd6e0a2c100,29.0,0.8928402210212506,27513.710290012048,1556.7143726337188,0,1,True,1.0
038c344b-1222-a139-0348-8bd7e87c397b,90.0,0.9884177369393354,28511.448227740504,0.0,0,1,True,1.0
87892428-bf51-d185-1216-451b40c723f1,47.0,0.5423351831381252,28234.043617439216,2243.748231335403,3,0,True,1.0
d407ed05-6c34-7332-307d-3a8fcc5a1401,22.0,0.9424714545435078,26818.281302079213,6097.986152979364,2,1,False,1.0
eabbbdb0-b15e-ef06-48cb-9bfe9a3d5393,9.0,0.8258248973577398,16922.039426939577,3382.532849460852,3,2,True,1.0
1a23717f-f53c-ed3b-369b-0f7820b71067,22.0,0.9712698642440778,19709.885088255756,3456.7727666810238,1,3,True,1.0
371529fe-a960-358e-f06c-d4054f4fee0c,59.0,0.3515396304051132,38801.045340042576,145.82426616794416,2,3,True,1.0
2a063acb-f33b-1035-c08e-5e9d34a04b0d,29.0,0.8484634568259352,23466.50903279532,2322.105199860503,2,3,True,1.0
c2223ff6-29c1-fd69-65e7-0fe2bdd27a23,26.0,0.9752946226138344,28043.48671528483,3862.169681717564,1,2,True,1.0
85d5f362-ca03-67de-3dfb-c4194ea14a25,16.0,0.431673359951282,28629.637192162714,69.12284080245252,0,1,True,1.0
d061c93a-d557-cc5c-85e8-8aba2c2cd703,14.0,0.9427019159267602,27677.30431854737,3666.894592253748,2,0,True,1.0
2f921cb7-c520-b9fe-f9be-fe23fa730ea4,30.0,0.3731957485584707,34914.82084912694,3724.949289143352,0,2,True,1.0
6f25a58a-65a9-c892-aacf-f8cbf5b2996c,46.0,0.713231002081971,25551.7957143878,1036.2664037091442,0,3,True,1.0
a574f0f7-dedc-7676-e930-41c444ad085f,44.0,0.5822731695535046,23277.952402608047,1909.1478292730933,0,3,True,1.0
2b57f7f9-3e4d-ce5a-737b-293ba64346fa,41.0,0.9431866165820008,22394.20165235617,1304.2943898607357,0,0,True,1.0
2be1af00-bd80-8b3b-e82f-00f1e62ae0ab,23.0,0.9475064534183496,29713.53327995763,2137.0948591308884,1,3,True,1.0
01800788-eae3-9716-a357-d1ca6ae44310,54.0,0.8273498737071558,29527.539250574624,738.4084586901665,0,3,True,1.0
295abb14-fe13-6e7b-c8d9-459a05bf4365,29.0,0.4983884718769409,28665.39410302689,2587.4323212613203,2,2,True,1.0
36951c67-04d0-1ac6-0765-b2a6c1b340e2,90.0,0.6431793092570337,23506.198368772544,0.0,3,0,True,1.0
b9a02c5e-0df9-52de-f5a4-3f1dc360e73f,12.0,0.9665779114643568,23486.208676607817,3581.5728304722024,1,3,False,1.0
598f1b9a-8f80-7d87-77b8-e2bcf901dbb4,40.0,0.4898304696392456,20208.60303165202,2378.7603949400723,3,2,True,1.0
9a617229-aa84-dd24-bca6-341ffc6f4a8e,31.0,0.324111752217055,24399.444173684496,4597.885818596688,3,2,True,1.0
98fc65ab-d828-87a6-1b95-fa22c2b14371,14.0,0.3688465872205949,21357.56943520628,6467.385706723765,0,1,True,1.0
b757fa3e-102e-1c80-9a9a-e241e02b5d3e,90.0,0.3844470180465517,32301.103022643823,0.0,0,3,True,1.0
6f919447-39af-fadc-b1d3-0cab3dcb7761,33.0,0.35877200878196,37496.07457533199,1098.4303247861512,2,2,False,1.0
471fe550-2553-fb5e-9e0d-5ba472eeb0a7,28.0,0.9497373402685708,31977.835525953808,1791.3900348882494,0,3,True,1.0
59ed20e2-ddd9-c15f-e964-b744859e85e4,9.0,0.4605848740854774,25762.460318224228,1938.857627961348,0,0,True,1.0
229e7036-23b4-20a5-d9d9-95b9a5c10c40,9.0,0.8778250685897584,19864.08271264965,2142.859135124982,3,1,True,1.0
c160cc46-1630-8542-2ab7-c3b926db7e19,36.0,0.5247057872694104,18619.416600389268,2479.279248072561,3,1,False,1.0
3de5e9d3-f0d1-207d-a4f8-e3dea68eb4e8,27.0,0.9568249511071264,30304.58074777504,3139.1757180976315,0,2,True,1.0
18631c94-fbd9-ff9a-7846-b6c3fe176aee,58.0,0.7018724787922764,30297.97352114013,129.57417656393355,1,2,False,1.0
c74a3c71-610e-968f-19d7-842c62239269,50.0,0.6891135570354882,26967.6620167966,1849.6705175308364,1,2,True,1.0
0b0fefbe-0f48-a386-0b9d-a567d5aa7619,39.0,0.3173955181439168,24540.56896440976,641.5379126068947,1,2,True,1.0
d2e63b5b-1e90-6653-47a3-8779ab1ffae9,30.0,0.3004931500051739,27237.700438080334,3845.729571427887,0,0,True,1.0
13490a95-b68a-e69a-cee0-878c6032adc8,57.0,0.7954951710332209,27734.895017995288,627.5046663424391,0,1,True,1.0
82076c1f-deb9-843f-09b7-88e2d34f252e,36.0,0.9979763832323664,24209.40112718964,1809.8587972243088,0,1,True,1.0
1d97d71d-b208-6d3d-121a-300f695861fb,10.0,0.9991561399282513,21005.851011734525,5983.064010938101,2,1,True,1.0
9b57c520-a42f-5788-bd04-1264b1bb3be0,90.0,0.999516544851854,32016.04942622564,0.0,0,0,True,1.0
93a8b15d-205d-b231-4264-6fe99d2eed74,39.0,0.9911226654792116,28847.379461981865,2438.352072472045,4,0,True,1.0
dd457ee1-2b0e-7f23-18d9-403d717fdb8c,56.0,0.9321977488912246,26508.73787761216,366.813441418685,0,3,True,1.0
b077f547-56e2-14ad-dc58-5c7c99542c9c,9.0,0.991512195348272,19736.245356786032,2415.8252814004377,1,2,False,1.0
68d497a0-434d-3b81-ef50-a971e5ef7351,46.0,0.8702856214487109,27369.10967724026,626.2801787843777,3,0,True,1.0
a0610b46-dde0-88e6-6261-c7804b2ebd18,37.0,0.9844147437107426,30354.06594489526,2182.472769918964,0,1,True,1.0
c8c9f139-1845-ae5a-57e5-8b69c526c9e6,28.0,0.9905793214612092,24809.203648003237,3421.7960393694166,3,0,True,1.0
7db1d347-0119-c715-19a3-6644cd88d419,3.0,0.4272579813870839,20521.089826833573,2216.8799991248256,3,1,True,1.0
c6497056-d7ba-bf3d-9f21-44523f02ab24,55.0,0.5338559014295023,29855.495104635706,263.548498041123,1,1,True,1.0
bdcef3ba-3294-810f-4803-f031febe6895,10.0,0.997342739458416,22653.852547743667,3715.2316372559,0,0,True,1.0
d38b46ab-034e-492f-4d55-d19bcd424a60,90.0,0.9920218858268396,23121.678812378443,0.0,2,2,True,1.0
f80d8b80-fbdc-4e03-bdf1-55cea17cae07,48.0,0.3663301509960701,31172.72751660699,983.4387258741364,3,2,True,1.0
0b650810-0950-2df0-e3d9-d3d954efe4b0,60.0,0.915580334365724,34120.4568024637,0.0,2,2,True,1.0
233e3f22-36ea-6719-a354-d65246206210,90.0,0.7357408504523097,25205.7172957751,0.0,4,0,False,1.0
907a190a-62ed-005e-be41-09cd521ebde3,30.0,0.9385123879259788,25093.138964199377,2202.5425023977705,2,2,True,1.0
56f7f151-379e-85fd-1784-9942089e1933,49.0,0.9434561258522726,29455.41936687486,1053.9771399051306,2,2,True,1.0
f541a8f9-a3cd-73be-73d9-52fce24c61f7,57.0,0.2782642304969661,27293.112756629733,223.77403830399976,2,2,True,1.0
0a6c26b5-2f3e-057d-cbb2-00343ebe266d,55.0,0.8573444855141762,28481.589966541917,323.66281065002784,0,1,True,1.0
c5bb3f36-14c5-1cf7-a1a8-a2974e9b14a5,90.0,0.940727042753127,27890.137395230944,0.0,4,1,True,1.0
f2805cb2-aae1-97d3-7910-53909717c8e6,90.0,0.9650172286304316,21516.76021207924,0.0,1,3,False,1.0
333c3167-d9d3-efde-61b2-4b716787cb84,40.0,0.7150288691719998,21205.455100490915,2049.997816426795,4,0,False,1.0
16c877d8-7bac-d8d0-0e12-2d5358fe15c4,5.0,0.8247993939915925,28826.936007969714,9638.190077701003,1,3,False,1.0
387612bc-1d70-e9f1-f10a-d80f38881806,90.0,0.6236593997264508,23537.081186706702,0.0,2,3,True,1.0
135372c9-29c5-e3e9-a23e-721502a3acef,90.0,0.3228441880691176,21448.467566801253,0.0,1,1,False,1.0
72ffa9a2-ddc5-4477-0a01-a79c6dfe3fec,43.0,0.9799729173380692,30816.22154720264,2229.1176771388527,4,1,False,1.0
e4b6a767-f272-6764-2bcc-4f637c608449,90.0,0.8945684421449986,19448.8476535222,0.0,1,0,False,1.0
6dc3d71d-8804-0079-dbc0-f45a513fe536,28.0,0.6321214510643919,26974.22848913639,1701.8357028730766,0,1,True,1.0
c72b7c86-41c2-cff5-4e43-a5a9dec14a86,7.0,0.278012549575242,33071.1942550213,0.0,1,0,True,1.0
f7074d98-f432-7e9f-d9be-f2fed0acdb82,29.0,0.4249048482808426,29341.45111137089,4135.294941529936,4,1,False,1.0
6c650908-3021-e684-ec8d-28fea58eb9bc,47.0,0.8077168924231609,31274.240809204417,2668.0496359819726,3,0,False,1.0
dd8dfc9a-ad2f-72fe-4d0c-58fa9c21f5af,5.0,0.523473554585486,21903.124440097366,5959.5793609053935,3,1,False,1.0
03ab1d19-be5c-6f46-8ab4-e6f88ba0363d,49.0,0.9971239557455076,29014.051773601903,944.178072875462,1,0,True,1.0
56a0087b-4530-97c4-29c4-c39da76f1ba0,90.0,0.4016397408330534,19465.287323897566,0.0,4,1,True,1.0
f317c7ce-29be-94cf-b589-7486a83f9709,56.0,0.9797259219407504,34453.932954094365,1148.303714391561,0,3,False,1.0
ccde81f4-a5a6-74e2-42f4-bd240a9c2172,20.0,0.9937911296327346,25452.57541828424,3622.474540413381,4,1,True,1.0
b39b77ab-5aa6-2893-7d97-d48aba71c6cf,15.0,0.9499621995233672,28275.995290078172,2317.3396733810973,0,2,False,1.0
eb8ab87e-1d3d-79c5-af90-4ada1450cfbc,90.0,0.7861668352108488,18527.18417690611,0.0,0,2,False,1.0
6f673229-10e1-cb7c-532a-4d085c76294a,26.0,0.2954696468497725,26806.865298767745,4520.033520556679,2,0,True,1.0
cfd04721-18c5-6d93-e336-ea3539337aea,90.0,0.9982773026527628,15661.900664627155,0.0,3,0,True,1.0
3cf4cf85-09f0-5ab4-1ba0-113b2b0133a3,8.0,0.9874556705418824,30696.07684844376,9841.128153776484,2,0,False,1.0
92f833a3-a226-1680-bc0c-46d0b8d7e47e,47.0,0.3525933811176704,30175.15347711572,1418.5408426798203,2,1,True,1.0
864aca17-c256-2dc2-f0c9-9f2805a81a04,90.0,0.5269795584427903,26489.797593766936,0.0,3,2,False,1.0
ede559ea-e9b3-ed74-b4a5-50c400892919,24.0,0.6025122532949608,27687.402201243807,4933.974644202466,0,1,False,1.0
8f8f5799-2758-6db1-7872-7238173928f9,12.0,0.6009260250119711,33944.76494859278,7817.352888777925,4,2,True,1.0
f757d0b4-cce5-2227-d042-a670fbca0bb1,90.0,0.6984006873899142,23553.628425327737,0.0,2,1,True,1.0
7a620f7f-c1d9-ccc6-4e16-148a443a133e,37.0,0.938656139878783,33282.85853879631,1646.8633081046055,3,0,True,1.0
1ab5a703-8262-c6cb-50ec-b869eb496765,90.0,0.7941279084802302,32952.84500382064,0.0,0,0,True,1.0
b91828cd-e2ac-4105-9050-b611a86b3694,32.0,0.3072919430542854,18624.641766358967,2258.306369739272,0,2,True,1.0
c38101d8-3262-b08d-a399-e83e0a193f14,17.0,0.7261470713508483,29043.127506291705,3341.350874677805,0,0,True,1.0
b09cdd76-28b8-40c8-3db1-fa4f052c22df,90.0,0.9852711758912368,22463.92569238849,0.0,4,1,False,1.0
996d32ae-0fbe-f76a-0efd-6d9ad74ddce4,55.0,0.5150119779139767,29118.488014819544,800.2244748916221,1,0,True,1.0
e254172c-1ef3-e09f-6aa6-c2f31c1246ed,44.0,0.5847541639741711,28456.433362303287,3342.2784948582957,4,2,False,1.0
dd6452bb-b245-d71b-2ed7-7682f29014a8,17.0,0.92959603802357,21921.854419490624,4438.300566547069,2,2,True,1.0
03f9f413-abe4-f309-b903-1b86b4faa987,12.0,0.9918401215964924,31441.745037625613,5313.178063158228,4,0,True,1.0
ddaf881e-9062-30a5-d057-cc7c4aa4fed5,27.0,0.8256652963036782,34276.72162845322,6017.602386599159,0,2,True,1.0
e766af09-6678-523f-719d-9f93f6f70ffd,22.0,0.9563286526488552,17201.436327285446,2508.08111718892,0,1,True,1.0
34793bac-f5c8-47df-9538-9143399d7b2d,90.0,0.2840175403147791,34288.73961417663,0.0,2,0,True,1.0
a7e93910-2d2b-11dc-f3a8-fc850ac05165,53.0,0.3648072493983261,28691.17579265813,721.3337977241425,4,1,True,1.0
4050d2aa-5226-0bb1-2e85-cbf8f6ca9051,27.0,0.3768269765314221,36744.37234580975,6928.350608674153,1,0,True,1.0
a8f96c2e-1e1f-7299-54b7-08385ee27cc2,21.0,0.6749976064154932,17606.591564247865,3285.106906960508,0,0,False,1.0
44ab163e-cb42-052a-eb40-e24cbe343770,18.0,0.888077548480219,25199.74442823838,8254.230722130202,4,2,True,1.0
40edf9ac-c152-04c1-dbe6-f6710935987d,15.0,0.4797219349631038,16075.291688433548,2576.7542348683337,2,3,True,1.0
bdd37cf8-8594-52ef-9122-3e85994cba6c,90.0,0.9343968720303952,17702.352927569893,0.0,3,3,True,1.0
9c46c4fb-1f28-80a6-8c06-ba4150f4d9ff,21.0,0.6289399922831095,27580.429957718345,2515.385141449828,0,3,False,1.0
839d311d-5aac-2046-6400-3b4e3b0debb1,8.0,0.2840003619517499,28980.48222175567,4644.382317502126,0,3,False,1.0
34b98d12-f15d-2a2e-81ab-25927a272244,90.0,0.8980669641909623,20108.099247990453,0.0,0,3,True,1.0
34502f96-15c5-d5e6-92f7-54e27873b37b,90.0,0.5870268424881592,15434.094871214467,0.0,3,3,True,1.0
da24d104-6d9b-b66f-e4af-d6335e55ab48,55.0,0.9726213338565544,34595.308798308484,1140.5480752868773,1,2,True,1.0
707246f3-e1ae-0aaa-9793-2ae817d8957a,90.0,0.8958185546533465,18870.05617687798,0.0,1,2,True,1.0
97e9406b-718c-faf9-b59b-8fbc7a8e5bc9,54.0,0.9797210630790456,30871.48293193623,628.8548615531041,4,2,True,1.0
c0940c59-c39e-5328-de2b-6a8872e79cfd,90.0,0.9052549066613278,21001.32804567021,0.0,3,1,True,1.0
e9357b88-bb2e-2388-6d69-8ffc116564d2,7.0,0.6886777582379634,27926.59622607132,5057.949829666015,3,3,False,1.0
4d1028db-9d8e-6ab1-0537-51c5ad798f5f,13.0,0.8989877728769624,33296.89212457296,8796.504849599323,1,1,True,1.0
5bc1799a-73d8-2ab6-8d92-9e4f81ebd878,18.0,0.7633135402395669,30357.76396495479,1694.4452767643977,2,2,True,1.0
bd1e9ff2-de02-2369-e715-2ae59485f8a1,55.0,0.4054458789893528,32436.05954633589,667.074352452703,1,0,False,1.0
2f8e47e7-46ee-0aef-fc7d-18b98f52e052,37.0,0.9934136428831374,24337.335579680075,3283.4893489810847,1,2,False,1.0
e3f32180-2167-db0d-e3c8-9df17c58dbca,23.0,0.3074014383417181,20577.70018311635,886.952299848122,1,1,True,1.0
f3c1f0e2-2f59-f81d-fb03-2fce31c6867c,46.0,0.9290281797831867,27357.062675473357,1343.9968848233868,0,1,False,1.0
bf240a0b-3ec0-096e-f6cf-c469e3931eaa,90.0,0.8949304682242212,22154.92515588876,0.0,1,0,True,1.0
35bf17ee-acfb-3a2c-365b-44626edd9406,48.0,0.6856075029036212,21296.544834282933,1417.0045746119308,2,3,True,1.0
efa17803-a02d-6d97-671d-13820c07bec6,31.0,0.5691210981268854,14130.339246598662,959.8584433860444,4,0,True,1.0
71a695af-a9bd-768b-7a09-1ab67e8e1bf9,40.0,0.7883297924238659,34146.20524546485,904.4618336064116,1,3,True,1.0
d5fd90d3-4300-848f-2cfe-d1a335587f70,22.0,0.9360984643441118,21082.12338781594,5728.691720629918,1,0,True,1.0
b1fc41f0-ac17-12bf-fb53-616a57cd11fe,27.0,0.8623965590636644,27739.57141934069,5156.449521850534,1,0,True,1.0
ba7e2b0e-cb97-790a-e833-0af99b00ab5d,38.0,0.5775213024418061,31249.442107117047,2892.508224437676,0,0,True,1.0
09d95738-b998-ff5d-a729-48be541b4dca,90.0,0.9943386772115484,24645.970387173667,0.0,1,3,True,1.0
99590335-4199-1800-ca84-55801e0bd164,90.0,0.9954008507447164,22394.3784080406,0.0,0,3,False,1.0
c6577026-63d5-8f77-3d89-57c229c0190f,8.0,0.4909898180653215,30916.344331253465,5190.819245200629,2,1,True,1.0
7d9e1afe-a7ff-bc96-994c-7a22d79df9fb,44.0,0.5151444044939621,30432.25310720458,1822.9329662161103,2,2,True,1.0
f1cb1fa8-3f91-ca04-eaf0-535a17374c98,46.0,0.2730084773783494,30710.85795715848,1048.6910479091964,0,2,True,1.0
93ad26a7-73b3-2589-cc72-1ea99b814df0,6.0,0.5317420778171786,24497.71038432339,6084.914127686218,0,0,True,1.0
5a631e43-6104-7147-de13-f14db246758c,41.0,0.8565000373426882,31005.365515585385,1821.1270912949992,2,2,False,1.0
e2249995-a128-96c7-ee56-12b389f483e1,43.0,0.3065704492512953,27077.540468122297,4318.890768905933,1,1,False,1.0
b9d24a0b-834d-c9ce-369a-9af6677898bc,6.0,0.9832301282898686,27742.36673546761,6152.396559404726,0,1,False,1.0
be9eff59-ea9c-b23f-8f4e-f91313b2d5b1,33.0,0.6666751109526501,27078.92995202345,566.8076726628328,0,3,True,1.0
6c5ebe71-512a-c31d-2cf1-4401833e5d27,38.0,0.8891898196698141,20875.4786139016,2279.4537752386204,0,2,True,1.0
b6a3b05b-ed59-0217-6afd-b910ddcb4852,26.0,0.6008544276101474,22545.779160922106,4182.375803448585,2,0,True,1.0
28e7188c-47e4-e7f9-b2db-dc9bbb52f4c6,9.0,0.8406667910451731,24627.85883283604,3503.1231776247905,3,1,False,1.0
783f830d-b885-8997-9093-f420494174b9,90.0,0.9747766647142372,18126.217127235504,0.0,4,2,True,1.0
b802c29b-1771-5652-dbf8-63dd1f33a453,42.0,0.8726198821888239,22670.78896864253,1381.903103993123,0,3,False,1.0
5a2d1970-e7f0-2bb6-738b-19f84411ae8a,25.0,0.9678867772802808,20994.779458567697,4082.405141502114,1,1,False,1.0
132b4a20-0118-3964-0d9f-0303072ddb28,13.0,0.6484307181772548,32826.2356262033,3483.818741267162,0,3,True,1.0
7ee62532-f7c8-aff8-3c30-6b3566b29e7d,59.0,0.34630616876008,28441.959592510757,103.05726767720849,2,2,True,1.0
2fe0c854-cd1c-2971-5b57-4a78ed5f5e5b,27.0,0.9834971451640224,22579.4791033008,4835.148213507124,1,3,True,1.0
cf42612a-528d-d351-92ce-6d1c07a1734d,45.0,0.9991990360297586,28623.198424678296,1517.8838484492107,4,0,True,1.0
ccf7ebb4-de2c-e35d-8fbe-be2ff75cb7f8,41.0,0.3954945810218057,25250.49861188409,1416.7689536770347,2,2,True,1.0
5a9bbcd9-4555-f796-180d-436d2f6059ca,14.0,0.9987728575810232,33224.32089199673,6373.301238719376,1,1,True,1.0
97abba46-eba6-6e13-adb4-71398158582f,20.0,0.7895186166788769,36064.339209458485,7143.17752697492,1,0,True,1.0
ed903abf-c552-cbff-d3bc-73f161da9ddd,90.0,0.967862168989236,32308.63568485729,0.0,1,2,False,1.0
29c42465-f8a6-0501-335f-6ecd63877589,29.0,0.8995446483298024,28139.734565287945,2490.9081776503567,3,1,False,1.0
6a142f4a-dd6f-b0a4-abc3-e75fa3b96915,90.0,0.6714469690579441,21886.28267972448,0.0,1,1,True,1.0
91c7c052-a9c9-65b4-b982-c99e9c087c3e,17.0,0.9992573884189604,33300.21749003715,3091.584276453454,2,3,True,1.0
1fb85223-1e99-c76b-2fae-ca2a03a821ed,38.0,0.3063124374577395,29639.21936245125,1268.7597755845832,0,3,False,1.0
c279bb24-23f4-dd46-72b5-3903fbaa5d7c,12.0,0.9909568158141926,25477.71192506852,3732.0159263398914,0,2,True,1.0
f181d630-23bc-755c-ee43-60700061a494,44.0,0.5566027129866852,22775.045709365037,338.7216205255125,4,3,False,1.0
a1d0bc8f-505e-f42d-f804-1c332facc2bc,36.0,0.9985223996433238,23025.66343717525,4111.685058175017,0,1,True,1.0
3c842cfd-eb29-668f-f4ba-67809851b8f7,30.0,0.7499197573641451,21853.05429790056,4332.381303051331,1,3,True,1.0
0450fa4f-7745-02ad-1491-abf07669a315,3.0,0.9902322346880033,29356.59748777452,4963.50328969803,1,1,False,1.0
3bbd3680-87e6-5daa-6980-606e24be54ce,31.0,0.7106609113951983,31230.20979846289,7149.1627581955045,0,2,True,1.0
ac1f2c7e-da7d-87d7-a9c6-fc71bfd7380d,50.0,0.5704608890071287,28352.261707818507,1782.846610295146,2,1,False,1.0
30f14505-08ba-d43e-b986-836f4fbe95b0,36.0,0.4892853959726475,28723.54534771336,1945.5089370238416,1,2,False,1.0
7abbbc73-b047-3695-9b95-531ad718c6b4,90.0,0.9361499546681809,31814.35456822768,0.0,0,0,True,1.0
5218ca54-bea5-ebdd-1cae-c8c67e88687a,42.0,0.6711213183352316,26174.427516324115,677.2135359131082,1,1,True,1.0
80c09b98-aa53-a0f9-d457-3a1f58e127fd,90.0,0.960976604901652,14475.808902126868,0.0,3,1,True,1.0
1f8a640d-c5a0-d131-eb51-09d3825d18ed,10.0,0.9347342863730798,27932.56204631409,3035.0877975341737,4,2,True,1.0
18ace8cb-0fb4-732b-a8b7-2a00fc777ee1,10.0,0.918227574529904,21007.703164085106,4973.168267730613,0,3,False,1.0
52f87dee-8d49-937d-4244-142ce9194d5c,33.0,0.9847003951863412,18306.480576959053,1663.6850736940034,4,0,True,1.0
95fd9825-a390-fba9-ba5d-cf32b3e8f28d,90.0,0.7195720803228011,24130.834960041757,0.0,4,2,True,1.0
ddde0184-2a96-8a20-62a0-e76934bef651,12.0,0.9191674699052752,38192.25688044642,2115.3286062391035,2,1,True,1.0
50fcdf7d-b140-721f-f534-7cb79d17061c,15.0,0.643939147713084,23006.808297935757,5925.416887346596,3,1,True,1.0
b2289873-ed53-ed45-d6fd-f59488b88918,18.0,0.9074395281832656,27842.60832601273,5722.82724985227,0,2,True,1.0
a2a2730a-09f9-899e-1eed-320852b1b1db,20.0,0.7296092314508812,29745.150546269924,2685.735044769613,0,0,True,1.0
c7eaefa6-8cf7-dce9-619e-de8f1a466c4c,30.0,0.6736302489939572,23730.72613386173,4054.021033934474,1,0,False,1.0
a2e7056f-f30c-40e5-730c-ac8ee7239e97,90.0,0.6156759105222209,25819.55119304515,0.0,0,0,False,1.0
635da2e4-331a-9310-43ae-7239b2d7021e,6.0,0.3511207657568528,39611.99876979012,182.78245581614476,1,3,False,1.0
02b31504-f279-9032-6d69-fbe3f53b339b,90.0,0.9967316201603786,32856.35885000222,0.0,0,1,True,1.0
ec84090a-a6ea-64f2-f204-25acd5aaf392,34.0,0.4763882793678665,32535.91156786316,3593.6242254543185,3,3,True,1.0
9e19b137-2ba1-061c-2ed0-aee98f3d2eac,90.0,0.9932746177684956,20681.478724890963,0.0,0,0,False,1.0
4d39128b-e68a-23c1-ec4d-2ad49ce0d6c3,90.0,0.9696898194689272,29338.868517769763,0.0,3,3,True,1.0
7f0e55aa-9fc5-10f7-e0cc-29ac50cd0e0d,37.0,0.730219144609767,22416.50358636604,3153.8038840832896,1,3,False,1.0
d81a556b-f898-fe86-64a2-4f5ba27bc5cc,19.0,0.792375203078663,30344.76610777418,1854.9446420991885,2,1,False,1.0
193bf743-63e1-3be2-6150-097683ddce49,11.0,0.5797344584334615,22481.252788947677,3187.8856750906084,1,0,False,1.0
31b3ffe7-27fb-2e3f-323b-c167b99b9b80,90.0,0.9971505258709972,11023.090394981318,0.0,1,3,True,1.0
40610220-300c-0d78-19f6-932c24ae1a3b,90.0,0.671433290974066,14234.52920229412,0.0,3,1,False,1.0
4ed112e4-921b-96d0-245f-3fdb2bd4a58b,26.0,0.6938827767016871,29800.487650011542,4322.056720782476,4,1,True,1.0
0329d5c4-8812-2a56-68f4-1c378ebe07a4,32.0,0.9697386027577032,27905.956394858888,3221.905379477166,2,2,False,1.0
38587b2b-0ef0-058b-51bb-6a1c193bad8e,17.0,0.3161429806652276,26793.53041456428,4754.162131953503,2,0,True,1.0
94f10048-a9e0-15ab-017c-c5c634cc55bb,16.0,0.8531631293249577,36601.98902762259,13223.237082266764,2,2,True,1.0
8dba90fc-f64d-e9c9-a1c1-0fb9e777d10e,24.0,0.6642637084417984,28098.572932909825,3069.0512344616536,1,3,True,1.0
0d9df8df-25be-673c-c9d1-aa35240397b6,46.0,0.8342277022997449,22026.933796783705,1605.3427425742966,2,3,True,1.0
487a70a0-2cca-631e-7564-8deecee15e1c,15.0,0.3478392730870871,27760.889024008644,3818.4711156804015,0,1,False,1.0
a1a7255e-636f-f52b-3086-ed2857c8d825,90.0,0.4856488885929229,32299.05027932177,0.0,1,0,True,1.0
76a73a9d-10c8-ec26-05ab-0fd5daa88e43,42.0,0.4978040897086797,26011.214813117396,933.7905410474252,1,0,True,1.0
48d3c78c-803f-c79e-e215-8e1b2378c1cf,90.0,0.7550794054007861,25306.59994052824,0.0,2,2,True,1.0
7cdaf8ab-4b92-4484-472f-e8c8b72b883c,34.0,0.9532393121237566,24909.006776927672,2752.7190201655512,0,1,False,1.0
787ac2c8-e4e1-9f83-f92d-7bf4fbd666e5,30.0,0.9993045207626912,20173.422669512205,2679.848968954442,0,3,True,1.0
1c2121d6-6150-9298-35a7-4850fb040112,22.0,0.9857521140560778,24673.2835201978,5915.840424246274,4,3,False,1.0
0e0a600e-3007-36ae-b16a-54992e2fd8fc,21.0,0.8010452032236056,29023.99134678331,3219.568737743406,4,3,True,1.0
5d883caa-1adc-9ffd-dfd0-ad8762582d4a,56.0,0.7730704748957766,33750.33528570928,933.7255630084204,2,2,True,1.0
92deeedf-ee01-db25-8310-f7731bb806b0,24.0,0.8304718827404457,34929.91849281704,5558.247098677393,1,1,False,1.0
d1539f25-db8f-8135-e204-48b0d2cb2549,90.0,0.965971062616595,21469.37330540093,0.0,3,0,False,1.0
f6a8fed3-a0b1-d3f1-2466-ce05c2cc9cc7,13.0,0.962211958230079,32232.510357744846,7449.838603054662,0,0,True,1.0
d33356f9-5520-9abd-0842-06dad1fbf46f,42.0,0.6865493625817836,20959.60872006774,1998.48799008156,0,2,True,1.0
6a86c586-6896-895d-eb26-4a10032ab029,10.0,0.5290442028447889,26352.33268373088,7633.89337483195,2,1,True,1.0
5fa73f2a-438d-83da-17d7-0d6c5503905b,90.0,0.8222107463487295,21907.078780653384,0.0,4,1,True,1.0
18600c42-01f2-be57-ff9d-7f8c57ca9b11,90.0,0.999556686830132,21872.377996410392,0.0,1,1,True,1.0
83c73cdf-354f-dedb-8d8d-1e08f0e8bd75,11.0,0.983365771508275,18839.59919233129,2800.917514909367,0,3,True,1.0
3079f13b-c493-66fc-0537-4d251e41a9cd,90.0,0.9019248078520452,22976.40431168643,0.0,0,3,True,1.0
1f512a87-9f11-ff4e-45de-b5a2c18966b7,46.0,0.9990887124447544,20344.603677875457,771.071264600152,0,0,True,1.0
8d82d292-12b8-27ab-79d8-998dcdadb680,6.0,0.6726141992298457,37053.28071319297,4242.747365881206,4,2,False,1.0
ac8ffd16-c1b1-87cd-f080-d4a16e5134a9,13.0,0.6582267236539355,28974.17529708487,2875.23137098781,2,2,True,1.0
2cc7a50c-272d-0d9c-c24a-e15144af48aa,90.0,0.752235298046893,23233.863482791705,0.0,4,3,True,1.0
34dc6b9f-3b48-3ad4-79cb-5ea7c4d78f3c,30.0,0.2785662355403806,26660.82486266318,3426.872567237498,0,3,False,1.0
76a68f19-bada-4515-01f3-fc5920c32f2d,4.0,0.8972938300512318,25926.21262509588,3935.670465982424,1,3,False,1.0
71d4bc5d-fe23-e56e-0518-9da665657019,11.0,0.4628682311068285,39544.76002706869,2114.048559100862,0,1,False,1.0
cbdfafdb-7a33-67da-1afd-34535b298bc2,34.0,0.9791539063257556,21451.22409253061,2572.8274051297326,0,3,False,1.0
64e6e77b-b2c1-7525-cb95-582adf984745,45.0,0.3746590025040871,33969.394136736395,3406.254041033068,4,1,True,1.0
080ae372-d963-d370-ae0b-d39341143cb0,35.0,0.7702625116002983,20761.70572670476,1890.925086725147,3,3,False,1.0
99dc63f6-6bba-8b8b-4f11-d9a0d6128f74,53.0,0.6594034269635314,44332.885845999794,1897.205159034853,1,3,True,1.0
58a7f5b1-c772-4120-9bed-6c7754e73aae,34.0,0.9448292581424426,20585.103051738115,2646.854748622992,1,3,True,1.0
f2d0fa16-0796-87fa-4fb3-a6bc7bca3d40,12.0,0.2860144944153551,31305.04065705924,4593.085781267726,0,2,True,1.0
faa8c503-e9ec-ab44-eae0-04f2dd16023b,90.0,0.971686895783698,15088.388000063916,0.0,0,0,False,1.0
2fbda551-8ac4-b4c7-a1fa-b7278ff51012,5.0,0.548404864318857,32388.04753708485,6382.46959455971,2,3,True,1.0
96cfcab8-f01c-7ae4-0b8b-e007f2b62a4a,90.0,0.294795341741482,24528.72424153196,0.0,0,3,True,1.0
50d73df6-405e-1b14-283c-ba69602a245c,28.0,0.7644844993456806,34682.043608333726,5033.028984551706,0,0,False,1.0
b9c6e6cb-de46-5e49-83f3-862203a845a1,49.0,0.8027456323418416,24795.31952077265,1043.246079163889,0,0,True,1.0
80152680-2e9d-97d5-e9d9-d0b9e056517b,19.0,0.4073762640665674,34383.50121531307,1957.6350869625585,0,1,True,1.0
663aa47c-6dcd-0505-cd85-429acd5b1501,43.0,0.6286103515534505,21023.767597070488,1387.363291002889,1,3,True,1.0
8a8bac31-d126-6556-a368-541cd28f7eed,90.0,0.6198883390596888,22071.0322915772,0.0,2,2,True,1.0
d22789c7-5072-3edc-e7ab-47a634881c8b,90.0,0.7611490184755896,37948.832071365294,0.0,0,2,True,1.0
5f9d6198-39f4-154b-ecf2-7d4b04f17355,45.0,0.9542389063286466,20454.592489806968,1276.9073273769636,1,2,False,1.0
f98ada23-f86a-950d-e001-fbd53bb46be1,4.0,0.9953953843948518,20957.261775197992,8302.666081839057,2,2,False,1.0
41ebc039-f75a-cd38-1273-cc87e695248b,30.0,0.9978581607446664,32026.931175580943,4446.34831023672,1,3,True,1.0
f0df108d-d8f3-c179-e358-2391df2a12de,24.0,0.95676986505179,19133.162492722924,2427.237349483717,3,0,True,1.0
cb044427-413d-9bc3-e989-b84a00eccb88,45.0,0.9751227007373924,24815.03833834581,1276.3028129875474,2,1,True,1.0
868f314f-f588-85c8-a073-1649e7f7e227,25.0,0.3764458523315289,14773.93839087956,4709.908686468178,2,1,True,1.0
42ddd3f5-3e96-5d6b-96bd-43e321b63c5f,30.0,0.9814508579167938,29137.44622974334,5361.0035045195045,2,2,True,1.0
8f3a42ac-95a0-6c64-6fd1-6cc38fe1e76d,22.0,0.2873238286343595,27909.69452650446,0.0,0,1,False,1.0
eaabe601-831d-f446-ca33-9b479b754184,49.0,0.9150312922048022,29027.039587894385,2159.408895863688,2,1,False,1.0
0b461d5f-a9ac-d4bb-cafc-9d5e48e00033,37.0,0.8594325625639864,24013.32241359048,2598.220814217497,0,1,True,1.0
455d0514-c6cd-aaab-04b7-4366a891245e,8.0,0.8814994993502188,24946.158896964786,3929.173905935893,0,2,True,1.0
5b9d1b2e-e15d-c4e6-38fd-be3392fc37af,90.0,0.8845683061645466,23854.34958813475,0.0,0,2,False,1.0
cc6e3dcf-4ae5-04d3-adde-1eb3defa0a3d,18.0,0.9692926270544584,34717.323681162896,8293.75945498827,1,3,True,1.0
3a1e0212-98a3-5c79-15bf-c57d55ba850f,90.0,0.8976637107311806,24310.940978000064,81.7195055205383,0,1,False,1.0
b1ba5c6a-3523-2a19-ba2a-2b3c84084933,14.0,0.9995535269154596,21356.2678890245,3845.2680334153456,0,1,True,1.0
1e5c25ca-b76c-717d-0cc2-951078ffcc24,51.0,0.8840800242044482,19978.355750468043,1271.3800795418013,0,2,True,1.0
345dd4a4-dda6-d104-cc98-89c2b378e5a6,33.0,0.8749397043049413,35235.28107768005,5782.824522956521,2,3,True,1.0
87660a32-b78c-2430-d5d0-103f1a0a29a3,32.0,0.890565787366927,33031.97088836917,3060.124237756701,0,2,True,1.0
df97948b-6eb1-3741-729a-ebb5cfa87a99,33.0,0.3653644967704231,19086.73478460808,739.1779867733316,0,1,False,1.0
051bc6ab-4c6c-91ff-1931-33d02a7e0bdf,90.0,0.998128040290061,15849.788257014336,0.0,3,1,True,1.0
81d7b743-4861-2e2f-85dd-d57319b1f97b,30.0,0.452357442642172,29554.45513937301,4702.2748340271855,1,3,True,1.0
433fb431-6651-4cb6-77f5-dac15fd8fb8b,40.0,0.6658875712008809,29220.35525110492,2128.8855853462896,0,2,False,1.0
51c695c2-cfad-9bcc-444c-baf20a8bba27,13.0,0.5132003523004255,34108.401964603254,7103.739610109369,0,1,False,1.0
d5ef1367-01f6-57d6-ad0d-e0230396f9c2,10.0,0.9194393631974956,23500.33103769389,4397.5381841638655,0,1,True,1.0
9b01d43d-775d-4797-dc94-700bd0d37329,40.0,0.9786845665913156,26348.855746118712,3659.773310513445,2,3,False,1.0
69a3ba80-074d-0bed-1e31-9d359ebe176f,50.0,0.9414187162816864,28525.690883914813,936.2777572094624,2,1,True,1.0
d05dc0dd-6dd1-3b20-3af8-2e13072d3f09,21.0,0.4243218514906579,29926.30599795498,3496.589136914201,1,0,False,1.0
981f4bcd-2fde-b2f2-8fe9-6be062f41099,90.0,0.9434059135730212,31334.936769550262,0.0,1,1,False,1.0
96f2a633-6bfc-596f-ab51-4d66528ec95f,58.0,0.8687347427568204,18248.498584430767,107.76473328478988,3,3,True,1.0
5f99a6c8-1b3c-e330-b68d-14d457203c16,41.0,0.9997437864866844,31047.664359205388,1992.544126347008,3,3,False,1.0
17fe1271-85c7-aa09-733d-a7630597fa5c,6.0,0.6604581749705944,29160.091682465933,6648.876037814954,4,3,True,1.0
1c51845a-525a-6792-1cdb-b68d1faecd6d,90.0,0.7301586459540351,18320.834926776024,0.0,0,2,False,1.0
efdfa9b2-325c-6b45-070f-7148bb2afba7,7.0,0.8193104155641239,26926.227831550816,2297.6541167473665,1,1,False,1.0
778c0c39-793e-c066-af33-e228f2f332bc,28.0,0.9229551898698518,20177.7581846871,929.1293394168702,4,3,True,1.0
9d3d96c4-ee0c-f3f6-0082-1bfedc4e27ba,12.0,0.9328103999503105,39976.3687588965,5439.851457247113,2,0,True,1.0
9bc5392a-c91f-229e-f07c-69d0655aa85d,50.0,0.3053750164613707,22505.221661177515,809.4282399307145,1,3,True,1.0
47c82cb0-321f-97ec-0fc1-52d3053e32b7,8.0,0.9967617544479528,26572.962229307763,3845.1541196982826,2,2,True,1.0
f2f7cdec-4ab3-b7a3-6590-294c73603349,27.0,0.3483859475636622,26011.5359833043,4969.249797070661,4,3,False,1.0
6538a33e-339b-07cf-b083-7483a2fa5473,20.0,0.8180295474458912,17589.22296754038,596.6230943816522,4,1,True,1.0
98ee97c4-0900-1910-87cb-c0299afa2e46,6.0,0.9910347609820854,21687.04438056354,6141.345715378141,0,2,True,1.0
0f6a5bcf-528b-2e90-b138-2224a4fa46fb,46.0,0.2763414901313033,27372.57792763788,975.940217930304,0,3,True,1.0
bdf034ad-17cc-f6c5-b19a-4dfdb1a8aa66,90.0,0.9999112232413744,24370.775474751703,30.54070148961003,0,1,True,1.0
1e4d5cb3-6f63-9756-a2f1-b3cff69c0782,14.0,0.3318781012247958,26475.74750365312,2583.153421496781,2,2,False,1.0
be8b5e93-410c-b4ed-4697-4d2d1184f79f,47.0,0.9048256278817184,38939.77884925637,990.9173746583092,2,0,True,1.0
ae446a25-e5b4-7154-5dfe-d5238e8ecda7,90.0,0.4603346143018301,29034.79572431642,0.0,1,0,True,1.0
6963197e-0dfa-f131-f1ea-3aec3c2ff909,24.0,0.8871206387738529,24167.688960284097,6054.550935607024,1,0,False,1.0
ab4a1f16-443c-ee93-a1ae-606d09b43eee,53.0,0.8594533105206615,26040.352138863236,423.2548794447856,0,3,False,1.0
669e2982-d5ca-e74d-63b3-e8f2b562ee53,29.0,0.9193038110402691,33636.15623413895,4838.924840498786,4,3,False,1.0
9b31020b-c522-fd4d-a19f-a42c475912aa,46.0,0.5139170096608363,25298.62915594116,1144.8236339468,1,0,True,1.0
a22927e5-4099-9491-51eb-4e462161cc36,37.0,0.9760413509065542,18535.789259555728,2864.2058339839355,1,1,True,1.0
e787aebf-8978-999a-581f-1a71a9457dc9,90.0,0.9969793743652824,21358.97045013446,0.0,1,2,False,1.0
1aecf438-f0d9-f0d7-5eb0-8860a7acf22a,49.0,0.9761236590931004,18036.58949388397,628.6296425198542,2,3,True,1.0
14999941-46aa-63dd-8279-a77ab1a6a03c,42.0,0.922460692722012,23080.942404754565,2792.708432729733,0,2,True,1.0
3e6f33b7-e6d7-aff5-d4fc-b57fbd60dea3,28.0,0.9969466826725596,23035.79607210321,1303.741874446408,1,1,True,1.0
64085229-a829-52e8-febf-9bc865b3ee24,19.0,0.6377307444123649,28095.66626480395,3913.859610835348,2,0,False,1.0
fb9942bf-7d38-18a4-a9bc-fbdd6f68ccdf,10.0,0.8188958975319518,27105.79908797129,2531.704583398096,2,0,True,1.0
c83a3752-55c5-b899-6211-458f01f4fdd5,40.0,0.560484510364279,21806.748185913348,1689.6032019596776,3,0,True,1.0
08bf44da-8041-9b98-fed9-9f0fd200cb43,39.0,0.973783252791135,17021.20803628197,2436.9582367686708,3,0,False,1.0
3af73323-3c28-66ca-569c-39545134b275,6.0,0.8099102893647686,26668.708684123976,4276.858964258594,2,2,True,1.0
9ec4218d-0f30-564c-f1a5-fdba543f168f,19.0,0.8588493575211418,31989.470047617568,4034.957507557886,1,3,False,1.0
de40d3e0-7494-6107-300d-61a8ecdf708f,9.0,0.4061766597212883,31303.326189684067,4639.063024973281,2,2,False,1.0
ef98e085-3f36-384e-6a15-18002f31fba0,3.0,0.997362883519679,27714.1845747875,5468.080593886712,0,0,False,1.0
85b268a7-d47a-5452-eafd-31100fa1866c,45.0,0.9489982734151512,28048.954190080465,923.188369416026,0,1,False,1.0
05846eca-734f-62b8-587b-beeb3c15bc39,3.0,0.4970078022081364,32600.305248230343,5693.330105091497,0,1,False,1.0
eb0c0e9c-de9d-c008-8d47-76d7503a3d08,90.0,0.9989752979154414,15240.311754743185,0.0,3,1,True,1.0
4614d1e6-6967-8f16-b02c-f8d9d626df9e,19.0,0.7605404521270178,20344.049156914632,4129.199335268773,4,3,False,1.0
c91bbc6e-9cf3-6143-f64b-533703d97cbf,14.0,0.8122398627672265,24559.005035819468,5052.136140362811,1,1,True,1.0
41360a05-2e2d-79ab-f15f-631460b1ecfe,7.0,0.3037276868740344,20000.08146104757,4986.498663904144,0,0,True,1.0
2362abc1-ed72-a7ed-f55e-c4635a408443,19.0,0.9623972014232732,35382.7040479528,7798.8765497833,2,3,False,1.0
d7c65d43-2793-3477-77ea-d8f3727b3b0c,90.0,0.7501154873823459,23682.046869530008,0.0,3,3,False,1.0
b03f8f09-66c3-407f-9a3a-b1df82eb8ad6,21.0,0.5414118893787714,29796.56971135438,1251.684208594861,0,0,True,1.0
7402df37-b508-5151-322d-6d5df6a9d3b2,30.0,0.9565022381824858,18754.00522260164,718.3679966218225,2,1,True,1.0
5091cadd-44dd-0810-09f6-f376f68f154c,53.0,0.990231000243133,20503.227586743524,887.2489159751176,0,1,True,1.0
aabd03e1-c656-96bc-f604-995e2dc77b53,32.0,0.9341391601975072,29512.43338269736,5627.334714374962,0,1,True,1.0
2eb2f452-56c7-2b7e-da36-b6b12c4f85ac,37.0,0.8569216284006502,32963.626288343105,2652.7092187103367,2,1,False,1.0
fc8b7e20-818a-1b94-25b6-cd2c71180a38,6.0,0.9964606870636626,27461.542052491703,5561.249568408314,2,0,True,1.0
9d651f34-2f6b-c846-fc56-936f28815cce,90.0,0.990384141325053,18241.582858984508,0.0,1,1,False,1.0
cf715c90-5c1e-57a7-0ab2-5af5eb7210fd,90.0,0.9980053263739616,14188.223728413312,0.0,1,1,False,1.0
c95ae00d-ac4c-7419-5be1-68bfcea07045,14.0,0.9961546545162232,13711.00963996483,1198.4121333671542,3,3,False,1.0
1f4208b7-ca68-a569-de26-c7efa19b778c,56.0,0.7050204422070552,21266.440507982126,380.1176714660896,0,3,True,1.0
e5cac26b-2621-9e69-e774-ec6915eba144,18.0,0.6632183214495597,30241.876011930588,4349.744157648573,2,3,True,1.0
c5a8bb01-d53d-9f65-d580-96af0db398fb,90.0,0.5382628679057084,13240.864423432588,0.0,2,3,False,1.0
c1ee6832-dd88-9f70-2ee3-7260be737be2,24.0,0.492502928384714,19614.47672410616,3113.1589188264784,0,2,True,1.0
e3d32156-8146-778d-ac8a-68b7719d9f7b,90.0,0.9778901207083756,28149.913748800045,0.0,0,0,False,1.0
857fd046-a6ce-2d3e-10c5-0fa89f9628b3,45.0,0.9345086820587588,27349.342604067988,1565.887882512333,0,1,True,1.0
181dbdd7-d95c-a653-1d59-1a321912e753,35.0,0.931331994673512,23021.22490398848,2243.165119009021,4,1,True,1.0
d2d511ff-f760-85e8-84b3-d4c3d8ba11e3,12.0,0.9470534851521112,23562.1559708542,5843.257551137535,0,0,True,1.0
3faa110a-91d8-13f2-848d-cb7a7d765dba,32.0,0.2867985427657974,27053.251811577396,1928.7335188661905,3,1,False,1.0
c00e81b3-92b9-6c12-a8a5-609fb5917f44,27.0,0.5793472635517325,27231.22520203867,676.778968780933,3,1,False,1.0
96660a86-cdba-89be-a4a2-f2244881ed93,6.0,0.3447297779071645,22641.11999929518,3698.301658900525,4,0,True,1.0
6e8de967-d77b-6c38-105f-613881019cf5,90.0,0.6335739465612338,21404.886938205065,0.0,4,0,True,1.0
b7fd58fa-77eb-1754-e164-8658d84d7c5f,36.0,0.4673988893111407,40005.55269743337,222.05945093319824,2,2,True,1.0
8d1d9865-109e-bc28-2d00-6da7b6750f88,36.0,0.3331496454563163,23625.683361334537,3352.586449482033,4,1,True,1.0
52c306b3-8d77-08b3-dc0d-fd656beb26af,90.0,0.2784556415237376,34034.118593088584,0.0,1,1,False,1.0
10c5bb80-57e4-9038-c1a1-2463563cb25d,24.0,0.410795672545121,36863.83698974509,7122.073755774555,1,1,False,1.0
18755b54-f1b0-de7d-0bf1-2c3f604c153a,34.0,0.4517130183452641,29983.42337188207,2211.4409586139277,0,1,False,1.0
860e702a-49f1-6998-fec0-84b00be958b7,9.0,0.5949410203515856,30056.91524218007,855.3013465843395,3,0,True,1.0
fa5eb7ed-1dd5-e458-7bd4-cb569db7b1f6,90.0,0.7398176042019948,25386.663753570378,0.0,0,0,False,1.0
4945082f-c244-bd7f-3141-d4a7c8bd4a88,56.0,0.9284234367015072,30989.921967261827,227.34413526332,0,1,True,1.0
0cf1d595-24d6-960d-bfa0-ecd599f8029c,33.0,0.9847416076891522,28236.66590014312,1979.0177415478256,2,3,False,1.0
d7ddc046-4406-8efa-b837-c81af4e9834a,56.0,0.9491192357145268,22553.65935595375,658.9153467904395,4,2,True,1.0
f181e750-55ab-f48e-14fd-a00a23e78afb,21.0,0.3087489154091952,20860.02765905324,2576.71541769673,2,0,True,1.0
24e88aa3-8449-498f-c8e8-719fc59f1b8c,35.0,0.6366752250614047,28759.77835396408,1139.619288748181,3,1,True,1.0
67b9be64-1459-d98c-2aad-423c65f99bae,55.0,0.3697365845826951,28212.00429863922,733.3594630435123,0,3,False,1.0
04105625-9158-d67b-f9bc-b3adf3dcf015,42.0,0.999859957092341,19208.814219931985,81.20668848958084,1,1,False,1.0
bcd34951-5f7c-4e17-15c6-8a71ca3afb4c,22.0,0.9568670157557376,29304.393889811825,7550.279642295078,4,3,True,1.0
3b7ad265-767f-753e-00a6-7388e39374e0,90.0,0.9533493887715222,16757.284322550695,0.0,3,1,True,1.0
0398b946-2e5c-027c-92dc-b8b008a11d35,37.0,0.4678908648526296,34002.07267050339,4072.115126085079,1,1,False,1.0
4b8574cf-7825-16f4-95b3-43333e6a6baa,90.0,0.8019790760488079,28594.917556247605,84.96853046921129,3,2,True,1.0
ad95dae7-b792-7f91-5719-ffd05a8ceb65,44.0,0.8460277054956332,31410.050628865287,1143.3051117878358,0,3,False,1.0
edf8ae71-cb9d-90b9-f90a-cec813fbcd63,47.0,0.97691183152729,24331.80253612096,1787.8593729096278,4,1,True,1.0
3d86bb31-3a4b-2415-a934-2ee347471af7,59.0,0.6098733639747057,26913.784517670814,193.02813879787504,1,3,True,1.0
3d6337b2-3ad2-7849-9a71-234f14617abc,11.0,0.9330668008011784,17645.355424382866,6090.82039351154,4,0,True,1.0
e6390603-4f84-cce7-1ba9-e6fcb84ae690,50.0,0.9961388011424256,17807.45593481113,673.3997690544528,0,2,False,1.0
4db38bfa-1353-0cd0-4036-c660bebfeb93,3.0,0.936672323437054,16295.52512796038,3452.1797316047027,3,1,True,1.0
9614a90c-5cf3-aba2-5de5-e235d8bfce72,28.0,0.9998795377549992,25029.084844531968,3427.227580351246,1,2,False,1.0
d2886ae9-fb9b-dc67-4911-9556dd716de2,8.0,0.3599561898141871,28855.904376857485,7675.394112955622,1,1,True,1.0
60a80cd3-a7e7-2ac4-56a8-f8eafceff3fc,90.0,0.5134933066662368,22619.760939318032,0.0,1,0,True,1.0
5cd7cd75-c7d2-5886-e7a8-8c2919085f15,90.0,0.9035094818440752,28422.661397527136,0.0,0,1,False,1.0
8082fa97-6ca8-6160-c011-a22716548982,7.0,0.3610415665831296,30721.616570679227,8764.919704697528,4,3,False,1.0
73485ab9-1ab8-9589-9c32-3033e3aac02b,23.0,0.9978518991905878,28115.290995751893,3361.826968353835,0,3,True,1.0
e04bcdd6-0b4f-45b5-a101-fa6ecd17ff7d,13.0,0.7673382289406294,39731.79554834616,825.4585322689464,0,0,True,1.0
c45a7965-3404-a2ba-84dd-1dd357c7e564,8.0,0.2816128726177314,24164.44902775496,465.41840892801713,2,1,False,1.0
05b039c6-8fb1-11e0-c706-18e2f701ad59,31.0,0.7592298667197401,19391.580860951064,5310.439468442376,0,3,True,1.0
a1713c52-2064-a9f3-6262-22d78f98d473,3.0,0.7471781262372922,25646.067732139712,6644.324366052105,1,0,True,1.0
8d8e95cf-57d0-ea2e-13b7-a660dc90c8bd,55.0,0.848411951745276,22117.39682328676,696.5901491065073,4,2,False,1.0
3ba29fa0-95df-1e85-723f-da0eee2f6064,8.0,0.9748228877135112,24046.98416119602,7088.84440433686,1,2,False,1.0
ac0e378f-5444-9955-5e9c-d785a645862e,20.0,0.2878255626785173,24165.099650048804,2182.621264452217,1,1,True,1.0
3cac4f84-661f-2bc8-0fd6-d7ec53e45f4d,19.0,0.999865252250629,18233.347478486296,3133.6949503699334,1,1,False,1.0
e651ec25-e957-7024-0ad1-e4ef41bf58ac,26.0,0.2898432470074572,26218.386475294705,2124.925757473564,2,1,True,1.0
06e3975b-f584-e589-c94b-b5e3c4e07887,59.0,0.9169534988904812,28693.89241741391,116.02088168910048,0,1,True,1.0
6d3a78f2-39bb-e32a-af18-afe4d3d98bf2,6.0,0.6638726666312728,36171.910550582674,3898.100250233737,1,1,False,1.0
18a96aad-f557-b49d-67f1-3bd715c10a68,48.0,0.6964292566686359,22896.01042056317,1055.5082347521986,1,1,True,1.0
215d83a6-f315-a49f-6167-5b8df5d1443f,47.0,0.9139838771970192,27717.472899778324,443.5600972593111,4,1,False,1.0
c5d1e6cd-6516-ba43-58a8-ef17ce355b46,4.0,0.6692822711249922,24260.40265489605,3813.235114516928,2,1,True,1.0
5e687640-d528-fba9-39bb-26055dba5458,40.0,0.3815822322846636,25595.8410680545,1082.2677019523298,4,0,True,1.0
49308147-2063-7ebf-619d-eff98c14deb9,39.0,0.4626878368101397,25219.26760804212,2078.9489720978654,2,0,True,1.0
786c256b-b21d-85e1-b2c1-fa088febb726,50.0,0.3007370505784167,23738.58309946032,1211.176129948093,3,2,True,1.0
5278bb52-56c7-1bcd-9735-9856beb9c249,29.0,0.8223637820506863,25001.359633251024,4792.282833458773,0,3,True,1.0
7f5baad3-11dc-530c-a99d-f463a1136cd3,41.0,0.8693866057270676,27243.16033836106,1964.2129572603408,0,2,False,1.0
6b46d44c-ffbd-cdde-deaa-4a4719a22e12,29.0,0.9161806045533852,23022.893379999365,3013.3816267896336,4,3,True,1.0
2a1502b8-3be7-f0be-08d2-4e5f8b4b5475,46.0,0.9845108651406232,27150.24625189493,2584.5679853384063,0,3,True,1.0
e928bb4a-6301-dded-2256-19b990ae6c2c,19.0,0.989958761578676,23215.223666253125,5252.84554904972,1,1,False,1.0
33094e8a-404b-ead8-f04e-19fe07c9ec05,8.0,0.7360908619074522,28048.388064126502,5802.254529483953,1,1,True,1.0
13c3334e-f0a8-67c0-d2bb-e6e6d251ac33,17.0,0.3559601690643785,33619.11688208589,3797.546949145392,1,3,True,1.0
30a1349c-9942-2e2c-aba5-45775f4272ce,10.0,0.7768265500004676,26985.73665700203,4482.223835050895,1,0,False,1.0
240f9bdd-f940-aa38-c9cb-f61e3f77ab49,34.0,0.6414587510347982,27027.166713199185,2369.778056640191,4,1,True,1.0
d932d4f7-bc66-1bee-bcfd-b2f2db68dfc1,90.0,0.7896305197007976,30228.44353632613,0.0,1,0,True,1.0
9880fb1d-d7d4-7706-17a3-28bbdad59c09,10.0,0.9942129718405508,28156.747171486888,7400.457058316636,2,2,True,1.0
6bc780d8-bcba-5b99-f91b-9ebd98158647,11.0,0.93915550837461,30104.64043857877,9567.836983202254,0,0,True,1.0
888cfd0a-d820-c299-79e3-19cbf16a3c83,25.0,0.7060259496653268,29229.823106741787,3976.196650260941,1,2,True,1.0
9d6f6100-9373-fcad-f824-e49dd4a43cf8,6.0,0.662816385614495,29710.02111544661,3174.892219411928,2,3,True,1.0
fcf96b79-7428-63a2-c814-fecd9cc80e3c,90.0,0.6546073211358853,19013.128260574857,0.0,0,3,True,1.0
7b67c2ee-f1b4-be9b-4c2c-31ad2bfc4185,48.0,0.999039816539018,30980.552448037248,2675.3366880494414,2,3,False,1.0
f90a3c0d-6ee1-c7f9-48a8-bb53c477593a,20.0,0.7894955434046182,21555.39652878755,2280.795751165432,3,2,False,1.0
352d6d24-f9ca-dca1-c7a7-2c67706061e6,20.0,0.2990847795418175,36217.63438483422,823.2141166438074,1,3,False,1.0
bf7e06d4-175a-169b-2b28-71edb8af704a,35.0,0.8455660746373345,22009.67083295038,2457.153545711421,0,0,True,1.0
3061bb27-e39a-f3bb-2683-1e3d220a22da,11.0,0.979270432873379,18308.82262685911,2124.6016308269413,1,0,True,1.0
d9d3b65f-967d-1834-16ad-e2f61a20aff4,12.0,0.3365346750479107,24587.88591013689,2016.482427969271,0,2,True,1.0
53c91a9c-d2cc-5cc2-3d18-ddadec833c56,31.0,0.6055902136918345,30180.83606528248,3367.6228277351856,4,2,True,1.0
82c9085e-2234-356e-2a9a-003a9df5b36b,15.0,0.99636562739623,28514.129905278038,2385.378265585416,4,1,True,1.0
f9c2069b-4ad9-5680-6284-1502dec790be,90.0,0.6687570349090805,15927.86846475417,0.0,1,3,True,1.0
f393aa15-f836-2b9b-a784-abc84951c20e,22.0,0.3644129038473819,26462.63688839022,2361.103914269352,0,2,False,1.0
e26bf228-c9f0-6021-e461-486dda61f84c,14.0,0.7855605318652725,22917.65947567261,3301.4750659273373,0,2,True,1.0
0d52827d-7ad4-86c6-64b6-745e0c8cf2b4,6.0,0.6176634048677518,27042.209749821915,5322.079638099235,2,2,False,1.0
10b90d14-cbdb-0059-ac80-8a508364c479,21.0,0.7688775540239046,28608.28367640962,2805.2805520089487,1,2,True,1.0
f133fc4c-e245-edf9-de82-191a9194ac62,11.0,0.824563063758289,24953.76327727045,6615.988745501036,2,2,True,1.0
7ac5119d-bfaa-a3db-8368-efe521aff9f9,90.0,0.8653920060352969,29740.75274960488,92.46489531078988,3,0,False,1.0
75fc251a-4dde-b9b0-dce0-99703f1af05b,45.0,0.6644354977576096,35785.04652091293,2776.5814145630907,0,2,False,1.0
b643a94a-0821-01b7-48c2-48394b3aef3c,22.0,0.3642635296287306,27105.124011384996,2620.4532045818837,1,3,True,1.0
eb5c032d-e7d5-881d-8b61-b7003947f01d,90.0,0.7593310991935821,28896.3847496973,0.0,3,0,True,1.0
0f69d380-ff46-195f-c4b5-dbf48afc9977,9.0,0.9232912492075784,37403.22467773765,8364.80139780263,0,2,False,1.0
1baed991-5683-7839-284e-bedca3e34781,19.0,0.9889358120933942,33106.51355972952,7976.30872772753,4,3,True,1.0
f33a8c62-8158-b7c8-0737-7b69569a458b,52.0,0.5775185982797512,16166.00295580565,300.04774009576454,3,1,True,1.0
49833161-f50b-4aba-8d72-b71831bd396f,13.0,0.5819339204402204,34149.55393532753,5750.125679205275,1,2,False,1.0
fed12ba5-527e-6fe5-2d02-e0b9aba8cd74,48.0,0.8803304108384062,18429.553690056287,1203.577577188557,2,1,True,1.0
cb1f8154-8690-6883-44f2-fde2160d93e4,7.0,0.3150662288606691,21776.066346218733,1087.1064095317763,1,2,True,1.0
40319a2a-1262-59ad-d9cb-91dcf5fbb6b3,54.0,0.3803222370312745,30186.740625753613,1007.9677527182696,1,3,True,1.0
39f3f714-fabb-f2af-bdef-cd01f4080951,11.0,0.8525880697279858,29903.799125134905,5121.7118043515975,0,3,False,1.0
0709f52e-6234-38c1-b64b-b59b15e0e239,14.0,0.8846455897720974,16129.435116733486,3359.807180435229,3,1,False,1.0
b972048b-2a0c-afeb-dccc-76b34bc28ae9,33.0,0.7793501169932094,22759.128369688613,1221.7091840213134,2,1,True,1.0
5a8890dc-0a28-6870-9c08-169e6b17ed92,60.0,0.9617354973282995,31131.43257179212,0.0,2,1,True,1.0
f343ae29-f1a9-9eaa-46ef-54632f419840,3.0,0.4793626805109821,21437.86156840997,6793.841540759784,2,1,False,1.0
0d875dd0-06e4-236f-bcbc-9ea941569c60,5.0,0.8626397328728325,34257.60304213833,13066.222530750734,2,2,True,1.0
678bcb6b-894b-7b49-4366-0b63be6250af,90.0,0.9996608984148954,29576.21755025436,0.0,2,2,False,1.0
1d076548-302d-b454-d3a2-f7e40c43c3c8,20.0,0.961708669012623,28654.74334443537,5969.4016980788,0,1,True,1.0
b5bedd97-42a1-db60-41b0-347f079e51d2,19.0,0.5552515223448373,21125.93770815569,3358.2747994442925,3,3,True,1.0
20ff4096-9418-8354-77fe-5e59a0f2db9c,56.0,0.827802682852104,27937.12252136701,508.5213638829842,4,0,False,1.0
7d429397-d574-97e4-2533-3567f6ea0fc5,51.0,0.3747177210539322,23385.890273183864,1060.6868866345355,1,3,True,1.0
b4c2d402-b8aa-c072-b492-d26f6a21cf8a,33.0,0.9815994002202768,25224.56060271139,5331.059813615432,1,0,True,1.0
ad236265-1810-ece9-3ecd-c7730fe651be,90.0,0.8190625438634014,34130.821819937584,0.0,1,0,True,1.0
fedc3af2-f436-4a3b-bd21-737b6b3b10c6,90.0,0.3712630901185481,25009.254934957757,0.0,1,2,True,1.0
0f805f3c-a510-58f2-bc32-36aa5781d585,13.0,0.4380315385918173,30883.086822051468,7408.009433443151,1,3,True,1.0
0522ae85-29c7-755d-3e5c-d92626143d9a,90.0,0.9778534310795638,24475.576597649044,0.0,1,2,True,1.0
a2f1da73-48dd-af27-32dd-27b517063970,51.0,0.6774529031247168,28705.45804479592,997.017968951612,0,1,True,1.0
a6c1a0f5-2883-35c2-8578-6a0d200807e3,41.0,0.4351645616577123,27582.361957848287,681.0826279986238,1,1,True,1.0
9c5b5ae8-363d-61f4-a0d3-0f97f5daee5d,41.0,0.3869972750923059,30033.88657438977,2419.445655853867,2,2,False,1.0
c09083d3-0a33-6f03-7fa2-bcd15d1aa257,48.0,0.4327169026724944,25772.123824473885,1052.117033851716,1,3,True,1.0
844d78ee-e2d3-7752-b099-33daed4a173f,90.0,0.9880162834581696,25541.12141690029,0.0,3,1,True,1.0
4401810a-9bd3-d630-8e22-f8b757759db1,23.0,0.9596244112489348,14052.396480021762,1079.9464172259825,3,0,False,1.0
c84226ab-9ddf-b66c-30d5-1ef45d8f1333,90.0,0.9530188032039544,26798.946144470687,0.0,2,3,True,1.0
34699c96-b4da-3857-a0e7-8bc2fd41deaa,22.0,0.9933521280871052,22081.751262985606,2800.3918196142013,0,0,True,1.0
9c0cd301-adde-657c-0f1e-ffc46633878c,60.0,0.9969243139345813,25252.68981795903,52.461915863861904,0,2,False,1.0
67a856bb-50f5-8024-ad77-41fe4f47eea4,20.0,0.948152468407371,28043.93377994664,6334.479787748262,1,3,False,1.0
2298e899-9fc0-8def-64da-f14a3a2ad3e8,37.0,0.4268497156181114,34455.026908256565,4809.1074865761975,1,3,False,1.0
496f7fb9-b87c-b218-7417-d2bd858b177f,14.0,0.9956928011482652,39585.49878539517,6370.737274139785,1,3,False,1.0
be016ebb-8b4d-a9a0-be7c-a5f9faa442a0,32.0,0.2936885819066628,22182.982433693327,2164.975716902681,0,0,True,1.0
dbf9bc6d-2485-d589-482e-65dbaadab5b3,50.0,0.4857219062086446,31619.445021255444,1152.3714400796705,4,0,True,1.0
d0bd32ea-fcf2-b700-407f-7520061a278b,90.0,0.3449100466548785,37591.4833476338,0.0,1,2,True,1.0
e29e81eb-e698-d45c-0592-5425c11d8c80,90.0,0.9708006116530918,17126.248725351732,0.0,1,0,False,1.0
a8d5de0d-2df2-4c70-0347-d7771c1df375,29.0,0.4378327840791142,23179.743097369654,2014.1476858004407,0,1,True,1.0
50a5ec43-e97e-922e-4b0a-cb3b43ad631f,17.0,0.467274151817053,31302.031668967367,5617.349667224229,2,3,True,1.0
52894a76-c15c-532e-f896-49e72d901ba1,12.0,0.3373439411415233,29712.583424470104,4478.463821049456,1,2,True,1.0
c7b374ec-9ffd-2f68-9018-095d392a0a38,10.0,0.9975617092724652,20704.36184237368,5538.860546347722,2,1,True,1.0
d1e2426d-bed5-8d7e-9ea9-f61f9c404fce,90.0,0.9784216793637648,32038.23371482353,0.0,1,3,True,1.0
e3929cc6-742e-e35d-9364-2c68ba65f0fb,60.0,0.9874984049867044,17818.96628387522,0.0,0,0,False,1.0
6d74b376-4afe-bb6b-8910-48e574ec09d2,12.0,0.9945170681440576,20276.497283312467,3991.841368664041,0,2,True,1.0
93170723-4c87-3e35-3cda-ceccb1fdd918,18.0,0.9616521637019791,19042.5712916161,4202.45007526394,0,3,True,1.0
42c4ef58-a12f-13aa-6b8b-c24f37f0de15,90.0,0.4120240201261632,31724.53634589064,0.0,3,1,True,1.0
664c5f0e-b0c4-f4a0-fcca-8e956b28716b,18.0,0.431038974278827,33641.89342659134,5674.050349836736,0,2,False,1.0
13ee2537-2cac-be81-0c5c-bdabeee1d207,14.0,0.6820972021253856,20828.164940367977,3770.169723377652,0,2,True,1.0
0d75d354-8a27-323c-6489-d04f1661a2d2,12.0,0.7109334238550238,34853.53138456037,4465.779057956064,4,3,True,1.0
801dface-ea58-f131-fee6-d4b5f7ba8eba,59.0,0.4644174956805155,26822.71065286636,182.6637302785006,0,3,False,1.0
78bcce03-73ee-fdfa-98fa-419671534957,8.0,0.9864556282275532,24019.01700358839,7159.118394424442,0,3,False,1.0
37364785-47e2-e387-f2cd-23c2b845f22e,24.0,0.9976110213652832,36394.95902332713,4705.095936422538,2,3,False,1.0
deaae144-81f7-d107-5598-b11139ab0efd,22.0,0.712204964824538,29166.820298358456,2927.142776512751,1,1,False,1.0
c765a797-e37b-31cc-8f16-173d0c55e47d,22.0,0.7161247421066005,28001.362655888344,3321.2294520498635,1,0,True,1.0
17ff7333-78b9-3fe4-1b3b-208fba04ec11,90.0,0.939279608929064,30289.637999466213,0.0,4,0,True,1.0
5d56dec6-bb82-f3ae-9998-9be2df3bdf3a,6.0,0.9945949857696158,23225.50500849442,4473.767511779219,0,0,False,1.0
ac1d646a-a98e-7c4d-7841-86cbb94fd5cf,24.0,0.6621721754833862,28832.47030292741,2812.3093145248145,0,3,False,1.0
9cd6397c-c0b3-1ae2-f6a9-93e96438b671,90.0,0.9991056411519844,14336.998525694602,0.0,0,0,True,1.0
84f9cb8a-c371-e444-7536-41d73347494a,57.0,0.9698330082197808,19199.324930067392,510.6207115944136,1,1,False,1.0
de6e2267-9d64-6022-94db-0685bf2db7e3,20.0,0.3567785048044876,16545.17533921946,1653.5407556015136,1,2,False,1.0
6c4653e3-6fc9-c6df-363f-7c365de2a715,90.0,0.958935332280638,33624.45117743031,0.0,2,3,True,1.0
87fd93f6-3e62-4798-f485-ff6e6b17bd43,90.0,0.6361574281939464,18692.68915243737,0.0,0,2,True,1.0
c0bbb255-bff4-ca51-e284-23be3ddf5512,23.0,0.9729080262963488,22823.57888649776,3829.131779603165,1,1,False,1.0
b46995d9-63ed-2771-c891-59cb5bcff4be,56.0,0.8814798772302194,23106.01683145959,136.54931554105215,2,0,True,1.0
1a155c1b-6d49-aee3-4628-672a3f951e99,51.0,0.6627392843110654,26264.90316349078,1575.7062155108576,1,3,False,1.0
357385f0-b7ca-e707-0220-0f56108f26d2,42.0,0.3624388026771023,16159.94013244654,1133.8474679612807,3,3,True,1.0
1f14ef03-2bf5-4bb2-d47a-950f5e126f20,20.0,0.9747394987029032,21500.417967405047,6674.630273803779,2,2,False,1.0
0bc27a95-c72b-b36e-34f4-3005acd4fd85,44.0,0.995904895140523,21308.41255967888,1160.8737883581243,1,2,True,1.0
016cd571-7631-f221-90c9-20ab028d393c,12.0,0.3106171472369117,36016.37687878902,3743.940230775536,2,2,True,1.0
b8276f2b-1aed-d1c9-cdda-dcfed2a740c7,56.0,0.6787998204493664,27180.215443173547,600.609988089159,3,3,False,1.0
9da59a9a-5381-3036-a3a7-94c3cfcd4ea4,90.0,0.9511753585900484,32245.4264810819,0.0,1,3,True,1.0
9505ed4c-d427-6004-fd1e-9fc14067ce20,24.0,0.3357051097295132,27170.320812562,2850.1457976048005,0,3,False,1.0
de73570c-529b-972f-acd0-cfc373db36b6,35.0,0.983582527943693,17899.15008882601,1606.2167185253916,0,3,True,1.0
eaf6c43d-0a50-a14e-bdfc-118138fd33c1,5.0,0.7221579759812201,18697.609993729508,2726.4583070085428,3,3,True,1.0
643d4d6d-d9ef-4423-f666-0e26ad0bdbd7,21.0,0.6301222148081459,28121.3935083446,3525.441019941927,1,0,True,1.0
d2994bc4-6e8a-ab76-da63-cef9ded6d2b0,24.0,0.4399491695578293,20885.532334292733,5075.582445668671,4,0,True,1.0
a26e9e27-45b8-3797-307a-e7f2a054bb9e,5.0,0.7945798904349759,37862.916807602334,3758.012886085759,1,0,False,1.0
985f342c-0123-ba75-588a-b74d10f381e1,9.0,0.5315132535932805,34635.55121826052,12083.209135471094,3,0,True,1.0
a3ba8a92-bc28-1356-2bf4-439a031b0c83,44.0,0.3561120523431815,30491.866133985284,3093.064626517952,1,2,False,1.0
9ab4bb3d-a042-b29e-af81-313fcb99dae4,4.0,0.9908289464564348,24837.90031498607,3447.0100407252257,0,2,False,1.0
a8a5cbee-ed9e-7b93-e80c-365018306dac,90.0,0.3215420845171519,22398.8134552388,0.0,3,2,True,1.0
87c920a6-1a33-b594-8f78-6e211f6a412b,90.0,0.9934920289906704,19742.98870228305,0.0,1,3,False,1.0
e4e7aab2-2007-8303-81e6-f480f2cf6232,90.0,0.9417814858003676,19227.054810521557,0.0,4,1,False,1.0
37366d80-db0f-330e-6033-318a1e14c885,13.0,0.4293603784207576,15137.200373497706,2921.539971760856,4,2,True,1.0
ec2a2db1-2c83-5d46-5316-097b39f3cb1c,40.0,0.5296843932183679,26145.17165657298,2095.735034908325,1,3,False,1.0
e8065f38-43f2-ddb6-607d-2cbca99bed04,33.0,0.3476295357853822,28441.150194506263,4473.0013527283945,1,1,True,1.0
81247d98-7175-17ff-64fb-6fab102ec952,46.0,0.9906721128599616,29937.17381765803,2148.081997346997,0,0,True,1.0
a4af07ff-9094-a042-5cc9-8b414f26128a,19.0,0.5397714251407294,25192.04305638652,2603.7021475714787,2,1,True,1.0
05173f4c-a3c8-58d7-73eb-cf5ef85d2473,18.0,0.3505748717224193,36244.38178614064,9491.69257485944,0,1,True,1.0
fa3ca07f-bfef-664b-27dd-75da26a36761,41.0,0.9782388178853988,29151.894244416388,2515.48372763001,0,0,False,1.0
bb6e5655-571e-bb01-2126-2d4884279753,15.0,0.9914478619449802,31356.336835817743,5477.650214643201,1,2,True,1.0
d4e26670-3d69-680d-90e1-8c03a19816cc,90.0,0.7894663309950412,25412.105015083347,0.0,0,1,False,1.0
34ca0733-7b34-4e67-a1ca-f5e9328b5ac5,90.0,0.6466292292206882,24385.915667319296,0.0,0,0,True,1.0
603ece83-3fd7-2d27-e6d2-34d40f904bce,55.0,0.8855375891341627,26989.04656302707,161.29981188824434,2,0,False,1.0
6763d303-d662-2494-25ee-9cb97f5b929c,10.0,0.9649445473084616,27633.94944289052,7597.885550325796,3,0,True,1.0
45ce0a49-3389-29ef-d294-039b0a7fd69b,22.0,0.7612815364114801,28828.60769318441,6158.183064882419,0,2,True,1.0
afaf8450-ee6d-ce3c-dd96-f055569f639d,57.0,0.8183458116332383,28022.38260310785,247.2087848602983,0,0,False,1.0
28d35d69-07f1-892a-757c-e8030190c001,49.0,0.9976845974531066,16987.53347311163,1061.6787182838664,3,3,False,1.0
2e3ccb2e-ea16-edab-04e1-f8d0523d4347,44.0,0.3659249678184416,26413.29797359224,1809.5223041990216,2,2,True,1.0
d986b8e2-c64f-dad7-d3f6-f3d5c9fa8aaa,28.0,0.9558709060340648,36219.11926791182,4045.9235098955473,1,1,True,1.0
c8787d41-75c5-d93a-b308-da81ac357153,48.0,0.986392888958202,30786.13183399481,2335.671452584554,2,1,True,1.0
0617a595-dd35-ad13-6535-936788938f93,32.0,0.9872642657293744,33607.2795901097,2293.472156756606,1,0,True,1.0
bfe0346d-a5d9-2d27-cd7e-13e1d37e4f27,90.0,0.9906478607313048,22277.36065033709,0.0,1,3,True,1.0
e356f515-248c-ab60-3987-3dbca3b41954,90.0,0.8581673225940716,29405.62984398379,59.02921844950037,1,1,True,1.0
ca3b069d-e034-4b0d-53e3-3c02ce7718fd,6.0,0.7470951803961283,33645.72040243783,3282.922380372868,1,0,True,1.0
f7f1ac29-36f8-3a6f-7b85-bb47ffab336d,44.0,0.8744662375054929,28345.786349781247,1299.6590463414552,0,3,False,1.0
1b30244f-d87d-8da7-14ad-c8226ac0d574,46.0,0.8531194852197779,28512.651638955307,618.5528303478685,1,0,False,1.0
b6512b08-c4f6-11f4-b7aa-ab15f80fc289,31.0,0.3405633298679804,25610.466619170988,2841.614231877397,2,2,True,1.0
55874c4f-0c7f-6c3f-7c0c-54fe2cd95607,90.0,0.7936530063832155,19552.685326729297,0.0,3,3,True,1.0
69882f28-2919-7c5e-9f6d-a042a8a47ef7,30.0,0.7506058892835908,19196.9569079848,2009.6476221572404,0,2,False,1.0
b7842a3b-01bb-04de-c40e-24e9a73a9a63,41.0,0.9872491187582731,21873.96424630191,339.462842040598,2,3,True,1.0
3d4631d6-3936-45e6-2b3c-be79da7d9459,54.0,0.9656231555507006,21702.756100595725,627.597066153605,2,0,False,1.0
194be567-c3b4-8c81-ba93-2f22d8e9bf84,20.0,0.997349986693982,27118.997693005007,3655.746058612049,0,2,True,1.0
b1384cc2-21dd-2899-041c-cc886d5befdc,59.0,0.8057360611801093,23481.115276193155,173.55065908675834,0,1,True,1.0
fbb84d1e-5b51-c242-ce7b-9c6ab82d6433,30.0,0.9253576152399178,17375.04617606981,3937.417030896015,1,2,True,1.0
82394195-8b3f-be17-fec1-aa5d35452b0f,90.0,0.9941108383141416,9410.372927726188,0.0,3,2,True,1.0
cde9acbc-a3fc-917a-7e41-b1090d1dbc67,17.0,0.3749859319061444,22247.11708475729,833.8640357776756,1,0,True,1.0
529609fc-6e74-7fdd-11f2-a0068dc72024,90.0,0.9376624049248128,25942.447888645194,0.0,1,2,True,1.0
ac55959b-45d2-5fc4-cb1c-ebfc7785db77,56.0,0.9672198145390176,24387.31774355717,378.1724175626744,0,0,True,1.0
290aa608-ea18-409f-7c23-5c14db8a59e0,3.0,0.6096358853382735,15940.856474888076,4374.924193376342,2,0,True,1.0
f7c73d9a-93ff-05b9-2dce-20893afc14af,90.0,0.995340960436312,22352.77872262691,0.0,1,3,True,1.0
b02a8ac6-063c-37e0-b1cb-d8eb737ba76e,53.0,0.860369900146506,27385.360381542974,724.8946794966271,2,3,False,1.0
3bd6a325-1b21-181a-f2ca-8ba5791bceb4,49.0,0.9796538801421218,22515.358001848934,685.0119565278411,1,3,False,1.0
a6ccc3b0-9b90-7ff7-0c30-8729894b23ed,26.0,0.9959159248926132,25991.128216083136,5522.958050785018,0,1,True,1.0
a1ece8b9-55d2-af35-9f1e-b9930dab29a4,21.0,0.5152990910963835,39788.19171644859,3936.8856446549967,4,1,False,1.0
76c40536-a1b8-4ae2-cbb5-bce74766623d,90.0,0.8809228083411701,23166.202345920163,0.0,1,2,False,1.0
acd8eb6e-8d86-6ac9-9f87-94581dce0139,47.0,0.988121277503324,25874.671781771503,1258.2787628505714,4,3,False,1.0
ee9136fc-5c4b-7ef8-aed0-db0a5c36e109,34.0,0.7396231721462705,31133.98083712453,2120.94087233606,3,1,True,1.0
00b6b8ce-967b-f3ef-dfe0-856697522ac9,90.0,0.4047994925419347,26375.415349834748,0.0,3,1,True,1.0
7dd0e2b4-3474-dc83-bd4b-a1ddbf9cb232,90.0,0.7835516545351944,18648.63179351399,0.0,3,3,False,1.0
6108f845-c21f-3144-bfc8-19dd5d92f8a6,14.0,0.9557335127317604,21183.08804701774,3460.172809727675,0,3,True,1.0
c05482fc-ce98-e798-55b8-7db3ee43f0ed,28.0,0.9245054014146622,26484.302632180992,4054.930463402487,0,1,True,1.0
3f19ad30-0319-9011-3772-41b527fd04ab,50.0,0.6084964149666284,29655.67233635559,768.8933109819103,0,2,True,1.0
854dc534-92d2-4872-2fd2-9cab3551600b,25.0,0.4960680207112083,21075.164351442967,6209.684644852607,2,2,False,1.0
07b2588e-d3ff-9981-ef4b-5123a7650cc1,4.0,0.6171036228323089,34865.22484439551,13408.306245758362,1,1,True,1.0
90a52eae-9420-2478-768d-8ead7b5a7fc4,59.0,0.743046157246325,26597.52020085251,90.51225034796066,0,2,False,1.0
376069bc-7888-6453-16c1-db933d1a9248,9.0,0.5340938004487176,28727.35751104763,9006.908002288928,1,0,False,1.0
df87e0e9-4b5a-4245-04eb-dc444dd34833,27.0,0.7464499725362415,20618.26859691956,2998.0472440395133,0,3,False,1.0
1ad96f52-5460-3d1a-f231-2e81570db283,14.0,0.9426195857484604,33109.05995347532,7285.37939548362,0,0,True,1.0
b63aa529-a341-b262-2323-cb13f07908b0,33.0,0.7195012281286012,29250.823069968304,2074.741040734977,4,1,True,1.0
c2522502-fb7e-cf26-a730-527ff8468a31,47.0,0.9774423236282256,24631.008912570014,1908.9326455448552,2,0,False,1.0
677f39ae-05e5-83c9-16d7-2e1c65f16fa0,19.0,0.9574127708211508,24948.923965406226,5773.563395552862,0,0,True,1.0
c9e99d34-d7f6-6180-b444-000ef1c8cfa5,90.0,0.9972787504014482,27812.0978130109,0.0,0,0,False,1.0
35982109-4a8f-0160-61ac-ae2c791c6ef3,6.0,0.8529747657288482,20800.094691381688,5000.319975422048,0,3,True,1.0
9ab0ac0e-6de0-ad52-3a4e-7818a8e13963,32.0,0.8373297485852483,26101.192994704576,1024.7526134917314,0,2,False,1.0
cdd00ad6-c576-b661-abb9-889cb943a70b,28.0,0.9850074407750936,26888.550376693845,2524.9729739571294,1,1,False,1.0
1d3a6817-528a-415a-8fb3-c3027aad1f17,55.0,0.4495418669011396,23769.504240133945,537.4950743616987,1,2,False,1.0
fd8fe0b7-4e56-cdf0-4ee8-e1e9108a8454,90.0,0.8934214672943226,30115.49622887319,0.0,0,3,True,1.0
83da4a58-dba2-faa0-e0b8-fbd4d89caa70,32.0,0.7277159121654299,22881.57139627889,1833.1093580290328,2,0,True,1.0
6ee6816b-0fed-c8c1-ee0a-bde584e20d94,52.0,0.7934914516152997,27248.155459472844,870.928497864656,1,0,False,1.0
e5fb23b6-bb4f-5502-4237-b65623200c87,49.0,0.9510705656450058,22896.989099791677,1054.524098710075,1,0,True,1.0
29f66f78-e47b-69e7-be06-2552ba9044b8,19.0,0.9656773535910324,28357.1150569022,5143.486621796863,0,1,True,1.0
6c2c6dc6-8d91-0d0d-6a09-100327402fb4,18.0,0.5777261601250739,32109.8637845422,3438.21508004418,2,0,True,1.0
3cf70c31-9698-99c8-65d8-d5ed03f5e00b,14.0,0.8903276051574507,35966.80369276302,7772.508100073751,2,0,True,1.0
edffbfa4-bdd5-b16c-66a4-63f41a45ed94,5.0,0.2965584947065544,32967.557564574265,1299.6783312775424,0,2,True,1.0
8b4e977a-1bd2-969e-4aca-546fd6a9113d,90.0,0.4752797326379214,27544.468071773503,0.0,0,2,True,1.0
c6f12b8d-14c6-a170-17f4-03621ddb69b7,90.0,0.3202829892299241,22631.25871797554,0.0,3,0,True,1.0
c6ccb3a8-cf7a-1a82-5ad3-1a258d58a936,7.0,0.6325203313656045,28727.841695653853,9225.081397622544,1,0,False,1.0
d2e7e978-3e7b-4202-92db-b9bba4baf81d,11.0,0.3021430186200753,37383.13617470753,3276.2755681586787,0,0,True,1.0
074265bd-d0c2-a7d2-713b-2da3110eee59,90.0,0.7769712754585235,35379.94039596642,0.0,0,1,True,1.0
18e651ff-3edd-2d87-e3ff-d19ae45a6f91,32.0,0.8979169380002014,21351.898290382636,2493.43513555881,3,1,True,1.0
635eaa23-d422-3f8d-a4f6-0356b652ff3d,55.0,0.7274894578359602,25938.90931833592,371.3773054157549,2,1,True,1.0
32affd76-ac22-3e9f-0fa3-a84228da2b5c,13.0,0.7698227231292388,24764.87345386678,1224.1341343110423,0,1,False,1.0
231d1cc2-b119-060b-81b1-9595499d2ef7,30.0,0.3923312333487506,22938.18952723429,1617.8274347002507,1,0,False,1.0
cc837133-414f-ea0e-31a5-9581cd7678bb,60.0,0.9981942972736076,16588.54759319189,0.0,1,3,False,1.0
8323bc9d-a944-1798-7359-17515a204282,30.0,0.6488819040768468,27736.645634552624,1593.3694639405992,2,3,True,1.0
41bd082d-8476-b6c9-1731-1f33826466c7,58.0,0.9914404153470192,29292.3031489114,519.1059153568384,2,2,True,1.0
3e76dbac-3601-944a-e01e-ee5b06b2e2c2,48.0,0.3690083867094779,27921.61569959925,2298.504824857657,2,1,False,1.0
925ed3ce-fb16-7e93-a8b5-26374d934d1b,11.0,0.3008974443390402,26378.8213450458,8741.563086063683,0,2,True,1.0
0378159b-2042-e375-9a40-bb02ae202e0d,90.0,0.85617784530371,18825.429559479955,0.0,3,1,True,1.0
ffefc0be-3f57-bdea-a34c-d2db6f712042,55.0,0.7157606123158561,26704.435147369066,118.2945709565272,1,3,True,1.0
8a8a989c-fed8-b2c2-86ca-307f9f66c641,54.0,0.3208154825750874,28922.80334231122,341.7155537980236,3,0,False,1.0
14b3b5d6-e241-8a6d-6fff-49c89e50656d,39.0,0.7800153318859286,33703.15791806321,2841.868358261732,0,1,True,1.0
5019803e-e2f0-9ef1-c728-80c816fcdfbd,90.0,0.978560990875514,34688.076550143865,0.0,1,2,False,1.0
f12865c5-e79e-31f0-2ad8-3aa32f6c04aa,45.0,0.6248203640805272,36061.97821719171,1543.7795470686856,0,2,True,1.0
e690dbf8-459e-9ef9-98d2-b7af56cc0767,23.0,0.7942856217384922,27791.464042035685,2053.6401906113515,4,2,True,1.0
a24f6617-62ff-393f-b9eb-b22455984eab,18.0,0.5729115804539123,21226.07868527849,1990.6146070686,0,0,True,1.0
e0e76000-7ac1-b37a-6659-f4a72ec97e7d,54.0,0.6883390229757729,29685.30689746505,1083.7884885593865,0,0,True,1.0
ee32b816-5242-8f49-ec3a-c0770d7437a3,58.0,0.3862490153432372,22270.416403720938,265.65429698443745,1,0,True,1.0
9fa09d7a-0860-48c6-db75-a287ee4e6a69,34.0,0.7917258384584431,24279.90306836396,2102.8630897690723,0,0,True,1.0
8eca6692-d1b0-a684-4b14-7db2abda42f2,17.0,0.3799033295659074,25565.88507940469,5869.417258560363,1,3,True,1.0
4c7ac621-ae9d-64d9-49ae-6f4303ed1c5b,35.0,0.92051778294193,27183.31147805366,3595.36322800677,0,1,True,1.0
a1b5e91b-e544-9c36-3195-7f26b4047991,33.0,0.2906412273703334,35348.46035909561,122.4250344132972,0,2,False,1.0
d42be12d-4071-abad-fc3d-3dcce3d0585a,31.0,0.3292118408508227,26481.375856857027,2745.443152760481,4,3,True,1.0
7c07e58f-61f4-29d1-581d-8d39b54059f2,57.0,0.985117985652146,28469.985542921644,291.74125080916707,1,3,False,1.0
0233547d-1893-b724-94be-71ecd4f4aaa0,3.0,0.738659758635022,29186.01338491424,2296.518725830481,0,2,False,1.0
a4bcac46-d73f-5d88-d7bd-2be9862fb82d,58.0,0.3649227916724568,20442.917882740527,162.74746863209344,2,3,False,1.0
a69d4d45-c17c-326f-cc44-5698ede88c10,34.0,0.7237410837002978,32088.02626980731,3420.7669109241147,2,2,True,1.0
abd0ea3e-c46e-ac4d-6655-8090ffc28def,18.0,0.9037642150108036,29415.524481398414,2535.444678872059,0,3,True,1.0
fc45ca29-121b-0b01-b178-47c0f8a2bb37,22.0,0.3622518048959348,15257.817800828312,2399.9432458861597,1,0,False,1.0
896b5aa6-03cc-2759-f94e-d5d077578ac4,53.0,0.6238870503703735,28602.629079767587,404.24420947604114,0,1,True,1.0
30c690b5-a800-2b14-85e7-09334cace738,25.0,0.9895027563377332,24313.92498604055,3236.025041447422,1,1,True,1.0
be1b58d6-2fb0-da60-e2b8-433e3645ab1b,54.0,0.9749934353559412,29417.46764113992,812.7174504537609,0,1,True,1.0
29942056-3deb-8b1f-2ab7-5a88faa71130,10.0,0.4235510386136666,34726.89868170362,8842.93892095825,2,3,True,1.0
ceec75f1-bb78-3d1a-79e0-273c67082af2,45.0,0.9978177099624252,26825.630908690957,995.7570028331572,2,1,True,1.0
e5ca5ede-8e1e-6a5f-47cc-3f4bf3b6ff5c,53.0,0.9820617814754148,24857.83872845449,1313.7551434673203,1,0,True,1.0
bd918a2d-f820-b7cd-5837-4477d7ae793c,39.0,0.9659297411644192,30874.310133936306,2568.870622735413,0,3,True,1.0
6491a45d-6a04-7507-76d7-4cb64090032d,90.0,0.5275053164277999,16996.654573529915,0.0,2,2,True,1.0
a6cd21da-b051-8147-df9f-20bc545e7644,28.0,0.8139981280268858,22850.288520400863,3104.263458951495,2,3,False,1.0
21afcc79-71e0-2ccf-c081-57a3a6ce65ed,59.0,0.8195780025767144,20900.010573724445,66.97581354872925,3,1,True,1.0
d983d40e-9a66-851e-898d-ab38ce9da2a3,50.0,0.3479618884980482,24590.83500717346,1120.6391552398202,1,2,True,1.0
e164240c-3177-8eee-60ab-6e953e9b4063,90.0,0.6143407089808148,29494.18880761049,0.0,4,0,True,1.0
993a0f21-9258-2868-382c-ea61c625bf6a,24.0,0.5020700862082992,26633.83227774771,1152.8884523473707,2,3,True,1.0
dedde9b2-93c2-4bbb-c55d-5113782e5fa8,59.0,0.955619569789526,20660.142365418164,29.317884419421176,3,1,False,1.0
9bde7a50-6f6e-99e0-abf9-a01e67390571,20.0,0.8110110500286676,23885.352672048484,2576.566662660769,2,2,True,1.0
b5b4b19a-622e-10a0-d9b0-b5a80768e1f6,90.0,0.972346818998354,24351.066729511986,0.0,3,3,True,1.0
c278d1f7-1d09-84d9-eb22-f96012caf679,90.0,0.7367696631581434,17300.787440734297,0.0,3,2,True,1.0
f0da2e76-4f64-768c-4dd0-84d81a13ba9e,51.0,0.8031514480292093,34631.057370611205,799.1926588924083,1,1,True,1.0
c529828b-b13d-1876-999b-5491b5cfb69b,25.0,0.8293839692576136,31252.885180695383,5983.397109630664,0,1,True,1.0
44f11a80-d2cb-576f-89c3-39d4f9c35fe7,30.0,0.4395324952828111,27159.960702178632,4702.674961457107,0,0,False,1.0
16ffd5e2-36da-1165-216e-f98309357901,44.0,0.9012466108201928,20572.715037634214,2471.8068066896662,2,3,True,1.0
b0ff4e5f-e2c8-c519-3be2-5c9330bee35f,31.0,0.8637612460645733,28759.64783533819,4136.891219860134,0,0,True,1.0
22fd6e5e-ae59-afab-1c7c-33d8549be5c8,11.0,0.8951460878485009,21038.73499634664,5436.381995313369,0,2,True,1.0
f59bb05e-a3f7-2dcd-d316-eb01ae77aa09,90.0,0.9438125521893952,24779.844297491796,0.0,2,2,True,1.0
b2eca541-5ea7-d2d2-9a7d-6b75cb146fdd,39.0,0.97990399768708,20558.62107773871,1151.0821713892433,1,2,True,1.0
591a2967-99d4-3328-fa34-bfeb9615b430,32.0,0.2876651134885992,16987.6041290454,2514.116976921424,2,1,False,1.0
73b42c7f-d063-4401-1fa8-258d0f6596b1,8.0,0.60538328868236,18713.937752407783,2462.799507190661,2,2,False,1.0
fe105731-a600-44bb-097b-097a49f3c583,15.0,0.837315143153827,34344.77598293397,7198.477713668601,0,0,True,1.0
c70ef1bc-a8b8-782a-85ab-e3ff37a68453,90.0,0.5432958650631938,30089.779584069474,0.0,1,3,False,1.0
88dbabec-63b0-1d7c-2b76-edccff19e464,42.0,0.500481766980657,31505.901409305985,1903.2042299874076,1,3,False,1.0
62c875f1-45ca-b971-52b6-45a1c1faf95f,90.0,0.3655095371181236,25715.41960168746,0.0,2,0,True,1.0
5a5a3194-8bb4-a0d9-8928-23c9f4ef1e1e,54.0,0.4600029415844816,30169.826039668576,642.6797714063366,4,3,False,1.0
09576d26-62f6-3bb6-f45c-aba87bc2a68d,90.0,0.9973294642468656,18696.94883986466,0.0,3,1,True,1.0
18e11116-47bf-72f2-ac64-2e5592aa4187,90.0,0.875129184598929,19382.35954818848,0.0,0,2,True,1.0
44f2b7ab-bd3d-cde4-3774-2a6eba1368f4,12.0,0.3158883459968554,20992.555365452783,3690.278538611013,3,0,True,1.0
0e9559e8-c9dc-3dee-b5e2-3bc06cf54931,90.0,0.9314170851523912,24977.350731243117,0.0,3,1,True,1.0
9afc1434-359c-1ce9-6711-059f256ab929,5.0,0.7832125898354284,31633.15566994789,3966.2988666999495,1,3,True,1.0
45282ea0-abb4-3fe0-e945-bd8492b75a0d,25.0,0.4121524807466425,15923.274882286934,3463.6860246412566,3,1,True,1.0
3465c993-89c8-f5ba-4419-c5d719dec596,44.0,0.9992732249096866,14180.50661001907,1162.9082866560452,1,3,True,1.0
f45bd483-2e87-0a2c-5ee0-dac9a29cf1a1,90.0,0.8898757100500503,23008.3027729706,0.0,1,3,True,1.0
91cc53b6-61ec-4082-7707-d8a4e0b521bb,14.0,0.8941142644831004,21287.96761506813,4579.714738398697,3,3,False,1.0
a2fb834d-1b20-beba-d1e5-451757e2650b,13.0,0.3271614400996351,33509.06360307611,4966.843251151443,0,1,False,1.0
84ca819c-332c-47c3-0746-a59596415a98,47.0,0.9999765795658708,19081.359286531704,1568.2224019251028,3,3,True,1.0
fac7f871-de56-4dd3-1279-4f8c4ad4998d,19.0,0.3693565008716823,28102.234449971595,2486.204440849882,1,1,True,1.0
dd06f7b8-e61f-3232-4f29-8e9e3f98e319,8.0,0.6032323763701494,34893.80893397308,8771.495141128757,4,2,False,1.0
052e6f6b-9386-6afa-60c2-edfcaab5e029,90.0,0.5604190489603457,28755.13384679036,0.0,1,0,True,1.0
2628abee-f849-90f1-febe-e12d6822d690,28.0,0.8581185926295083,32326.602484162333,1158.7237224228952,2,1,False,1.0
f76ca75a-b523-6fe6-bb04-07b0ce08c7c9,22.0,0.943473122352128,20876.11980873427,4668.060868814419,0,2,True,1.0
76ef3d4a-cd11-9c25-bfae-7ce90694b1a0,58.0,0.4344392788394292,29757.132825293374,153.54291293126056,4,3,True,1.0
45a6c203-24a9-a4bd-cb20-e4fa6557a59e,45.0,0.9757399889891548,39084.370464392814,4346.165418887117,0,0,True,1.0
f186dcb8-71dd-2254-5e9a-f2a6dd660615,6.0,0.9434485164936184,27764.740189594384,7096.146978832243,1,1,True,1.0
0e376730-28f1-8408-1a55-7f61d45b4ce1,8.0,0.5885868128904138,33787.43849483704,2991.0991612722755,1,1,True,1.0
03094d08-996c-2297-988f-6d48e0f9f376,27.0,0.3708964580191879,26286.40082559276,1809.787148591851,4,3,True,1.0
35eb4bed-4218-61ce-cc5b-266a84166b0f,90.0,0.3508586534451456,20852.851472896644,0.0,0,0,True,1.0
0a066ac4-e39a-ad44-2dac-0b94d6f481ef,32.0,0.4765258431269553,23037.07896304172,1857.111124793176,1,3,True,1.0
62f28775-7977-12c0-a077-77c5d7d5c8b7,28.0,0.9043873148324282,38186.53682208468,5614.747929839575,1,3,True,1.0
01ca4c64-065a-363c-bad2-fc98ca97a50a,90.0,0.4327352558550087,24890.764163859385,0.0,3,2,True,1.0
c538127c-bc87-1bd2-3ee3-fd293797a6f9,49.0,0.8339717659373257,28695.032392559995,1232.8710795426782,0,1,True,1.0
dcdaf195-0d10-7b12-e3d6-e4ec6b92cba7,56.0,0.4051887361282376,32770.10057091667,633.0233203408241,0,0,True,1.0
722e1aed-3de0-5aa7-49b5-ef16543b621f,13.0,0.9605208740814736,33791.13705965648,6809.7119594351925,1,0,True,1.0
141f1800-eb86-3996-a2d9-beb113abc151,15.0,0.869228854613226,24156.809021041,4458.101583017646,3,0,True,1.0
21aa8715-1822-b42c-c3f3-2bcfa1388b50,43.0,0.863680019634026,30925.63797092313,525.7894744914225,4,0,False,1.0
915e51bf-1681-fbe7-246d-9fc4560cc5f4,53.0,0.5904839072863125,31276.05449888782,968.6564000683352,0,2,False,1.0
cfd5180a-4538-256c-0419-c06e54f2dcb3,90.0,0.9813005857715308,18277.86592947612,0.0,0,1,True,1.0
92b3c50f-b71e-1f1e-b546-e4a2a52c46f7,44.0,0.9458431244256787,20660.47738001202,541.1649991856349,0,1,True,1.0
4e616dfb-4b70-f208-f75e-5a23ecc6d1dd,40.0,0.2837224207656308,30501.01987891908,1815.788065144427,0,2,False,1.0
b6f8a95f-b182-57a3-e43e-6f9a845cfa09,36.0,0.4403511096098451,28459.118025357435,1584.6277629846895,3,0,True,1.0
7d2398f4-0ddd-459e-91a8-b0e6d323a21d,15.0,0.998511382916866,17255.157911090762,5435.783000972128,1,1,True,1.0
0bd477b8-5c36-68d9-32f1-933a26d5fada,38.0,0.9955414732572584,31772.432257640947,2655.259757965842,1,0,True,1.0
aff9af16-40cc-6a98-4295-18ef1b291048,55.0,0.9108263818293588,20750.03647844077,249.1358996714122,3,1,False,1.0
950963a0-c31c-1673-a2dc-d55224148ec7,16.0,0.995258025759408,24471.527554175445,4339.928516510563,1,2,True,1.0
c580f0ee-405c-2f53-7508-9631a03e2df8,21.0,0.591760714822327,28503.856740632844,7381.411655110612,3,2,False,1.0
0de85964-43a5-31f2-e054-48716c753c97,47.0,0.9130973738808196,29107.102512784222,2684.7763580513497,1,0,True,1.0
780fe269-9f45-de2c-c17e-502af1f512fc,7.0,0.7939233063829805,17014.704169877856,3287.684274348941,0,0,True,1.0
34e7f8af-99ed-8be2-b45d-f7951f3499a6,90.0,0.9938539129378362,30903.270373251245,0.0,3,2,True,1.0
6d957ae1-fbc8-95f8-6b35-3d28787914ee,90.0,0.8607528114346223,21216.40984723733,0.0,2,0,False,1.0
3559fc04-0f44-0f21-d7ea-c61d4baa0493,37.0,0.5034471105210777,22562.409184177537,2296.8775102490918,4,1,False,1.0
dbc368e5-3cc8-69f6-a08b-345c1b51e24d,9.0,0.9893839196825972,27452.413759275976,7415.388192212145,0,2,True,1.0
83a7605a-a377-50e5-b79d-b5e86a64b497,12.0,0.8965898043637524,27854.406148536156,8085.435244724241,0,3,True,1.0
10145a8c-0971-564e-e51c-1bf3d900c5b7,90.0,0.7650379039716706,36324.24892277627,0.0,0,2,False,1.0
154f5d34-e2ec-2fa5-79c5-2277f1b7add6,59.0,0.9907319093145008,21357.97365784508,72.08528139021271,0,2,False,1.0
10ae385f-64e0-3740-405a-c89dccfd94ba,49.0,0.3978662607758478,27506.79882572234,0.0,0,1,True,1.0
12132f9a-4d09-297f-4e6a-3937f08bb003,5.0,0.7908659093924487,38846.774204480986,10240.133577018078,0,3,True,1.0
35c7025f-cc0c-f6ca-c804-9e4c82fc0d3e,11.0,0.5146947488301286,26955.46028386109,4049.750079076389,3,2,True,1.0
9f1b7977-5fc6-a713-8798-ce1f5ecf4a65,39.0,0.9835702995978564,27322.11467271337,1506.4894467660074,0,0,False,1.0
67508a9c-cb51-595f-0abe-31853e8211da,90.0,0.9815083522545768,22436.854074122784,0.0,0,2,True,1.0
694fd99d-cc65-bf9b-d656-68e2fa337110,24.0,0.4567548681048683,20500.84072390494,4671.827967157252,3,0,True,1.0
2acbee5e-b7d0-7949-cece-73be872835ac,90.0,0.9979883969896356,29602.03431655158,0.0,2,0,True,1.0
e5a6c8af-f68a-b880-3dd9-4ba9b3466dea,33.0,0.2999474716655179,24931.617194510767,2311.2473235413718,2,0,True,1.0
3b1487d1-6af3-c3a1-2025-2de61c8f9ae0,14.0,0.9991667954618436,32464.77121731317,4717.9452649221375,2,0,True,1.0
cfb4f3eb-27b5-ceb4-ca56-bc08b29e0a3f,90.0,0.5922866136133912,33199.98340713294,0.0,2,0,True,1.0
4e41cc5d-af97-b967-3845-2c0f6e75d0af,26.0,0.4260423572215605,30126.088609318955,5185.164878697519,2,3,True,1.0
2cc78c66-f156-78ae-92a9-57b8128f9f55,25.0,0.3763404910304399,32656.9682392742,5158.697056653702,1,0,True,1.0
7a3c7cb6-324b-9e7f-51d2-f624b21d3d42,22.0,0.9999503154534676,22676.95051382512,4586.742738301788,1,1,True,1.0
03d9ad13-dbf4-57cd-f275-3f4b0e1995ef,50.0,0.7786674364370375,20122.85129246873,700.8274363388464,2,1,True,1.0
b8498e39-c892-4c9f-4d73-1e5d54a32a59,14.0,0.3473374711610811,27540.188292492152,2230.512565540684,4,3,True,1.0
c7b128a9-08d3-ca51-fd5c-616186db505f,90.0,0.5309295039205686,20907.835086069837,0.0,3,2,True,1.0
81d063fb-c056-c155-5430-9ab6296e69cc,45.0,0.8757881917683931,36184.38881760426,2943.0928746195464,0,3,False,1.0
6aca4721-d6b2-5200-3b70-6debe0982aa3,90.0,0.6227005402097631,20180.771025365884,0.0,0,2,True,1.0
026718c0-08e0-a74a-929f-4e851755e91c,6.0,0.9573279386018771,28655.783397517414,2998.526611575122,1,3,True,1.0
3f4e3366-25b3-ce52-a106-06bb5eda5970,90.0,0.3487048665770613,19501.872457092373,0.0,1,0,True,1.0
4bf0973a-2ce2-fad6-8ca6-cfe78e8a6b0f,22.0,0.6642324978526397,21225.68019578392,5794.567340493167,4,1,True,1.0
dd99554e-c599-a707-f2ac-cf4f7ecefef0,44.0,0.8473663416887155,28762.280924337792,2636.9683793006,1,1,True,1.0
c73f0425-36c8-28a0-eed9-1d3fb217f0e0,22.0,0.9975819971530036,25212.60651488289,3350.515962583627,0,3,True,1.0
192077bd-75be-67e3-8f2c-8efe9942646b,90.0,0.6525493619444573,26555.71629669,0.0,1,3,True,1.0
99f75baf-bfd2-825c-df16-271144897ef8,55.0,0.5264887475804698,26805.37431452762,506.94581593695904,4,2,True,1.0
3002c7fe-8b6c-35dc-7e11-1662e6ccd273,39.0,0.5240385403031356,30757.91658874626,4521.449765396274,1,1,False,1.0
df91809f-cdc0-71a6-784d-9988754249f1,24.0,0.985358641892032,18895.408581156906,2948.2155575050274,2,1,True,1.0
86e89a72-f193-a447-df4e-02e3c310ded5,50.0,0.4076393820485917,25835.02204946331,0.0,2,0,True,1.0
924249a5-cdf5-b595-0d6e-4e0659db512a,30.0,0.4368301696082163,21279.893101230875,3357.18441763967,1,0,True,1.0
7c7230df-ef88-65df-6722-a8f7f4369885,7.0,0.594545105129115,30582.59872584256,2099.921913364567,0,2,True,1.0
ac38f4d1-c247-2c23-a4fe-2a5fa7d26f66,24.0,0.9996388128188002,32434.999816737232,3567.287463324318,0,1,False,1.0
2e4a93dd-6bb4-0470-c170-f40dffa6f271,50.0,0.4098931716512159,22445.557239117883,191.75987047189423,0,1,True,1.0
afd8b6ee-a16a-5e26-e681-4f6834c3c29c,90.0,0.8440051395092618,25734.309671355877,0.0,0,2,False,1.0
6b120895-780d-7576-c94a-4485c8d7da88,10.0,0.9000705912644815,32551.12343298565,3560.1080709645744,4,0,True,1.0
f7d79048-8b55-5477-4e9d-5d990f358f81,24.0,0.9172409519222918,19256.264556997456,2569.233681917535,0,0,True,1.0
98f3e649-0e70-bdab-1164-087469ec1816,34.0,0.9198157619788524,28711.72797591897,2124.585563687697,2,0,True,1.0
fb30f96e-6022-eca1-f75c-e2ec1ee18e37,41.0,0.3104440769929473,30551.787767891503,2882.919567601939,2,0,True,1.0
9e955e88-e69a-6537-e456-fc4de7f258f6,90.0,0.9282880310422365,13621.886554042349,0.0,3,3,True,1.0
659c749b-2893-aac8-90e3-2f5b9d415462,12.0,0.8660277404293448,17374.006215747453,2621.6697024961845,2,1,True,1.0
02d819ad-df29-3d80-0e2c-345156f136d9,90.0,0.9726071877430708,31553.326170108183,0.0,0,0,True,1.0
5b1a5c54-bfe4-63ca-9abf-3e23a7ca861a,10.0,0.988954758950764,16015.475292609395,2599.94817484987,0,2,True,1.0
9a15a071-56e5-f157-ed6e-f61a442757bc,25.0,0.445535486690982,33861.85242933701,3041.277675563298,4,0,False,1.0
095a201b-bda8-7f40-1a1b-b08e69ea55bc,45.0,0.5662377124129093,23633.702216205147,624.0567494297868,0,2,True,1.0
730ac0fe-e94f-5365-358f-7a7f242ac5ca,39.0,0.5234852530300922,16109.11065038054,2233.276254789582,1,2,False,1.0
a47e4e7a-0029-c690-0c6b-aae4e913d19e,9.0,0.967030725718845,22412.04269280285,4950.312447085973,2,2,True,1.0
59446a63-9719-5106-ac77-7bd83a0041e1,10.0,0.8968257644622586,29190.25102025086,6246.273431648552,0,3,False,1.0
31d1529b-4ab5-bfbf-0e31-d48c5ddbf8a9,48.0,0.8248960778646868,23459.061460120596,1183.769791375477,0,3,True,1.0
d605e5b6-a419-350f-43f6-6b4904605fa3,90.0,0.3463367306355497,30596.38205402862,0.0,0,3,False,1.0
131ae02a-d3fb-e04f-fe58-18786d9c81a8,52.0,0.4340482261010093,29493.793051323424,881.0587590528562,1,3,False,1.0
d4125e1d-a38e-471b-4423-99d08787a852,3.0,0.9277399104068464,30064.489165481064,9584.18700497796,2,3,True,1.0
509fb8ee-7b3f-3d9b-c0a4-e5b7b352d962,57.0,0.6807894870441958,28247.985077407728,719.6114461211342,1,0,False,1.0
07744b80-39ef-d00a-4ba5-1e83b72c158a,55.0,0.6915643875163554,22911.627928487243,145.7430152919601,4,2,True,1.0
7ad97895-6638-7335-8a8d-e59bde516789,38.0,0.5329438323095695,41283.03567538855,3478.4528827594227,2,1,True,1.0
d491a8d7-b48e-c7da-3632-b583a8f72035,39.0,0.5046040814259741,26741.38474617198,1479.8608566604155,1,1,False,1.0
e7bcbe45-b828-b872-690c-3535875d6522,23.0,0.4180098970594859,20040.52917735069,2281.22188108003,0,2,True,1.0
ba61a1b9-0e46-515e-d81b-9ec638db8daa,42.0,0.4452270720376456,32612.178666697,1065.229078410845,2,0,False,1.0
5dc14f93-0c51-b584-cecf-d1fb1f08b39a,90.0,0.9807317892516344,21086.8001646844,0.0,2,1,False,1.0
be716d3f-f89a-53e0-a13d-1eefb7959b71,90.0,0.9148062006782496,23082.82597392764,0.0,2,1,False,1.0
7e2745ca-be3a-b4b3-06c9-b80612629750,90.0,0.5391450833547066,26476.553322226053,0.0,0,2,False,1.0
5fe0ed21-7fc3-db4a-8984-b92d169fc98e,90.0,0.2849145941791693,30650.093689523223,0.0,4,2,True,1.0
f476a629-60ab-6692-9006-3f53957b0ac0,20.0,0.832830581350488,21815.73184326063,4634.071653808284,2,3,True,1.0
3be5020d-c858-6106-8984-b4bdf4b09298,21.0,0.6278089910490341,20984.14091613709,4703.437841742436,1,2,True,1.0
1c2e49ca-1dc0-64b8-333d-f7cfffa17b45,90.0,0.6353423890278586,30030.570654963776,0.0,1,3,True,1.0
83ee60d3-796f-76ca-a205-e014b9682778,90.0,0.5434378638375653,24882.085458195743,0.0,0,1,False,1.0
da9dd475-91db-5923-36b4-d2ebf6aeb0ce,13.0,0.9630350313656842,18137.03311631819,2691.4554581788325,1,0,True,1.0
ebc6f3e0-d0cd-b764-9f45-8a8a465df8cf,28.0,0.9492740192806138,22811.091085558022,3650.919403772942,4,1,False,1.0
690cbcdd-1fa7-d277-8906-50bf569ea83c,35.0,0.8750047104078685,23382.74273655773,1951.1347182320096,0,2,False,1.0
8a65efad-a638-589b-fda5-e26317e501fa,90.0,0.8695299082404551,29434.14427552724,0.0,1,0,True,1.0
3e329e28-726f-e7e8-a662-dd4b37bf8f82,6.0,0.9663771610544656,21836.92471227729,3380.854167154601,1,1,True,1.0
e8d66735-4d95-a39d-fcaf-c545407dc902,47.0,0.2986290885027309,32028.17726718763,2444.7080353332926,2,3,True,1.0
4cba0734-036e-aa3c-921b-0b7454df3d43,33.0,0.3640712258630325,34849.80914645137,3644.782899512183,1,1,False,1.0
ce1876a0-b04d-9aa5-1ae9-684489e7e81d,7.0,0.7137466984001446,28026.99530419065,2623.62087813223,0,1,False,1.0
e561f9b7-bcb2-3807-94ee-8ad5cc8f16b1,23.0,0.9755969688072746,25999.21030870565,2546.745987561157,0,1,True,1.0
a56c64c7-199f-2c62-1351-5984796140ce,90.0,0.9802230035012168,17386.234533700674,0.0,0,1,False,1.0
1e4d9222-3f1f-a272-ce2c-6bb342f303f6,90.0,0.8706567400492748,24950.09710579018,0.0,2,0,True,1.0
a1058d85-f52e-99a6-4569-74c6d94701da,37.0,0.4555295170746495,22459.052146230108,3186.398078808437,0,0,False,1.0
38413101-b5c7-1710-f323-59d0f4a52f29,90.0,0.989120394705818,13158.769730055406,0.0,3,0,True,1.0
63f2406a-7be1-1431-1734-7dbb45e7c500,31.0,0.9967272193733364,25359.365324822626,2170.0029489732447,0,3,True,1.0
8bb085a2-4989-8fd8-2f60-bf96a0e39925,90.0,0.9269533178008446,34674.193968403255,0.0,0,0,True,1.0
106263f6-e13d-4dd3-bce0-0dbb548e41a3,21.0,0.9787357450712176,25692.248966952186,6277.359286101204,1,0,True,1.0
0196b81c-fc02-117a-e1da-1dc487b92b2b,43.0,0.5455617891247133,21158.561616775594,1586.2620009863726,0,2,True,1.0
cee43ab5-f398-2e84-7f3b-4ba82aed6238,5.0,0.466853637899965,31503.692784759296,4065.01424457331,0,0,True,1.0
03fbd3e6-ac16-fa48-dd90-1ff768700d82,21.0,0.7078324039013225,26901.22096243171,5335.05334140544,2,0,True,1.0
5a3c0212-48b4-ed19-6914-b69b95db27ee,31.0,0.7604419998016803,32022.95369229655,7272.016651507644,4,0,True,1.0
3caba8d2-e42f-efeb-a558-471cf084cc29,32.0,0.3372296975189703,27554.44680839497,892.7858298335021,2,0,True,1.0
70a4132a-f005-137c-e7a6-02b2e72a57df,90.0,0.9994325190482436,23419.65090025745,0.0,1,0,True,1.0
7c8a574f-d1b7-ef90-6933-b6cac9f46b2e,54.0,0.2792702383517748,20759.163553586437,489.3146397096395,3,3,True,1.0
bc6d1151-39ef-2682-656c-631e85556c4b,60.0,0.8297604463837479,27697.49637156659,97.3781370482236,1,3,True,1.0
1ba7110c-e770-b1ca-d7c0-a51160d19f30,30.0,0.54313524079344,25577.018095638483,2040.2563737350115,4,3,True,1.0
8db2dbc0-1435-97e2-8a96-941bf716d0e4,90.0,0.6995959755546679,23102.964655160707,0.0,1,1,True,1.0
6df5e7f6-7709-5455-e819-5983a7d3f804,48.0,0.630665011834217,26900.518272306635,54.019264788419584,0,1,False,1.0
df72f10b-d4cc-afae-21d7-5d6162de099e,46.0,0.9651202941827216,16786.984349284623,875.2874352918249,1,0,True,1.0
0f0103eb-e74c-1595-f993-131e2b567f6b,56.0,0.3910677106095681,37844.14088891004,791.4668770034556,1,1,True,1.0
9635a796-f5c7-da4a-4db7-55cef095bfa8,6.0,0.8095354383103859,19212.168366093683,6100.923314041575,2,1,True,1.0
309cfbe7-9bca-27d2-780f-92e5bb61a248,90.0,0.2958174415976574,33157.30323452891,0.0,2,0,False,1.0
a3e0bc66-2b2c-d182-1d49-fb1391254369,51.0,0.7305914442639426,24139.19724131693,1012.2475568468312,0,3,True,1.0
0ac7df56-5d82-f29a-ae14-c9a0aa1f75ff,31.0,0.8636297473626243,32829.31296163226,122.72711138344636,2,2,True,1.0
ed7363d5-0e53-40af-072b-3db841b6bfe7,90.0,0.6485959485663163,20545.444057493536,0.0,0,2,False,1.0
8f60221d-a8b1-0130-6e0d-7d8d3743952c,44.0,0.4764616290921155,28118.583696571528,2899.5360422790427,2,0,False,1.0
1e4f901d-0e12-0bd9-aa3e-19922810f109,90.0,0.4132802791596,24365.494460985872,42.258513412089066,1,2,False,1.0
9bb1a93a-0d6e-0c7a-ac04-2b83db97cf38,10.0,0.3519226632144873,41059.55218619697,7374.935480123809,0,2,True,1.0
fb68d95d-c8e3-647c-d8c1-a598bdddbf86,40.0,0.985328645416014,24735.63855603238,3023.928064800585,4,1,False,1.0
d9605192-23e2-5275-ae40-1aaf1c0fd458,90.0,0.6980636934049287,21598.19054549509,0.0,1,0,False,1.0
06c77c23-096f-011a-4ec7-fffc26c07a75,37.0,0.9772906211900034,24849.500136421662,1208.7816456283688,0,0,True,1.0
1f8e4b60-1464-0210-54f7-95fc1bd9f5eb,3.0,0.3196560136678956,27999.32647654701,9100.767694158802,1,1,True,1.0
a5cbb1f1-eb43-f629-154c-5015cd330a43,54.0,0.980076269274778,22929.44777201085,1057.3149532443083,2,2,True,1.0
415c4677-c23a-b118-3903-01755c01bc32,44.0,0.6513578943699516,17396.862851204023,1122.4104925078514,4,1,True,1.0
fc274155-2d3b-5c4c-91d9-5380f218bf3e,40.0,0.4930924991038761,27728.346959284227,1625.9944589271204,2,1,True,1.0
175c06aa-cd64-fc7d-c3bd-f5bde8c8cb7a,90.0,0.9811541465045776,30886.3977463586,0.0,2,2,False,1.0
3598b559-aabe-7017-cf32-7e2e1c664d5d,28.0,0.8653401874768512,15858.106782424382,876.7193794117237,4,0,True,1.0
87c21a6f-70b9-9b4a-6d6f-58e960b68a31,90.0,0.9986408190528828,38124.337895159326,0.0,2,3,True,1.0
31726435-9a3b-84ee-8560-a142f42ee1c8,27.0,0.4763950949647155,27023.90858023761,867.9275175043384,3,3,False,1.0
6b0abbed-3c20-6854-4517-0a71242bd4ac,34.0,0.4630268586568062,23280.267094087587,303.6090610821576,2,2,True,1.0
3c2ee54a-95fc-183b-b425-6001fa094370,33.0,0.4692138377679296,25319.77015613989,3379.4877914555814,0,0,True,1.0
128187d4-6468-eb4b-095f-b0bebed7c1e9,24.0,0.2973756394295516,22104.01630823569,5808.920644788543,1,3,True,1.0
d64e7c63-8e3a-7fb6-8247-9258562a99a2,53.0,0.9980054212037788,27490.32818261685,521.5196827260409,4,2,False,1.0
8e4b2a06-21e6-016a-771e-51f1b5e8afed,55.0,0.7568576741603122,20068.266688290867,297.6804645445226,4,2,True,1.0
bdcf4e51-d286-9742-0e9d-adcc0e00b376,21.0,0.3256343670658986,25984.08850173436,3773.8834134381623,4,2,True,1.0
089a2584-0f16-b46e-cf4d-14fd60e5f8a6,46.0,0.42225523743443,33049.463194192635,842.7904223063337,1,2,True,1.0
3e06c5f7-a68f-c3f7-2b05-0eb7e718943f,29.0,0.9918265576506596,24556.822059110043,2427.416845942847,3,1,False,1.0
d7cff7a0-33ce-9be2-b561-c5dfc7d49054,22.0,0.9205685975976428,18592.433588025204,2318.684412336418,2,0,True,1.0
374b8dea-3dc7-7a1d-f391-f1e3f897e23a,25.0,0.3832159347830336,24388.282833906436,4532.869094839594,2,3,True,1.0
7db7e822-1250-b200-e0dd-cd13112f4cea,7.0,0.5465634149921527,16062.418537549363,3177.639709152349,1,3,True,1.0
faffb0bc-b0a0-be4d-514a-38a3a90ebe3b,29.0,0.9800523947767802,21709.449341294498,4306.501625717466,0,3,False,1.0
7378286b-59db-237e-048d-975c2554e198,27.0,0.9640394357809708,27867.855759040707,6989.231722091241,2,2,True,1.0
cd2fc0d5-625b-d5ae-7b5b-443cbcc46d46,54.0,0.8332367229953267,30140.657467698227,606.7979247886165,2,2,True,1.0
fffd9e5b-d428-f10c-4d36-7f1550562867,90.0,0.998541899204526,16250.119958311669,0.0,3,1,True,1.0
b6875fac-afcf-e3da-3b0d-2012b3ab5ffc,90.0,0.6878572316744019,30546.296670707183,0.0,2,0,True,1.0
8eb62221-ad8f-f9ed-b263-c78a0d0bbbb3,90.0,0.9732618402936222,12933.965049923718,0.0,3,1,True,1.0
bbc646f8-c1ad-b7d4-229a-ff1976fa5092,54.0,0.6921212723468517,25098.410955956493,142.5529451035602,2,0,True,1.0
92a91aa1-cdb3-6c0c-e731-9e9ce70dfed3,58.0,0.7565117511973102,34515.72026955319,274.287742919828,0,1,True,1.0
52c910bf-b385-e76a-77e6-a5977c21ae3d,90.0,0.9999826141876568,24438.008124187432,0.0,3,2,False,1.0
89e9b8a4-0da7-f735-8807-15b691e9d157,90.0,0.992480848539978,22795.08559435641,0.0,1,1,False,1.0
2dea6c1d-676a-c557-8e21-454e9ded9ef0,90.0,0.9938361879248286,27386.262374028363,0.0,3,2,False,1.0
7c4598ac-3987-efa1-eac5-387664efefd1,29.0,0.9982025011394652,23458.11000161489,4165.860129133528,0,0,False,1.0
2b70628f-2e71-2ca2-1194-99d1fdad89a1,58.0,0.3763739277917678,26169.82776096524,258.00310469833624,0,1,False,1.0
4c4561c4-8c74-68fb-c852-9e2c4550c191,51.0,0.673929874153602,20380.705150458325,765.4098173667038,0,1,True,1.0
918a51d2-1b9c-224a-cd41-e1aad8a8eb1f,8.0,0.2929572012776372,27084.410791198712,4455.313488472413,1,3,True,1.0
8e300a7c-7fa5-5783-0c4f-6c06c6669e0a,6.0,0.7667767110945745,18491.58635103758,2760.8945692436323,0,2,False,1.0
ff25edd3-dd16-3211-a9af-43b50e8c9115,11.0,0.7304588970429394,39731.49084990336,7221.376354262182,0,1,True,1.0
133d2195-eb97-7e3d-c277-59f929d8a5e0,24.0,0.9292755494361556,26059.19292264638,3017.508319647236,0,2,True,1.0
722838ec-575a-7145-f6ac-fc4b2f64c5a6,34.0,0.9663980468436588,20806.299975538688,525.8172868126339,0,0,False,1.0
785c421c-70d0-0655-f0e4-0082f5e90b10,19.0,0.286896529103981,29395.12143352575,4148.592511541334,0,2,False,1.0
efaf707a-7dca-4188-ad1f-1dc378f82454,46.0,0.3394423468903539,31494.928219629717,212.3535611352684,1,2,False,1.0
08fd9f96-77de-6cba-d60b-f655fcf539cd,22.0,0.8445234569181951,26575.83057730185,6741.340280985193,2,2,True,1.0
a3912449-2fb4-5f21-e590-4b653e78659a,19.0,0.9912989956569984,21159.66140992466,2644.3640369040736,2,1,True,1.0
ecd9e0c3-3f80-35b9-54de-b16148826564,90.0,0.4178795854825405,30266.080454996896,0.0,0,3,True,1.0
cc87a1ae-20d7-bc99-ca31-b87425b5e739,18.0,0.4897613187504802,25252.881125456755,3752.744364999726,1,3,False,1.0
c27c4c22-424b-d5be-8011-f29ea4281b51,44.0,0.9995161696823324,32217.24818903243,4041.715212666808,1,3,True,1.0
2a9eef5e-fc3f-decf-44bd-698e4a2faeb5,90.0,0.8107337792667378,31574.276726343407,0.0,2,2,True,1.0
9a5f4a73-26cf-df61-00e8-feb33e0012bc,90.0,0.8485016411370521,27685.738195289254,0.0,4,1,False,1.0
c779891a-c797-098e-1409-be16538c59b9,3.0,0.7617108483888221,24371.314645688515,4194.075156283016,1,0,True,1.0
8086fb81-618f-ca50-f0ae-ca81c71a4387,45.0,0.7508648234638697,26564.781429822146,420.93282835474565,2,3,False,1.0
6115023f-084b-8cb7-b402-345d24d12bdd,5.0,0.5296383938044197,34178.77193889631,2533.600462332126,1,2,False,1.0
ef427277-d582-deac-3378-b80759dbb519,6.0,0.9822167011185816,37950.04864449946,3328.212171418788,2,2,True,1.0
9e14261f-0720-a2e7-506d-a4c3ffa10273,36.0,0.8120186458251659,18827.058046519265,2592.596039968704,3,1,True,1.0
f87e7bda-eeea-a0d3-7a49-b9eb6e06e81d,90.0,0.6193640081697084,17608.939906218937,0.0,0,0,True,1.0
0ac8a9b8-e8fd-1da1-c9a4-3573269f8b90,90.0,0.6912532892861625,33520.81082076073,0.0,0,2,False,1.0
01f50d94-e955-c7e9-3277-e0c3f96ebfcf,90.0,0.99966477943677,15326.344630174504,0.0,3,1,True,1.0
3d5cb8d8-dc31-c59d-1916-28a8694993f7,8.0,0.919176951041838,28075.302707846684,5636.3073863617865,0,3,False,1.0
62368667-d70a-1cec-fc38-d76a2205dd33,90.0,0.9937871724168148,23631.73687243343,0.0,0,1,False,1.0
9f46e03a-0784-239b-0ab3-5d84b0131c47,8.0,0.6336299776234954,20502.88144399837,3281.646120422207,0,2,False,1.0
a77bc48a-c60d-7ab5-dff5-28271075b382,38.0,0.9411810201339792,33357.31341621095,4082.729645975464,0,2,True,1.0
b0b01bd1-fe50-8e90-e78e-09574a712c23,41.0,0.9572297184007856,22937.373705110247,1665.8075354730936,1,1,True,1.0
87384698-b37d-c5d6-8acb-59b7b2c026cd,4.0,0.9815073720586196,25807.027674874324,7332.358585263164,1,1,True,1.0
06e98f7c-be0b-2ccd-ae05-9f0d09445e6e,90.0,0.7336120112800538,26513.141501097278,0.0,1,1,True,1.0
dc039a9c-23d1-3468-5210-d7acdcd3df58,90.0,0.5384125286372025,30411.693042200422,0.0,2,2,True,1.0
14ce0b5e-4f85-0812-3afa-40dc07f2e696,3.0,0.5583180707645494,33320.095725134146,1990.021219620748,0,1,False,1.0
4bf737cd-bc86-a0cb-3cf3-062cec247b1b,37.0,0.9914432836510672,21202.92102127691,3098.2592168151773,2,2,True,1.0
ae05bc42-75d3-6522-bb22-e9394660259a,6.0,0.4656524775529088,20854.31312769509,6327.834042775655,3,2,True,1.0
1edfcd11-689f-974c-83f8-323ddaa2378a,21.0,0.4554426576742534,26860.3721204444,4864.876311160015,0,3,True,1.0
4284b14c-4adc-93cd-8be9-794a749b9649,54.0,0.6909159876643742,25499.75702073571,1056.2697149879823,0,0,False,1.0
ce4ab08d-b0e4-effb-de75-b1632ce3b6bf,90.0,0.8211015126154392,35716.42198937693,0.0,1,3,False,1.0
8a5d5f68-7ab9-3b92-7c83-5d860bedaece,90.0,0.4760780663151393,26825.383898617063,0.0,0,2,True,1.0
257f5980-fa94-54fb-191a-356c82dd464c,49.0,0.9435104265209228,29492.12873330775,1643.2384073581366,4,2,True,1.0
13d59818-f9f2-6bf6-5351-54d79653884d,90.0,0.8516414826277354,27291.35613742859,0.0,0,0,False,1.0
c4d93c8a-b1ae-cc2c-fee8-0f5fcd7deadd,90.0,0.5705959473698994,28980.45559598731,0.0,1,1,False,1.0
51aa99ed-9aa7-fd00-2b9c-5df856cd5609,90.0,0.8849695442670429,26590.04334368825,0.0,2,1,False,1.0
2de937ec-8798-b6c4-d2ce-0a2c627a3fa1,90.0,0.9930563120235516,34722.93809256465,0.0,0,1,True,1.0
5b2bcdb2-e4e5-0829-eb01-80cf94d4191b,90.0,0.6069033380413524,24661.890541948687,0.0,1,1,True,1.0
c39e4c16-1235-d5ff-671c-700fbee1149d,51.0,0.3180090858700947,28941.49697608533,1313.389083644298,4,3,True,1.0
483a4ac0-48a7-5278-71a8-b18bf134ef0e,90.0,0.9880281859338508,20460.90936857052,0.0,3,2,False,1.0
35ebf974-0326-bdfb-9a66-9d9556807a8c,25.0,0.7717076208764199,25196.135115076133,153.88058249793318,2,3,True,1.0
f26e48ef-964f-67e1-0d15-1515cbcc0437,50.0,0.9557091114554862,18447.76474561858,769.2536586876552,1,2,False,1.0
285a5789-5eba-0d65-e77b-a4ed0ffe651f,22.0,0.9431871207493046,32584.371638747365,6903.645775918756,1,3,True,1.0
ba0899b4-5325-caa4-7f52-c92133b0f1bf,90.0,0.9811044164620144,26495.470996081083,0.0,3,0,False,1.0
6a3605d7-22f1-8956-5616-ad53e16a1820,15.0,0.7665796332670862,34573.26225959882,5867.499588683774,4,3,True,1.0
5b3b5232-a61f-8bd7-83eb-260bac4ca40c,28.0,0.5720921984354771,32790.837268579045,4277.640278132742,0,2,True,1.0
13e6bac9-1ce2-ea82-2b6a-e093c60f8795,90.0,0.9972616445207948,32471.705799425432,0.0,2,2,True,1.0
dbb5fe0f-ccee-0813-215a-a8ae19a2f4d9,90.0,0.5166108359472062,23434.99499258902,0.0,1,1,True,1.0
3844de79-4fc3-b964-3799-b063b0322e77,14.0,0.3048825608101441,34121.85369873911,5560.705440876319,0,1,False,1.0
a4c2f3a8-fe50-b063-e312-57bce2356597,6.0,0.5775252917955317,26559.58930986871,6233.244846936595,4,1,True,1.0
0c6b7106-12ff-46ae-bea0-3f1836194765,90.0,0.9942096379821604,29245.039492103468,0.0,3,1,True,1.0
ff0bbb28-d959-1c55-b2dd-86fe6a3553ad,27.0,0.965376946179574,28307.7222244047,6117.481736409207,0,0,False,1.0
bb4a656f-e3a3-92aa-c30b-3f56d0d3dd6c,22.0,0.9936942751802644,27523.43485552268,3847.938345760197,1,0,True,1.0
e3562eee-3857-4dc4-5f71-acc807af8204,55.0,0.9348146063549836,31734.689252142136,393.5468982618093,1,0,False,1.0
8775279d-8018-d40d-767e-1e122e9965e8,90.0,0.9358371188261216,19210.609676165663,0.0,1,2,False,1.0
949635d4-8b5e-931f-8a30-4190337a3ffd,50.0,0.7432843329115608,31519.87937170021,1460.571164690754,1,2,True,1.0
7b27c6b6-c386-5330-8af2-343e2108e4ac,90.0,0.3540452435607712,24877.979643754137,0.0,4,1,False,1.0
667da6db-980e-1b40-093d-6aa462edbb8a,90.0,0.7026771340336739,27485.04338496732,0.0,1,2,True,1.0
d64bdaf8-c7b4-a035-6d30-fc4848f9fc04,47.0,0.9645859188034412,26165.118872741976,1342.8182784868632,0,3,True,1.0
34d85913-a360-d2c9-712c-5c9a08355eaf,43.0,0.9546613005358426,33237.39706786656,1935.212105084607,0,1,True,1.0
da3c35f9-6ac2-9b9d-edba-0440b9bc09f9,90.0,0.6853082309179994,31629.20682994066,0.0,4,3,True,1.0
e09cfd42-692b-e181-9ab0-f3a23a07c2da,90.0,0.6478114042537988,26835.00885084972,0.0,0,2,False,1.0
1d03b5f8-661f-0b59-ef25-9b37da264d78,53.0,0.3314534331714471,32245.569306814526,1496.0567373369788,4,2,True,1.0
b137232a-5739-70c3-abae-cc8638ee5200,9.0,0.9148557036620286,32793.52916763472,6309.817775190461,0,2,False,1.0
697daeab-6e22-66a3-2c06-a073abaca1e1,90.0,0.6344518176395485,20464.946799254,0.0,1,3,True,1.0
fddb2830-4b4d-b4bf-960b-b80f946bf1ae,90.0,0.6472631320216591,22602.175952250294,0.0,2,0,True,1.0
a02e23ce-ad8b-fd90-58ad-0bfd1637d658,7.0,0.4358927831085606,27998.75246028221,11642.984332269692,2,0,False,1.0
b1e10286-51a4-c7ac-daa9-66f0192e3a89,90.0,0.3237702244510224,12369.701082197938,0.0,2,1,False,1.0
c02cd9d1-5067-388f-62ea-6551a82097c9,90.0,0.725572554116529,26014.125883840523,0.0,0,1,True,1.0
fdceb8b8-dbc9-e142-7d22-6204d9dfe095,10.0,0.5918392531639066,28826.90681950561,4453.275076540516,1,0,True,1.0
d5daa1b4-b27c-9cae-fbb5-86233bf66f29,90.0,0.9684949602315868,32591.99406727882,0.0,1,0,False,1.0
b1524847-2840-e76e-26a4-428df87042e5,53.0,0.9953113245849992,29239.974385115755,746.0592808235398,2,0,True,1.0
fa23b46b-cc51-fcbf-606e-1fd1c929e702,90.0,0.3825516478083082,28423.811501017888,0.0,4,2,True,1.0
c6853385-98cb-526b-3ccd-3ce918bc4591,37.0,0.3406191253657496,20624.37436811882,397.32935603064567,0,1,True,1.0
d89787d7-c66d-3c60-9a24-d0bcc505a056,55.0,0.8882469131666815,30217.54200824492,775.7891501521867,0,0,True,1.0
6e96593b-b1fd-f66d-4464-ff6a5745535d,90.0,0.3471168263295165,36923.17010196253,0.0,0,2,True,1.0
2d2eae5c-536d-abb0-d184-47245b403e1c,90.0,0.669991855717096,25960.218258923636,0.0,0,1,False,1.0
73bdab9e-ab3e-2f5b-1f4e-813a86ed4376,90.0,0.9621036296269714,15252.907317187928,0.0,1,0,True,1.0
3d6f9e12-73cc-9e66-9b69-899f0ec0653a,90.0,0.3911744050299344,34844.0960219614,0.0,1,0,True,1.0
85840676-a866-085b-9be3-ed23902aa039,54.0,0.8556864127557731,34476.38708944304,663.6436930331907,0,3,False,1.0
dcd7b02e-5495-ae82-35d9-47c3608f0505,31.0,0.9519045285074834,30127.743442078747,740.2916466224051,0,1,False,1.0
1e0aa756-3ec2-b7c6-81a1-08a904a71a0f,5.0,0.7373151119402142,22759.555279523367,1368.7543333003202,2,2,False,1.0
748b3a1a-bbdd-5a37-a011-d4d7a65c860f,25.0,0.8590642987326831,26609.31228497407,1125.4609684359286,1,3,True,1.0
8577ca41-72d9-38fb-1889-bd084db2b459,16.0,0.9946117779438556,24259.61610466923,7483.369287185588,3,1,True,1.0
c717b5d5-d343-621b-5b42-82f8a5dcf313,43.0,0.7155380485138068,17326.981577286897,2049.2920160348767,3,1,True,1.0
03041c6e-3bde-5f8d-4029-e759d12fa4b3,6.0,0.8570794830640895,23425.691856286077,8482.145763036764,1,2,False,1.0
b7037d7f-2e3a-0690-2e5e-38309ab384c1,54.0,0.6264856219567319,22928.39545853681,841.3332907177571,4,0,False,1.0
948470e7-fc28-4146-f4a5-9e51c2ec4643,10.0,0.547256916740188,21034.683734131235,2773.931436569199,2,2,False,1.0
f43dfe63-6546-c43a-e348-256c0bfc6029,55.0,0.8638356856953556,22039.204398034424,606.1876195032725,2,2,True,1.0
6d5070c0-9cf3-40d8-957b-b7c55980ad3b,15.0,0.9792680907981322,25859.77556575473,4133.159612943997,1,2,True,1.0
bda37a90-8cee-5a0b-51f7-9a9ab61b3f4f,52.0,0.5736825619396271,27907.99555924321,1511.0000813753736,2,1,True,1.0
263b2272-a226-f225-3d00-8096577be023,24.0,0.5646177809158839,29439.809726869626,4667.036795175073,3,3,False,1.0
1f55110f-ad4d-638c-677b-75ac1a1a580f,39.0,0.3795337051371841,22092.33089552211,3553.8707906733025,2,0,False,1.0
23a8d7ec-4968-8d41-9add-7152e0f2348c,17.0,0.8552781129281283,18912.89138195892,3625.663227409285,0,3,True,1.0
d3775a34-be4b-2d27-454e-169021d54337,39.0,0.5907676793630648,16069.458974891106,2501.866521495121,2,0,True,1.0
e8673806-ed02-02f2-f8cc-58c6742ffc5e,44.0,0.7864506789984016,27387.52359248309,1555.824747750758,2,2,False,1.0
522a764c-4b79-2c89-66c2-8076abe02f00,14.0,0.6812184971577996,27474.784379798955,5848.280958843395,0,1,True,1.0
b2e12f5c-d2df-38d2-855f-e58695d9f6c6,45.0,0.5607237009143737,26675.199354573622,2228.794110597206,1,0,True,1.0
8809cfae-78a0-20b5-c8ad-74aca94d9f03,19.0,0.5744305496532436,32280.070888026945,5969.20225310778,0,2,True,1.0
791d7411-55a4-7227-b248-91746a00bd1e,58.0,0.8028812164332232,18019.35214587529,206.47470311014564,0,2,True,1.0
80c1eede-07b6-95dc-edf5-532a9aeb46a7,90.0,0.3333635388689333,28837.862197257884,0.0,1,3,False,1.0
d1940177-1ca6-2f8c-f9d1-c126cb5452f4,29.0,0.8373240264966917,25174.2937482392,3299.966776296808,2,2,True,1.0
c359d42d-ac0d-ae67-51c6-4f16fe7d6737,90.0,0.9917311021680724,25631.58857988115,0.0,2,1,True,1.0
b38c395d-2cf1-c68f-ad6b-ad96f69ed5bf,39.0,0.505571660889137,26963.52984611064,1305.3128726952582,2,3,False,1.0
bc1f8dea-6cb0-72cf-af78-b7974643c22e,34.0,0.6173578314493389,29572.63746069245,5544.865879890289,4,0,True,1.0
b1b3540a-fc65-5460-054d-bc1e90a0c39e,32.0,0.9516959210222,19777.015226834843,665.4233199195382,3,0,True,1.0
8a75be6e-8b59-9ab3-07cc-36e8a7647131,15.0,0.4185196832064102,23292.36482414017,1293.9058878792823,0,2,False,1.0
87062554-a915-4c86-5db8-8dee0a487c12,23.0,0.8689767097597305,26400.744937152514,3660.320777059465,0,2,True,1.0
a8b3cb97-3d9c-e954-9cac-7e4ffdfe141a,90.0,0.3584011002815064,17029.990434930864,0.0,3,3,True,1.0
46292f0b-fba8-9781-6eec-b119794a823b,20.0,0.4875585847624091,20307.277900712856,3932.867940263289,2,2,False,1.0
432375c6-26f1-be65-d6be-76c07e5cb699,90.0,0.8616258205399835,26987.58896669044,0.0,0,1,True,1.0
e7bc8703-a58c-c840-8ef7-e58ddd2207c4,35.0,0.9596830753625132,32085.87972990769,2673.2015286734886,0,1,True,1.0
9e638ef7-ef72-0b77-6f36-01ea47663857,90.0,0.4618790541256931,28976.26891614299,147.27000159619672,3,1,True,1.0
4bf22da3-fb27-bb19-fa1d-a510772ebef9,17.0,0.6574040594528522,20536.84759579345,3709.773537455196,2,2,True,1.0
9ddc196a-88ed-4363-a37e-c3b6dad9de21,26.0,0.6160641129408374,30633.696369223293,4717.537952825925,1,2,False,1.0
420dbb26-594e-573c-0a28-9d3c7faaeca1,30.0,0.4336671061331971,25169.559791401607,6051.979569793764,1,0,True,1.0
771cc428-b829-b22e-ea29-18bda71e378a,11.0,0.9771977758663029,18562.97882956117,1639.1995374237267,1,0,False,1.0
57ee2bbb-8866-f998-4a43-7166f829ceef,47.0,0.9982601928381633,23115.677460142066,1567.7509776233246,2,0,True,1.0
33280d87-b042-9759-101e-1ac89bc3be6e,24.0,0.4063640060508959,31978.006507076487,4330.962787904935,0,3,True,1.0
a88dfbff-0540-cf6a-c11c-7afc6cab031c,34.0,0.282492729967419,14123.61016272416,1303.0358175177298,2,2,True,1.0
6ca130c2-7949-1088-0760-a13a606e1ba0,21.0,0.92957287850335,24087.63188703674,7041.233584463347,0,0,True,1.0
a97fd83b-a44d-0d9d-053b-33feafca47eb,58.0,0.9421192123104988,25486.41795807192,326.4133923199755,0,2,True,1.0
c4db73d8-6215-b84f-3b67-f40dea05b9b5,90.0,0.9707253816022976,19598.25338528724,0.0,2,3,True,1.0
b3fcfed7-2078-61b2-2641-63b690fc28aa,32.0,0.2953276878545933,35288.88693468632,4054.034496969632,2,0,False,1.0
c8a7b134-e697-5e7e-8d1c-81720a15cd04,41.0,0.6130694514628869,27276.16121691061,1304.944843697058,1,3,True,1.0
8a049afa-c458-9548-0ec4-cd34a3b23417,30.0,0.4921507823037347,29003.793541733445,1731.6559713435036,1,1,True,1.0
4ea180e8-9b67-9f84-506a-5ef9be9dcc19,55.0,0.4676639246963329,20425.915508645405,262.5695122752279,2,2,False,1.0
992314fd-3e3a-cbbd-9474-e8c4fcfe7f7e,49.0,0.7952407481148865,23399.709405242927,649.9200501992772,0,0,False,1.0
2e841def-c4db-65a2-f4be-c5213c86429f,90.0,0.8422382930948843,24944.70627718465,0.0,0,3,True,1.0
c2fab12b-a015-d959-4af1-7ec3c0cfd072,90.0,0.5783805348357772,31033.54226064974,0.0,0,0,True,1.0
5141c83c-c5ba-c00e-7a80-4ac83aa96418,27.0,0.5370551960325874,23025.0640555593,2583.3870527578315,2,1,False,1.0
5c65ef68-929d-c1e6-c29b-3dd34ef76ceb,21.0,0.9064214641986692,33680.22233563172,2871.18306478455,2,0,True,1.0
404e9f8c-ca27-7f6a-8f27-992d1868e9f6,30.0,0.5630600307758962,30797.095150890636,4162.901199067671,2,1,False,1.0
d993a1c6-f19c-3eba-6e0b-2495c62a6c8f,18.0,0.9764610919672204,27980.030882703297,3668.5261228729737,1,1,True,1.0
9b23c80e-9b0f-63e8-fb5e-430409c0000e,41.0,0.5662440368975931,23271.87996554128,2840.639021683242,1,2,False,1.0
33db2cfc-fd30-7149-27fa-9cbec75e0924,31.0,0.9215129818524008,24565.79037941686,3070.151345256885,4,1,True,1.0
d20a4c7a-88e5-3156-856b-acab61a807e0,46.0,0.9935331888442334,30834.65637593071,2592.21799814672,2,2,True,1.0
f7e20d6d-d096-b7ae-1613-f47ec5009e2a,90.0,0.998520525137736,24306.487917459468,0.0,2,2,False,1.0
12e7a14f-af9c-70bb-fec9-944a736d6492,90.0,0.5288610323449482,24086.91374985537,52.4391008912116,0,0,True,1.0
14adce21-5828-0ee6-59d5-037fc64d5d8e,90.0,0.9940496542126636,10549.667429858368,0.0,4,0,True,1.0
3971b020-c272-07ff-f85e-d27db47fec8a,13.0,0.9875793548019248,25647.0806392818,5894.358324332244,1,2,False,1.0
6b1d9330-23f0-98e1-62ea-83e734c3a69b,7.0,0.9022720802606764,17064.80143676103,3732.555623680291,1,2,True,1.0
9b4cb7d5-21e5-281e-e435-297a113413eb,90.0,0.2759934047911955,33159.58924869756,0.0,0,3,True,1.0
b1e986a9-3c37-af04-063b-4eab3dfb1ff1,33.0,0.4600216534457637,30347.3485004028,5170.262440343089,2,3,False,1.0
a0e9b4b1-41ce-9846-b536-80149a8fd90e,6.0,0.9987462703047296,26077.278406325007,6852.316062184971,2,1,True,1.0
2d8f3a85-2312-bf81-f5e9-daecf5bd1211,44.0,0.4349963361594537,28237.284459060327,2295.406068212059,0,1,False,1.0
9c3b3426-62d7-40ab-fc9b-e212e95b4488,24.0,0.3474386326156656,28107.98707486768,2242.981507896284,0,2,True,1.0
67d0d552-11d7-ed1b-4bc0-e414f17d55f8,52.0,0.9994545883742164,20901.215415598326,639.6747307945404,3,3,True,1.0
763425f7-f29d-8a4a-5003-2d5209a5bb20,14.0,0.981278561715668,27967.04197780759,5835.892693359755,2,1,True,1.0
5e70ff40-c9d0-f585-341f-07016f3a4fc0,90.0,0.9660180382554568,23644.30669600945,0.0,0,3,True,1.0
4894206e-b175-a909-8b84-4ffef2b7833a,26.0,0.9733510269815256,20581.161574334183,3224.4670810376315,1,2,True,1.0
690379f6-0e51-f4ca-65fa-7e057b578220,90.0,0.3677388568557711,28583.524909497988,0.0,3,3,True,1.0
62e987fa-fc84-e3b3-63ee-3ac5a8773e21,21.0,0.8677401310653857,31768.67767711869,6758.563134186536,1,3,False,1.0
dd7d735f-8ffc-d9df-71c2-06f7e0592d49,90.0,0.9757151520221162,26666.956943559497,0.0,2,3,False,1.0
28c21a46-eaa1-fbbf-3d34-41c09e94bbc0,90.0,0.8753321808292225,33231.36924244539,0.0,0,2,True,1.0
f1c0b24a-d794-0ce8-b25a-945953dfcca6,22.0,0.8306255526521883,15451.19544067547,2352.57698712789,0,2,False,1.0
1fcdf7e3-e39d-2068-bd85-2fcf29095956,26.0,0.4472991585152425,20562.113493503537,2296.624477555877,0,2,True,1.0
16ebe846-e853-2338-b6c2-6de601be185a,26.0,0.98128703981616,25647.707015316504,2184.930909551322,1,3,False,1.0
8030f949-76bd-6bb3-44da-cf4ea6eb6aff,8.0,0.386312589208296,35737.13433651086,3913.620132234664,1,2,True,1.0
205c7449-7eec-f130-79e2-c92e497834ed,37.0,0.9024410603526318,26938.991194319,3818.886396680663,1,1,True,1.0
c588bca5-3d0c-8498-7723-1b77aaab5d01,20.0,0.772889110724532,31062.48889210653,4352.069851234779,3,2,False,1.0
0060aa75-be52-19c6-2c7e-e4340f8cc59a,37.0,0.947141005578874,18750.525476485003,2518.753087379359,2,2,False,1.0
b694be56-59fe-8d05-edb9-864a0732b247,90.0,0.8739847451349496,31431.783267806004,0.0,0,3,False,1.0
88515cd1-080f-5087-d9f8-ff254ee08399,32.0,0.9564398771942014,37790.82076164791,4099.8266761443065,2,2,True,1.0
70b5062e-987c-0902-a3c2-6dc8223aa6c1,14.0,0.970249623828783,24386.056251437298,0.0,0,0,False,1.0
2b0bf9ff-0efc-2750-45d9-323722388d60,52.0,0.6439203017313448,33091.32927883898,1506.754704094717,2,1,True,1.0
95375d06-3533-e96a-4413-a92feea74c0a,7.0,0.7039586675757111,37856.66763762713,4722.979639218752,0,0,True,1.0
cfbbd976-be11-3716-5649-5bc71ef84118,33.0,0.9825116651697394,22293.197386082185,3126.636328438345,3,3,True,1.0
13ed464d-4510-d32d-9ee7-55275d9a8b57,35.0,0.7324945661272587,24803.499613639724,4469.2518394550925,1,1,False,1.0
ebcc74ac-2d10-6a44-43bf-c850cab90cd8,90.0,0.9639809315291964,32685.117640596734,0.0,1,3,True,1.0
7d4b41f2-a80f-b879-db70-a4900dbb95e1,20.0,0.9495772650320408,24087.60033597258,4711.522210014409,0,3,False,1.0
a75b96b1-0476-ed88-e950-07a9c5680a82,90.0,0.987437022615122,32260.23984564073,0.0,2,0,False,1.0
d6dcf03d-9ff0-5f56-7c71-bac2b717cb70,51.0,0.9999399219051204,28592.65882174959,1178.160052082944,2,0,True,1.0
36ca85e8-aeb3-d36a-ea61-c54aae5dec47,52.0,0.3774416369180747,28889.52556321507,1017.767632595554,0,3,False,1.0
0511b08f-63cc-c0f7-bf8e-19a460d83d24,90.0,0.9753276994957718,16859.74423462408,0.0,3,2,True,1.0
45b288b3-416a-ef86-7da4-408f335a58de,33.0,0.9967222840024136,20634.118832866043,1017.83636551495,4,0,True,1.0
fb0f9c4a-4647-ce28-035e-7be0d9d3e73c,32.0,0.5712381689123572,30583.09891640029,4457.8384164458175,2,0,True,1.0
fd66da03-7dda-5c1f-4428-ae1c309fc92f,35.0,0.6611375688416228,21813.74622809374,1901.2304278259023,1,0,False,1.0
5d89d5e5-6380-96d6-d998-3ea3a991a2d0,59.0,0.2852518672612756,27921.835223631897,427.01821364705233,1,1,False,1.0
9bfcb20e-cc4a-54fb-c33c-a1f0044f45da,44.0,0.709167099843334,23075.514948526536,1253.972227508244,1,3,True,1.0
4ff63cbd-cfa1-cddf-f7f6-bc564b86e1f6,35.0,0.5680781241567786,20394.56838398065,2479.60806950424,1,1,True,1.0
0784d7e8-18d8-e4e1-0d36-a33b50d475e7,28.0,0.2930021976394051,30903.50752349918,4795.920611992425,0,2,True,1.0
b2d5d0c2-b9bd-4d32-e9a1-368be68682d9,56.0,0.7590146575743248,25533.565129086008,624.6599601250485,1,1,True,1.0
b3e3be73-b026-d5e9-657e-83ce98dc1a51,90.0,0.8998574035979148,27623.149557169745,0.0,1,3,False,1.0
6ae7934c-ad97-9e17-e2c4-c3c414741091,8.0,0.6053157086857868,12098.242915650317,1762.090110859988,1,1,True,1.0
58ac92cd-b0f4-12ba-fca3-e80db35737b8,53.0,0.8966159559290126,24462.64773918414,427.3398233415174,0,3,False,1.0
0ac2791e-2100-2f71-793a-dd4e921e0fd2,90.0,0.9024734370616052,20633.869892471605,0.0,3,3,True,1.0
aa394e92-572d-2e12-b3e7-30c396a9c239,15.0,0.8857767394865755,25588.302928297693,3465.669001821449,0,0,False,1.0
0a898468-5c47-952c-5944-6e6960c375f5,29.0,0.9441987082627872,31885.18432368712,4881.244494249481,1,3,False,1.0
aadbb322-8520-62d9-f6fc-a4f1865944f4,42.0,0.9271559322712276,20776.116376775502,1475.869476134363,1,0,True,1.0
ac56364e-b5ac-2491-ec25-b31b885a0119,13.0,0.9209184772459608,35326.559031542,4010.897324024583,4,3,False,1.0
46074681-2283-380d-a7e9-32b02757fd8e,11.0,0.8934077032860425,16917.19902288959,2421.0842392032523,0,1,True,1.0
6f3535fc-45fe-c298-f83f-5be97d45b960,20.0,0.9999399881175024,15314.237816184586,3388.358604640551,1,2,True,1.0
739c4cc7-e7f7-24bf-8264-5c10517d6235,35.0,0.9982859288253546,16385.424927609278,1804.8903095388791,1,1,False,1.0
596cf60c-6134-d574-db35-f0afdc399056,90.0,0.9866650575107908,22530.47328456796,0.0,2,1,False,1.0
9ca059ce-16b5-2fd2-0a4f-e8875d00de2e,28.0,0.3613284863018617,27804.526531137377,1095.2488385346317,2,1,True,1.0
c21d98bf-76b7-0c23-0938-1f459c043e42,16.0,0.8330403265234723,22445.028919262742,2114.6622327315868,1,0,False,1.0
2070a329-b9b4-92dd-334d-c5173333d50b,45.0,0.7281320405297367,18961.64870081832,1479.459077828256,1,3,True,1.0
9ac0510a-83ea-9257-8596-1c75eec99e72,43.0,0.2941320686242228,14529.705775072192,1465.948175786552,0,1,True,1.0
d98ba6bf-58af-c767-eb8d-83bb471485cf,45.0,0.5514323151597857,28410.191839024414,1065.6040082324646,1,3,True,1.0
5c0b8be1-bce5-ff5f-8b45-f79f0cef34a0,40.0,0.3788778772630694,28138.60791231213,1996.6488340340104,2,0,False,1.0
6a7d3476-08ae-aa8a-2c65-d8a2163a3d5d,29.0,0.8611517151585336,24369.840952153598,1623.8603052251274,2,1,True,1.0
050f56ee-4131-2eff-a59b-92f7340d8011,29.0,0.9999717604777388,9762.21873570533,1520.6025025637573,0,1,True,1.0
f8e9bda7-4906-66de-7657-2c9b2d611bfa,48.0,0.7940725571497084,20772.68135407401,1551.8663649368923,2,3,False,1.0
ee2a7f35-cf4e-ff6b-aa43-c849ddff0c12,43.0,0.5821721592204442,34563.185826219946,2035.1684627660172,0,3,True,1.0
f45edeb0-e44b-8c3b-1800-a85c59307621,15.0,0.3832840809302719,19394.47257153639,3735.777517655317,1,0,True,1.0
42d5d520-fafd-87e3-8891-c823882e1d8c,17.0,0.2805506030404686,31529.608144052592,4242.5349949574,0,1,False,1.0
3afc6af9-029e-124b-e087-0d59e72d90d8,8.0,0.8629847826921406,25012.66994429238,3524.76000989163,0,0,False,1.0
4a38af32-47c1-e813-187e-45709861ee5f,13.0,0.2794960131514811,28899.12663545717,7261.750488712973,1,3,True,1.0
fc6f82d1-2263-adde-6369-efbf2c77ded7,58.0,0.980647942164837,18077.109846336185,588.5736864072029,3,0,True,1.0
e7c53df4-4474-e79f-91e7-a3133e2aa7c1,26.0,0.9835345237083633,33950.50452108204,7612.478498649553,1,2,True,1.0
2f29b5e3-d4f0-65ee-9e9e-b9187d0eaf8c,32.0,0.7768192399727805,16374.808615308768,1690.2596324497667,2,0,False,1.0
b60ee716-aab8-cd5b-7f72-e6fb16008ff9,90.0,0.8973936762575575,27593.65748530929,103.44645913690744,3,0,False,1.0
026f8c7f-5151-e12b-d853-252b89608a3c,11.0,0.5214105235848622,28751.9828102527,3764.7612139305616,0,3,True,1.0
6956f01f-9867-e31d-25f7-3271f0996b01,16.0,0.928516453299655,34506.34910832999,5609.995241308175,2,3,True,1.0
8b631eca-2269-f74e-db59-e55a9ab1d21a,38.0,0.7394430754875334,26163.060535624503,1448.1453874616257,4,2,False,1.0
cde0c483-fc1a-9132-a5a6-5ec0016de1dd,24.0,0.8749005367434253,27905.58301610551,6384.8300963541615,2,2,True,1.0
862283e1-497a-d957-b43c-acb4211d2115,38.0,0.9460453585752748,28936.63978223688,2024.3456162371397,4,2,False,1.0
eea22e47-f8a7-867c-bbb5-c79412c0fc6b,90.0,0.999642778183887,16292.854004819832,0.0,4,0,True,1.0
ffa93aeb-041a-e66f-fc26-6344abe710cc,46.0,0.6056887686414429,30571.916978030637,2339.427353426423,2,2,False,1.0
84040c79-7afe-6d02-44ba-ae2af56ae189,12.0,0.7405597355473676,36685.94542928881,1961.2081290929432,0,3,False,1.0
fd1393e3-8647-d712-d2f6-11c1b4485ca1,52.0,0.548796234002549,34062.71032441233,1595.238959938812,0,2,True,1.0
4fef0250-413b-9a78-fdb2-a0614b67ed3c,5.0,0.5940273375214878,27712.885976557733,1584.912932228798,2,1,True,1.0
1e473c15-a1b2-6308-d015-bf869d657518,39.0,0.9512774250223928,20294.117928642845,2365.860356224208,4,2,True,1.0
82e0df58-85dd-dc13-434a-26819fb249d1,52.0,0.9728552904250868,17762.24823244045,665.3191530141031,2,0,False,1.0
bdfbc823-49af-f0a9-39d1-3b1b53ae8312,3.0,0.6812408340470015,25930.576255584365,5083.984910841573,3,3,False,1.0
11080a7c-079f-5cad-82c8-2ae8d3f587b3,14.0,0.9572107860802872,34873.59958807199,5977.1287625004525,3,3,False,1.0
03e725af-3c28-344b-ff09-df35b50c749b,14.0,0.637216909236332,34543.82201989694,4484.542321942722,0,3,False,1.0
346d5656-014d-3526-dada-32c986fce792,90.0,0.8867217715676782,19225.285396393872,0.0,1,2,True,1.0
b5d300b3-6520-c026-89e7-ecf58b0f7702,48.0,0.9928156887463372,34706.38222017426,1590.230807650195,0,2,True,1.0
56294af3-c0d7-8864-500c-e918044366bc,90.0,0.9622012417537126,16151.91524815568,0.0,4,1,True,1.0
4d2d74af-f9a4-7c1b-ccb2-420fb561edde,50.0,0.92719268648837,24211.16318758745,1110.8851880027776,2,3,True,1.0
678b94ac-752e-2243-f43c-1303ae548b0a,26.0,0.8923926479584074,29145.35647394104,3851.243318215072,0,2,True,1.0
611be5d6-46e7-8fe2-02ca-a547cdd7254d,90.0,0.7331990377769988,24877.572225682623,0.0,2,3,True,1.0
df4bb494-7476-ac86-cc77-5e65232efacb,4.0,0.9983586908450632,22547.2934558654,4678.622301575622,0,1,False,1.0
61e34787-3c6a-58be-1bba-41ac9f92c2e1,7.0,0.9523433392477064,35098.70533229138,6260.009859075276,1,2,True,1.0
7cf96399-b053-accb-5ff8-acfcbc88b4fd,90.0,0.9127527620168718,27194.735889384225,0.0,1,1,True,1.0
da74ce51-e31e-67ec-2449-0c904f7aded5,35.0,0.7278370314866508,18040.50436434464,1547.4155151008624,1,2,True,1.0
a666c790-b6e9-6fa3-f9e9-3f253aa015b8,29.0,0.3613550961518785,38322.83368815789,5858.165953660332,1,2,True,1.0
abc2a567-8f60-4a48-11e8-558e10c6d55d,35.0,0.5121567995939081,25437.223128844817,3010.0559589563823,1,2,True,1.0
eb44859f-ec9b-a1a0-a101-4540baf1caf3,55.0,0.3951178341115983,20478.580089856903,327.48820597780065,1,1,True,1.0
1cf364b2-74ca-556e-5bd2-409d8c530717,4.0,0.6356622440912025,32111.91962607677,5342.20822424307,2,0,False,1.0
e445faad-4109-8b32-2e8e-dd1fe3011a50,13.0,0.7406973668707095,29934.899639275216,7498.034529335921,0,1,False,1.0
5b7622ae-23ce-b0b8-e064-a8019864c4d4,30.0,0.9997859640827548,28020.4044055066,3351.606764293162,1,2,True,1.0
cf87a778-1940-61c4-4bd7-263edb97e6a8,58.0,0.7218406204649755,25147.475467823475,650.0131482056079,0,2,False,1.0
8e869aa3-7c39-45ca-eeb1-4498416039b5,90.0,0.3505095092948351,33852.4184285845,0.0,1,3,True,1.0
d5f3640b-c5ff-0102-b726-d97f93ff0e7a,90.0,0.997635261992673,23627.29132776158,0.0,3,1,True,1.0
cd15d103-ecee-b038-c2ab-8afedca0b6f7,35.0,0.7395667260475108,25287.270928516296,3714.1017746401526,1,1,True,1.0
b2c64db9-eeee-640f-7da7-da8b38e34cbf,51.0,0.9791219814330996,18219.2327169636,1249.6118080612869,0,2,False,1.0
6cadc8aa-2acd-2883-6fa7-acd0b7395449,20.0,0.9395556456922778,29615.35867823277,3412.954325059336,0,0,True,1.0
4e875f54-9c0d-0324-473d-11c440043738,58.0,0.8989546494813302,14324.816680989154,85.1928668161083,0,0,True,1.0
5f9665dd-c48c-06c2-3f70-6de20fc71306,5.0,0.8183669584123979,23394.17628580736,4746.97908259379,0,2,True,1.0
8d96aa85-e8c3-6e32-ba17-c7f862a527ed,90.0,0.6177355061606655,28203.31181068245,0.0,4,3,False,1.0
5652b23d-af27-bc05-2260-eba588896deb,90.0,0.5722014064518071,26292.739176841285,0.0,3,2,True,1.0
e05c96b8-337a-3cab-86d8-0c4c465faceb,44.0,0.303233655357103,15459.698759103772,262.53168817635964,4,0,False,1.0
e9602352-4214-9b8e-ed26-ca489bb8c7af,90.0,0.999581246513541,19961.94268739081,0.0,2,2,True,1.0
d8fadcec-33ec-461f-de6e-835716a1c68d,90.0,0.9570481788104784,25091.522132517915,0.0,2,2,True,1.0
4bf0e329-8a12-3e69-cd82-71e701decb22,90.0,0.5189003468572211,25724.2914609112,0.0,3,3,False,1.0
27244c0e-b29b-75a8-cc4f-0658ed1e26d0,90.0,0.9898359371997691,19626.098439479934,0.0,3,3,False,1.0
48fccb1c-532a-93f3-b770-f9a8aeb400c1,12.0,0.9027709124830432,30281.44475002973,5907.372390121563,2,3,False,1.0
906d0ab2-8f8c-4bdc-67b9-8617cc60e3ff,17.0,0.7145826609015298,25286.90220031794,4739.228457034206,4,1,True,1.0
95c94f5c-27cf-793d-5bd8-3c7531cf3f8f,48.0,0.6488387710054545,27046.568427381066,2032.3443836809397,1,0,True,1.0
a4457a21-fc42-b2a3-84f0-cf4dc11b354f,13.0,0.5684572437649563,24314.84069326061,5045.8332802207815,0,2,True,1.0
60ac1bf5-7a58-b3f6-3a0e-4322d26c1c35,55.0,0.9037848922530354,31311.4924516487,225.0064641088932,1,2,True,1.0
ca37ef30-e025-deac-0965-3bbfab4b7e1d,90.0,0.8458450835122235,16798.496427842412,0.0,2,1,False,1.0
30798902-5f84-c1dc-449d-93d70ca72216,8.0,0.3024244614002687,25631.308963740863,1079.398706559532,1,1,True,1.0
fa43388b-8dbe-5c79-39d7-a13196cc0086,22.0,0.337938771888645,23631.151671843607,2397.374752744517,1,1,True,1.0
7ce91a39-c2b4-7cd2-36d1-497efff6390d,90.0,0.9005588186706887,22635.83950628005,0.0,0,1,True,1.0
dc914a31-8990-a0ad-f33f-a534107191a5,31.0,0.8402672710506753,19097.44335074111,2044.63923412279,1,0,True,1.0
07e3707c-e58b-23ab-0198-cddd553789fe,90.0,0.7050041470963294,25738.39242602638,0.0,2,0,True,1.0
9d83d774-490d-6851-5e6d-45b8917fbbe7,90.0,0.3552724233843434,23887.712428278843,92.02876042102127,4,2,False,1.0
b56661d9-7e97-071a-149f-972202fb3be7,13.0,0.5075622850879897,19221.281367301613,1831.781321441773,2,2,False,1.0
b06a7075-2ddb-9a1c-0cc4-bbbc3f248e7e,45.0,0.2757078876607921,31260.85377986655,1317.135935450845,2,1,False,1.0
fa47ad6c-d301-0ef9-0973-5be1b0ff6b5f,24.0,0.5888487954651225,26305.399084917128,5805.8464948899655,1,1,True,1.0
91869048-208a-43b4-4460-dc106898c342,31.0,0.9090167761536893,35696.95037001635,2702.9865366515423,0,2,True,1.0
67418bdf-5b8b-f8b1-28bc-3b9610f1bdc1,90.0,0.2866446432765472,27680.97724036993,0.0,0,1,False,1.0
971dc8e5-a7cb-c7fc-b127-8e80528d5b94,55.0,0.9853373820423812,14871.60966406252,160.80114991466917,3,0,True,1.0
8a58171f-9acf-089f-7544-8ee8154759d0,90.0,0.9750681857747748,27435.449180510164,0.0,3,0,True,1.0
4e83470c-e192-c848-6cde-584b11765966,26.0,0.9409683771849928,27413.86839803835,4803.58516480086,1,1,True,1.0
6c019de6-c62e-88d3-3275-e7ce614ae8ad,90.0,0.6339764484570299,28223.149911215747,0.0,0,0,False,1.0
2588227a-515d-567e-b858-ba4b2b608a8a,53.0,0.8269278614508111,31421.08413101567,417.63779876121487,0,3,True,1.0
32b6019a-28fe-acc6-6d01-45cae20a5622,90.0,0.5780490912627295,18644.07811038292,0.0,3,0,True,1.0
a81556f5-4388-92f3-01a8-1023bf83b2ed,90.0,0.919688601942134,25841.551722156688,0.0,1,1,True,1.0
81df885c-8739-5f03-91e6-291f66ff80cc,33.0,0.3819140877221011,27278.00612892935,2638.216852896653,0,3,True,1.0
776d9fa2-0c4c-25cb-bee0-eea8945570a9,90.0,0.9953787006458168,25377.257667686597,0.0,3,2,True,1.0
314f89e3-8de1-d1cd-cb99-61bbe4ed07d5,22.0,0.983104782220987,21610.11319835256,4347.74226390612,0,3,False,1.0
60842771-c4ed-ed75-f75e-2a9a995efffe,29.0,0.3315430136377108,14559.209684102814,2011.8263081277637,3,3,False,1.0
da1dfbee-0e9a-12a0-5d7b-6b5546de4734,90.0,0.9442700119398404,23311.46827877008,0.0,3,2,True,1.0
f0b8ee5b-7077-d499-10a6-fd31b594ea9f,5.0,0.9992985079249236,23055.46298932185,3681.2110770567606,4,1,True,1.0
cbe74292-f2b3-dad5-551b-f981687f2496,90.0,0.9786449705823488,38470.95675341396,0.0,4,1,False,1.0
e745c92d-0897-2b44-41c1-2e69ac2e9f54,16.0,0.7244141687726845,34419.9231731553,6236.616042808129,1,0,False,1.0
8e282ff1-108f-3218-a007-a8454dc13df7,51.0,0.4977393185792645,28983.726127329344,740.2693203973628,2,2,True,1.0
c6f9f404-d5df-da32-8e20-84d4b4eb6076,33.0,0.9597141788747046,23926.740145889704,5102.016817048713,1,1,True,1.0
549464ca-1ef8-ab82-8697-169c2e9dfa2a,5.0,0.2740270776500755,41743.10036692897,9298.08745237267,0,3,True,1.0
d8b6d751-ce86-813e-d4a0-3d83b73bd7e1,90.0,0.276290978269907,27993.7152991357,0.0,0,2,True,1.0
e880add6-b198-1b81-579a-87076daaba8c,28.0,0.5909768749330488,34901.42095290775,4160.406743782131,1,1,True,1.0
d0184f43-8ee0-1f7e-b053-b9249125c180,35.0,0.3642656156847347,21994.50544225713,769.5821494729229,1,1,True,1.0
fca077e4-53ea-9b05-0052-6cdcadf572dd,21.0,0.9926962739288532,34188.536746062164,1611.12879946073,3,1,False,1.0
a1628668-a49a-1247-a5b5-1b5f3368e683,44.0,0.873872960029306,18435.712160158106,1137.3154701109652,3,0,True,1.0
c6d83fdb-90cf-a5ca-1212-463886c152da,9.0,0.5749743700165721,15746.166791297352,2188.333054730016,0,3,True,1.0
c3af51cc-af8a-2d60-1c76-b1b5f2f8b720,5.0,0.7447815505482837,18538.922141848878,4353.567414299729,4,1,True,1.0
90c57b1c-6097-4645-581b-b24373f7daed,90.0,0.4000012556652516,19643.535748929404,0.0,3,2,True,1.0
11b67c80-6b7b-ee2e-540c-b1950caa618b,3.0,0.689834701504675,35998.2150989114,13644.701565444877,0,2,True,1.0
d9b32b96-f565-595a-7d4f-f93605955966,7.0,0.9808204558184022,29827.50778300612,9898.977645535704,3,2,False,1.0
923cffc9-5ced-0dc8-59da-ab18cbcdc433,27.0,0.9985387134238872,27202.142098463417,4252.3996817634525,2,0,False,1.0
395908fd-00f5-dae7-e029-b4c8627d6b9c,90.0,0.8927719279990481,40755.07506535329,0.0,1,2,False,1.0
80d34695-d3ea-70e2-9297-295835cd0014,22.0,0.4733942250231224,23033.381789077957,2257.996837188536,2,1,False,1.0
35f365f5-22be-2817-34c9-b0240ec193ad,5.0,0.7324949922036458,23599.12203479703,2271.6367250378016,1,3,True,1.0
024bef56-5657-5de2-bc51-266ab8bfd8b5,14.0,0.8222266042771228,26405.813914605103,3382.7477061988266,1,3,False,1.0
6ef421ed-1fbe-7e26-f6d8-bf8529a71df5,39.0,0.8217817893025234,31969.33524358091,3578.781867060655,2,2,True,1.0
8a6715a1-8eb4-953c-89e2-6be4d5b6f7d1,37.0,0.8956143420920853,39577.956003339306,1703.4058710216682,1,3,True,1.0
1bd9ab93-cf00-42f9-1d00-050376f7901a,90.0,0.4325789695190829,28603.547916856613,0.0,0,3,True,1.0
d6fe9b87-3993-4a15-3535-d4a268dc33bc,26.0,0.9130927922225608,22750.767035087567,3413.9261284470185,3,3,False,1.0
d2dc39dc-3953-fa10-c839-5a22fa6653b0,13.0,0.4353058033468191,24963.32524731617,5634.178510498928,0,1,False,1.0
73605a79-32f1-6a6e-f4d7-d9739d67f0b9,5.0,0.949767326330278,29649.783818378583,9093.88402255991,0,2,False,1.0
90cdb3bd-496c-f02f-ed3a-6bc5d0368bc8,22.0,0.8135364330473167,41096.55982179837,5019.068776119821,1,1,True,1.0
81e32565-f142-2618-f69e-c3072ddad6d2,10.0,0.3963286184897386,28601.699360728107,12668.50982501795,1,1,True,1.0
29c67829-dcc0-84ad-ebac-adf98f4c68a3,41.0,0.7784226970274232,20841.60283324437,2105.80131829448,0,3,True,1.0
766823d9-6eda-2e03-fe2d-9affe87d18cf,43.0,0.6959054504974749,26773.28907668914,3318.448221888612,2,2,False,1.0
ada36487-78ea-7156-a9cb-ee29b30fb59f,51.0,0.9995735204800168,25376.48607612028,1282.0533013922511,1,3,True,1.0
1943efd7-21e8-5f57-a6ef-8de32384e084,38.0,0.6224356807769251,19833.34512450604,1725.368638626805,0,0,False,1.0
18731dd5-d1a1-2837-2caa-9ec71bfa6b14,6.0,0.952392152313392,20699.531604872675,2697.8740625516966,3,0,False,1.0
7b03fbc3-ace8-fdfa-33b8-ac2620948872,41.0,0.8339885207256864,25608.95863234296,1283.3483727983355,1,2,True,1.0
5f415ddb-47f3-79b7-1413-5e63189535ee,11.0,0.3802853999914444,22942.866018386198,2733.4642980092367,2,0,True,1.0
f60e28d7-92e0-111b-fc03-3de3e14f8981,90.0,0.9876588922204508,20151.819459700942,0.0,3,2,True,1.0
db1ad366-c006-d632-5aae-c73fa99000fb,90.0,0.5538227286742553,22930.72243377084,0.0,1,2,True,1.0
dffc8eb9-fa09-7c3b-f4a7-6bfbc7fba6af,59.0,0.5697086220761943,23258.782498888773,30.09833491377246,1,0,True,1.0
9d403414-cdd8-ce4a-4746-64fe7dd3912f,36.0,0.8035456464792944,27757.37167182442,2805.39675451038,3,1,True,1.0
8104988c-e22b-80c1-9461-3bde8080ccbb,32.0,0.3206482718291343,19116.737507819234,3452.97551474619,2,2,False,1.0
e6fe64b9-629c-e8c6-8ee0-d175bd911621,10.0,0.9981614287578132,26232.006823716245,6033.190813976064,1,0,False,1.0
09d093a1-9556-c6a9-ba4f-d3b01f57fd55,53.0,0.564390150507025,16811.305983515755,274.1528359447965,2,0,False,1.0
7a9eb6c9-b133-9fd8-cb93-7a6d23fe79b3,4.0,0.6529416932055869,25640.416271205817,6598.260999017095,1,2,True,1.0
063d34c3-f173-58c5-d435-98120776f5e6,17.0,0.5167680978084511,31480.659359110105,4230.6615264730535,2,3,True,1.0
f384e4e9-61d1-ef31-0839-17e39f1617c1,47.0,0.7220564044495811,17473.029144451473,1026.4626591081465,2,3,True,1.0
5eddf786-1222-ac2b-e4dd-1845febfa049,90.0,0.4397207843304128,32368.66118596561,0.0,3,2,False,1.0
5eb44621-1a3b-c239-b002-b5515c6ef590,90.0,0.280236800957233,18573.40011312503,0.0,2,3,True,1.0
207c77fa-051a-2042-b338-292acfdfedbf,12.0,0.9819799012710708,26135.71556150922,5716.432895632042,1,0,False,1.0
d2ffe6ff-73ee-34e6-1f4f-302003f5d1c1,12.0,0.664589599807543,13825.64764291397,4046.416022033122,1,0,False,1.0
a8d04c2c-fffd-c2de-7dff-dc5cbc2d097e,35.0,0.8599893216885885,25481.37369183877,1674.9897255383994,0,1,True,1.0
e52fbfeb-e368-3d7e-dd42-75283dddd2b2,15.0,0.994693495409574,34749.957583738695,10096.652385087356,0,1,False,1.0
50c01c6d-9fb1-2f13-7d5a-055f77fdb468,90.0,0.9976007390720236,30548.005303661663,0.0,1,1,True,1.0
7cb230fc-96b1-6c5b-ea8c-39b81ed5b685,16.0,0.8088502841808847,24066.649855482057,6034.9698962149705,3,3,False,1.0
8c9f06b7-dd2d-dc87-5bf9-89f1e28882f5,38.0,0.8268339089174693,23680.731958166954,2414.229229306169,2,0,False,1.0
ec7936a4-713b-8a5a-b0b1-debf5385e883,15.0,0.9779804193116732,24904.578417613804,6091.653884319352,2,0,True,1.0
e18e0118-6eeb-6bfa-5dba-fc17f0cd1d9e,19.0,0.943396837164546,19396.62139571341,4177.229530795679,0,0,True,1.0
9cab03ec-d8df-0669-549d-3044dfdc031c,90.0,0.3523917161811924,25815.63950289812,0.0,2,2,False,1.0
e806d0aa-01d9-d276-4cfb-b7374e830e2a,9.0,0.9816848094249432,18256.48573113654,7322.57997826412,1,0,True,1.0
1e9f7d53-25bd-30f6-9ecb-9680e162d39a,39.0,0.3311834604276616,13091.473711222116,1549.3399653405634,1,3,True,1.0
604155b5-08a1-3145-491a-337bb7cb2d21,58.0,0.977084656114236,25029.82779208272,382.67691027491145,1,1,False,1.0
4bf33ca0-7477-6d72-6724-4b22a9b08c1f,33.0,0.3506468284092642,30434.06894724185,3045.583650678033,0,0,True,1.0
deae53c8-bed3-c4d5-65c0-893eab8fcad1,39.0,0.5678699368727707,23936.25180246666,2308.699748364483,0,0,True,1.0
55750bd0-4d3f-8423-e933-0980b63e4a5a,90.0,0.9779908952612676,21363.50493564183,0.0,3,1,False,1.0
c805ccdf-2fc1-04af-d1f0-74aa0d0838ef,90.0,0.3391895468197115,20685.40000983097,0.0,0,1,True,1.0
b7cfbe15-319f-c406-d942-004b8bfb9cc4,10.0,0.5666249384276836,27186.74872979508,4474.05124548041,2,2,True,1.0
1293f95d-85b7-f15d-f6fb-a03ebbdb8b1c,60.0,0.9785172255826496,25034.03425704372,0.0,3,2,True,1.0
b4c4193e-1d9f-083b-e118-cd0c3ee67617,16.0,0.9473563354994052,26306.601010249484,5460.384418829733,0,0,False,1.0
8f61835f-b701-1cc4-6b30-15f190d0c19e,20.0,0.2853674749430255,19721.327533625285,3298.1516291522075,2,3,True,1.0
3ab7f6aa-0dfa-2aeb-811c-3f8540ce9b2b,13.0,0.6160676920188936,26238.640441889987,4012.612031666285,4,2,True,1.0
38ee36fe-3d5c-1ed7-d64e-d3bc2208db1f,49.0,0.9738923225691986,38027.92328589911,2264.95981099523,2,1,True,1.0
964c811f-d94d-0015-8428-df87864ed002,14.0,0.6946949395247529,34389.63694761519,6983.693640880499,3,3,True,1.0
40fa1932-9f96-7693-e7da-2514ef728f78,7.0,0.8014022165268202,34854.36123954918,5490.430719195259,0,3,True,1.0
9fe2c9a1-3408-adb8-f7aa-a38c46f03b4f,38.0,0.3042787137809,34447.46261950184,5407.431913200147,0,2,True,1.0
b6b3b73c-3783-1562-9317-35fb5590fc39,35.0,0.4697793278941,35286.2208522761,2892.9578246398,0,2,True,1.0
92d5d05a-fef5-2d41-7ce6-890920cdcf1c,50.0,0.468800376790258,24791.65267204559,659.9795375780326,0,1,False,1.0
c7616f7d-1feb-2532-08e1-3df17219aa29,90.0,0.9988494492313104,23593.975225048944,0.0,0,2,True,1.0
83ad687d-c6a4-a746-afad-26fadbd15fbb,90.0,0.3059557468282552,19219.66873336536,0.0,0,1,True,1.0
4187ef03-25a8-2f79-47a7-80093ffb65ee,35.0,0.964570368471964,20906.13483051869,797.8520228438763,0,0,True,1.0
d95531f5-67ed-5fe8-ca92-184880f3d8e8,90.0,0.5425137978343123,23669.19714929909,0.0,1,2,False,1.0
93c18ee0-7242-9c62-e39b-0ea760005fcc,40.0,0.8889331056097782,23559.896822464478,1761.0546752864614,2,2,True,1.0
44f2a224-62ee-119c-e2f8-ca135633ea6d,9.0,0.996839272496883,34473.23629248867,9494.724570199622,0,1,True,1.0
4d51b278-ed93-1068-52cb-0b93f0b250bf,8.0,0.5028068781270764,27612.099071517077,4411.512033069489,0,0,True,1.0
5de56481-2918-9d8b-9a38-9b76f0b7cb67,9.0,0.2766161290976249,32466.67498541008,4031.158967801948,0,0,True,1.0
ce5cab71-2d69-fec2-8151-ab6c2d705317,24.0,0.999935351647604,19706.284901542,661.794190219312,3,3,False,1.0
b209ead2-b866-c012-7368-043525cbcc0c,90.0,0.7111751344192304,20876.15674431446,0.0,0,2,True,1.0
39dc10e5-10f7-cfd0-f2d4-6534961daa13,23.0,0.6173192960954645,35185.86870820445,4037.554845795919,2,1,True,1.0
b74bf0b7-72fb-6067-590a-2e3a823effef,20.0,0.3122447621951398,16908.751453568344,3300.037893476536,1,1,True,1.0
a5e5f9a5-6739-3518-9f08-3a645c8a030c,90.0,0.4736261944556966,25883.04338915525,0.0,2,0,True,1.0
85cc4c77-27a7-656f-5c21-c92c50a6f2c0,31.0,0.7554828875273369,36483.16831383384,4522.355070483208,0,2,True,1.0
ef54e1e1-85f1-230c-b0be-0b7fe56945fc,41.0,0.5590652729804717,29693.13079721963,665.8975087396894,2,0,True,1.0
96501c02-70f0-2cd6-aacd-e0a3fa806410,90.0,0.9704583404228462,17587.537196345176,0.0,1,0,False,1.0
2a0d6d27-3781-f1cc-07a0-130b13036b12,22.0,0.9905390942166106,19626.74708634013,1966.681399078264,3,0,True,1.0
50787c38-419c-075d-5062-78598b6f36ec,52.0,0.5709746427139003,27990.5419752912,1226.9290398496937,2,3,False,1.0
1cc2aa65-c1f0-a511-2beb-6ad142633413,37.0,0.9577686503469492,28832.308776313268,3443.989245507309,2,3,False,1.0
19d26d0c-0265-c99b-35d2-77e142ec5761,6.0,0.7344367691751004,29237.273116888628,2719.671296837579,1,1,False,1.0
aee5d424-376e-b97a-61f8-faf3f5dc403c,49.0,0.8948494859314061,28792.12598428517,1181.177534917713,1,0,True,1.0
027893a4-0dc3-c76b-b343-26f3c1de68a9,59.0,0.9517019117660912,32359.80295993233,138.00660287454608,0,1,True,1.0
5b302681-69ab-4965-9271-c99ab780605e,90.0,0.987898703227993,13197.036681552889,0.0,3,3,True,1.0
37edfe68-9860-f738-cb6a-b9ff45b8c6c1,90.0,0.9608923597814516,13790.33268899158,0.0,2,1,False,1.0
77b1844e-c9c8-bbb7-dbf3-71b927c8f5c8,90.0,0.3443888553235412,23234.661470839248,0.0,1,1,True,1.0
4d7271aa-aad9-554a-25a7-71a36a37ca38,38.0,0.9611644449676218,25713.705962360837,5119.675861226209,0,1,True,1.0
373013f9-9d53-0bfa-984f-0c61532170b5,14.0,0.4863848651836287,33536.61988518555,2433.6194627558725,4,0,True,1.0
6d878d1f-b764-acea-94c1-70e22215d7b8,33.0,0.5278720142196188,29135.68376231013,623.1172073426133,0,3,True,1.0
5f202452-d003-3ed4-d75d-c24459a58c2e,30.0,0.4255689365318472,22870.56206571381,1824.3525029265095,2,0,False,1.0
d0cb11a8-4cab-06f6-eda5-13f3f685afa7,21.0,0.523391245073431,30396.28325300376,5129.845364555912,0,1,False,1.0
541460c6-7d77-1898-f245-7f1f8605f85c,12.0,0.8487424118302682,31756.833925022216,5607.108380203748,1,3,True,1.0
f615e981-492f-02e7-6a9b-f6e4e3eddf36,43.0,0.9988770468850404,21635.27018613706,1383.829467934038,0,0,False,1.0
9720bdb5-c735-44a7-fb8e-375906b20105,90.0,0.8921991999198118,16251.98628769096,0.0,4,3,True,1.0
3c2761ec-f014-4cf4-9e55-2aff175bb476,16.0,0.5824863689031721,28828.416661216605,5199.582873846667,4,2,True,1.0
c19ad8dc-ae96-e525-ef46-be2313d89e58,90.0,0.998079538797493,25142.01883523284,0.0,2,2,True,1.0
a07b7b88-486f-654c-765a-d2428930cdec,25.0,0.9429305343674996,34545.98178422947,8955.819265682221,1,1,True,1.0
105f80bf-0296-1a23-5c7c-e8ddf35d913c,5.0,0.9979578792425686,23390.269818748788,3683.4422422812495,1,0,False,1.0
ca13c024-ee63-3e8c-7d2f-2278f45f4a33,20.0,0.994607478053018,28504.74605133884,6747.529204660574,1,0,True,1.0
c676fef5-f92e-aa94-ceb5-e65762aeffed,33.0,0.992669908672767,22023.42462493892,2801.5440835211466,2,1,True,1.0
a759da3d-7647-c526-f39e-5c3e0f164944,9.0,0.40886675748449,36262.53855013663,3171.641183606349,2,1,True,1.0
780390ca-16c0-62c4-925b-1218b3d3356d,90.0,0.2891403110614072,25843.20622835828,0.0,1,3,True,1.0
80d33358-f518-c95d-dc00-dbb192951847,19.0,0.6480599366290687,29960.969422151484,0.0,4,0,False,1.0
6b46c06f-ecaa-3b44-9f52-94ec9e524b7f,54.0,0.9696573671331952,24321.020027702027,766.2101370041121,1,3,True,1.0
d6ed8804-65ed-e49d-3fe8-c6f365a69341,90.0,0.6845747461793482,28803.49522325482,49.39097198805852,1,3,False,1.0
7ca84f35-12c7-a0d5-a3f4-cd323fe88fef,28.0,0.8753402408247721,17211.246550350384,1809.065992668456,1,1,True,1.0
2daf92cc-dde6-2cd6-bcf7-4eb7aa656851,26.0,0.8952655623296483,23116.003438529973,4272.026072572051,0,1,True,1.0
202f5ee1-ecc6-7805-9d29-85f993c3e376,14.0,0.902476859688127,20735.28505455026,5349.287110997644,2,1,False,1.0
2ff1c1b6-d53f-e0c3-11a2-10787310cbce,51.0,0.355609960720721,27574.903372259592,1449.964298556524,2,1,True,1.0
43f76731-a53f-929c-bb6c-0cf580a57b44,18.0,0.342754337123375,23469.806225900524,3039.9717977534106,2,1,True,1.0
7562e4e9-cbbd-8263-a823-45525758fcaf,14.0,0.7270900502399038,38035.625167587976,4372.177391158535,0,2,False,1.0
a759ae0b-63c1-0a69-e609-8967da0ab708,56.0,0.3355115084658233,21776.326607684518,331.9718971601283,1,2,False,1.0
c64447be-f552-4206-0b25-b9576c70b070,59.0,0.8398832968197565,19491.559427909466,348.81029907272347,1,1,True,1.0
2d652292-b81c-adee-a84b-cbb7ba861815,90.0,0.4951152742404416,20675.97054046746,0.0,3,0,True,1.0
5866afe5-8483-6573-66b5-8fbf9e848260,7.0,0.989581017239234,21368.979337746005,9522.763354801898,1,3,False,1.0
e29546e4-896a-90bf-4282-027475b0183c,8.0,0.8660437640075107,28327.471833230236,3756.8718086287377,3,0,False,1.0
5ed66941-d174-a028-d7c5-1a57db08c80e,47.0,0.927741031033191,23708.61637992784,1205.5646767292048,0,0,True,1.0
ffb8c08b-a6ff-e507-a133-b663c036e72a,59.0,0.8402413125960001,24573.07841523768,246.9881886502216,1,3,True,1.0
9f7f07af-883a-31ea-3767-1159ff5a7464,15.0,0.6466254468919508,34234.15311267564,6507.9821246578895,1,2,True,1.0
dd09fcf3-804b-b48e-1322-a938109a083b,35.0,0.9861653955091484,33142.44943401485,3964.1926730383984,0,2,False,1.0
5d021818-7f7c-bfd8-08fe-e2cbf67ba743,39.0,0.9995931727557192,28124.531897095418,2166.61497127423,0,3,True,1.0
97b68559-f675-6c52-9893-caf79010b929,12.0,0.5777295559238994,22794.118864016884,1488.549622657129,1,0,True,1.0
07dcb8bf-f927-786a-ef4a-75496e45b592,7.0,0.3374710955307616,33766.860226369485,3614.063786097545,2,3,True,1.0
a8219a6c-fab6-f12e-ed84-8bc81ebf9983,90.0,0.9996021431122648,31140.52863489945,0.0,1,2,False,1.0
5dea6bf6-6919-3ab9-5833-4d0d76117ca0,10.0,0.3467917851742477,32394.82018157308,5462.932047256229,2,0,False,1.0
867417ce-7cd3-707a-caa3-abc8b9e93cfc,49.0,0.8301842548301894,26945.205038869983,2431.055467539944,1,2,False,1.0
3514d5df-31e0-577b-85ed-8de98e7b572d,8.0,0.9979300253385858,32148.325658013724,4697.52578196315,0,1,True,1.0
2c24c27e-1670-12b2-ae12-7dcde9165f7d,23.0,0.9999465178220208,31076.41421865942,4471.080821795235,1,2,False,1.0
78320fe5-8c56-760d-1261-e8d3a58137db,38.0,0.9124899239776516,30040.154772465423,2631.8050795340578,4,3,True,1.0
45f8aa15-a743-0284-f961-e63d36252e1c,90.0,0.5408550428111181,34629.036838463646,89.17084838785378,1,2,True,1.0
a90afd85-513b-ca81-b4f3-5a401da2cce4,31.0,0.9726764981807414,30358.37255632443,2764.784375366253,3,3,True,1.0
696af716-0098-1f67-06f0-a35f35710a3c,54.0,0.3894745167459356,39811.50616939196,870.1949639726204,4,3,False,1.0
88d923c0-5cb4-5bc7-6217-07410b1d6512,90.0,0.6737853899978014,31975.05409490788,0.0,0,2,True,1.0
8a501c1f-c01e-e22b-8177-6a9f8c039d0f,90.0,0.9918450229128626,16764.16268993901,0.0,2,3,False,1.0
c7275915-9122-01c3-fcdc-6e6458d75e86,15.0,0.9718753868204848,25601.253567955537,2643.1793850162235,2,2,True,1.0
a7b3b284-6c4f-80e3-9343-23637d6dba1c,90.0,0.3655022027310127,33886.69413222387,84.84048111103581,1,0,True,1.0
97ca7d67-b253-a2a5-a102-409f3adbb292,90.0,0.9123707787457732,23339.25259307634,0.0,4,0,True,1.0
186ff78d-51cf-db4a-88da-3697421d1589,90.0,0.4077420300190043,28549.02713358545,0.0,2,0,True,1.0
3e386389-feac-598d-9516-4a0fab8c405e,25.0,0.664967925512569,35326.044837797235,7925.419218608516,0,1,True,1.0
09e63016-f7c9-230f-25ac-ad9603d1c2a4,48.0,0.3145924780645537,37648.11823371744,1248.6262368030382,0,1,True,1.0
467434e1-2ccc-0c5b-23a5-73ce7da0a94b,25.0,0.6113411037882617,29546.259485160637,3794.621925674058,2,3,True,1.0
a9a2b75e-3978-1170-5e84-f91a0cd3cc5a,23.0,0.6494035122689149,29671.190575020883,4463.32345772976,0,2,True,1.0
bf2ff279-34ca-63ca-222e-a446b682834e,31.0,0.9008643297334136,29204.285442922486,2650.038904644289,2,0,False,1.0
785f7197-1b4e-3288-4714-8f0b32e407b4,31.0,0.9755053237993284,20042.68831296176,2174.1101253676347,0,0,True,1.0
ef130e54-5114-3e97-1898-4bd5eacf5828,43.0,0.9522038249137872,24693.964169780196,2329.301663803233,2,0,True,1.0
b683754a-3780-93b4-f3cd-d4520d98b8cb,10.0,0.3613356133225112,22370.11615145326,3655.23816144851,2,2,False,1.0
4e6da4d5-31f2-754a-343f-367e87dd10c9,90.0,0.9907168013815302,19418.949182823,0.0,2,3,True,1.0
d0f83ce3-9512-1137-e22c-c4be0b1a713a,28.0,0.9932013866108323,33077.223378658484,3967.564306387949,1,1,True,1.0
7940e0ea-ead0-f44a-c702-11c885fcae35,90.0,0.999976780042261,25075.38563714792,0.0,1,2,True,1.0
72fe4cc0-c464-4ce2-8ae8-cc4c4941c9ca,53.0,0.8655300416438558,39068.25496657037,1132.4413852208174,0,2,True,1.0
bfeca4f8-6252-b390-ba44-e955f4084162,35.0,0.9498325802998272,31229.541182856443,3291.4864805718894,3,3,False,1.0
4241e337-0083-13a3-33ef-cba103cef968,36.0,0.9772082136096946,24013.296853527525,1810.7789779062,1,0,True,1.0
190e7ecd-2227-5cc1-6530-7623c34864a1,90.0,0.9775461175574076,17624.32384999803,0.0,3,1,True,1.0
6ed1876a-1c08-7e79-f4c5-27138a34b6b8,38.0,0.7748517740238522,28680.2628705214,989.9443712173992,0,2,False,1.0
ba13394e-1fa5-563c-fc1d-84f8540378f4,90.0,0.4539525339537683,28971.165686626984,0.0,2,3,True,1.0
42b3e9e5-e8af-ed10-1d94-44e77583b1fd,90.0,0.9486700440503664,36661.78956336224,0.0,2,2,False,1.0
85cda83c-8f84-55a3-6d72-01fe1d1582cc,60.0,0.4644221711613913,24823.42585088618,45.0080155445534,2,2,False,1.0
aaae7d8d-123c-4307-4021-3ed16e89b2e0,34.0,0.2902041476726696,23782.74320352937,2165.219424182605,3,3,True,1.0
bad8145a-da2e-1e9a-f578-96808cc3e46c,26.0,0.7341573767148477,19882.27010645548,2638.945288872024,1,3,True,1.0
0f20d048-832b-941e-f16d-0a552f8ea53a,39.0,0.5407983036105923,29633.19294089029,1637.8399270602272,2,3,True,1.0
8c650295-e2b3-5c2d-38e3-f398ef3feb13,17.0,0.8591436660499592,35242.889773427785,0.0,1,3,True,1.0
149f5379-5b31-4cc3-d2ae-27fc335716e7,42.0,0.6167106726145969,23936.57301843532,1885.6944966186472,4,1,True,1.0
7628ecc5-f71e-168b-6ead-30a5e20f9038,16.0,0.8327794310172139,23257.997013845285,2687.326054365821,1,3,False,1.0
500f1579-6bab-a3aa-a7d3-5c312bffa984,90.0,0.8857883903529238,20476.627732705456,0.0,3,0,True,1.0
f9a4211b-0972-690a-acbe-eae83431ce3a,5.0,0.9702806406282364,17837.25629108528,5872.746843642326,4,3,True,1.0
25f81cfa-2f8e-bef8-7b82-b6b82a7234c0,52.0,0.4154882266855723,32399.40255131363,1187.5239206968124,4,1,False,1.0
0dca4f13-4569-3a7d-3bf1-d21555369aa2,22.0,0.3948629875875969,35707.285442704044,2020.310832990814,0,2,True,1.0
6e13c60c-2806-986e-d6de-5180ba681129,41.0,0.8366733994360265,21681.68053162984,2625.726385464105,0,1,True,1.0
f80f812b-0fa9-4c67-6dc6-4218b4d2c11f,90.0,0.9031959300193328,14011.609707108952,0.0,3,2,False,1.0
65627248-21cc-44db-1bc3-793db4b60191,5.0,0.6796084686433373,29415.59997169639,11647.744707744874,2,0,True,1.0
38583c90-8e81-f329-fa52-127b2938db45,13.0,0.9999407142821686,21416.4254884726,3936.101558913912,0,2,False,1.0
96c5707b-cea9-a94c-94f6-6b7849127005,14.0,0.9506787940778554,25495.751246297208,4797.658009487443,4,2,True,1.0
ad026118-6267-5586-c5dd-e82cb60538dd,90.0,0.9998685684234848,15848.364704200978,0.0,1,3,True,1.0
1acd4175-bdbf-b0dc-a713-c6834a1061e4,90.0,0.7340205662132084,26360.70168049204,0.0,4,1,True,1.0
46240b71-75a4-5e57-9f03-09196cc70048,27.0,0.7007338281615203,35129.16881548359,748.4124230343168,3,1,False,1.0
48b065c4-38f4-b07c-5648-7820d5b4c0c1,9.0,0.5322525449178895,21961.583889679787,5510.441949752617,3,0,True,1.0
3848f095-eb9e-7f63-449b-f02e0bf64da3,56.0,0.6664581613611462,28188.9743710234,592.2301370315148,1,3,True,1.0
e5d3aafe-e57c-492a-c39f-619f91048e53,28.0,0.8769352449131043,27270.017125382303,4643.187825775566,0,0,True,1.0
e38e50b6-99ad-8132-94a2-987c10cd58a4,42.0,0.9343996688324308,22580.310867906723,702.0429947941527,0,0,False,1.0
7cda9de4-d088-ef56-b6c7-b00f9582a48b,26.0,0.4023410128827953,38111.593044041234,5728.02260564521,1,0,True,1.0
df2b55ea-5da3-2180-e7e9-fa18733bfffb,17.0,0.9208728229146792,29704.05238750643,0.0,2,1,True,1.0
4f86dc97-de14-4a75-6159-72ea9396f250,90.0,0.6853718302819848,22446.85015547237,0.0,0,1,True,1.0
b94be4a8-62f7-a7c9-c340-4449c2c6f084,49.0,0.3260193680852147,22406.668992664898,1357.9508611502154,2,3,True,1.0
655268f4-cdc0-897e-f113-b298c620fb94,10.0,0.3267350644044953,23147.48999740012,2042.4620505323053,1,0,False,1.0
83f87af9-9b8b-8623-1f02-bdf4c9f080e2,46.0,0.9959370786182896,21915.77756096496,920.8349598237012,2,0,True,1.0
e0e61521-6c4f-50fc-0f69-47d18674bc7e,90.0,0.7080825661375918,22078.11065888905,0.0,3,0,False,1.0
66db49b8-a5f6-798e-eb9c-a450943710a1,90.0,0.9813668663786272,27089.72207832064,0.0,4,3,True,1.0
9e3a72fd-8e66-600a-7664-6fbc4316628d,90.0,0.908958551013516,29129.07807922812,0.0,0,1,False,1.0
d3590a84-5066-7a28-ae2b-1e316ce962ba,90.0,0.3983953660555807,24513.11041871289,85.98941210030901,2,3,True,1.0
72588680-c15a-776a-9dc3-56b828a3296b,42.0,0.9028810440369957,22030.98588205504,1170.1419573440082,3,1,True,1.0
b259d3fb-3ccc-0896-6ac6-83abf6625367,28.0,0.9739588516095148,28381.56723000769,2955.540841909291,1,2,False,1.0
ffd4872c-1b46-4e05-d211-4558fb3e39c7,38.0,0.8013223625564734,33907.50689877085,1583.4493116951771,0,2,False,1.0
de042226-1d0b-e3c5-8ea9-e1df7e009ef7,16.0,0.3804567064928996,27455.291654085624,3984.391846014994,2,1,True,1.0
41adfa62-789c-0a82-c34e-e552f84cb04f,18.0,0.609715801046541,23981.4558303138,3679.574188731891,1,3,True,1.0
c6f2b90b-0039-9eef-d8d9-c0925b5638bf,41.0,0.8563526549763452,23798.46255428157,2667.7190123396786,0,1,True,1.0
eeca304e-3d1c-159e-a34e-6d0e09038412,37.0,0.4351241073031729,29573.660628806127,186.97512877874107,2,3,False,1.0
39ec3f41-c7c0-f456-e7fb-8daa3baeb82a,90.0,0.9594782576825536,19614.406158925107,0.0,2,0,True,1.0
4309187b-02df-3404-248c-66f5d2e4ff05,54.0,0.8950371884967735,25666.461663960923,777.7349098640948,4,2,True,1.0
c0be8361-0d1c-7478-efde-3ec5206a9be1,90.0,0.9732990152083402,29812.632490272663,38.88865873217632,2,3,False,1.0
0f56bd9e-c41d-00ab-9fb5-08e20cb471cf,19.0,0.7224346945032943,20298.11283196173,3756.657281409853,1,3,True,1.0
b23b903f-bbc4-393b-3b73-09715198a956,27.0,0.5467983902281129,33402.95189441307,7126.758582769932,0,0,True,1.0
eb545afd-32f2-4654-ca2d-6d2582630059,90.0,0.8130288045435178,19049.464937913708,0.0,4,2,False,1.0
71cb8db9-ba34-209c-b1aa-9ab48fe4c38f,28.0,0.4658224908126097,31706.867829584386,5542.408117125737,0,2,True,1.0
91e6d550-67af-55ad-a9e6-c4f8e6b7eddc,90.0,0.753152398917551,24604.41911642866,0.0,0,2,True,1.0
b5ef736c-f092-03b9-1807-f93aca46669f,24.0,0.96977920832963,24539.347848567915,3592.1138665024678,0,1,True,1.0
3e51c8c2-1813-5620-7989-ac9c6c07c2d1,23.0,0.4016173155685822,28075.244343179744,3029.4585761444114,3,0,True,1.0
efdf9b2f-9686-118e-219c-76befe1d2712,51.0,0.9870941995986148,27532.13688966838,1417.7396691240465,1,1,False,1.0
5ff1a74e-d009-c86f-de28-f27943b56a79,20.0,0.7639606184422376,16132.846762827256,2126.5419998660755,0,3,True,1.0
558452b9-547a-b8eb-02fd-61aea79e6725,10.0,0.9903168340035268,21827.04711154857,4494.325021518309,0,0,True,1.0
fc116f98-f8dc-595c-6e29-7ef94e989650,90.0,0.9999808562420904,16484.950392853418,0.0,0,0,True,1.0
62d7fd8a-2f56-3176-cc40-6b78a3258057,27.0,0.9420090645738756,14809.90941483345,3065.466496431204,2,2,False,1.0
e0bbc4f7-6bf8-ee19-edaa-538e32cc7793,14.0,0.9944118474980992,34028.07067473413,5355.072194707984,0,2,True,1.0
c1e162b0-9d98-5a02-bd01-6dd79a4a4669,58.0,0.9206706762695048,38193.72274358333,77.01167922571777,4,0,True,1.0
d4950bfc-09a7-a23b-2cc4-11dcd6ace71b,8.0,0.3815864557885329,24120.240601477257,5460.03977501417,1,3,False,1.0
7a95fbbf-2daa-80e1-f35c-1faefc1aceb8,90.0,0.6663054462211019,34244.175886859484,0.0,0,3,False,1.0
c151aef2-dc15-81d0-980f-cf4e7189c497,90.0,0.9933627077523444,30617.259911123623,0.0,3,2,True,1.0
72a9325c-8993-e1b2-1891-9c10f46eafa5,37.0,0.9852721877288848,22183.727207503634,3472.081158503048,0,1,True,1.0
14425c0b-02cf-4791-3465-5966b0964a5d,50.0,0.9394205376914612,39754.7103403864,1826.5058396325,1,2,True,1.0
e119af7e-487d-9fcf-806f-2d4fd459d16b,37.0,0.6540922897056286,19915.530554056542,2816.6365124200493,0,1,False,1.0
7f2a81b9-4f2e-2726-f087-b146c78d15fc,50.0,0.6347824900877048,22064.979344895964,911.777408237338,0,3,True,1.0
60858815-a52c-f909-3c0e-eb820d734130,38.0,0.9836003754860356,42267.12025015056,5891.470252341175,1,0,True,1.0
17291e8e-ee0a-5106-447f-e494afebcc84,90.0,0.7749848970016838,22311.958941159,0.0,2,2,False,1.0
2018e299-d1a3-48a0-c406-4c089292693c,90.0,0.7256948963160759,22877.69859587162,0.0,0,1,False,1.0
6838cd30-754a-d54a-5733-86bca80995c1,51.0,0.4241323071318818,27167.475279512862,1021.8194083078664,2,3,True,1.0
2ff83ab4-e5db-029e-6cfd-0d9e49064af8,9.0,0.8181962169706434,27180.77679303505,3210.2788328031315,1,2,True,1.0
105107f5-b98a-7b2e-da14-bf09f7376776,40.0,0.7792673531505135,33420.45508955565,1946.762885764827,1,1,False,1.0
a59e289c-b041-fdfb-b2f6-f95b51edfec1,23.0,0.6160564153639154,29084.925148527327,2833.221361126662,4,1,True,1.0
a8f66a12-d320-ad09-ff68-109153681619,56.0,0.4866695125664292,21305.302500480186,729.3715303882359,4,1,True,1.0
6753b743-59af-5fd1-fae1-9d0610063e89,90.0,0.972143038056896,24745.96927364032,0.0,1,2,True,1.0
cdbb2fc7-360e-d4bb-7e89-1666aa826ca2,90.0,0.7994181108790341,29038.11017623064,0.0,0,2,True,1.0
82945329-9735-ec9b-7afc-8dcf8905f949,31.0,0.8857398913317748,26593.26903093479,2060.46565794086,0,0,True,1.0
e6cc294f-692f-5a80-878d-0011d57fe2dd,7.0,0.8064869857632355,24652.68057371927,1346.1548179423294,4,1,True,1.0
389d23ba-5bdb-2a84-4516-a1f6d68a5971,90.0,0.386499326670279,31443.83903678134,0.0,0,2,True,1.0
6dfe4eb7-e36f-06e0-66eb-883b9adfd9eb,7.0,0.951845563116483,37223.38259963608,7622.370381048634,2,2,False,1.0
b328f9ad-454f-6741-f9ba-a131da389225,4.0,0.9256705535316604,24023.252859765635,5486.406724900616,0,1,False,1.0
cc352223-0738-5de1-1757-82a3baaececd,90.0,0.5453431728232442,11176.082785819695,0.0,0,1,True,1.0
6d78569b-0817-cffc-c151-bad75030a1f7,43.0,0.9975531462856224,35431.804764185654,1926.318187310735,0,1,True,1.0
3bb09c49-4487-e60f-b509-2c572dea009f,11.0,0.6807698977787883,25174.69453475744,4121.601985587878,0,0,True,1.0
e449786d-4977-0738-bf39-5fdab5a581b9,56.0,0.8855707107078103,23079.71999518685,515.488565021918,0,3,False,1.0
69136ad5-a1fd-c60d-a2d9-4d5866a2e745,59.0,0.9533015144602832,38495.33612253812,103.4147365135628,4,0,False,1.0
56a61322-980c-c767-ae9b-909cfb39af10,22.0,0.7071613036008629,25005.727823351062,2384.0854504536,3,1,True,1.0
1f3e9ccf-5478-e038-7ead-5405fbd6e9ad,24.0,0.3123150429166587,27697.394336196325,3680.642672945847,0,0,True,1.0
a5a1b92b-aa23-6739-853c-27f898f16920,56.0,0.4864811408170849,30715.94417536332,641.5254663817437,1,2,True,1.0
16ce19e4-3b85-a4f5-00f2-e20c6dc5cf49,8.0,0.5887267537931168,26968.552524128867,3397.2527689914955,1,0,False,1.0
2b620cac-c340-32d9-bbd0-739c0a45bb5a,25.0,0.2816927810146967,28195.78514300417,4431.383255981124,2,2,False,1.0
74b5f762-bd85-8125-a109-61ca90de6eef,19.0,0.4128622339412783,34376.802126115384,3672.1066124885406,2,2,True,1.0
ee44c178-ec2f-052a-f4e9-3164ac7a5301,18.0,0.8833779726660056,29005.748435583395,4430.419439222463,0,2,False,1.0
98af28fd-2884-318a-aff4-ec02d81b6ca8,38.0,0.9118619739145456,27778.79688890438,3737.854948676208,3,0,False,1.0
ae399423-d250-47fd-258b-7f8abe2cee34,90.0,0.9603810331866306,20156.818077863736,0.0,2,1,True,1.0
201b00e1-d9d6-3604-94cf-4774333ac9e3,9.0,0.3457526686247222,30442.74261947869,5569.65827574976,4,1,True,1.0
6a4ed7a8-852e-0b55-7cb2-63e6edbf52f8,47.0,0.9612300017174552,27846.86227574295,2488.7103950295746,4,2,True,1.0
8159b5c0-4f44-0af1-d2d2-cfe8678ee6f7,58.0,0.3229155875780548,28281.040934018783,520.4658795345011,2,0,False,1.0
4cf0333b-0105-e51d-cd77-9d69705bd919,27.0,0.966837494541386,35027.81786422851,9412.913801617984,2,0,False,1.0
2b94826f-773d-3d66-1e74-abe8257c7c83,90.0,0.9954299659181914,25275.558101622544,0.0,2,2,True,1.0
8fdf5141-fb8e-22b5-68bd-5531bc39f4e5,6.0,0.3923257172587555,24276.37988162086,6748.32156822142,2,1,True,1.0
8cfffda2-4a33-31e4-d209-b61a367fa274,31.0,0.3102171630955061,26754.07863094268,3096.466699116976,1,1,False,1.0
9475a6e6-a327-c8df-5c0a-5d3b0ffe551b,3.0,0.9428319325495016,22068.88004781731,6689.513183556945,1,1,True,1.0
54a9e37d-318c-1f44-83d5-3f332ecfe37e,25.0,0.8580451449411873,19310.83124973819,1158.6613229640088,1,3,True,1.0
b1d1bc40-2f4f-7572-b2cb-686a53e18bc8,58.0,0.9577189118877414,16335.997973643518,51.35561691509476,3,1,True,1.0
0392287d-d7b9-3889-f471-9845a60e75d6,90.0,0.9274928639361412,23140.16311526165,76.58261399364251,0,0,True,1.0
4fcef3ec-6897-d055-72ef-4fbf041adc96,39.0,0.3549907298844866,29464.858934873027,1108.5940117247578,2,0,True,1.0
5909954f-6039-2e9e-9e97-3aa9de92130c,43.0,0.5889408321796018,37555.112175535294,1850.907521749432,2,0,True,1.0
b1854833-e100-b3e1-379f-3de124305010,20.0,0.9739672279066368,33236.18911484219,6119.213003548543,4,1,True,1.0
1522d3f5-ec18-f97a-6aeb-a290919837e9,25.0,0.5839322949957905,31025.644579265318,3318.6747631579638,2,2,True,1.0
99697af0-d1d9-35a3-5e82-a1a1a34ba10e,90.0,0.5418554606012548,28142.00429512869,0.0,2,1,True,1.0
3899856b-39ca-97d3-b38d-9b5155718b8c,30.0,0.9781196725311104,34645.49677950166,6112.583940569225,2,0,True,1.0
d1d7b4df-64c4-292d-94b1-40d99a2274fd,90.0,0.3830786366468727,18299.345155450606,0.0,1,1,True,1.0
a7df57e3-655a-0fd9-6e00-0693f0c6ee37,11.0,0.5391675062346367,35275.36100332618,2391.291165182447,1,1,False,1.0
1d5b8b07-8e26-4b73-5ae5-cf86b963a396,90.0,0.5277118431008974,31109.75989905581,0.0,1,0,False,1.0
8e294c35-70e6-fb1a-56b0-9c7e7af3e7d9,39.0,0.4665839402729766,32092.146554002666,2468.012676067133,0,2,True,1.0
22d4230a-89c9-49f1-3c88-f2628cbf0488,5.0,0.9972005484212778,28185.77973806856,10336.39001910381,1,1,True,1.0
b7bd2743-f5b4-705e-3895-7cd614a91268,5.0,0.5088940244534306,33693.416094624474,2501.8715087301066,2,3,True,1.0
be3ec61f-7d62-2f00-4b07-52d3e66a9e94,16.0,0.5056115284037008,26871.54388836142,3217.957287865587,1,3,True,1.0
c8e41a69-9dc1-c192-b170-36f33997ccc4,44.0,0.4588995375249339,36256.69733444223,1930.8789459235727,1,2,True,1.0
1d4fba9e-98ef-c8c4-6837-9445acd7e3e1,4.0,0.6636324125326648,39051.11891167269,12383.36500774976,0,3,True,1.0
1f004c8a-2f86-6731-4345-84a814bcdf87,90.0,0.3359258581629121,29701.763021464478,0.0,0,0,True,1.0
a86ad844-e7a0-96ba-c08b-d3306863e9e4,12.0,0.5499786750087349,33712.338524800565,5338.146550126588,0,2,True,1.0
5fa17b4f-3ee8-4108-a09b-56eb8a94140c,43.0,0.6280460758528089,28027.03885233756,2540.8268623294653,0,1,True,1.0
485aa2b5-d6cb-1eb3-a3ab-a4461c0c9c8f,19.0,0.8465952927448323,27057.605049973907,2588.5212210752734,0,0,True,1.0
9a4483b0-9d9e-0c90-730f-c0b73a5ff1f9,36.0,0.3254796250669754,29437.474073552534,4167.431604485449,3,3,True,1.0
a0ed0439-cdea-d3a7-6e16-3c8e285c98f0,49.0,0.3420664994523983,25505.47299512079,1259.4520132011628,3,3,True,1.0
8e71c0e8-5bfd-bf35-f14e-6e46cdeb4997,90.0,0.9392591970985388,28236.41207165315,0.0,0,0,True,1.0
ca116f10-afaa-c71a-d277-74986c7211e5,19.0,0.9891187613878684,24666.617652085435,5693.841907173972,0,0,False,1.0
c23118b1-5ead-7b49-5a12-0ea5312d5392,26.0,0.9636374442918828,30398.218859903387,5836.671662740078,4,1,False,1.0
92255eef-bb14-6259-f0b1-161feddcae78,35.0,0.2917603391696198,29480.140415586677,1333.7031801598555,0,3,True,1.0
0c0dfb79-096e-4a9b-0cb9-2c8ffad0a9b6,3.0,0.9009608740527902,28658.53876827916,4988.639633560845,1,0,True,1.0
91add706-1291-a8eb-0be4-b6761a682e2c,90.0,0.4787067311791003,25323.496720358497,0.0,1,1,True,1.0
15adaac2-ba3a-c4bc-d21b-2d03eda200b6,9.0,0.8337649944290066,31526.80245500225,5587.224415098208,1,2,True,1.0
787c145f-efa0-c3ef-7be9-d2f44cbae001,18.0,0.5491043313242837,32909.82397610364,9380.475173767976,1,1,False,1.0
e99b8aec-b7b7-0e91-dc48-9779e4dbc8f8,28.0,0.7428906909061266,22274.267118414464,1900.1996039766875,0,1,True,1.0
9c8a53df-4c84-7d0e-c916-d70837d74ca9,21.0,0.3055762076256401,21358.56028439156,2072.373607008846,1,1,True,1.0
34c8ee4c-5f08-fb0e-874d-a951599be3b1,90.0,0.999136934073305,13823.897046043836,0.0,0,1,True,1.0
ebf6fa55-47b9-e4ca-d6a1-3699b9e13086,90.0,0.9300445465799988,21664.35329971626,106.18592950776626,1,2,True,1.0
238699f9-89ec-91c6-f32e-2aee5b879069,44.0,0.7072267206969256,31546.016495972715,1642.1655740363638,1,2,True,1.0
201e22a2-988b-09c0-e381-2f6ebe2be727,21.0,0.9947703387775436,20653.786897280133,3578.952080819999,0,2,True,1.0
945f5b10-d9dd-1269-36ab-26c8e5396037,27.0,0.3668858897579614,15050.178902778209,1673.6764434107256,0,0,True,1.0
0fccd7cd-7e53-f351-2d74-354c4647ede8,17.0,0.6766853001485525,21250.423456200384,1890.097250942992,1,0,True,1.0
85f349b1-f359-0ceb-d402-7d4ec02dbb75,90.0,0.4875268175356975,14297.968209111132,0.0,2,2,True,1.0
1e8e70eb-1ab8-e7ba-c1ce-8de48dbaa88f,90.0,0.3764456713710395,30771.457501130502,0.0,1,3,True,1.0
35ec2340-03ed-e649-cd12-9d84b939a31c,39.0,0.9826848647588728,20515.49971776333,1643.596495825881,0,0,True,1.0
a7329c90-f39c-251e-7160-a88a17af828f,10.0,0.3252828719342114,33758.685092924614,4217.370679979029,0,0,False,1.0
09d210cf-1aab-b2ef-2479-61af6fe27712,7.0,0.6148257233906286,28055.25249410685,8098.942372878255,1,3,True,1.0
7597f602-38a0-12b4-b89d-50a8ccd343b1,55.0,0.3927737452095573,26381.7479583531,428.6996238526368,3,2,True,1.0
f980b8fe-48e8-dd8d-6f31-2dc583be20e2,35.0,0.2947316679531911,26283.9701481813,1894.614838681932,1,2,False,1.0
ef08a15f-bb0b-a634-a765-ee414f5ed07b,34.0,0.2757236096982881,28680.332139141487,2676.3110327074587,2,1,True,1.0
2106c114-9c91-9cb9-faad-7a824c31a2c7,25.0,0.6944130834378042,30072.73820642093,4653.524870156956,1,0,True,1.0
cd4e5051-fb09-d2b5-5571-0d2203dbf137,33.0,0.4678183645439091,30354.996614875203,826.4290725389033,0,3,False,1.0
5c2be7bb-6afa-fad5-5b5b-6cf1a12a0937,58.0,0.5670570443199174,32485.203268753918,216.62765363075565,0,2,False,1.0
e8af2990-282f-64fe-2069-a03303291077,90.0,0.9762825632342356,27862.950542266368,0.0,2,0,True,1.0
48d17c39-4d87-bf3f-9368-47dbf59dfb70,4.0,0.8278781532539745,27473.475260786945,6245.612973340253,1,3,False,1.0
85434f05-7451-6140-ba6d-4129f9016078,90.0,0.98377265928831,23245.31642060928,0.0,1,3,True,1.0
60d74984-7244-4d9a-a6f0-2c12ad2fe9d8,22.0,0.7407291692558314,21944.83340308278,366.6929617744262,2,2,True,1.0
8127e028-be1c-2d37-8de0-97b19fad23fe,31.0,0.9305501351340624,18761.69224010412,1638.0456753005371,1,3,True,1.0
053c1391-9e53-1d7b-1566-4495e8157aad,20.0,0.497797652068865,23151.88243781105,4428.153515788682,0,1,False,1.0
1f142677-0230-7375-80fa-9edb2f77e814,5.0,0.766507535670879,27428.245262488323,6070.021123568477,0,2,False,1.0
25614e15-11a9-7681-22c1-84d7fe0a7bb2,90.0,0.992677407321494,22313.73647246054,0.0,3,0,True,1.0
097b8849-4483-c536-5f90-169379c1e80e,39.0,0.9828820554973552,26062.54396581691,1480.7541260726607,2,0,False,1.0
a5384344-f9bd-bfc8-2717-09471da62fbc,8.0,0.9612899821954716,21632.679543821145,606.217063378245,0,2,True,1.0
312b9a95-174b-c993-957f-73931a47cddf,90.0,0.8283901842606277,33028.82440775429,0.0,0,3,False,1.0
ae8837e0-5c34-abb9-4509-04a4e2cb85a4,58.0,0.9870663591415032,26891.443729502767,231.3900829759551,3,2,True,1.0
b9d807e4-6fdf-ef42-b035-0cb55fe8bbac,5.0,0.9442668449943848,34529.19383297085,2827.9789304033075,1,0,True,1.0
6c5893d9-aa2c-01fd-c133-99f5c3c12d42,37.0,0.8854998939192517,24597.12400933306,2583.2546017780924,2,2,False,1.0
b5801f24-6ad3-8b0a-f827-cc4a7c25a650,24.0,0.6425353273966544,29288.813978166232,5861.912321109871,1,0,True,1.0
4668e4fc-f245-b4ea-ac90-815974a77b5d,59.0,0.7733272638534512,24381.67319627918,188.07251569563044,0,2,True,1.0
ee31742a-ab7f-4d36-fc54-1d29f1c306df,48.0,0.9415404735034067,22304.624171000443,1268.439578706833,2,3,True,1.0
3addfad6-6196-9ecc-e32f-7d1a94311eb6,90.0,0.5519546413992703,27316.44999765533,0.0,2,2,True,1.0
ee7cd28c-45f0-ea18-b80d-7a51790836b6,90.0,0.5963190544778632,20474.814607402564,0.0,2,3,True,1.0
899d8b68-bef4-085b-91cb-577684125b39,40.0,0.9881734952880248,34229.045247548594,3865.328897261559,1,1,True,1.0
86c87657-6a98-455b-6853-e16dfa7705b2,50.0,0.4391609200108016,28175.406526844687,1364.4500622488308,2,0,True,1.0
8ea0042f-387d-2bd2-3c0b-faa32770cae0,6.0,0.4739435250144693,28809.91808600492,4704.6900285906895,0,2,False,1.0
7630dbf6-3d62-8870-cf00-d04dad507425,20.0,0.9829259617754214,23602.440875873068,2926.3396719380944,2,0,False,1.0
d91d634b-553b-8e37-41dc-cf0077c0b4ef,90.0,0.9535382547469964,25928.09790288745,0.0,2,1,False,1.0
8834d02e-15bb-7988-8850-d6c1e057f93c,41.0,0.3747349913403773,25514.56041169071,962.2551257043114,0,3,False,1.0
fa16479b-267a-3abd-319a-2cfe52dc8134,60.0,0.7621872569186264,28206.185982640854,198.99965842875469,2,3,False,1.0
83e070fe-0dff-d504-58c9-01c3d867e874,57.0,0.8859670806080232,25704.086653869334,492.9919422743242,0,3,True,1.0
c1f8dafd-1f36-5ce3-1c69-7cd4edee2859,90.0,0.997138399568928,25969.941361683315,0.0,0,1,False,1.0
5506215b-d7bb-ec26-1818-1a67e7a98fbb,16.0,0.6242196675976077,19619.57273161525,3745.976002880741,0,3,True,1.0
78ff60b1-ef52-d9d2-869f-53b16f00d480,47.0,0.8239657538242908,32458.7898489484,2881.639839326016,0,3,True,1.0
8924a06b-1b95-b6f0-43a8-f7ba97230f1d,9.0,0.3144257725077398,27654.83754267337,5929.918643058532,0,1,True,1.0
71531f93-0870-6216-8b63-36fb4b9129f3,90.0,0.6840659637448674,23942.409421626387,0.0,4,2,True,1.0
1472f879-4479-c0fc-0c6a-2fbd42d324f5,42.0,0.9999533920947496,21349.13379666049,1020.231703389287,3,0,False,1.0
b109a703-06cd-2ecf-d99c-e6dc723aa2b9,10.0,0.8172368695938452,20111.10242338737,1606.201221979144,4,1,True,1.0
266c09b7-33dc-8d53-a6fb-bb6093d9e746,53.0,0.7047465902932111,20570.36645906117,449.7184051675266,0,1,True,1.0
9c71301a-0ef7-87bc-b1bb-1736c56ead18,90.0,0.8699198804709602,21684.16031167134,214.52214870641595,2,1,True,1.0
3232a719-792e-edaf-d49a-a6fa48d95ad3,49.0,0.7851963123117334,19678.09306048222,1147.7466605264633,3,0,True,1.0
a07997b8-5e68-50e9-3e39-e7d42c20b373,12.0,0.9396437542209636,36315.72308501246,11116.464009775254,2,2,True,1.0
1f147f67-8905-aa60-657d-acca6077f47b,90.0,0.9983208821049802,22309.12819768094,0.0,1,3,True,1.0
1ab5e2c6-2839-6c60-89c5-8d9d55ffed2d,40.0,0.6558285741017449,29556.47951652499,3284.528236358968,1,3,True,1.0
e22e96f6-f2d1-8c97-1539-4b358e4c7f3f,15.0,0.6094564863667413,28774.356696722218,5863.438047239178,2,3,True,1.0
13d23fef-3e1d-d3b0-a1bb-94370656b38b,37.0,0.9146486279126852,29409.169254775577,2075.3060008025964,3,2,True,1.0
df6dd95d-2684-873d-273b-bb5a65466339,5.0,0.6273826354841641,37534.62873532552,10769.55084071806,1,1,False,1.0
d5d4f2f1-f7a7-ce1d-5453-1c97401c855e,19.0,0.518730154274546,34255.055071802504,2345.957817956936,0,1,True,1.0
5542f0b6-694f-e970-1528-5786fc312e32,51.0,0.9478776832883058,30788.09991972403,810.5587663649851,3,3,False,1.0
a7070bba-4f64-e74e-7b6a-a1cdab173544,22.0,0.2783095695830914,18719.966465316647,2777.2328470808666,1,0,False,1.0
70572820-c72d-fff9-9885-37489e94cef1,21.0,0.9611205849224688,37419.91710342678,5324.449820391412,2,3,True,1.0
a1d49189-8a0d-9548-3cee-fe8e4e108c31,90.0,0.9894876994566172,26417.97681733627,0.0,1,2,False,1.0
da62fcd3-34f8-c639-66cf-384273bac37d,25.0,0.4359819161171947,20811.390942997547,1620.4983221497462,0,0,True,1.0
3f82bc2a-21e2-6751-c0af-7136dd3f1403,60.0,0.4169709929096686,20862.412705146795,0.0,0,1,True,1.0
326965cf-37fc-d6a3-1913-0aef7b9f450f,26.0,0.5807668404540247,21616.45058494836,2341.652626091767,2,3,False,1.0
59bd05a4-fbdb-e047-a892-bb32407fdc10,90.0,0.5130680211775487,26544.70952658323,0.0,2,0,False,1.0
14ab084b-da19-ad4b-be65-7f1218ca1fed,41.0,0.99711554382837,28823.00070381734,1320.2146535380737,1,3,False,1.0
a04eeaf2-0ba6-59ef-2f4b-9dc602ba1886,3.0,0.8571363773561047,25886.30916029792,4886.240687202233,1,3,True,1.0
4fcc762f-fdd8-768c-e35e-969688627ffb,90.0,0.9976402397011715,20730.06870328613,0.0,4,2,False,1.0
9ef15eda-5a00-1788-b80b-e1cc740fd982,39.0,0.9420979064016284,24766.90456130581,2478.5488513246723,2,2,True,1.0
f71e4175-9152-355d-2912-7fe9c87081ce,35.0,0.4693548304103261,26290.941080479544,2121.3844613944207,0,1,True,1.0
4578506a-98da-8605-2bfc-277fd9a9bd37,54.0,0.5359997623594042,29966.377753110337,885.4928236306102,4,3,True,1.0
97bde2fa-c0f3-8121-aa58-e1b4c315566a,32.0,0.8660695048002813,13184.751414068363,993.3425206943456,1,1,True,1.0
14bfa6e0-356d-5e55-5e7d-3ef11b3e9940,90.0,0.3905181848163717,21160.0067701248,0.0,2,3,False,1.0
2cc91f47-a7c3-0940-f9ef-f07b724b8332,6.0,0.971693875951922,28322.526251975167,5289.7987730027935,0,1,True,1.0
aa30fcc6-8adb-2215-89e7-ed8b9f108055,90.0,0.4282018862882422,22034.344626429454,0.0,0,3,False,1.0
64675bd8-1208-66cc-1c0d-8f27fab1d623,33.0,0.9798447724121782,32552.26787103493,5123.899116565718,0,0,True,1.0
e40b447e-740d-769f-bd13-479dce39146e,55.0,0.3181090328156701,30277.04105677792,406.8191411601313,1,2,True,1.0
42e7f3f6-6ee5-4573-6f8a-7a8b1b3ffdc0,55.0,0.8723187016863873,21665.29378734268,477.76492238045824,1,2,True,1.0
f7ce83a9-3866-c763-58aa-fbbcff75c5d6,24.0,0.5088810990161411,26007.28011030776,3460.2449296448603,0,1,True,1.0
3534cc94-ad51-7be8-3a12-334c6b089e6b,16.0,0.9935502223750136,20663.028422544965,2161.541761279599,1,2,True,1.0
5acf68b8-7a59-b912-e741-526c0d74c607,16.0,0.492122268909766,29373.53941384133,7474.781196320723,1,3,False,1.0
4d3fc076-722e-f261-beff-66018dbc8ed9,9.0,0.4533636326144032,30427.46768648923,3189.6863455147304,2,3,True,1.0
302ca7e4-783c-c2cf-90a5-7a626eccd2f9,90.0,0.9931313815159832,40084.91856687822,0.0,1,0,True,1.0
bb8e37fc-f537-afc8-c478-2918b52b73ea,8.0,0.3470990005230441,28196.52830622252,7192.422158147771,2,2,True,1.0
58fe47be-c72b-6aac-51ac-ac03d6dfebb1,9.0,0.3908326660733677,20623.140357078213,4034.968164914928,2,1,False,1.0
3c768d21-bfed-1fa0-1e42-6da6fbdc8a64,60.0,0.9411698365014248,31830.43094299249,0.0,4,1,False,1.0
14c832f2-ce9a-2e7b-2a56-1dc706a2b094,90.0,0.9839622367087012,20746.375146922343,0.0,3,2,False,1.0
661e47a7-f81f-0b45-6ad2-ba8a2b6d6c84,46.0,0.9298290446638366,32803.058844170286,1577.1126404312172,2,0,True,1.0
1f99a84b-cb4d-7363-29ae-f6639ac023a3,37.0,0.5136585002892625,27452.623177045145,2051.581828498323,0,1,True,1.0
bd453b03-2a15-f2ef-c4e5-5d7cdb76ffee,51.0,0.9197609285443492,21779.937897017346,608.0812172227265,2,0,True,1.0
cb614568-3e22-a596-9479-ef72b4400b70,90.0,0.5566232215187806,28342.32657429717,0.0,2,3,False,1.0
a5005670-fb5b-1198-65f8-78cb4de0f21a,26.0,0.3723638618693811,25138.30727279893,3484.568104613422,1,0,True,1.0
7d8e0363-6e09-8c3e-0eed-876fccc1169e,7.0,0.7241569401003742,36062.28748135238,2641.9366719934374,1,0,True,1.0
a4d7eded-c10b-3653-5597-056eba09c299,14.0,0.9949456635314126,31543.225366318624,5349.1768220778295,2,1,True,1.0
45426e8e-7d9f-d128-698d-27e3eef4ece3,38.0,0.4804211525703265,26740.19604498403,1456.7678194224102,3,2,True,1.0
f96af839-1ed5-10e4-f2ab-bee120bbf3c7,53.0,0.2802988880047543,27568.66827370365,1079.0831329458874,2,1,True,1.0
21ac55d7-d9ac-72ed-005a-0c4332474287,39.0,0.4267055784028156,35432.30182429643,70.54706927413228,2,1,True,1.0
1715f0f0-3953-9ff7-a58e-217137e9e9a0,4.0,0.6564616186328125,35964.50629424145,0.0,4,2,True,1.0
b30f9674-6479-6701-cea9-29399fa2f563,36.0,0.6206017573002057,24625.97991684478,3308.3524059092288,3,3,True,1.0
7a20c390-840a-118e-c535-5dd8728081d7,43.0,0.8341394145650258,24479.40629238732,3452.816036664244,1,1,True,1.0
8aff630a-13fa-5bcc-2ca2-ac3e9bca25a1,58.0,0.991036124798468,37032.32509604581,169.99131076502792,4,1,True,1.0
bd191293-21ec-d962-8495-41b932e64423,23.0,0.9895313518990172,33392.08203885319,3975.6232507486698,1,0,True,1.0
45411447-fe7f-c225-3a63-c2ec2412b20f,11.0,0.4460315619644808,28176.131021642446,7898.207306054422,4,0,True,1.0
cf53aab6-f6ae-8866-d1b6-2b4cd7b970cb,90.0,0.7658638663855761,20738.589312229004,0.0,0,1,False,1.0
882eb695-4b59-d88c-3501-3c54a390f3e2,40.0,0.367764542594443,42198.899002624334,3866.821386449041,0,1,True,1.0
99dfed01-a76a-139b-22e4-1f922ca9a0c2,53.0,0.981114304309456,19670.477621661452,627.5881202209505,3,2,False,1.0
430d5fe8-4676-aec2-0eb2-8b43ee68ccc0,35.0,0.913377577312072,35126.90593033341,2793.671592684991,4,3,True,1.0
89a8fc1b-d625-0a13-7bca-1f93a62ca17f,90.0,0.9793977322579496,21878.81565895628,0.0,3,2,True,1.0
9d29bc74-fca2-6dfd-04db-362f209f1130,90.0,0.9984306877795412,12762.188213174515,0.0,0,1,True,1.0
e920faf6-9230-0b00-3ca0-dba3d6dcac97,18.0,0.6076048361280308,21182.20937443909,4661.997377467187,2,0,True,1.0
acaf4db0-6213-8f76-c105-d17a1bb3b88f,3.0,0.4057658506062606,28408.69533541589,2551.9523670492795,2,1,False,1.0
e80f3da4-f217-1e39-0c45-2219b4cb7271,34.0,0.5604501686905224,32297.818454822056,4294.098834294799,2,2,True,1.0
6eadd18f-2ff8-c497-8573-7b8b2e0d9132,35.0,0.7083667320035839,29604.216550721376,2120.2777431376594,0,1,False,1.0
0fc0362a-0e63-d90e-66d1-90573bb564f9,25.0,0.9997200493776714,20905.381777089293,1953.2621840312784,2,2,True,1.0
059995fc-05be-fa88-aa06-33716ad6cacb,37.0,0.9583960093488048,25589.95602549886,3009.212842417132,3,2,True,1.0
78a7d914-c42c-259a-1fd3-e5f826ede119,45.0,0.9697951184174262,25166.34014829867,1554.782917719329,2,3,False,1.0
f4194793-1ae7-e46e-9fc2-465eb25419bd,31.0,0.970015175029132,21067.346200842974,2081.817701626151,1,2,True,1.0
40acb00d-5dda-3f65-e6e6-37aa7d71cccf,50.0,0.9961627200872406,12469.730975714288,275.0608293900702,3,3,True,1.0
f93ceed3-6be6-bd16-d4c4-e3404695e047,50.0,0.6175686520808046,15948.859765196812,674.6160570697168,1,3,True,1.0
0c44c8d8-046a-51ee-306e-8817d9b5d463,14.0,0.98191420137788,12849.991987560054,2344.731508583609,2,1,False,1.0
e53627e4-3f5b-ac5e-2abe-194ddbf56dcd,5.0,0.6021088998181326,27519.66445528041,4749.449987086081,2,3,False,1.0
c5a24772-38c6-27ba-eebf-24ae5b945ff5,46.0,0.9985551858214596,32549.28135248853,2604.009121956176,0,2,True,1.0
84070088-143e-4120-e99b-9bad8df14530,90.0,0.9978488885128788,36022.21061876186,0.0,0,3,False,1.0
21b391ee-2bd1-9d74-1370-5af5febf58a8,58.0,0.9978923612455436,36392.63532179357,4.562847173980186,2,0,False,1.0
cf69f985-184c-727d-d0a7-79f65f9e5790,8.0,0.9830371853014092,24063.538916492173,10121.729687369983,1,3,True,1.0
802978ac-5d30-3ce9-be6e-2180da0d2d47,90.0,0.9717590566050908,24929.397581085504,0.0,2,1,False,1.0
1bfec427-e8cb-7a39-5e65-ace779d82b9a,28.0,0.9544686265563456,30373.50339342418,2092.9668507618712,0,3,True,1.0
23ceb435-f403-f346-4dff-c6f73e366719,33.0,0.3078604979018919,24684.74286902659,3987.246300336381,3,1,True,1.0
0ee32f1d-da13-871c-4b3a-1604fe9967c4,32.0,0.9932487176818882,24829.69268922044,3508.285320401485,0,1,False,1.0
f8e5177e-18da-ca82-fef3-41ec5ca2c1e8,4.0,0.7376775861243263,22732.323001475062,7481.534895457019,0,1,True,1.0
1a567cb2-e49a-f87e-1b46-0126d617880a,40.0,0.4682763326772549,27268.387937468586,1989.4527622730088,2,0,False,1.0
7a47b4f1-68bb-11fd-2959-ae35237c9af0,40.0,0.9348969424025172,14347.534701301369,1160.8217802547736,4,2,False,1.0
846147e7-c7e4-95b9-b73d-8c507d76c98f,54.0,0.9999548176069236,18292.491447435023,731.7416142419306,4,2,True,1.0
7ebca4bd-4acf-5215-530c-ea59ca943dea,90.0,0.8856201468118556,29219.674107998417,0.0,1,0,True,1.0
04780c90-20e5-5b5c-da5b-dccc7928fc51,5.0,0.9934991134903394,22296.65773686812,8023.919690615256,1,0,True,1.0
f95fb804-cc6f-0de5-7303-49010cd590fe,17.0,0.7551225171595957,36195.6281104236,5805.71764909996,0,2,False,1.0
d06b15d9-e41e-d388-952b-ac339818aa4f,90.0,0.8831390826336668,17683.687376295653,0.0,4,2,True,1.0
dfa51750-53e5-0c75-666f-b609ee455f57,53.0,0.4280402816482003,26251.810542727788,979.3692848216972,1,1,True,1.0
5522040e-a28a-517e-8def-9d5bb105d2d5,53.0,0.2865768061827834,36133.37217434074,1211.5002611946577,2,0,False,1.0
77ec750e-df31-ff99-bd88-84d82b63f746,56.0,0.9909197429223212,34598.128974228726,812.35478874256,4,1,True,1.0
fcef047c-81fe-3462-4e00-8c0f5d737885,13.0,0.8754819183865848,19038.16537872523,2932.718435921592,0,1,True,1.0
2010ea22-95c7-7e40-32c6-03e81868c762,36.0,0.6207778328619036,19252.737825665325,1599.5571592320864,3,1,False,1.0
daaec2ba-a6a1-f530-dd45-51f269ddf282,13.0,0.9670333302918926,22393.58766403301,5774.967074311151,2,1,True,1.0
95d82b18-7ae5-d6b1-6122-1d328883f3e6,40.0,0.584162570166334,20109.172005338944,914.0467768281876,2,1,True,1.0
a43310aa-4818-4aa0-026f-34c255ec9575,21.0,0.8366197736729328,30461.29789131199,2523.4335018946053,0,0,True,1.0
c8707bf9-6cee-97e3-e81f-6f8babe4c490,90.0,0.5350647326429055,25394.891235463783,0.0,2,0,True,1.0
85095f11-43ae-10ba-fa6c-1abb267c0ba4,90.0,0.9726160042299862,17665.085530447264,0.0,2,0,True,1.0
784598cd-06d3-18db-4cb5-2511c7ce5677,14.0,0.473896666689775,24509.88083136027,1972.9387975915304,1,0,True,1.0
5c87245f-4867-75b3-7dc7-8c4b36f65db9,8.0,0.5702602130277916,38157.93116848082,5099.485916474492,0,0,False,1.0
9df653f5-bbad-1220-79b4-9dc9369a7494,30.0,0.9805313396686832,11610.704393830856,2303.033866089173,1,0,True,1.0
8d289d65-da6b-633b-2e80-679e7639a873,90.0,0.2919520250145303,17994.81535913046,0.0,2,1,True,1.0
25e6c8b5-a765-bbda-c063-1a590587dd2b,41.0,0.9919128447271168,26288.51273820894,2978.254135738399,0,0,True,1.0
2852d811-6347-9aaa-8f1e-72d453f8b7e6,90.0,0.8043307678900748,19044.948695390645,0.0,1,2,False,1.0
2fcdedaa-9eda-0752-9dc6-0ed866c2dbe1,11.0,0.9696886013793232,35939.85648724452,7389.09681399258,0,2,False,1.0
2dc46294-865f-cbae-5730-078b2d6137e1,5.0,0.6404433900005617,19474.99828216072,6983.0554002930985,2,2,True,1.0
993878dc-feb6-48d9-24c2-910541791eee,44.0,0.9959422795630648,28202.781710165116,2585.594660930433,0,0,False,1.0
3bc4f17a-255e-b156-a631-d32edec73a3c,6.0,0.6137310036686163,30101.89597158731,4834.526698837534,1,2,True,1.0
3d3b9f27-8d79-1724-184c-e87eaceab733,90.0,0.7607488246480518,31662.859012813853,0.0,1,1,False,1.0
adbbba09-8b74-0766-b658-863c03348c32,45.0,0.8157366210354701,32024.92317223975,3919.8326098349753,1,0,False,1.0
576d300b-d726-5ef3-4d55-8df1d362ce17,90.0,0.8048430887044439,32326.94421264791,0.0,0,0,False,1.0
df9d5728-b3f6-0470-6576-5fb9d8b8e52f,90.0,0.9851737243190366,13932.09276143174,0.0,0,1,True,1.0
93a17446-1ee4-393d-2fe0-c6d67beced06,35.0,0.7386119700356689,22173.07833850761,1179.2558635271926,0,3,True,1.0
a2524ec1-0e2c-05cd-0f5f-4804b292603d,90.0,0.6838808652237971,25451.486461499106,0.0,3,1,True,1.0
809df248-8b80-c268-dcb8-24366276625a,90.0,0.4132089212783554,21200.19784800291,0.0,2,1,False,1.0
197b438b-7746-ba17-0333-11095c48b5f6,57.0,0.9247032072266164,28511.762744017804,353.30701283117713,3,2,False,1.0
4931db2f-95da-cf1e-1874-d23f4e6df118,53.0,0.95275638139663,26527.94983175835,1301.8656725680312,1,3,True,1.0
13a76e7f-0c96-edf0-1050-5b90bc96b4c1,34.0,0.9930035206450708,29931.04241997062,2884.0317722357995,0,2,True,1.0
053af30b-a5e2-9942-95e5-70fffc04f3b8,35.0,0.4833644672046387,21526.21704819318,1087.9326495679595,2,3,True,1.0
14044c94-b981-6bc7-4ae1-4d65b55e5220,44.0,0.7648320232948747,25132.9734381132,1557.051455442066,2,1,True,1.0
bb1afb94-cadf-ced0-ba52-aac9ff12d0eb,90.0,0.8870454764527257,31222.238788507177,0.0,0,2,False,1.0
265b8950-7344-e527-a65e-103aa2b196ae,39.0,0.32425895613752,18317.10585678561,1735.6045666787384,1,0,True,1.0
4dc1aa14-421e-aaa6-052c-fe6f00e90882,60.0,0.9518361797380966,33364.81088306365,456.4088615487621,1,2,True,1.0
82c3102e-b05e-9b8c-8b82-3fe0da4c22f2,7.0,0.8988417331657665,36931.06059281256,7543.602130088294,1,1,True,1.0
7569d1c9-526f-d1b1-1a29-0a877574b983,54.0,0.9413916117202566,32115.017176843725,621.4893471780773,1,1,True,1.0
56119784-49a4-525f-8671-1cd5c8663813,57.0,0.7685660385452887,29414.89487960226,512.0673320601783,4,0,True,1.0
3f6e89a3-7883-a1c6-dc05-4c8da5986113,47.0,0.5841769268076981,23191.91738365856,999.2247143111028,3,2,True,1.0
2800c1b3-ad61-a48f-2ac9-14c37719e480,54.0,0.9537549863301914,23784.156137874037,897.2188068348346,1,2,True,1.0
1c9fb572-22b4-5568-1f52-5721ce3efa9a,4.0,0.9752906590441554,27777.78278830129,2388.444398136509,4,3,True,1.0
7c4db349-c3d6-087d-9bf3-49aa88cc8040,90.0,0.8092191318523858,14430.851620532056,0.0,4,0,True,1.0
296982c2-8170-0ad5-924c-bd1256753a68,36.0,0.5297444863165962,27538.832827685736,1480.0839816330429,2,0,True,1.0
75de8b10-6657-6eba-d610-f2462fd4ba9f,60.0,0.9927974289785056,33942.76576512529,0.0,4,2,True,1.0
96848701-c77d-844e-7d29-2de8b7f04996,10.0,0.2805739497190436,29151.68448873631,5369.781370705257,4,0,False,1.0
2707858d-c9f5-d8cf-4ae7-fb52f76119c3,29.0,0.5754054318569379,24614.37124623919,5113.139531830793,2,2,True,1.0
3ad1b9d7-8c40-37f4-71ff-28220ea6db0e,28.0,0.5062398098471759,32273.65959916653,4244.790622355411,0,3,False,1.0
af30977a-53d8-fb18-976c-4c958c9063fc,90.0,0.9598708772582044,22834.087721653665,0.0,3,1,True,1.0
ecbaa9a9-aadb-91b2-9918-fa613e9c46fc,31.0,0.9950885689248088,17555.752818327186,2362.299037497251,0,0,True,1.0
3448d930-117e-5af1-67e4-569a7f562175,60.0,0.7456218068640165,29998.17207401368,356.96220919730814,1,1,False,1.0
4be0add9-59e2-278e-21a3-7f5b73c5e61a,53.0,0.9450356042226328,24803.39305985933,692.1008481106103,0,0,True,1.0
598d62ce-bed9-daab-a642-7e267713eccf,5.0,0.635247163102233,28975.345186058054,5018.975681364114,0,0,True,1.0
44c774f2-cdac-89f7-148c-9dbdefc550bb,90.0,0.3521926886748345,32586.86564323132,0.0,0,2,True,1.0
b6543155-ad75-7fe9-d816-12e9674ea8e3,13.0,0.9165051445512182,23857.9081610719,3033.608181671076,2,0,False,1.0
f6c392f6-5840-4ad4-b930-a22665a750f4,7.0,0.6348682013141562,25852.87113618621,16042.86157144249,2,1,True,1.0
e1d6e5ce-4ea5-34eb-6c6f-67595eb3e1b7,44.0,0.3381059232613034,21634.345646703143,761.1277493466253,0,3,True,1.0
7a34953c-b150-a7b9-0079-8787c794ceb0,12.0,0.996222542413588,29934.863683542557,1549.6402279693584,0,3,True,1.0
db3ffd99-0aae-3b2b-9492-c02e47037793,28.0,0.9075040877826294,33724.916929873456,6396.543994570567,0,3,False,1.0
ef6bb4eb-49e7-6331-4fc4-0bc37d33d9d7,41.0,0.7154932390128941,19263.91672641346,1699.3603281120288,4,0,True,1.0
55c34fd2-da88-16a3-139e-fba02d787b9b,31.0,0.9414719142456052,35977.12913760243,4062.07667412976,0,3,True,1.0
6a25b58a-735a-06ef-ed53-269192df6b77,90.0,0.9937553761682546,26204.83627256853,0.0,0,2,False,1.0
9052c620-a71f-7f22-56e5-fc6ef0fb9002,40.0,0.9989083706503958,22453.30459875702,2262.1364690084647,0,1,True,1.0
8b115a00-6a72-a284-8ec0-b1bfc173784b,30.0,0.9932004076420722,19229.92775975668,4971.319505985231,0,1,True,1.0
47fed056-9201-04f0-227c-29e94732a321,10.0,0.907188233856936,28095.79774499588,8887.498191652843,0,1,True,1.0
9a49969f-e706-e743-1794-a63cf641c85f,90.0,0.989513717351635,28133.739138537207,0.0,4,3,True,1.0
fea397ac-9040-67ff-0e71-6e4b6ddde398,60.0,0.981047761665938,26175.990889097608,0.0,1,3,True,1.0
bfc4f4f1-a626-38c2-b5a5-7c53770cba64,17.0,0.7590436077617299,22850.23270877352,5274.643602051636,0,3,False,1.0
c185636b-596b-2414-a2e2-67becc8bab49,11.0,0.8045998053907937,30854.439186508705,5410.78055245519,1,1,True,1.0
f65f6c25-801e-c6bd-6d35-46a32feb0a0b,90.0,0.530046461838022,24095.524035909835,0.0,0,3,False,1.0
199fe9a8-0486-2d20-660b-69f365a0dcd2,52.0,0.6149826824243368,23302.02384369939,595.4346351836671,2,2,False,1.0
a4b35587-3b76-1041-01ee-061797c39927,51.0,0.9961926404801794,16183.23214906271,1251.3332664410923,0,1,True,1.0
e6f61aa9-a0ca-f140-5bd0-a0e10f813def,12.0,0.7793597090952554,29245.06345674196,4874.3414173851625,0,2,True,1.0
8b6b7d34-2c91-88ea-1b99-a1627a4ee480,15.0,0.9931544490009044,21500.33039118643,1239.845388984645,4,3,False,1.0
9a9b3853-3097-cc46-6a6d-ceebb064b7ba,43.0,0.8339983076361929,26596.64827264852,930.0069514875198,1,2,False,1.0
c4193f7a-e41f-6cce-a9b3-b4761e73c001,90.0,0.3510869305289004,27490.43788345294,0.0,2,2,True,1.0
bb984d9e-cc2d-bc22-dc5a-7e5aa8815ebd,90.0,0.7790198434255176,21442.0595050378,0.0,0,2,True,1.0
605c7577-3893-2168-34e8-5e40b02ac02b,90.0,0.8413855953269037,32715.12382048568,0.0,0,3,True,1.0
102e185d-2bdd-e425-8204-a76bbe29a05c,90.0,0.9993022650555176,25011.2842344674,0.0,0,3,True,1.0
711ec410-f51a-24cd-bf1c-e7194dc38676,35.0,0.6399349822848258,34122.99192710261,3148.6033805753027,4,1,True,1.0
490e7240-7293-23b3-1c36-43fa0183553d,90.0,0.9954899898347496,18278.33456112689,0.0,2,1,True,1.0
fa6637e1-0ccd-8fc3-5c46-56e1d66c8596,90.0,0.7980978060756571,20143.164593229754,0.0,1,2,False,1.0
a592c71b-72aa-511f-8671-9b5bf259214a,42.0,0.9991218261664984,33134.147382020376,3367.9097729398964,4,1,True,1.0
ab68fceb-3331-8ae8-eaf6-a65003469940,9.0,0.7736208103984363,21385.88815084604,6284.727443170666,0,2,True,1.0
3677d610-fad7-0587-44ae-6718ee22fc37,24.0,0.904716189400652,34460.467207886235,8206.51507336034,4,1,True,1.0
fb315692-bf60-2c63-5d15-8eed7575dd1f,90.0,0.9845226333606384,24070.887860613817,85.29047202016271,1,2,True,1.0
f38eed61-fb40-afa0-5a82-d2e7d1bd9518,41.0,0.4220003467641385,35659.730454633755,1365.8541946502246,2,2,False,1.0
8bf417a5-b696-0e77-d5b2-fd6a0c6d2d48,90.0,0.9992492831445398,15396.029881770102,0.0,1,2,True,1.0
1b38e618-336a-b308-66df-d32e1f59b938,19.0,0.9980192318318312,18763.64257717532,5424.027732225856,0,0,False,1.0
79ed5ee8-d0c4-af3d-5500-5b841ca289e6,16.0,0.4226374965676845,27097.501870960637,2803.8631830567942,0,0,True,1.0
19cc29c3-44e4-f3ec-3ad3-717e089386df,30.0,0.3380238716611674,34845.0901324929,4036.380575593993,3,3,False,1.0
e33a9e51-0e2c-af14-4101-9b87c6fc0556,57.0,0.3798545978963544,18384.416995435167,202.20269508653047,0,3,False,1.0
04ce1ac8-b79c-4229-4eea-736d7e628530,33.0,0.905105262506655,18078.404809634503,1040.6775957431898,3,3,False,1.0
535e8465-f322-3e1e-9b03-d87629e62bf6,90.0,0.8156374572682,30534.0667043896,0.0,2,3,False,1.0
f181662f-c9e8-4c9b-11d5-28bc62219bd8,10.0,0.9891215209614368,18728.061520527783,3696.691374218798,0,3,True,1.0
55d435a8-505a-161a-44fe-bfba0778ca48,38.0,0.9451258037637508,19807.797649419488,1977.019614375036,1,3,True,1.0
593a316e-c4ae-3dad-2f42-04b5b0f6d303,37.0,0.6674337960104381,30829.348627499647,2902.660447178653,2,1,False,1.0
43263a8d-63f7-a36d-ff3e-70ab8d33f22c,27.0,0.9986081831665852,27262.35556695775,5731.514506573145,1,2,False,1.0
f275a44d-68bd-46ad-a6ab-3b3dd80938ec,39.0,0.6012497623686488,33526.40841981402,1563.2290482073165,4,1,False,1.0
66f9c75a-f22b-fb94-ce2b-9e4391c639ea,90.0,0.9884984440624144,15000.570595411606,0.0,3,0,True,1.0
333cd43d-491b-6116-cd84-5a458b5494dc,57.0,0.7632036429110765,28399.72483215635,313.4866416619097,4,1,True,1.0
89e80a6f-5b51-ab5c-fec3-8ac7a38c6cce,90.0,0.3233454701874466,29203.46027056246,0.0,0,0,True,1.0
55a8f4f0-c841-c360-9e92-56130ca61e5c,90.0,0.3469742403893118,34479.789105356016,0.0,0,3,False,1.0
a0ff2f85-3a31-9141-ac5e-8feb6afd28ae,60.0,0.9716859764064344,18970.01196493568,71.47905056035616,0,3,True,1.0
a0c0b53b-3c38-b4fc-8964-d4eccfc1c2c5,16.0,0.7110424022517733,22358.51214831979,4516.115753642851,3,2,False,1.0
0705d269-d0b1-cc49-e52e-2237d0cb9107,59.0,0.5854978694530866,26417.66109379592,146.04537000786857,2,3,True,1.0
3ef34744-0e6a-144d-d554-32d83278fa1c,18.0,0.7220613504892543,28117.601929062,4744.874421291469,2,2,True,1.0
e9e3c1d4-5d25-9d27-cb73-3f80387fbf28,90.0,0.3976699713338651,13446.972618630014,0.0,0,2,True,1.0
8365fee5-1322-23b9-0af0-4fa0a540c991,18.0,0.7563639395493227,28405.963414021488,5883.750445732824,4,2,True,1.0
118b1cb0-8cf3-2f83-da82-5c7b8893731e,39.0,0.7701290143526848,33411.788745097656,1243.4840249463034,4,2,True,1.0
584b6505-2d06-fde1-4187-ee558d9fcd2d,3.0,0.4566066773514466,30501.064044682807,0.0,2,3,True,1.0
3acc2078-4804-d816-f3ea-a5a1d4197310,13.0,0.5320538370186491,34265.41947721095,6949.835112018003,2,0,True,1.0
0bb92e65-0beb-1300-3060-cd759526c09f,27.0,0.2814185449179314,31082.86245310869,5944.663452029864,4,2,True,1.0
ffc6b8df-75a2-e20b-fef8-46dd291083fe,43.0,0.7003546571488515,23957.77968101949,1155.4868764351595,0,2,False,1.0
d2bb5af3-84e9-872a-c569-e2259b139e67,90.0,0.6399018372328225,22999.992936451712,0.0,0,1,False,1.0
6ba42ea4-8e29-ff8a-f4fa-78fb0e746525,29.0,0.8142557486489538,23886.98546879782,1405.5907164264715,0,1,True,1.0
2fd75dfe-5e62-67b8-1bd6-7fb26615fa42,90.0,0.5832339319699144,34260.83198104731,0.0,2,0,True,1.0
c6a581f4-4dc6-bd44-c0ad-fa9774ed6d95,90.0,0.7674831642615745,33260.47774171969,0.0,2,0,False,1.0
4c74dc33-a2f2-827d-eb8b-17f70436c8a2,49.0,0.7955556318120134,19269.19814722804,1423.5718780278953,2,0,True,1.0
0aea8f3b-939d-36e9-c164-9fc46ddda0eb,6.0,0.6009757031158355,31320.544801282696,1911.4444837244316,0,3,True,1.0
f331110a-d0e1-f67f-dde6-19abf10abdff,90.0,0.8290285533214107,20084.762268183284,0.0,0,3,True,1.0
38f1a4f8-3ee6-29af-5d37-cf355aab6b89,9.0,0.4351418632207356,26724.32790396162,5151.44193326375,1,1,False,1.0
ab647f9b-1edf-39c1-7ba3-72d27c545041,26.0,0.4012833020515112,28752.194418822677,2464.5794014203484,0,2,False,1.0
9d24b78f-d08c-f9c6-3677-5c1c567f8c82,90.0,0.7627049167803251,21118.65813744269,0.0,1,3,True,1.0
ada45275-f156-8358-5acd-0ab0ec0bfade,56.0,0.9816795261957714,28399.98034446099,717.8302018618474,0,2,True,1.0
71b27c69-f2ca-5cf0-e9a5-bb4e8148697c,26.0,0.2876364730394939,18273.410016563317,1615.6916758655543,0,1,True,1.0
2a4595d2-4f1a-2564-0767-a7c9588d26a8,6.0,0.7559764440947465,16177.465825316029,2221.543543516203,0,2,True,1.0
605ce090-f09c-9ca3-055e-b2bec97925f7,90.0,0.62238815242439,26432.31130152364,0.0,0,1,True,1.0
be9cb96c-254e-2476-8fb1-9a51b2fb9c09,90.0,0.9585475693652912,20397.741042885267,0.0,1,0,False,1.0
7b37ed97-8b52-7709-a5ae-036d3907dd92,32.0,0.8168384185486157,32762.729215592997,5374.817710490617,0,1,True,1.0
83783aab-f132-a605-011b-babfa75961f7,90.0,0.9815538274717042,25179.54961876865,0.0,2,0,False,1.0
d312c80e-b735-d278-a132-0381f748fa50,52.0,0.8831609327677061,15572.23328130406,393.14698808729406,3,0,True,1.0
0c1deada-8706-9391-92ff-2ae7044ea442,23.0,0.3070797816525081,30577.546081438708,4538.652950671572,1,2,True,1.0
fe32fe18-44da-c85f-3e4e-f4eb40815523,90.0,0.8143331993321764,25925.59449314085,0.0,0,0,False,1.0
dafed86e-2fa4-3c02-6890-3e810cdb85e5,26.0,0.843101255645772,37301.62218155718,8800.624027636359,3,0,False,1.0
77c808ec-0344-3c5b-e2e3-69cc089d13db,7.0,0.6024704999274942,20243.5149047078,6281.719532636187,3,0,False,1.0
23f229b1-1287-d84c-baf4-ca5d75e9dfd4,90.0,0.4716846571246226,14155.044416436864,0.0,3,0,True,1.0
edfbebad-fc83-e7c7-cf4d-f5a6a8350c00,15.0,0.543846903410709,25070.87835979696,3669.85718808375,2,0,True,1.0
a6e3722e-3618-3a3c-a777-de77856e3aff,90.0,0.7356761816286616,29108.52853044045,0.0,0,0,False,1.0
4bd04792-94f9-83f7-ded4-0efd1d4fa5cc,6.0,0.7152833495855997,30864.594851826183,8255.732140109183,1,2,True,1.0
e728e1e7-a023-fb4c-3cbe-bc2be8872013,15.0,0.7026539358144055,25460.40755276903,5243.630992961968,1,2,True,1.0
0f99892a-8c25-0975-218c-1a7ccfb6a57e,90.0,0.9351788173544444,16875.94405646006,0.0,2,2,False,1.0
8335e28f-fbb3-1a01-bb0b-07bc857d73d0,24.0,0.9070446903882368,23446.50811801349,6828.755520067995,4,2,True,1.0
88d81e3a-7e1a-75e3-9a47-597d97d3cfc8,90.0,0.9245851005503032,28274.611070975006,0.0,1,0,False,1.0
e7294518-e6cd-5d5b-9560-6839c78ca197,90.0,0.9981489416309536,19947.6488905024,0.0,3,0,True,1.0
c48cc472-af93-cb8b-2277-9e775bd7488e,32.0,0.9513331500627902,28940.751804118525,4000.7614488661993,0,3,True,1.0
b3fa8759-517e-944a-7f57-23c50a970d14,90.0,0.999846496594616,15024.647443124564,0.0,3,3,True,1.0
deb0d101-68c5-ac5b-177a-05559c613a25,8.0,0.6391616209796693,16189.566609328956,523.5268701709363,0,1,True,1.0
c150eac5-3508-e75f-e68b-28dba6701339,24.0,0.7083917082262307,17741.64657112265,1891.7006015532857,3,0,False,1.0
49017659-30f5-496f-16a9-6b0d2c416dee,55.0,0.9098652214405184,33914.909858821,565.602506627774,1,3,False,1.0
0958def2-69b0-a00e-8c4b-55dd6bcc76b8,13.0,0.4861402568253942,29467.28171073531,2438.5546490228467,1,3,True,1.0
51ba46e2-d40a-6383-f802-137fe9f1c5bf,25.0,0.9291715362600044,19911.944010415304,0.0,0,3,True,1.0
d61d2ad1-2f23-5866-d8df-9e19ea9ddef4,4.0,0.5385284912352094,38280.219823016974,2445.3854208345806,0,0,True,1.0
b263ac90-0ecc-6392-d944-1fad3cd04013,90.0,0.4544757499585907,37734.70691720884,0.0,0,1,False,1.0
b93ec3e8-b0c9-5dd6-0522-11381ff80f91,90.0,0.8912810078454246,19671.483280786302,0.0,0,1,False,1.0
ca485cbd-bb15-17dd-6ce9-7e751f1decf8,5.0,0.8189291152247256,32272.958755084903,9083.010635463424,2,3,False,1.0
00c2063f-e5b6-d082-d275-ceb11c490756,27.0,0.3939280457709218,28724.011312259656,1693.581326822551,1,3,True,1.0
e9444ff5-acda-c259-793e-6c5aeaf78ce7,48.0,0.999910866982783,16943.266270308886,1793.076518209816,2,0,False,1.0
f82dda0b-bdfd-f5cc-8a5b-9b85a380f2bd,90.0,0.8222801664372008,13518.644623027692,0.0,3,3,True,1.0
175f3fba-d16f-c6cb-d56d-55e08d229042,18.0,0.9552298442343248,20371.5545124989,2363.306737925814,3,1,False,1.0
3dfd8558-912a-66ec-b295-dff10181894f,90.0,0.968801097998296,15040.47661391244,0.0,3,3,False,1.0
fd497b18-30c0-76f5-d6a5-af512554171b,37.0,0.9975527760276124,22700.02022903705,1645.989601417344,1,0,True,1.0
e92464d0-3565-3b0d-8597-2d708a600fc1,18.0,0.9971574403146856,28560.42268253746,3350.732235896563,2,3,True,1.0
51187e77-c5c1-2609-c205-4fb9960c8cf8,56.0,0.7044004465652575,31801.27740687108,827.5280711479334,1,1,True,1.0
48b6211c-5dc6-a2be-1eeb-d385ff0f0675,90.0,0.9800855178942862,27889.280761540344,0.0,1,1,True,1.0
0dd5fb79-4f2b-adab-8621-9c61f359a43e,90.0,0.9910522743409678,23407.08521634415,0.0,3,3,True,1.0
3d6c037c-cf01-8e21-f77c-1d7f7e3d2c5d,7.0,0.5301961195440134,26710.8571996268,8360.72286752926,0,3,True,1.0
89a06cec-83e3-c842-f95e-29c742aa61d3,55.0,0.7769856151954261,27753.680803246854,864.5624672306271,1,1,True,1.0
0d036dd3-cb07-c8e8-6013-0cdc18a12372,24.0,0.9588153295973444,24616.34018422665,3178.3804197876184,0,1,True,1.0
7cd2868f-c033-6524-a0f4-82a7416f39d2,39.0,0.3221161975505749,19907.934755510512,1150.427348761957,3,0,True,1.0
f727a1f6-13d2-5772-c50b-82a66a0ab30c,14.0,0.9908280179925532,15304.538975315703,519.0170066878383,3,0,False,1.0
007fb483-3629-2cfa-599f-131ea362b7c5,20.0,0.7105453501272517,33742.89377983331,6040.116000629006,4,3,True,1.0
fa5b0086-41d5-6de0-8520-571990ae1e55,60.0,0.6972841143569799,19164.42408321504,0.0,2,0,True,1.0
d0fd2bda-59b2-57eb-627f-202ddf145894,13.0,0.6670556670544181,30827.807518450478,10450.049563599998,2,2,False,1.0
9d698e32-819f-79e7-8bce-b302fed5991c,8.0,0.9998395876104342,18023.574223034226,7785.502006411182,2,3,False,1.0
eac10792-d88c-0080-e359-ef3b3986673f,90.0,0.7155713890081429,32648.236538115507,0.0,2,2,False,1.0
afecb6f4-7e43-6740-a9e1-5cf5b52247b9,17.0,0.9439847350898286,32064.59996170782,4897.327499575413,0,3,False,1.0
370392d2-744b-9e36-76a6-b736c774c4ef,56.0,0.99294435481392,20119.04455163288,270.3392951137275,1,2,False,1.0
3e4e4edc-cd36-405e-7711-1cdda2ec55ff,35.0,0.6138667610328105,23560.957980329404,454.1620590333541,1,2,True,1.0
ba9f31aa-9aa0-6e2c-c2d4-b42f8448c1eb,32.0,0.9855411177043604,26913.056183971272,4803.155128869091,2,2,False,1.0
4902caa9-b7cc-df2f-ac64-0e45d3e045d1,13.0,0.948778621474476,24836.40564592433,2594.4691892632204,0,2,True,1.0
09891ef4-c4ba-157c-5a6d-c52234abd14c,20.0,0.9939443819319062,20001.55328342902,2443.164022467537,4,3,True,1.0
c2ffb2f5-630c-f484-aedc-44f8a3646cc9,27.0,0.4558892493432348,23281.11671042213,0.0,3,3,True,1.0
9636afb2-d63a-af4a-30d9-faa2bd13c0ec,90.0,0.8818896490381251,14595.628512112313,0.0,0,0,False,1.0
4c6e7583-9fad-df17-47fa-a984d585ab26,90.0,0.3500711840349862,22757.726144503056,0.0,1,3,False,1.0
272e183a-579d-d9f2-7945-aff1eb3803de,90.0,0.3200990125620925,26206.7332969348,0.0,2,0,False,1.0
7059e834-0c3e-dab8-1409-a8190d18c7f2,33.0,0.4033857271266304,26817.50290193828,2228.155322170353,2,0,False,1.0
3fc9d06c-0320-0299-fbca-1dab39971d81,16.0,0.3975124735913125,34737.130094251144,6275.798725329677,4,1,True,1.0
f1730eb2-349e-1758-d6b8-b4143173d4c5,37.0,0.3936541790793745,23460.227031072747,923.268027250496,0,3,True,1.0
ce09547d-61be-3219-b7dd-3266d437d499,25.0,0.6098438850044837,34719.38832233212,4335.420994449508,1,3,True,1.0
e359c634-9109-3fd1-8b64-c69931ecc576,21.0,0.9975231088862866,15425.044267843186,1495.6687496083002,1,3,True,1.0
81945b7c-2e81-3078-9111-158687a24c90,33.0,0.9169701092975628,25577.437582866183,2658.1632038800626,4,1,False,1.0
45ffc0bf-df85-dab8-76a2-0cf9414972fc,41.0,0.9909986179051706,23615.57590979341,1411.6031560122549,1,3,False,1.0
dcd242d8-d149-0a6a-87e2-832a8a98f9eb,19.0,0.3445350227660518,31145.552835430164,3623.340357430056,1,3,True,1.0
c1e4946e-d444-d5b4-2679-99a597191ded,16.0,0.8557080014993605,13836.898802062611,1594.562276067806,3,0,False,1.0
2664bfa6-b890-c958-f2fa-f65204c2d919,16.0,0.3166187159417129,18532.05094831899,1433.6429222695992,2,1,True,1.0
accf4a29-ba25-7799-23a6-e46ecd812d62,90.0,0.9525960602135372,28444.527370305204,0.0,2,3,True,1.0
1d301325-4147-0c77-1d7a-c305952152cc,33.0,0.8304762015799291,29287.614881460915,0.0,1,3,True,1.0
c175217b-68a7-6aff-deab-504c54a17b1a,8.0,0.91176764304118,26860.67343692304,3756.980384886916,3,3,True,1.0
f5a89341-b914-ea07-82a3-c43eeba81e97,38.0,0.9423701593994602,25407.171993479547,2430.8316220313977,1,2,True,1.0
6cdfcb4d-7a5e-948c-3324-573d52c1911c,23.0,0.7832465580218623,40059.11281473906,4477.530407018749,0,3,False,1.0
1935d8c1-8acd-2a1d-4219-95e5881226ed,28.0,0.2957358033609288,25162.601196925785,3004.6549979089955,2,2,True,1.0
7556a257-9819-b310-33f9-618f3abe9082,9.0,0.3287926618325725,36535.2032109026,10888.711497452612,2,1,False,1.0
1f93026d-3821-013c-aab3-979e03f4388b,40.0,0.999126130322215,28435.75949336789,2933.106630235566,3,0,False,1.0
706c0e1d-5b97-8601-e9ac-301e362f637d,31.0,0.9754555372390108,31857.12312156725,3364.805899550357,4,1,True,1.0
858afceb-c064-9eed-7880-e827243a54a1,90.0,0.9729819694501016,19218.16672264818,0.0,4,1,True,1.0
610e825b-1696-0e52-16ea-fd1f4343dd7d,90.0,0.9355182255986276,31076.846840554703,0.0,0,0,True,1.0
3dcd519f-d2aa-6d50-6e75-49842832d6dc,43.0,0.9780753552744677,35986.52765296055,2800.8944013691066,4,3,True,1.0
2e7ce089-1778-53b0-1d01-2feafd948ada,90.0,0.9770523949894095,22187.679344547505,0.0,1,1,False,1.0
a78109f4-bcc9-52f8-1e45-a98d82a3fed6,90.0,0.8598449752552115,21514.610911948,0.0,4,3,False,1.0
273559d0-40b5-276d-ec63-b4c0ff106a49,32.0,0.9967599265195785,40697.85480790644,4079.031143521176,0,3,True,1.0
0b5b04d8-32fd-27ca-3e8f-4365faa1214f,51.0,0.9985006295603758,13962.737343818982,839.0576912573265,0,1,False,1.0
c62a30b1-c71d-a06b-742e-7e0952f39f05,90.0,0.9852725819925467,24982.760507878,0.0,1,0,True,1.0
c8455422-8fe2-0a66-26bb-19006b751a0c,90.0,0.2757302340888353,24783.35246187897,0.0,4,3,True,1.0
e6ef91e2-7582-eedb-87ed-0f7bca1d2cff,24.0,0.4753213050244433,22210.69994730501,3214.0342922169457,2,0,True,1.0
9e79beb4-9052-1bb9-c98c-b3cd6e31dd4e,17.0,0.68309181531877,29521.648948262344,427.3822106726468,0,0,True,1.0
bba930e3-0a38-2532-7b07-79683057ee1f,29.0,0.951790194526096,32785.32939034875,3287.8773887012594,1,1,True,1.0
c1902015-1f3a-0446-7232-3145d09e5562,90.0,0.8477828380707727,18355.743114655223,0.0,3,3,True,1.0
485d0cc8-d193-31a9-2eea-c50ff9e564c7,22.0,0.9964676039101472,29636.481463055945,1424.7494401180024,0,2,False,1.0
8d6f8377-8d5d-2f12-e921-3e5932cb4a8f,90.0,0.3262955892959841,34371.89079188759,0.0,3,3,False,1.0
e7de1fa1-3a48-8007-3d5b-c410e5bad95b,13.0,0.4440524211123822,23028.367859457663,4013.67958324512,0,2,True,1.0
974fa2af-0454-460b-c639-014b1b2ee950,57.0,0.9319371981636996,34419.2307791115,345.0060675756544,4,1,True,1.0
4c272e7e-4519-5a90-28bf-0fb7cd6101a4,43.0,0.9760279827064214,38717.13313245806,3890.667463970237,0,2,True,1.0
b1494988-3416-43b2-afc4-6a958fc3bae9,39.0,0.9936632979355748,28537.76038405989,4182.364503713945,2,3,True,1.0
3e12f3c9-60ec-f997-723d-5315eeed1d7f,42.0,0.9884624585766,24231.4445376004,1472.6884547595484,1,2,True,1.0
308fd121-e035-c99b-21d9-e33cbc81fb3d,5.0,0.9939270891505348,27713.370297255384,9103.382041609397,4,2,False,1.0
a9b4b53b-4a98-084f-9d3d-603bf5bfae3b,6.0,0.9645703296121412,24721.165011030946,8784.415390878265,0,1,True,1.0
9c75305d-3836-bd32-7425-35aa2dabd542,90.0,0.632958168350076,26458.52391731878,0.0,1,3,False,1.0
e6cefb44-a42c-5746-b1d6-2068bb01d7cf,27.0,0.9279474623925716,22843.815182903614,770.1302450206172,1,0,False,1.0
512c353b-18d1-6659-6e20-97975cce166d,35.0,0.3736442718210074,27569.60852060261,5488.457885488936,1,3,True,1.0
0d7e6e85-2edb-9ee4-6af6-7064fb84aebc,13.0,0.3646377081716804,33644.97307030032,6862.9810968681095,1,3,True,1.0
2d43699b-6d6c-0cf1-2f9d-740187895d41,5.0,0.8626208127813211,20105.15044069766,6127.309111667745,2,1,True,1.0
44360978-9fcb-701f-f0cc-c97f884f2b7d,45.0,0.90580313262089,30197.83445284343,3235.899967852528,1,0,True,1.0
83f9dd6d-c6e6-658a-1b50-964ea5f9c831,46.0,0.796481232110647,34287.12257838734,596.2063457162235,4,0,True,1.0
7f4b9591-d7b4-a256-b4f2-bb4feddec5ab,56.0,0.858142584834045,28658.434272176448,446.7754722818456,2,1,True,1.0
fea09bfb-bf8f-07ac-09b5-6c5c8253bc95,90.0,0.3512750871165317,27526.67999827156,0.0,2,2,True,1.0
877adfea-3bcd-3246-671e-0d03e4289a49,47.0,0.8845544712851813,23415.36803618032,982.3337059923584,1,3,True,1.0
f8e83574-1e66-5aa1-0607-424ea34d8807,35.0,0.4981685798960139,36657.21398877362,5917.35653465994,0,0,True,1.0
e13e2be8-7221-d951-025f-b1528f3cc073,50.0,0.7657590116525546,26805.84921332396,985.293989461998,2,1,False,1.0
4c530e36-e8c4-34e1-e61c-22a688f98b93,7.0,0.3588584292363176,33581.21697892518,2545.4256600511835,0,1,True,1.0
d146d171-ff3e-ac29-7808-ce9d0f995144,53.0,0.398377016946871,17212.131847563272,459.4208145962238,3,3,True,1.0
9bc92028-60c9-3188-897b-ad78fdcdf96c,17.0,0.5411444382965369,34434.93873098554,4355.3484815454,1,3,False,1.0
93960e08-076a-cc2b-5447-8af7360698c1,38.0,0.9855570532215764,17296.34617307421,805.6095163107121,2,1,False,1.0
1a7fb7e7-c6e1-8600-8a36-9e6a3643cfb9,24.0,0.9289459085089092,26228.281521927074,7533.854739006406,3,2,True,1.0
f876e39c-954a-1402-24db-5780957ccbfa,12.0,0.9651892471081076,22294.298082082256,2980.1653416642425,3,2,False,1.0
0ff7a005-faca-afad-c0e0-7c99dd49b8be,40.0,0.6303931548135754,25308.963549371558,977.7137955802918,3,3,True,1.0
fab4827d-5719-ae54-5d50-ed0b89464f02,20.0,0.6141048748624719,28903.91340260539,3096.3903438881835,0,1,False,1.0
98deaad2-cff2-3e9f-6486-eaa9b5169660,5.0,0.8413312293776318,28347.02720729173,2784.1420018106646,2,0,True,1.0
bbaa925d-2771-27ad-69f0-d57394483e29,90.0,0.2892259798870112,32123.032733666005,0.0,1,1,False,1.0
35e94f65-e4a3-c3eb-71e6-4924462ac474,43.0,0.6376275122102432,22387.604769988004,2120.61544238062,1,1,True,1.0
e486385f-a8a4-0578-7221-a20aac3f2a4a,90.0,0.867995607039261,26212.4745724396,0.0,2,0,False,1.0
b6cf2e05-5726-2959-8b4d-f9f5d5a992c0,20.0,0.6569340430884264,35386.21758229509,7094.654080007515,1,3,False,1.0
3f833b07-4848-ea86-5b10-a98d0769462e,18.0,0.9919009906850652,19665.28325261434,2224.328278623584,3,1,False,1.0
85471ba7-f0f2-b50a-1da1-1af3ede7edc1,7.0,0.9942487239270156,21286.79850658944,8901.020139509781,4,3,False,1.0
31dfe213-d6b5-feaa-e0ae-0b2b83cfb5d7,57.0,0.7195715950900029,17049.671713290074,130.4190983393961,2,2,True,1.0
01709190-b9c4-a3c6-2905-65b8e6962eac,16.0,0.9947919756274112,27245.92033151834,3592.6147678617517,0,2,False,1.0
21ea0ce1-1d27-7bc4-d9ee-351fb9c65e01,90.0,0.3596708072630474,24436.04178139702,64.75667933539376,0,0,False,1.0
dacb3021-6278-f288-1bf5-485eabb282bf,22.0,0.9943448773516372,28380.141143620265,2889.716216538216,2,0,False,1.0
dccd736a-f27b-1dec-f70d-d4dcaf368d3a,16.0,0.6667493590534771,31663.74799820528,8154.867988307848,2,3,True,1.0
a9201fa1-1a34-6aa9-705c-d30c704e162d,25.0,0.3442079280360536,37216.90755705087,3602.893017505108,4,0,True,1.0
c87d94bc-bf3e-de9e-314c-94e9b109344e,40.0,0.9661086599806916,23876.18702868552,121.3339377116575,0,1,False,1.0
e304ddc4-13e5-be88-6623-0664bd4741f6,5.0,0.6914326337028001,33171.25513067138,0.0,2,1,False,1.0
31e8e3b9-c904-3580-7f78-1a3d613e0fa0,16.0,0.9821126696645126,26758.947749369698,4487.228119639896,4,0,True,1.0
f9930537-d65a-06ee-8b2b-5c8750fef96b,90.0,0.2916432067166061,34382.62514122896,0.0,1,1,False,1.0
94e53d03-5836-d2b3-b8d0-0c4d637092b0,90.0,0.9880680437171592,22421.98698266259,0.0,3,3,True,1.0
987ccfa1-239b-94ca-79fe-11bd0ee04ba7,90.0,0.4883563384568072,17387.462168153295,0.0,2,3,True,1.0
44fe9a26-04fb-4785-e8d5-06cb21fc1c64,7.0,0.8418686076243239,32331.144003340203,6546.881225740747,0,1,True,1.0
c812e99f-1aa7-3974-f141-b5549eb5d95b,25.0,0.8295525170278224,37385.8425190585,7125.360604194895,1,3,True,1.0
ebc32d31-bdf9-4913-4d8e-6c095c2dcfda,52.0,0.311457516662232,28846.60425958919,0.0,1,3,True,1.0
fa7514c8-b466-ed6b-2f93-a1797a7f078c,90.0,0.9853612419978648,22576.01180928955,0.0,4,2,True,1.0
4f392725-cfc1-7403-ed2b-88f3fcee6110,19.0,0.3071647566621599,30201.242119828177,5521.648423789627,0,3,True,1.0
a66576a0-9f1b-97ff-863e-0dde34fadab6,42.0,0.4021871055861694,28055.03825889364,678.7906546857241,1,2,True,1.0
ab486cec-913d-0e6d-3b35-86282910b8cd,90.0,0.9743883857416836,20128.822962681425,0.0,4,0,True,1.0
019e31a3-08dd-8f26-c96b-1b08b8490fd9,90.0,0.6403900516675743,25295.753639589337,0.0,2,3,True,1.0
a33a62de-d4b5-6fd8-09c7-845cec681974,90.0,0.975663783714086,27792.801910810755,0.0,1,3,True,1.0
11234fb9-827c-5acf-3bdd-1205dc93ce46,23.0,0.614063159395568,24408.92865671215,3297.184541221839,2,3,True,1.0
17c295fd-49fa-db7f-e819-00f8c636c802,45.0,0.5871786432973719,30910.2109745772,1969.175461582997,1,3,False,1.0
2471206d-c6fb-0a70-25bb-7ce06fef3d3f,90.0,0.9835860534298296,28203.065293258114,0.0,1,2,True,1.0
a2fc84c9-8937-5135-ecd1-a7f2e977a06c,25.0,0.5825683002419062,18157.53300838148,1883.8862810709052,0,3,True,1.0
988b5788-0bec-dd66-7bc4-5450e1b3de25,35.0,0.9699723138823522,25118.27809232855,3576.627488464997,2,3,True,1.0
d3cdc06b-e9fc-eefc-d311-d8d30eb1925a,26.0,0.7084360724107315,35377.77492562847,6793.290096493247,2,3,True,1.0
ce1849ae-bf9d-a30a-c284-8f964bd047ef,11.0,0.9990104308649423,17694.09464047548,4119.205509684178,4,3,True,1.0
c42a5f54-4c7e-e2c8-76de-b997dbb4677b,36.0,0.4331805851771124,28521.38234431634,450.2830270748559,1,0,False,1.0
e97fbbee-af53-5d6a-771e-29e45eeb266a,41.0,0.9867661017263084,30164.23972061365,950.0043079049832,0,3,False,1.0
07bed8da-ad9d-744c-cceb-7834d85228ad,27.0,0.3167369733426313,35982.78923134302,1930.7614389889104,0,3,True,1.0
bdeff510-9389-6df1-cfb8-88697bdd393b,90.0,0.972390874778062,30459.84144284319,0.0,0,3,True,1.0
8fa4a67e-8e75-ebbe-a124-d073fdf13a85,4.0,0.7324307289524915,25127.646074177654,6840.124913098955,1,0,True,1.0
4f95c2da-fc0c-5d7f-d193-c96a4cbf8421,46.0,0.9306539824466624,38722.36971233362,3219.467115808783,0,3,False,1.0
1544bcc8-a98d-6777-bc71-741125a8263c,53.0,0.2807555543098201,28334.66436591204,289.71292246904164,2,0,True,1.0
962f55d5-a83e-5146-a5a2-ed13e4f262b2,42.0,0.99220104388147,12342.351155434972,1119.602950928475,0,3,True,1.0
ceaa7358-d909-5bd5-0ae6-68db232b7954,90.0,0.5824314865811973,27651.866845615867,0.0,4,1,True,1.0
7027634d-906e-d585-d13a-1b3f819f51b2,32.0,0.330868570046994,29857.89689564324,726.2156289049802,1,1,True,1.0
5bfcd877-bcab-3c38-d12b-fd855c315977,37.0,0.3115572093567508,19341.158601788997,1311.166559158365,0,2,True,1.0
bd16e773-d4e3-7bfd-823f-bb4ec49bd75d,52.0,0.3626055997240989,19974.8626452216,923.0095047672306,2,0,False,1.0
a10d6a7e-d3d2-eceb-315d-04fc1d167be0,33.0,0.9872069856729682,14415.808302829606,1494.8517139750306,1,0,True,1.0
2403ddf9-2529-191c-a1ac-377101ae4470,90.0,0.4878675018719903,25935.29806162637,0.0,1,2,True,1.0
9acab625-765a-c604-bc95-4fe9e4aa202b,17.0,0.9896221507692894,27084.551256589097,2155.725940151353,3,1,True,1.0
e1034c37-398e-df73-8ad2-5bcf39cce879,24.0,0.3221590778179261,31564.69023278313,9029.455097773633,1,3,False,1.0
dfefa4e7-2cb3-8562-b73a-b229efb8ac67,27.0,0.839334437403615,36640.51199403641,6087.369412981243,2,1,True,1.0
62d9bd57-ab24-0fbd-9e5d-b0104319fb70,53.0,0.9365789503624504,28011.92580929721,2224.0909345585656,4,3,True,1.0
dd329da7-cd23-ec16-ccc4-a98d7d72c3a0,40.0,0.5932676454235984,26472.75053931394,1831.5088573174448,0,3,True,1.0
e6023990-55f3-c6c5-e9c2-e0bc33887507,24.0,0.7333846403451338,24034.33952861808,3543.091090757884,4,3,True,1.0
90300124-2a3d-6778-55f5-6f6e81839d25,30.0,0.9232705182005542,29975.8956713732,3314.600069924601,1,3,False,1.0
8af331ca-9494-723e-8a21-ff7540b0deed,8.0,0.9947993857668068,23965.688935975744,3864.572031232514,0,0,True,1.0
27eda550-9681-b856-1a6c-2580f4027775,90.0,0.7030131581636868,33331.216508326404,0.0,0,3,True,1.0
e66b3e6e-4dde-164c-da86-d30b27f37853,44.0,0.848559998635856,21387.59679532857,1992.2954354828496,0,1,True,1.0
fefc6abf-c4ee-3099-69d6-d04a095e6f7c,28.0,0.9810760875499976,27836.03099539452,3690.857847804786,2,1,True,1.0
fd691037-29b6-3556-9ef2-df7868f14ad0,22.0,0.9164917676339404,15866.165305899369,4939.688205286289,2,0,False,1.0
11a1d7da-8849-b5a6-be85-36a90639467c,46.0,0.9333911482269946,29236.65487304369,1493.2228548254986,2,1,True,1.0
83da8cbc-a611-7bf3-d457-126c15442227,20.0,0.393313816189174,32615.46554021833,5355.597032187983,2,2,False,1.0
80bc8f09-4ca4-0362-ceb1-2b93b69d69e1,4.0,0.2926379894794224,31913.846922076536,4707.676780643089,0,0,True,1.0
d6206e37-869b-0af4-810e-175e8387fe6c,46.0,0.8199441577705266,31770.452911973214,1412.7269122909215,2,0,True,1.0
69fce180-0269-e3e0-73b4-24b4c708397e,10.0,0.806655954354118,32794.44311158748,7365.332080310441,3,1,True,1.0
da60f609-2e9c-95fb-7809-6a9522f147ea,7.0,0.2851162831479188,20438.588281232267,2032.843531444916,4,1,True,1.0
afccff99-6f3e-eb04-d56f-976916b7648c,43.0,0.6566875245476939,30189.84511787692,768.6653720872652,2,1,True,1.0
48eaf7e4-8cec-aa9f-de10-65faf31d9156,59.0,0.9364549058090492,32610.444863753062,145.1255443300133,0,3,False,1.0
b99a4113-9612-09b5-7a27-5ca48f0c8db6,32.0,0.7988434203236606,26396.28432711432,1770.3238935386723,0,0,False,1.0
b29f99df-722d-8ec3-bb95-472f577df295,7.0,0.4520016022102049,28395.755087649733,4251.599219994842,1,0,False,1.0
5e6e14ba-fe51-e6d7-ec09-924377edca7a,90.0,0.7569414830858497,20229.17233189907,0.0,1,3,True,1.0
2c630807-b932-e500-0e67-8f8db7ec24fe,27.0,0.3932355996341504,36685.624797639466,3639.4833296585343,0,3,False,1.0
edef92d7-23b0-278a-9e63-c2008d1b4700,14.0,0.5212109592102766,19218.56267328036,2365.5828978130444,2,0,True,1.0
2bdd05bb-6aaf-0e0e-55aa-877f8b32612c,5.0,0.7360673375620417,25820.40280569445,8514.326455096989,1,0,False,1.0
a873ddf5-63b1-4a0b-b103-6ba0a9a03b50,3.0,0.2791233122922048,40390.50555118151,12206.979026418316,0,1,True,1.0
db4a1ad1-e46c-8f75-f587-4b57b090a77e,8.0,0.9651093651952302,29354.41567263992,8687.327403280706,3,3,False,1.0
7d821241-b359-578d-9e53-7d8520397250,59.0,0.928276742015082,20661.27534545197,120.94828421555108,1,3,True,1.0
c4b496fc-48d7-6ca0-381b-ce70ca5ff931,57.0,0.7641566392234165,27154.23322480615,0.0,0,1,True,1.0
baed1fac-7aa6-bf9b-846c-e845a338187b,6.0,0.5250491700947411,36618.20279175748,1953.1931649170272,2,1,True,1.0
b4c9027f-591d-f8a4-4627-51de3bc9cb99,90.0,0.568625321480425,33331.77924381671,0.0,1,0,False,1.0
b4c8be6a-a90d-bb64-9c8d-7c01bdf196b8,40.0,0.9245145144839126,30881.76157574548,3800.656041617379,0,3,True,1.0
c1c36413-86a8-c8d8-882d-495eb3baa91f,90.0,0.7644429729061274,26153.606019092585,0.0,3,0,True,1.0
24c06cf1-599a-d1aa-c70b-4c2c742b7d29,45.0,0.6172405998425841,27746.45860951151,1002.2059264860814,1,2,False,1.0
c000e4d6-0c29-3580-277e-37150be90d49,42.0,0.9993755986786368,26748.60077642067,1561.5151511829358,0,1,True,1.0
3ac67936-661d-f996-4aaa-6074f3b75c57,30.0,0.8913010597970649,28012.635203177924,1816.833851269212,4,3,False,1.0
e8e7d8f0-bb00-cba9-7671-d9f578149b0b,90.0,0.3854533156085801,28025.64832125126,0.0,4,2,True,1.0
6aacd526-bcfb-8cc5-6474-d67cd0cf343e,90.0,0.9589645935593784,14355.571447046565,0.0,1,3,True,1.0
aa981019-21f7-70dc-3233-7af0d2747954,20.0,0.9690394639883566,35308.98365216912,7865.3678160485715,2,2,False,1.0
b7e4fd9f-9564-f7d8-4422-dcc1124a339d,23.0,0.4816464047484429,24129.26459981035,2927.75936700536,1,1,True,1.0
bd6c5c7d-9153-5f19-400a-288a6f2b98b9,90.0,0.900491783826768,17617.458113268272,0.0,0,0,True,1.0
1b68802a-677a-c762-48df-a423533e4ec3,10.0,0.3296785382998179,28569.57957535644,4102.081317894485,1,3,True,1.0
3ce37879-60bc-2bc5-fcf6-2ec7dbf9b910,45.0,0.5763705564636643,19095.76362494911,1564.760865292306,0,2,True,1.0
3697aef6-8c0f-69eb-b2e3-d442dc300dd4,24.0,0.5713249431005845,20662.75438948028,3504.2234171060168,1,2,False,1.0
604fb30a-1477-b8d1-d7a8-4591a2330f91,90.0,0.4213214154738253,22388.07706383146,0.0,0,3,False,1.0
e1ef6357-4929-00eb-bf18-4462a4b72f1f,49.0,0.936403399746738,35994.30096294012,1978.3975781708548,2,2,False,1.0
c309f959-0120-ada6-caa3-8f576964cd28,40.0,0.2809223931856989,27232.16069697563,1864.349174974926,0,0,False,1.0
30e30717-e3b8-42ee-7d07-906af2b83503,57.0,0.2820972038675129,20653.33048072231,259.5756893759431,2,2,True,1.0
38a2bf31-cc25-663b-2512-575f76c95aa1,31.0,0.8545357526484147,14446.127458641588,1485.1240792816554,2,2,True,1.0
4dd76ad3-b28f-e889-1191-f4472b0250f0,17.0,0.9591113828278824,37558.04900907539,2697.4294262181897,1,3,True,1.0
ade5da43-8e08-2ec4-bc8a-43edda1f193d,59.0,0.555311314752918,19108.971808655595,109.54944423780768,1,1,False,1.0
604bdcc1-98e4-4982-31a7-b86e3ea8b63b,9.0,0.4699584545061157,30160.575162839705,6599.753082150289,0,2,False,1.0
1a0cf9f3-1453-f9e2-bda8-8bbb60105014,90.0,0.7742919857965969,21117.379794781125,0.0,1,3,False,1.0
3b3a9307-0ca5-97c5-ea86-77ddd18c08c8,50.0,0.9976898776844448,27027.68507239732,418.1758395699039,1,2,True,1.0
3e1f5522-464f-6580-0fa1-cb34eb45e67d,28.0,0.954015568281819,23183.21276239226,3328.4894688053096,1,1,False,1.0
827629ab-0ef4-77c7-0ccd-fac28da97062,45.0,0.9840425362440478,22843.439282128005,1504.825358351622,1,0,True,1.0
ef7c5d89-a67f-c2de-220d-5e114c4399e6,17.0,0.856600306450981,33376.06603096133,0.0,4,1,True,1.0
221d2fb9-70a6-3232-b939-ccf525c4aed6,17.0,0.7509021167515636,14443.0764181316,3253.6177530690966,2,0,False,1.0
3f9718f9-fcaf-6c34-733b-f9a936b81d71,37.0,0.754426665431638,24551.984309221087,1562.6572680313732,2,2,True,1.0
cabfe50c-3de8-5ba2-7779-7fdcd2df21ab,90.0,0.9518175790880224,29015.736913360182,0.0,4,1,False,1.0
d63c030a-33d7-bb15-2202-f4e8e2afa8d7,7.0,0.4366334101351538,14237.845949688131,1110.5776629434454,0,1,False,1.0
152f2b20-3aa2-02ac-c33a-c0cc48b908d9,41.0,0.8764192771835954,27628.173262652985,1884.7836556705863,3,1,True,1.0
7224a707-b42f-4c67-c7a0-de840432fbd7,30.0,0.9554446426729294,32553.822253232807,4300.015734250065,0,3,True,1.0
31f23418-aded-2005-4a65-537943439347,40.0,0.9920698502247262,35008.366913220845,145.23714176834687,2,3,True,1.0
8fd97ede-0286-5f9d-cb56-e2445f0bc2a0,90.0,0.995191926716496,11948.765244497485,0.0,1,0,True,1.0
0ee40dc5-d910-2b34-cb8e-70a3aef5b985,39.0,0.659130341273611,35221.992285877466,4029.168110673093,0,0,True,1.0
34ee945c-cbd7-0c8c-1785-5d8d35589e7f,90.0,0.9998247167336946,13705.466258709344,0.0,0,1,True,1.0
296e89fe-585e-f061-a0bf-c55975f32cb0,28.0,0.7783599496320859,22609.882280276877,3721.705323542049,1,3,False,1.0
56366086-d488-acbf-4ad4-522c94b09780,90.0,0.2776021550175697,30708.37263825746,0.0,0,2,False,1.0
1afa35b3-35f4-09cc-b7ff-9e0f1c96a602,90.0,0.822673604957579,20654.064072932328,0.0,4,0,False,1.0
35458906-680b-b5d9-3135-e697711679ed,12.0,0.4980946434026837,25884.90639505205,4240.7942230786,4,0,True,1.0
7ab0fd1a-8294-7093-5c3c-7e46b1329dfd,10.0,0.9349831422713863,27193.50007729443,3416.034334464904,1,1,True,1.0
05a7b180-7c08-d059-3d80-d8f999d50768,49.0,0.9612343753966854,31690.35770092528,892.1725192556983,1,0,True,1.0
69ab7543-76ec-836f-27af-7d9bec7157b9,90.0,0.8817485886933314,24798.88505124664,0.0,0,3,False,1.0
196f1bb1-f8b1-477b-be65-93dc484be763,44.0,0.8373691958944607,20571.641367771743,1227.3998106015229,1,3,False,1.0
c37e5cad-ec9e-c012-08c4-11639d16b3da,29.0,0.7270152589223692,30169.8471225516,816.2602276910942,0,3,False,1.0
e2d06bfb-d5b6-af78-d45b-6e641fcdaf4f,90.0,0.9943188950946712,25303.30386598897,0.0,1,1,True,1.0
f88b72cf-9403-bdb2-7239-690f8f126fb7,43.0,0.9277202892345447,28963.852250257973,2676.0177888005846,2,3,True,1.0
7cf932e8-16b1-320a-14be-8f9717b543d7,18.0,0.6362276201419997,36148.51165180194,6596.965104184937,1,2,True,1.0
e6b5b106-5eba-424f-f0a6-fe4ad7fbbf0c,39.0,0.3485353133739859,17885.794474259692,1151.876623436293,1,1,True,1.0
a378ee28-426b-bf3e-94c2-0033cb305750,6.0,0.8489455817612137,27922.76470560313,810.4041768113702,1,1,False,1.0
2c2a6c4f-4412-fa3c-ef9c-6fd0f808e229,17.0,0.2753006895129551,33067.674324196094,6806.422786766123,1,2,True,1.0
7b4a9128-7cec-1b38-07b0-1d08b60543f9,40.0,0.4034504710545047,29667.57341399636,1211.4340018185303,1,1,False,1.0
e78299ff-eda3-51c2-222d-522412e41e9e,26.0,0.2867685392165135,30089.096907196643,3119.094870151066,1,1,True,1.0
71d63d83-3c30-59e5-a917-55bc4d8de889,31.0,0.9933728449624012,36885.070647697336,6076.134954714641,1,2,False,1.0
da4fad7d-3fd2-f8e6-c4a9-11e5ad113f8f,11.0,0.3668829881733579,16512.88287799074,5228.491739956004,3,2,True,1.0
d2ee5e9e-3852-1ecf-c320-19911d2ed108,17.0,0.9963473990618452,32258.197103711704,5031.304996347815,1,2,True,1.0
dcaaad63-b957-55d3-c0e9-6805602f0d2a,10.0,0.917426669859239,18260.264029737737,5673.986854101941,3,1,False,1.0
11bd93c6-15fd-009c-273c-7639b9652df4,59.0,0.3674837696967205,30872.948392931172,60.60714850134299,1,3,False,1.0
b47117e2-4504-a428-8ab4-a81af1e373b1,90.0,0.6683333477679824,29248.40300439992,0.0,2,0,True,1.0
47c6d40b-d683-fa2c-23bb-86a9f8674255,32.0,0.9947951935644598,21930.38043756922,2015.0270883975284,3,1,True,1.0
399e41d8-437f-b7e9-bca8-efed3d8c4df7,4.0,0.7979529004944095,20041.282415457,4800.564310119445,0,2,False,1.0
f8c7cabd-4822-97ab-7a62-4e8d93e0ac94,15.0,0.7371282042035612,37456.62884133337,10535.312502367358,4,1,False,1.0
a5ac433f-3b0c-d01c-13c8-f4c83d6a679f,51.0,0.2977889245273736,21701.6121480355,724.8592367063601,3,1,True,1.0
651e0877-5451-da97-d794-424cff9d8d12,90.0,0.3303829307607641,33836.17688368107,0.0,4,3,True,1.0
